experiment;len_T;len_V;max_id_rep;max_V_match_fraction;T_path;V_path;len_IDs_T;len_IDs_V;attack_name;num_queries;time_all;time_encode;time_reconstruct;time_subst
T1200V1000_0.7;1200;1000;2;0.7;experiment_data/medium/T1200V1000_0.7_T.csv;experiment_data/medium/T1200V1000_0.7_V.csv;4417;3407;Baseline;[1, 1, 1, 1, 1, 1, 1, 1, 1, 1, 1, 1, 1, 1, 1, 1, 1, 1, 1, 1, 1, 1, 1, 1, 1, 1, 1, 1, 1, 1, 1, 1, 1, 1, 1, 1, 1, 1, 1, 1, 1, 1, 1, 1, 1, 1, 1, 1, 1, 1];[3404328, 3395098, 3462840, 3360989, 3194677, 3197736, 3232247, 3388888, 3416379, 3355458, 3441800, 3526520, 3458379, 3449400, 3320858, 3340338, 3209966, 3190206, 3244267, 3436989, 3628581, 3485799, 3392828, 3626012, 3592401, 3598921, 3468199, 3388828, 3218446, 3222786, 3202426, 3233416, 3231917, 3323018, 3331428, 3337828, 3650201, 3638282, 3403869, 3268737, 3194327, 3185727, 3227467, 3298738, 3310668, 3282248, 6572544, 3359609, 3376379, 3533110];[1941202, 2087513, 2106094, 2100674, 1936032, 1936122, 1934762, 2071613, 2121354, 2071494, 2052854, 2223555, 2139564, 2169845, 2021213, 2075263, 1948942, 1925122, 1957082, 1971602, 2284326, 2190135, 2089813, 2228276, 2242895, 2208735, 2161044, 2126584, 1957382, 1966302, 1942702, 1974992, 1949342, 1999453, 2030893, 2055623, 2113064, 2237396, 2140725, 2001502, 1934872, 1927532, 1952272, 2007323, 2048744, 1956083, 2073503, 2052484, 2043114, 2106484];[568596, 486456, 527416, 479906, 475876, 481025, 500576, 509397, 502876, 500206, 526206, 487936, 497576, 480766, 489545, 479216, 487295, 476315, 487445, 543776, 503475, 491885, 490036, 537257, 504596, 510766, 491915, 477576, 483806, 477775, 480386, 483435, 482436, 489146, 490886, 489255, 601987, 524976, 486166, 475826, 475506, 474875, 480196, 498575, 490685, 496665, 505356, 506056, 517976, 541206];[894530, 821129, 829330, 780409, 782769, 780589, 796909, 807878, 792149, 783758, 862740, 815029, 821239, 798789, 810100, 785859, 773729, 788769, 799740, 921611, 840780, 803779, 812979, 860479, 844910, 879420, 815240, 784668, 777258, 778709, 779338, 774989, 800139, 834419, 809649, 792950, 935150, 875910, 776978, 791409, 783949, 783320, 794999, 792840, 771239, 829500, 3993685, 801069, 815289, 885420]
T1300V1000_0.3;1300;1000;2;0.3;experiment_data/medium/T1300V1000_0.3_T.csv;experiment_data/medium/T1300V1000_0.3_V.csv;4759;3006;Baseline;[1, 1, 1, 1, 1, 1, 1, 1, 1, 1, 1, 1, 1, 1, 1, 1, 1, 1, 1, 1, 1, 1, 1, 1, 1, 1, 1, 1, 1, 1, 1, 1, 1, 1, 1, 1, 1, 1, 1, 1, 1, 1, 1, 1, 1, 1, 1, 1, 1, 1];[3492169, 3325718, 3283958, 3243218, 3367628, 3333978, 3292427, 3339837, 3407608, 3678593, 3518849, 3530841, 3544569, 3478641, 3332108, 3350138, 3295048, 3330908, 3381118, 3325148, 3288778, 6823677, 3412420, 3367258, 3348187, 3394858, 3354348, 3396468, 3323358, 3281578, 3299637, 3334558, 3314459, 3393188, 3438749, 3397839, 3382187, 3344958, 3459969, 3420429, 3271657, 3279687, 3301287, 3333067, 3308167, 3345008, 3350868, 3470030, 3423799, 3358168];[2212455, 2132375, 2098034, 2061984, 2130044, 2150854, 2087043, 2129234, 2140614, 2346187, 2244345, 2292586, 2183684, 2239136, 2129824, 2121424, 2095664, 2089694, 2178165, 2138415, 2093834, 2091614, 2163395, 2158604, 2143654, 2112944, 2154444, 2128424, 2073784, 2083984, 2085094, 2150945, 2120135, 2086154, 2218275, 2189955, 2151624, 2112275, 2216645, 2156455, 2077403, 2095474, 2092713, 2136664, 2124424, 2091524, 2088634, 2209115, 2227255, 2135644];[530466, 508346, 503196, 512346, 539667, 509116, 510897, 517006, 531456, 554927, 543576, 531476, 593987, 521786, 521046, 525466, 520566, 534926, 528616, 513115, 512866, 526116, 552486, 527236, 516605, 557946, 525166, 510526, 511795, 511486, 520215, 513095, 522796, 541596, 537256, 525586, 529526, 536375, 526456, 511206, 513106, 518826, 531966, 524585, 509875, 507676, 534006, 533277, 517726, 525636];[749248, 684997, 682728, 668888, 697917, 674008, 694487, 693597, 735538, 777479, 730928, 706779, 766898, 717719, 681238, 703248, 678818, 706288, 674337, 673618, 682078, 4205947, 696539, 681418, 687928, 723968, 674738, 757518, 737779, 686108, 694328, 670518, 671528, 765438, 683218, 682298, 701037, 696308, 716868, 752768, 681148, 665387, 676608, 671818, 673868, 745808, 728228, 727638, 678818, 696888]
T1200V1000_0.0;1200;1000;2;0.0;experiment_data/medium/T1200V1000_0.0_T.csv;experiment_data/medium/T1200V1000_0.0_V.csv;4392;2665;Baseline;[1, 1, 1, 1, 1, 1, 1, 1, 1, 1, 1, 1, 1, 1, 1, 1, 1, 1, 1, 1, 1, 1, 1, 1, 1, 1, 1, 1, 1, 1, 1, 1, 1, 1, 1, 1, 1, 1, 1, 1, 1, 1, 1, 1, 1, 1, 1, 1, 1, 1];[3659341, 3623982, 3589640, 3694542, 3626051, 3718692, 3833293, 3818273, 3575960, 3666871, 3217378, 3178986, 3238687, 3222027, 3440089, 3367689, 3614562, 3567421, 3581931, 3530100, 3468140, 3743822, 3415019, 3458870, 3485569, 3350228, 3278017, 3386758, 3591950, 3523969, 3575651, 3791033, 3687322, 3700692, 3430630, 3843904, 3402719, 3396308, 3596632, 3422800, 3404179, 3682572, 3446259, 3948655, 3557091, 3823674, 9783231, 3700522, 3866284, 3615421];[1967322, 2081154, 2218725, 2097224, 2171894, 2193825, 2176155, 2158004, 2202925, 2136614, 2075774, 2011933, 2020093, 2084504, 2106764, 2093424, 2110354, 2170505, 2177305, 2158785, 2155935, 2065653, 2102984, 2082574, 2063833, 2114424, 2034583, 2067883, 2153074, 2168254, 2107004, 2172864, 2282456, 2108924, 2073864, 2106534, 2077134, 2098714, 2142775, 2150515, 2125104, 2118074, 2075383, 2186725, 2157655, 2242116, 2157924, 2226995, 2254716, 2087263];[848700, 774779, 630797, 797489, 669148, 721298, 879170, 825369, 668107, 755368, 516706, 517696, 556306, 519606, 608947, 611267, 700579, 642867, 669488, 644167, 627847, 868380, 640317, 623067, 667138, 575376, 591637, 609117, 692018, 644867, 665738, 736169, 652747, 821089, 630867, 917460, 624237, 627377, 663968, 588147, 611047, 804490, 655897, 871690, 656338, 738008, 837010, 699828, 714668, 773929];[843319, 768049, 740118, 799829, 785009, 803569, 777968, 834900, 704928, 774889, 624898, 649357, 662288, 617917, 724378, 662998, 803629, 754049, 735138, 727148, 684358, 809789, 671718, 753229, 754598, 660428, 651797, 709758, 746858, 710848, 802909, 882000, 752119, 770679, 725899, 819910, 701348, 670217, 789889, 684138, 668028, 760008, 714979, 890240, 743098, 843550, 6788297, 773699, 896900, 754229]
T1300V1000_1.0;1300;1000;2;1.0;experiment_data/medium/T1300V1000_1.0_T.csv;experiment_data/medium/T1300V1000_1.0_V.csv;4620;3784;Baseline;[1, 1, 1, 1, 1, 1, 1, 1, 1, 1, 1, 1, 1, 1, 1, 1, 1, 1, 1, 1, 1, 1, 1, 1, 1, 1, 1, 1, 1, 1, 1, 1, 1, 1, 1, 1, 1, 1, 1, 1, 1, 1, 1, 1, 1, 1, 1, 1, 1, 1];[3559260, 3703772, 3572981, 3453329, 3475570, 3473458, 3495120, 3510311, 3480739, 3430309, 3578031, 3568100, 3578820, 3499349, 3585151, 3614082, 3493479, 3429359, 3438139, 3475020, 3501810, 6429144, 3528260, 3596321, 3579532, 3504970, 3606031, 3612681, 3414259, 3430890, 3437759, 3490710, 3519001, 3513430, 3478930, 3614671, 3560229, 3603410, 3631642, 3764583, 3616612, 4139818, 3966935, 3467870, 3428960, 3545980, 3466779, 3618260, 3620022, 3562530];[2063143, 2181755, 2211895, 2075443, 2078394, 2101133, 2080444, 2147945, 2113084, 2082963, 2083174, 2174555, 2175334, 2114084, 2117124, 2253186, 2128724, 2074784, 2073364, 2086274, 2128914, 2095764, 2104964, 2193265, 2160305, 2121794, 2130704, 2172615, 2062173, 2084744, 2079203, 2069444, 2144375, 2079574, 2077454, 2116724, 2154724, 2224295, 2177075, 2280666, 2167005, 2157045, 2556529, 2110144, 2071714, 2117374, 2075693, 2145614, 2214106, 2205615];[529706, 568216, 501926, 513096, 510156, 516926, 526866, 512506, 506336, 503406, 555476, 515906, 531806, 509775, 538926, 501576, 498895, 504585, 505265, 513276, 520066, 502116, 532876, 512576, 527477, 515946, 542116, 497666, 500786, 500266, 500106, 530096, 505246, 513756, 526906, 562486, 516426, 505755, 531386, 528806, 516086, 700008, 515316, 504226, 508286, 499906, 505645, 530215, 511196, 503385];[966411, 953801, 859160, 864790, 887020, 855399, 887810, 849860, 861319, 843940, 939381, 877639, 871680, 875490, 929101, 859320, 865860, 849990, 859510, 875470, 852830, 3831264, 890420, 890480, 891750, 867230, 933211, 942400, 851300, 845880, 858450, 891170, 869380, 920100, 874570, 935461, 889079, 873360, 923181, 955111, 933521, 1282765, 895090, 853500, 848960, 928700, 885441, 942431, 894720, 853530]
T1400V1000_0.6;1400;1000;2;0.6;experiment_data/medium/T1400V1000_0.6_T.csv;experiment_data/medium/T1400V1000_0.6_V.csv;5122;3411;Baseline;[1, 1, 1, 1, 1, 1, 1, 1, 1, 1, 1, 1, 1, 1, 1, 1, 1, 1, 1, 1, 1, 1, 1, 1, 1, 1, 1, 1, 1, 1, 1, 1, 1, 1, 1, 1, 1, 1, 1, 1, 1, 1, 1, 1, 1, 1, 1, 1, 1, 1];[4272959, 4211468, 3823015, 3716202, 3770372, 3961435, 3963605, 3710072, 3866154, 3727712, 3701043, 3736453, 3804793, 3742243, 3962876, 3821904, 3784583, 3732322, 3700032, 3854043, 4042685, 3958445, 3841654, 3915025, 3959004, 3831714, 3753082, 3748793, 3682041, 3696452, 3751703, 3717802, 3926955, 3959204, 3841953, 3730042, 3739063, 3749602, 3745681, 3877575, 3753933, 3773102, 3849984, 3871744, 3876305, 3995505, 3938604, 3673731, 3772934, 3760652];[2879253, 2878913, 2405968, 2363367, 2410827, 2551369, 2632870, 2373087, 2436648, 2398947, 2375248, 2381697, 2468548, 2391178, 2497489, 2487299, 2452358, 2406987, 2367717, 2395807, 2614439, 2531559, 2473488, 2479549, 2607219, 2480588, 2409417, 2409008, 2362697, 2351677, 2423988, 2356017, 2540729, 2576059, 2504318, 2392017, 2411688, 2399427, 2374736, 2528889, 2397267, 2408917, 2478248, 2537449, 2412278, 2582339, 2615709, 2346176, 2438758, 2397477];[563817, 549876, 553817, 555066, 568506, 578807, 546856, 559286, 565566, 552056, 556516, 554606, 547196, 563186, 579247, 556146, 547467, 546666, 555266, 604337, 553896, 581807, 572937, 599197, 561376, 559106, 556616, 558026, 547306, 561706, 551527, 568716, 565607, 580166, 566177, 556466, 548576, 575426, 575566, 568617, 571557, 564406, 567587, 554566, 601577, 572617, 556136, 548806, 551777, 561706];[829889, 782679, 863230, 797769, 791039, 831259, 783879, 777699, 863940, 776709, 769279, 800150, 789049, 787879, 886140, 778459, 784758, 778669, 777049, 853899, 874350, 845079, 795229, 836279, 790409, 792020, 787049, 781759, 772038, 783069, 776188, 793069, 820619, 802979, 771458, 781559, 778799, 774749, 795379, 780069, 785109, 799779, 804149, 779729, 862450, 840549, 766759, 778749, 782399, 801469]
T1400V1000_0.0;1400;1000;2;0.0;experiment_data/medium/T1400V1000_0.0_T.csv;experiment_data/medium/T1400V1000_0.0_V.csv;5108;2675;Baseline;[1, 1, 1, 1, 1, 1, 1, 1, 1, 1, 1, 1, 1, 1, 1, 1, 1, 1, 1, 1, 1, 1, 1, 1, 1, 1, 1, 1, 1, 1, 1, 1, 1, 1, 1, 1, 1, 1, 1, 1, 1, 1, 1, 1, 1, 1, 1, 1, 1, 1];[4226427, 4258898, 4218108, 4223018, 4287019, 4214458, 4240708, 4236678, 4219468, 4206937, 4280619, 4380071, 4444210, 4223647, 4207258, 4209188, 4185319, 4206477, 4230249, 4191259, 4211138, 4194487, 4216169, 4192767, 4395531, 4529911, 4213209, 4214298, 4205598, 4214928, 4217827, 4251598, 4668204, 4891955, 4296978, 4353180, 4319058, 4252319, 4224388, 4238459, 4204057, 4285229, 4268299, 4405760, 4249929, 4202047, 4292798, 4272498, 4348979, 4303568];[2991423, 3053595, 3034685, 3032865, 3034285, 3028585, 3035744, 3048035, 3042545, 3025034, 3019264, 3063265, 3265066, 3051004, 3027415, 3011034, 3015145, 3032814, 3057545, 3014845, 3034914, 3006044, 3035925, 3018434, 3038705, 3355688, 3021235, 3033774, 3031374, 3030144, 3028574, 3072435, 3011805, 3687212, 3114415, 3117046, 3129385, 3069015, 3038984, 3055455, 3003624, 3100876, 3059695, 3217767, 3068025, 3015704, 3100835, 3036914, 3156875, 3123525];[563996, 581746, 557976, 557296, 552206, 564616, 563897, 557366, 555506, 558086, 558217, 635828, 562707, 553486, 552356, 559147, 560037, 560096, 550976, 562907, 565377, 561986, 558787, 553576, 659258, 556996, 562917, 566657, 557597, 556536, 557076, 560796, 764449, 566556, 567606, 577647, 561977, 562897, 563467, 555787, 563766, 564656, 561176, 559236, 555537, 572836, 558056, 598737, 562547, 563276];[671008, 623557, 625447, 632857, 700528, 621257, 641067, 631277, 621417, 623817, 703138, 680978, 616437, 619157, 627487, 639007, 610137, 613567, 621728, 613507, 610847, 626457, 621457, 620757, 697568, 617227, 629057, 613867, 616627, 628248, 632177, 618367, 891950, 638187, 614957, 658487, 627696, 620407, 621937, 627217, 636667, 619697, 647428, 628757, 626367, 613507, 633907, 636847, 629557, 616767]
T1200V1000_0.1;1200;1000;2;0.1;experiment_data/medium/T1200V1000_0.1_T.csv;experiment_data/medium/T1200V1000_0.1_V.csv;4417;2740;Baseline;[1, 1, 1, 1, 1, 1, 1, 1, 1, 1, 1, 1, 1, 1, 1, 1, 1, 1, 1, 1, 1, 1, 1, 1, 1, 1, 1, 1, 1, 1, 1, 1, 1, 1, 1, 1, 1, 1, 1, 1, 1, 1, 1, 1, 1, 1, 1, 1, 1, 1];[3397829, 3303898, 3520111, 3819783, 3703361, 3724772, 3905614, 4406360, 4047887, 3833584, 4305370, 3894574, 3766244, 3598041, 3691263, 3370387, 3284606, 3492470, 3507769, 8252125, 3520309, 3668183, 3480479, 3799953, 3909395, 4103347, 3691692, 4090296, 3724412, 3710972, 3397908, 3318707, 3408250, 3571961, 3533000, 3537170, 3909515, 3668962, 3769432, 4343540, 3882994, 3807083, 3643711, 3672001, 4312729, 3686702, 3578121, 3504520, 3356068, 3547531];[2116474, 2163505, 2064044, 2334026, 2235765, 2319476, 2364287, 2305506, 2170015, 2124404, 2338787, 2232536, 2217576, 2277136, 2243186, 2108253, 2157064, 2105484, 2240905, 2144905, 2064223, 2193496, 2094714, 2138964, 2348187, 2346047, 2258356, 2294196, 2323286, 2311626, 2151764, 2034193, 2134805, 2169105, 2188205, 2124264, 2206275, 2178615, 2235585, 2414908, 2319326, 2336287, 2248606, 2216465, 2194485, 2311116, 2229935, 2213795, 2068363, 2172875];[565107, 502556, 659988, 716318, 703348, 646857, 700807, 1044892, 942621, 830240, 977921, 777168, 702058, 597387, 703158, 556626, 497735, 613547, 579677, 726258, 673428, 679948, 641767, 752108, 722249, 830799, 678248, 868880, 669957, 674078, 573107, 550196, 589757, 643317, 638427, 640397, 886880, 667517, 736318, 997671, 753779, 707017, 662547, 660387, 1051132, 645328, 641558, 605977, 594887, 629958];[716248, 637837, 796079, 769439, 764248, 758439, 840520, 1055962, 935251, 878940, 988662, 884870, 846610, 723518, 744919, 705508, 629807, 773439, 687187, 5380962, 782658, 794739, 743998, 908881, 838959, 926501, 755088, 927220, 731169, 725268, 673037, 734318, 683688, 759539, 706368, 772509, 816360, 822830, 797529, 930961, 809889, 763779, 732558, 795149, 1067112, 730258, 706628, 684748, 692818, 744698]
T1400V1000_0.1;1400;1000;2;0.1;experiment_data/medium/T1400V1000_0.1_T.csv;experiment_data/medium/T1400V1000_0.1_V.csv;5120;2817;Baseline;[1, 1, 1, 1, 1, 1, 1, 1, 1, 1, 1, 1, 1, 1, 1, 1, 1, 1, 1, 1, 1, 1, 1, 1, 1, 1, 1, 1, 1, 1, 1, 1, 1, 1, 1, 1, 1, 1, 1, 1, 1, 1, 1, 1, 1, 1, 1, 1, 1, 1];[7287452, 3725523, 3682642, 3647353, 3855803, 4198157, 3759213, 3647292, 3643981, 3687042, 3653982, 3623231, 3706863, 3648481, 3663182, 3632692, 3685913, 3731641, 3748822, 3721302, 3681692, 3659572, 3631952, 3668233, 3747343, 3643422, 3650002, 3659062, 3629351, 3647862, 3730982, 3643872, 3641521, 3643612, 3638132, 3634542, 3737451, 3652792, 3857804, 4518201, 4418081, 3806753, 3771613, 3790143, 4001686, 3682971, 3900024, 3721733, 3766583, 3892414];[2427917, 2479989, 2459468, 2426988, 2436447, 2978473, 2469988, 2430038, 2425257, 2454068, 2424308, 2413147, 2416888, 2428877, 2440818, 2423458, 2448928, 2496938, 2453648, 2494349, 2459988, 2446288, 2414678, 2442268, 2446128, 2430598, 2429308, 2428698, 2423528, 2439388, 2437638, 2424668, 2422667, 2422278, 2435238, 2417488, 2441517, 2434348, 2478968, 3004854, 3166016, 2580439, 2463878, 2483678, 2793472, 2430947, 2669940, 2497579, 2441838, 2603530];[590607, 579446, 571047, 559807, 675168, 559427, 559657, 569997, 557457, 562227, 567026, 565217, 556637, 560476, 571017, 555317, 575857, 562286, 569206, 573406, 560106, 560606, 562426, 566647, 573387, 565197, 557967, 567916, 562726, 556297, 559666, 568966, 557966, 565077, 557146, 557196, 564256, 560846, 652238, 726958, 572847, 561136, 568116, 615137, 553986, 566316, 568637, 572517, 579837, 597067];[4268928, 666088, 652127, 660558, 744188, 660257, 729568, 647257, 661267, 670747, 662648, 644867, 733338, 659128, 651347, 653917, 661128, 672417, 725968, 653547, 661598, 652678, 654848, 659318, 727828, 647627, 662727, 662448, 643097, 652177, 733678, 650238, 660888, 656257, 645748, 659858, 731678, 657598, 726598, 786389, 679218, 665178, 739619, 691328, 654228, 685708, 661447, 651637, 744908, 691817]
T500V1000_0.0;500;1000;2;0.0;experiment_data/medium/T500V1000_0.0_T.csv;experiment_data/medium/T500V1000_0.0_V.csv;1852;2666;Baseline;[1, 1, 1, 1, 1, 1, 1, 1, 1, 1, 1, 1, 1, 1, 1, 1, 1, 1, 1, 1, 1, 1, 1, 1, 1, 1, 1, 1, 1, 1, 1, 1, 1, 1, 1, 1, 1, 1, 1, 1, 1, 1, 1, 1, 1, 1, 1, 1, 1, 1];[1747510, 1955632, 1909213, 2003343, 1845101, 1998813, 1814391, 1935193, 1831881, 1764610, 1768230, 1672899, 1704269, 1747679, 2031894, 1842150, 1811921, 1825541, 1956663, 1766150, 1822960, 1807671, 1864831, 1743040, 1817910, 1779060, 1685779, 1610709, 1606878, 1685370, 1823571, 1947632, 1856750, 1844540, 1880713, 1809741, 1821450, 1826291, 1809701, 1733849, 1708699, 1673070, 1623200, 1806240, 1710320, 1742599, 1804771, 1729339, 1872921, 1833851];[854740, 983151, 961322, 998302, 894300, 950261, 874840, 964982, 957951, 884780, 947711, 850419, 866250, 841889, 956001, 902610, 864280, 870210, 873890, 844420, 853479, 911761, 854409, 850280, 937840, 925410, 890030, 823850, 811579, 827010, 921241, 1051472, 964500, 933840, 974482, 940941, 933630, 948901, 954541, 900400, 836459, 838970, 833930, 984961, 877770, 911320, 937691, 857139, 933990, 926391];[239333, 250003, 250743, 269633, 264143, 274614, 253493, 254992, 233022, 230412, 216133, 207053, 215262, 225663, 311514, 252023, 247893, 264123, 314454, 256263, 279363, 238113, 266423, 245833, 236363, 233763, 201392, 193642, 200452, 227053, 240783, 233383, 256043, 262243, 240523, 231822, 226643, 235572, 224423, 209792, 229092, 213013, 204533, 216972, 217693, 224952, 223563, 232513, 274353, 242773];[653437, 722478, 697148, 735408, 686658, 773938, 686058, 715219, 640908, 649418, 604386, 615427, 622757, 680127, 764379, 687517, 699748, 691208, 768319, 665467, 690118, 657797, 743999, 646927, 643707, 619887, 594357, 593217, 594847, 631307, 661547, 662777, 636207, 648457, 665708, 636978, 661177, 641818, 630737, 623657, 643148, 621087, 584737, 604307, 614857, 606327, 643517, 639687, 664578, 664687]
T500V1000_0.7;500;1000;2;0.7;experiment_data/medium/T500V1000_0.7_T.csv;experiment_data/medium/T500V1000_0.7_V.csv;1839;2995;Baseline;[1, 1, 1, 1, 1, 1, 1, 1, 1, 1, 1, 1, 1, 1, 1, 1, 1, 1, 1, 1, 1, 1, 1, 1, 1, 1, 1, 1, 1, 1, 1, 1, 1, 1, 1, 1, 1, 1, 1, 1, 1, 1, 1, 1, 1, 1, 1, 1, 1, 1];[1766510, 1859781, 1789220, 1971582, 2201785, 1952043, 1945882, 2039534, 1919252, 1877271, 2047472, 2009364, 1917062, 1938771, 2120715, 1952703, 2014912, 2012872, 2003083, 1907291, 1879561, 2051813, 1927902, 1915151, 1902131, 1777950, 1716839, 1708640, 1709759, 1946463, 1965733, 2083074, 1988102, 2025373, 2019563, 1972572, 1931872, 1889191, 2005193, 1979443, 2063723, 1907371, 1744119, 1709550, 1694289, 1749970, 1984143, 1853382, 1896112, 1854421];[815319, 876580, 856869, 973871, 927521, 943761, 884440, 1011012, 950871, 908150, 948500, 987672, 977221, 930250, 937251, 932851, 984481, 971981, 968191, 935540, 896930, 971371, 865180, 848919, 870870, 885170, 828999, 826950, 818779, 833470, 980311, 988771, 975191, 1010132, 982761, 979331, 951731, 883910, 975001, 942471, 974881, 976171, 864379, 826430, 815739, 822099, 854050, 899260, 841140, 867790];[211153, 208432, 205112, 230463, 321154, 220193, 266843, 228223, 225283, 226433, 271393, 247983, 214883, 236513, 268623, 260753, 238393, 233242, 233993, 226393, 237572, 289053, 239623, 237602, 242912, 203312, 198582, 207113, 200222, 271654, 249053, 283734, 237023, 227042, 248643, 234193, 230242, 235863, 233523, 248613, 263693, 216672, 203252, 197062, 196643, 212823, 298654, 216263, 245993, 216972];[740038, 774769, 727239, 767248, 953110, 788089, 794599, 800299, 743098, 742688, 827579, 773709, 724958, 772008, 914841, 759099, 792038, 807649, 800899, 745358, 745059, 791389, 823099, 828630, 788349, 689468, 689258, 674577, 690758, 841339, 736369, 810569, 775888, 788199, 788159, 759048, 749899, 769418, 796669, 788359, 825149, 714528, 676488, 686058, 681907, 715048, 831439, 737859, 808979, 769659]
T500V1000_0.1;500;1000;2;0.1;experiment_data/medium/T500V1000_0.1_T.csv;experiment_data/medium/T500V1000_0.1_V.csv;1831;2714;Baseline;[1, 1, 1, 1, 1, 1, 1, 1, 1, 1, 1, 1, 1, 1, 1, 1, 1, 1, 1, 1, 1, 1, 1, 1, 1, 1, 1, 1, 1, 1, 1, 1, 1, 1, 1, 1, 1, 1, 1, 1, 1, 1, 1, 1, 1, 1, 1, 1, 1, 1];[1730299, 1800831, 1754140, 1785671, 3806433, 1647369, 1695720, 1802281, 1956142, 2184765, 2141635, 2051623, 2116334, 2098944, 2071813, 1990063, 2077943, 2158374, 2103544, 2014442, 1803960, 1646910, 1687990, 1744409, 1949272, 1806380, 1868191, 2028293, 2053953, 2038103, 1982343, 2062033, 1997453, 1880741, 1978452, 1738941, 1704390, 1875522, 2146475, 2051672, 2219545, 2041642, 2098593, 1990593, 2040364, 2040723, 1995112, 1769990, 1806750, 1776270];[842289, 894080, 889270, 862930, 864460, 834439, 833560, 848820, 982531, 971171, 1019592, 1031362, 995381, 1140353, 1081212, 960471, 1020461, 1050141, 1007802, 1095552, 987261, 834070, 833870, 833719, 889280, 900220, 865079, 1032932, 1014311, 1017461, 992582, 1019071, 1009251, 961771, 999401, 927941, 851740, 888051, 1129263, 1040531, 1077732, 1007891, 1066932, 977571, 967022, 977621, 986721, 878060, 886950, 865290];[224412, 224523, 215103, 249833, 196882, 199123, 250923, 240583, 244152, 375025, 308194, 255502, 331214, 260393, 258863, 280864, 255403, 296273, 289873, 223412, 198002, 200753, 197223, 230372, 288364, 223662, 271394, 254203, 267843, 287654, 253883, 282763, 256823, 227142, 240363, 199322, 209942, 251943, 246833, 251413, 351884, 289253, 266633, 255913, 298703, 289783, 253423, 229922, 249163, 223312];[663598, 682228, 649767, 672908, 2745091, 613807, 611237, 712878, 729459, 838569, 813849, 764759, 789739, 698198, 731738, 748728, 802079, 811960, 805869, 695478, 618697, 612087, 656897, 680318, 771628, 682498, 731718, 741158, 771799, 732988, 735878, 760199, 731379, 691828, 738688, 611678, 642708, 735528, 770379, 759728, 789929, 744498, 765028, 757109, 774639, 773319, 754968, 662008, 670637, 687668]
T600V1000_0.3;600;1000;2;0.3;experiment_data/medium/T600V1000_0.3_T.csv;experiment_data/medium/T600V1000_0.3_V.csv;2227;2854;Baseline;[1, 1, 1, 1, 1, 1, 1, 1, 1, 1, 1, 1, 1, 1, 1, 1, 1, 1, 1, 1, 1, 1, 1, 1, 1, 1, 1, 1, 1, 1, 1, 1, 1, 1, 1, 1, 1, 1, 1, 1, 1, 1, 1, 1, 1, 1, 1, 1, 1, 1];[1896051, 1839050, 1831771, 1835841, 1841161, 1822971, 1889960, 1819811, 1818160, 1830861, 1833300, 1833030, 1872781, 1830400, 1820621, 1825131, 1840631, 1823361, 1899831, 1843822, 1832731, 1828381, 1835400, 1847530, 1873561, 1825391, 1859291, 1842461, 1825851, 1830851, 1863412, 1841051, 1818441, 1815931, 1819201, 1821411, 1890111, 1815381, 1839951, 1815889, 1820511, 1831711, 1887951, 1821551, 1831781, 1815460, 1836461, 1816631, 1871771, 1822301];[979771, 982681, 976101, 971481, 981222, 964751, 972480, 961671, 960761, 973741, 965821, 969411, 959671, 964240, 959471, 965551, 972461, 962951, 960960, 971642, 961981, 958511, 960751, 990121, 963221, 963771, 968901, 978411, 960201, 975731, 952861, 970931, 963031, 960311, 959341, 965101, 968061, 958221, 967871, 958440, 968321, 967051, 968071, 961331, 966791, 960361, 964631, 958341, 960001, 964071];[238602, 235532, 232702, 231263, 234192, 233763, 232193, 233142, 234012, 232853, 234242, 238932, 233822, 232732, 233492, 233573, 233683, 237313, 238743, 234002, 236483, 233573, 238812, 232162, 231382, 233163, 250663, 238983, 237723, 233853, 232713, 233713, 231843, 232852, 232492, 233912, 233413, 233453, 232923, 234233, 233452, 233512, 232593, 233803, 232463, 232862, 232823, 232473, 232053, 232362];[677678, 620837, 622968, 633097, 625747, 624457, 685287, 624998, 623387, 624267, 633237, 624687, 679288, 633428, 627658, 626007, 634487, 623097, 700128, 638178, 634267, 636297, 635837, 625247, 678958, 628457, 639727, 625067, 627927, 621267, 677838, 636407, 623567, 622768, 627368, 622398, 688637, 623707, 639157, 623216, 618738, 631148, 687287, 626417, 632527, 622237, 639007, 625817, 679717, 625868]
T600V1000_1.0;600;1000;2;1.0;experiment_data/medium/T600V1000_1.0_T.csv;experiment_data/medium/T600V1000_1.0_V.csv;2206;3210;Baseline;[1, 1, 1, 1, 1, 1, 1, 1, 1, 1, 1, 1, 1, 1, 1, 1, 1, 1, 1, 1, 1, 1, 1, 1, 1, 1, 1, 1, 1, 1, 1, 1, 1, 1, 1, 1, 1, 1, 1, 1, 1, 1, 1, 1, 1, 1, 1, 1, 1, 1];[1990823, 1948962, 1925022, 2045544, 1946832, 1937772, 1984042, 1943682, 1959982, 1945942, 1924372, 1936722, 1983163, 1935952, 1926241, 1925723, 1923712, 1946362, 1994462, 1966993, 1984234, 1998823, 1977642, 1936522, 1991773, 1938703, 1930642, 1987253, 1949653, 1940112, 1977652, 1926682, 1941942, 1932243, 1957272, 1932362, 1971943, 1930272, 1928292, 1939422, 1927722, 1931721, 1984192, 1936332, 1932141, 1930132, 1936693, 1930142, 1997413, 1930052];[972961, 985401, 966471, 1074233, 974561, 970611, 974461, 978481, 980851, 975341, 964051, 972431, 973711, 966121, 964100, 966601, 966451, 978161, 980911, 979601, 990202, 1008102, 1002021, 975441, 972882, 966841, 966801, 974001, 981951, 966441, 965001, 965451, 966371, 971002, 981191, 972911, 963682, 964981, 964971, 969601, 968121, 973951, 969561, 967101, 964460, 969591, 963721, 966951, 973721, 966591];[233473, 234393, 236952, 234693, 235312, 243553, 235432, 236133, 243633, 233422, 238753, 230403, 231673, 244353, 234273, 230673, 233963, 237183, 232222, 241713, 245973, 240453, 247423, 233493, 233562, 247223, 231422, 240503, 230933, 233232, 238412, 232833, 230312, 235923, 236943, 231402, 236313, 232992, 231983, 243943, 230442, 230132, 237893, 231992, 235243, 235293, 233143, 230843, 234453, 231013];[784389, 729168, 721599, 736618, 736959, 723608, 774149, 729068, 735498, 737179, 721568, 733888, 777779, 725478, 727868, 728449, 723298, 731018, 781329, 745679, 748059, 750268, 728198, 727588, 785329, 724639, 732419, 772749, 736769, 740439, 774239, 728398, 745259, 725318, 739138, 728049, 771948, 732299, 731338, 725878, 729159, 727638, 776738, 737239, 732438, 725248, 739829, 732348, 789239, 732448]
T1100V1000_0.4;1100;1000;2;0.4;experiment_data/medium/T1100V1000_0.4_T.csv;experiment_data/medium/T1100V1000_0.4_V.csv;4032;3040;Baseline;[1, 1, 1, 1, 1, 1, 1, 1, 1, 1, 1, 1, 1, 1, 1, 1, 1, 1, 1, 1, 1, 1, 1, 1, 1, 1, 1, 1, 1, 1, 1, 1, 1, 1, 1, 1, 1, 1, 1, 1, 1, 1, 1, 1, 1, 1, 1, 1, 1, 1];[2894623, 2900163, 2923973, 2931282, 2938394, 2934203, 2911134, 2923513, 2910574, 2889822, 2906743, 2897703, 3060975, 2914993, 3046674, 2966574, 2912153, 2895533, 2882133, 2900622, 2919473, 3036644, 2934334, 2908244, 2918623, 3022134, 2880933, 2974924, 2945173, 2901552, 2915203, 2895362, 2934434, 2922562, 2875833, 2908463, 2963073, 2941464, 2910284, 2892213, 2913263, 2903334, 2872303, 2917953, 2924793, 2917513, 5044577, 2934632, 2940953, 2929234];[1751360, 1781630, 1764650, 1794320, 1792321, 1779420, 1789771, 1778400, 1791811, 1766189, 1765780, 1775360, 1909762, 1780931, 1913291, 1774260, 1793940, 1764820, 1747040, 1771869, 1776190, 1775430, 1806771, 1771281, 1780760, 1902651, 1760910, 1767540, 1816570, 1767820, 1790590, 1771890, 1772610, 1804580, 1752850, 1754240, 1807760, 1797940, 1778041, 1771380, 1774500, 1790861, 1758040, 1757030, 1786600, 1768260, 1898101, 1802930, 1774670, 1802091];[444435, 437045, 453585, 440405, 452105, 460795, 438905, 450145, 441535, 450276, 452375, 438455, 448145, 447505, 446485, 469086, 438235, 441165, 452865, 444585, 455655, 515596, 446016, 453895, 449665, 435055, 436935, 473955, 443125, 450005, 440335, 440845, 445445, 438885, 444565, 455725, 461545, 454586, 443365, 437305, 450635, 436525, 436296, 457075, 450216, 458465, 442255, 443005, 458455, 441145];[698828, 681488, 705738, 696557, 693968, 693988, 682458, 694968, 677228, 673357, 688588, 683888, 703068, 686557, 686898, 723228, 679978, 689548, 682228, 684168, 687628, 745618, 681547, 683068, 688198, 684428, 683088, 733429, 685478, 683727, 684278, 682627, 716379, 679097, 678418, 698498, 693768, 688938, 688878, 683528, 688128, 675948, 677967, 703848, 687977, 690788, 2704221, 688697, 707828, 685998]
T1000V1000_0.1;1000;1000;2;0.1;experiment_data/medium/T1000V1000_0.1_T.csv;experiment_data/medium/T1000V1000_0.1_V.csv;3667;2759;Baseline;[1, 1, 1, 1, 1, 1, 1, 1, 1, 1, 1, 1, 1, 1, 1, 1, 1, 1, 1, 1, 1, 1, 1, 1, 1, 1, 1, 1, 1, 1, 1, 1, 1, 1, 1, 1, 1, 1, 1, 1, 1, 1, 1, 1, 1, 1, 1, 1, 1, 1];[2658580, 2655221, 2638139, 2629009, 2607799, 2616060, 2604709, 2612479, 2604409, 2625640, 2623629, 2639609, 2623161, 2639241, 2608700, 2607989, 2596489, 2635910, 2657369, 2630501, 2639699, 2654580, 2678611, 2621649, 2624539, 2610229, 2770190, 2687861, 2675980, 2648260, 2615709, 2606450, 2617949, 2606689, 2597240, 2748901, 2624830, 2643980, 2641510, 2593139, 2622140, 2624769, 2612650, 2606850, 2623709, 2629760, 4306769, 2611751, 2723471, 2603849];[1602618, 1632319, 1611028, 1619288, 1608588, 1605909, 1603558, 1608598, 1603658, 1613168, 1610748, 1604068, 1620519, 1636409, 1607629, 1595828, 1595678, 1603818, 1632408, 1619139, 1622688, 1620639, 1636549, 1605298, 1618118, 1593108, 1735389, 1637739, 1651489, 1644449, 1615108, 1597678, 1609468, 1595228, 1586878, 1629429, 1615698, 1613429, 1630149, 1589838, 1613729, 1615138, 1609898, 1600699, 1607278, 1609138, 1615308, 1609789, 1594658, 1588298];[407144, 417344, 403394, 397174, 393324, 392424, 395924, 401044, 400554, 401155, 398744, 408014, 393384, 395975, 395334, 409454, 399365, 419285, 407184, 399995, 404284, 411964, 432455, 407294, 397374, 395744, 405494, 408925, 405515, 400334, 398284, 406835, 394214, 397294, 395285, 397794, 401785, 409404, 395734, 394375, 400034, 394444, 395345, 407465, 408724, 417245, 402475, 398595, 394925, 394504];[648818, 605558, 623717, 612547, 605887, 617727, 605227, 602837, 600197, 611317, 614137, 627527, 609258, 606857, 605737, 602707, 601446, 612807, 617777, 611367, 612727, 621977, 609607, 609057, 609047, 621377, 629307, 641197, 618976, 603477, 602317, 601937, 614267, 614167, 615077, 721678, 607347, 621147, 615627, 608926, 608377, 615187, 607407, 598686, 607707, 603377, 2288986, 603367, 733888, 621047]
T1000V1000_0.8;1000;1000;2;0.8;experiment_data/medium/T1000V1000_0.8_T.csv;experiment_data/medium/T1000V1000_0.8_V.csv;3635;3351;Baseline;[1, 1, 1, 1, 1, 1, 1, 1, 1, 1, 1, 1, 1, 1, 1, 1, 1, 1, 1, 1, 1, 1, 1, 1, 1, 1, 1, 1, 1, 1, 1, 1, 1, 1, 1, 1, 1, 1, 1, 1, 1, 1, 1, 1, 1, 1, 1, 1, 1, 1];[2786511, 2782142, 2766892, 2774352, 2781872, 2772682, 2755061, 2771821, 2769472, 2750061, 2790133, 2777701, 2761541, 2752611, 2784991, 2776532, 2787401, 2761861, 2779641, 2789641, 2759731, 2774551, 2783993, 2765952, 2761241, 2770851, 2784043, 2753322, 2773022, 2766401, 2785772, 2772072, 2786422, 2836113, 2796252, 2772312, 2765941, 2758890, 2776102, 2779102, 2772412, 2774111, 2937974, 2785082, 2900773, 2793982, 4361860, 2767561, 2942244, 2798651];[1596548, 1592628, 1593808, 1602499, 1605479, 1585528, 1588838, 1597878, 1599919, 1581748, 1616679, 1604038, 1597868, 1582958, 1607318, 1601968, 1599838, 1594588, 1602558, 1599208, 1587948, 1602538, 1608159, 1582869, 1593118, 1599508, 1603959, 1581938, 1597369, 1594908, 1600378, 1590148, 1594878, 1627729, 1611248, 1601828, 1583647, 1587807, 1598898, 1598598, 1591618, 1594138, 1603318, 1604498, 1599698, 1615709, 1603858, 1594768, 1605118, 1616328];[412324, 409135, 396744, 400955, 408844, 405445, 395485, 396354, 400684, 397444, 400385, 402814, 398334, 398264, 395684, 403595, 414054, 397414, 397304, 421444, 398325, 399625, 409105, 409335, 396564, 396085, 406285, 393325, 394384, 402664, 408565, 398655, 400215, 418195, 399755, 403755, 401775, 400864, 402715, 401635, 398305, 397614, 482556, 393855, 452055, 401314, 395815, 399795, 477826, 400735];[777639, 780379, 776340, 770898, 767549, 781709, 770738, 777589, 768869, 770869, 773069, 770849, 765339, 771389, 781989, 770969, 773509, 769859, 779779, 768989, 773458, 772388, 766729, 773748, 771559, 775258, 773799, 778059, 781269, 768829, 776829, 783269, 791329, 790189, 785249, 766729, 780519, 770219, 774489, 778869, 782489, 782359, 852100, 786729, 849020, 776959, 2362187, 772998, 859300, 781588]
T700V1000_0.0;700;1000;2;0.0;experiment_data/medium/T700V1000_0.0_T.csv;experiment_data/medium/T700V1000_0.0_V.csv;2576;2713;Baseline;[1, 1, 1, 1, 1, 1, 1, 1, 1, 1, 1, 1, 1, 1, 1, 1, 1, 1, 1, 1, 1, 1, 1, 1, 1, 1, 1, 1, 1, 1, 1, 1, 1, 1, 1, 1, 1, 1, 1, 1, 1, 1, 1, 1, 1, 1, 1, 1, 1, 1];[2068983, 2102824, 2038033, 2032962, 2044163, 2038703, 2024743, 2088774, 2056284, 2033803, 2027263, 2034914, 2044783, 2102395, 2045343, 2028833, 2029302, 2043354, 2044943, 2092604, 2038163, 2036833, 2059894, 2039474, 2031153, 2092464, 2046274, 2026774, 2039033, 2032864, 2036553, 2115144, 2037673, 2052674, 2051602, 2037154, 2038663, 2097104, 2035223, 2033283, 2038643, 2026163, 2036983, 2084254, 2040613, 2030253, 2027192, 2042283, 2035083, 2087924];[1168413, 1148183, 1149643, 1144542, 1146793, 1138833, 1137703, 1139313, 1155803, 1139803, 1136253, 1144713, 1153583, 1149433, 1144653, 1137273, 1137962, 1149803, 1143463, 1142123, 1146903, 1145802, 1154023, 1147333, 1146933, 1144193, 1146253, 1135363, 1143743, 1145403, 1144723, 1168223, 1141213, 1138933, 1151582, 1137553, 1144543, 1143733, 1134173, 1142143, 1148333, 1134323, 1134973, 1134713, 1149643, 1137043, 1135032, 1144493, 1141263, 1138413];[276593, 275213, 278783, 279323, 276233, 276893, 276093, 279383, 276143, 276433, 275803, 279824, 274203, 275384, 276463, 278733, 281413, 277274, 275273, 276223, 280873, 275213, 279253, 275014, 273994, 281363, 276603, 274984, 276903, 277343, 281713, 276704, 274013, 281704, 275193, 289254, 277023, 276053, 276863, 281553, 273434, 273923, 276343, 285183, 275523, 276583, 276093, 287053, 275843, 275173];[623977, 679428, 609607, 609097, 621137, 622977, 610947, 670078, 624338, 617567, 615207, 610377, 616997, 677578, 624227, 612827, 609927, 616277, 626207, 674258, 610387, 615818, 626618, 617127, 610226, 666908, 623418, 616427, 618387, 610118, 610117, 670217, 622447, 632037, 624827, 610347, 617097, 677318, 624187, 609587, 616876, 617917, 625667, 664358, 615447, 616627, 616067, 610737, 617977, 674338]
T700V1000_0.6;700;1000;2;0.6;experiment_data/medium/T700V1000_0.6_T.csv;experiment_data/medium/T700V1000_0.6_V.csv;2540;3066;Baseline;[1, 1, 1, 1, 1, 1, 1, 1, 1, 1, 1, 1, 1, 1, 1, 1, 1, 1, 1, 1, 1, 1, 1, 1, 1, 1, 1, 1, 1, 1, 1, 1, 1, 1, 1, 1, 1, 1, 1, 1, 1, 1, 1, 1, 1, 1, 1, 1, 1, 1];[2121795, 2084483, 2095384, 2054383, 2063484, 2070894, 2118534, 2062694, 2123245, 2063844, 2108464, 2068474, 2136143, 2061513, 2076674, 2063874, 2067904, 2065744, 2137234, 2076793, 2067793, 2096244, 2066934, 2073082, 2127614, 2056734, 2079933, 2113533, 2091644, 2095615, 2114564, 2080624, 2061872, 2094434, 2066813, 2069223, 2120814, 2069614, 2081034, 2074322, 2054993, 2077894, 2105414, 2095334, 2123724, 2126314, 2116204, 2097384, 2125724, 2054304];[1126013, 1143593, 1129443, 1118202, 1124943, 1125983, 1117353, 1116193, 1143744, 1125143, 1158213, 1121693, 1125462, 1123352, 1136413, 1119403, 1122573, 1125533, 1134813, 1125252, 1131282, 1124783, 1118413, 1118982, 1125863, 1119773, 1121552, 1172413, 1142623, 1146044, 1119123, 1126243, 1117632, 1122013, 1121903, 1119913, 1125892, 1119623, 1135573, 1136582, 1118063, 1128613, 1116433, 1140713, 1141433, 1161323, 1161263, 1141433, 1127673, 1115203];[273794, 267133, 268973, 264343, 263303, 264723, 270233, 277133, 268643, 274203, 266623, 280304, 266223, 270563, 266463, 281423, 264704, 273653, 267053, 280623, 268303, 273123, 264803, 287443, 265193, 271614, 272244, 266003, 266633, 268414, 267763, 265133, 270213, 290734, 265253, 267532, 265843, 265733, 279643, 268383, 272783, 264933, 272644, 275164, 279223, 274113, 276763, 269633, 263653, 268433];[721988, 673757, 696968, 671838, 675238, 680188, 730948, 669368, 710858, 664498, 683628, 666477, 744458, 667598, 673798, 663048, 680627, 666558, 735368, 670918, 668208, 698338, 683718, 666657, 736558, 665347, 686137, 675117, 682388, 681157, 727678, 689248, 674027, 681687, 679657, 681778, 729079, 684258, 665818, 669357, 664147, 684348, 716337, 679457, 703068, 690878, 678178, 686318, 734398, 670668]
T900V1000_0.5;900;1000;2;0.5;experiment_data/medium/T900V1000_0.5_T.csv;experiment_data/medium/T900V1000_0.5_V.csv;3287;3066;Baseline;[1, 1, 1, 1, 1, 1, 1, 1, 1, 1, 1, 1, 1, 1, 1, 1, 1, 1, 1, 1, 1, 1, 1, 1, 1, 1, 1, 1, 1, 1, 1, 1, 1, 1, 1, 1, 1, 1, 1, 1, 1, 1, 1, 1, 1, 1, 1, 1, 1, 1];[2467668, 2458798, 2447728, 2454829, 2511908, 4230758, 2497359, 2455739, 2461208, 2455257, 2506800, 2507858, 2470368, 2482578, 2450308, 2469459, 2457219, 2513009, 2447518, 2460207, 2508208, 2463798, 2460298, 2509538, 2457347, 2471308, 2504688, 2455417, 2467458, 2537159, 2450298, 2445727, 2457618, 2469848, 2468138, 2538189, 2455608, 2469108, 2461518, 2465759, 2468608, 2545538, 2475578, 2468138, 2449788, 2467508, 2448999, 2527988, 2466628, 2473489];[1418986, 1432426, 1425516, 1432587, 1433536, 1451007, 1444037, 1422947, 1428216, 1419536, 1422327, 1424346, 1444297, 1439496, 1421576, 1436877, 1422507, 1424507, 1418826, 1426026, 1458996, 1432606, 1428966, 1421136, 1425506, 1435386, 1446176, 1427316, 1435756, 1432396, 1415016, 1422926, 1417966, 1423456, 1429406, 1421796, 1429246, 1434206, 1427906, 1430487, 1423696, 1438276, 1438727, 1440326, 1419936, 1427736, 1422867, 1417586, 1434787, 1438237];[360104, 360584, 361484, 356224, 389034, 371124, 367204, 370554, 357154, 359314, 405915, 363784, 359154, 361674, 368144, 360884, 363624, 354714, 358774, 370014, 382764, 362414, 357384, 356404, 359524, 364524, 381155, 359473, 364565, 378235, 358004, 358084, 369204, 380944, 360264, 377344, 358895, 363495, 373084, 360094, 368734, 378794, 374114, 360464, 364094, 358374, 357624, 375754, 365954, 362854];[688578, 665788, 660728, 666018, 689338, 2408627, 686118, 662238, 675838, 676407, 678558, 719728, 666917, 681408, 660588, 671698, 671088, 733788, 669918, 664167, 666448, 668778, 673948, 731998, 672317, 671398, 677357, 668628, 667137, 726528, 677278, 664717, 670448, 665448, 678468, 739049, 667467, 671407, 660528, 675178, 676178, 728468, 662737, 667348, 665758, 681398, 668508, 734648, 665887, 672398]
T800V1000_0.9;800;1000;2;0.9;experiment_data/medium/T800V1000_0.9_T.csv;experiment_data/medium/T800V1000_0.9_V.csv;2955;3295;Baseline;[1, 1, 1, 1, 1, 1, 1, 1, 1, 1, 1, 1, 1, 1, 1, 1, 1, 1, 1, 1, 1, 1, 1, 1, 1, 1, 1, 1, 1, 1, 1, 1, 1, 1, 1, 1, 1, 1, 1, 1, 1, 1, 1, 1, 1, 1, 1, 1, 1, 1];[2390867, 2389437, 2376457, 2398538, 2400557, 2454078, 2413477, 2388537, 2371316, 2390767, 2396576, 2464837, 2450548, 2455487, 2429497, 2435628, 2398478, 2458718, 2379708, 2408168, 2399508, 2389058, 2397008, 2441747, 2385847, 2402227, 2381248, 2408598, 2394508, 2470928, 2393947, 2402267, 2379337, 2382457, 2402526, 2424407, 2398848, 2384147, 2379107, 2387597, 2379637, 2366708, 2400417, 2416278, 2391517, 2409138, 2381647, 2387537, 2412448, 2411498];[1297705, 1304765, 1289185, 1310745, 1311965, 1303605, 1317195, 1298315, 1286614, 1293295, 1307024, 1308194, 1316985, 1336675, 1327305, 1329625, 1303885, 1305974, 1292935, 1302325, 1313815, 1303355, 1305625, 1302764, 1290934, 1307224, 1293565, 1309385, 1308485, 1312025, 1292484, 1310025, 1297225, 1297415, 1297954, 1304055, 1312995, 1310395, 1300985, 1306985, 1302035, 1289735, 1313775, 1305135, 1305975, 1312585, 1296625, 1302965, 1306925, 1314075];[336164, 343194, 336854, 342754, 337314, 342534, 350644, 332694, 334183, 341483, 334893, 343194, 348004, 345644, 346543, 338004, 334204, 338844, 336844, 349984, 335254, 335264, 348694, 334204, 344634, 334694, 334774, 348544, 337284, 340284, 346664, 332304, 330783, 340393, 341414, 331953, 335574, 328253, 333864, 333374, 330184, 336504, 336584, 349654, 343124, 333624, 336044, 338874, 344764, 335974];[756998, 741478, 750418, 745039, 751278, 807939, 745638, 757528, 750519, 755989, 754659, 813449, 785559, 773168, 755649, 767999, 760389, 813900, 749929, 755859, 750439, 750439, 742689, 804779, 750279, 760309, 752909, 750669, 748739, 818619, 754799, 759938, 751329, 744649, 763158, 788399, 750279, 745499, 744258, 747238, 747418, 740469, 750058, 761489, 742418, 762929, 748978, 745698, 760759, 761449]
T800V1000_0.2;800;1000;2;0.2;experiment_data/medium/T800V1000_0.2_T.csv;experiment_data/medium/T800V1000_0.2_V.csv;2917;2814;Baseline;[1, 1, 1, 1, 1, 1, 1, 1, 1, 1, 1, 1, 1, 1, 1, 1, 1, 1, 1, 1, 1, 1, 1, 1, 1, 1, 1, 1, 1, 1, 1, 1, 1, 1, 1, 1, 1, 1, 1, 1, 1, 1, 1, 1, 1, 1, 1, 1, 1, 1];[2231855, 2265755, 2218285, 2212955, 2198515, 2278046, 2215456, 2213396, 2190395, 2213146, 2219695, 2258935, 2228655, 2194544, 2217444, 2224735, 2197765, 2256226, 2216736, 2196726, 2207276, 2221305, 2237266, 2291576, 2204945, 2226756, 2253256, 2206374, 2205195, 2271345, 2235956, 2223264, 2193904, 2195405, 2194294, 2189814, 2187524, 2200745, 2197975, 2215475, 2269265, 2214865, 2202356, 2193965, 2181864, 2247715, 2187105, 2192685, 2188764, 2208975];[1291124, 1331655, 1289784, 1276955, 1281204, 1293344, 1279505, 1281825, 1274335, 1287115, 1291604, 1272184, 1306545, 1276634, 1281964, 1287354, 1273865, 1272414, 1287405, 1269665, 1284035, 1287214, 1295015, 1315765, 1283935, 1293835, 1290235, 1276444, 1284285, 1294014, 1287745, 1301954, 1280284, 1277474, 1282294, 1275844, 1271364, 1281035, 1274994, 1285215, 1282244, 1295965, 1282835, 1274235, 1269204, 1314595, 1270065, 1281795, 1274354, 1281574];[338534, 336613, 335074, 337753, 323694, 330124, 341254, 334994, 322694, 326154, 317654, 324394, 321103, 317073, 323683, 323904, 320453, 322094, 316354, 328324, 328054, 331234, 339624, 326233, 325514, 337964, 359344, 329193, 328943, 321034, 345364, 324933, 318343, 323374, 318454, 320693, 323784, 326454, 330304, 337804, 376124, 327514, 327564, 328994, 324213, 340384, 323993, 318843, 316623, 322674];[602197, 597487, 593427, 598247, 593617, 654578, 594697, 596577, 593366, 599877, 610437, 662357, 601007, 600837, 611797, 613477, 603447, 661718, 612977, 598737, 595187, 602857, 602627, 649578, 595496, 594957, 603677, 600737, 591967, 656297, 602847, 596377, 595277, 594557, 593546, 593277, 592376, 593256, 592677, 592456, 610897, 591386, 591957, 590736, 588447, 592736, 593047, 592047, 597787, 604727]
T700V1000_0.1;700;1000;2;0.1;experiment_data/medium/T700V1000_0.1_T.csv;experiment_data/medium/T700V1000_0.1_V.csv;2568;2750;Baseline;[1, 1, 1, 1, 1, 1, 1, 1, 1, 1, 1, 1, 1, 1, 1, 1, 1, 1, 1, 1, 1, 1, 1, 1, 1, 1, 1, 1, 1, 1, 1, 1, 1, 1, 1, 1, 1, 1, 1, 1, 1, 1, 1, 1, 1, 1, 1, 1, 1, 1];[2054983, 2062412, 3701262, 2075874, 2053323, 2048553, 2064374, 2051873, 2105806, 2053834, 2064053, 2058264, 2064644, 2037103, 2105294, 2053963, 2058013, 2057132, 2047743, 2052792, 2119384, 2054584, 2051234, 2064933, 2057793, 2049294, 2129055, 2053093, 2062352, 2075354, 2052223, 2065484, 2108883, 2049804, 2052844, 2057904, 2045953, 2068053, 2137424, 2037273, 2057554, 2058904, 2065413, 2053383, 2122894, 2056763, 2126644, 2073114, 2048763, 2063454];[1140153, 1147222, 1133323, 1157103, 1144043, 1140023, 1150583, 1139823, 1140504, 1140903, 1147943, 1142604, 1140273, 1134753, 1137233, 1135533, 1134393, 1136152, 1139353, 1135162, 1138143, 1135593, 1136053, 1146043, 1140773, 1135503, 1146113, 1135053, 1142942, 1150583, 1136373, 1146413, 1140582, 1133633, 1135243, 1147414, 1136433, 1137803, 1166043, 1134023, 1142844, 1147613, 1142863, 1135843, 1147383, 1142453, 1143813, 1155243, 1137183, 1141753];[271143, 270563, 289913, 270943, 276203, 276173, 274423, 275813, 280004, 282383, 278233, 273472, 277223, 275073, 283943, 289503, 279433, 281633, 279423, 275623, 278313, 274363, 278903, 289983, 278523, 277154, 277903, 287593, 279673, 274693, 278323, 289554, 285103, 275084, 279893, 279213, 282143, 276133, 279383, 272683, 283503, 273303, 276603, 287493, 288673, 275663, 306843, 274984, 282353, 287363];[643687, 644627, 2278026, 647828, 633077, 632357, 639368, 636237, 685298, 630548, 637877, 642188, 647148, 627277, 684118, 628927, 644187, 639347, 628967, 642007, 702928, 644628, 636278, 628907, 638497, 636637, 705039, 630447, 639737, 650078, 637527, 629517, 683198, 641087, 637708, 631277, 627377, 654117, 691998, 630567, 631207, 637988, 645947, 630047, 686838, 638647, 675988, 642887, 629227, 634338]
T500V1000_0.2;500;1000;2;0.2;experiment_data/medium/T500V1000_0.2_T.csv;experiment_data/medium/T500V1000_0.2_V.csv;1839;2760;Baseline;[1, 1, 1, 1, 1, 1, 1, 1, 1, 1, 1, 1, 1, 1, 1, 1, 1, 1, 1, 1, 1, 1, 1, 1, 1, 1, 1, 1, 1, 1, 1, 1, 1, 1, 1, 1, 1, 1, 1, 1, 1, 1, 1, 1, 1, 1, 1, 1, 1, 1];[1640248, 1633278, 1640779, 1627958, 1628468, 1632218, 1638018, 1635838, 1631568, 1652789, 1659918, 1625548, 1632328, 1663369, 1646818, 1642480, 1650519, 1633358, 1637628, 1628528, 1656788, 3229407, 1647598, 1627848, 1631478, 1638399, 1625709, 1680129, 1634029, 1626949, 1633129, 1641118, 1644198, 1671909, 1624947, 1655179, 1648438, 1631268, 1628328, 1672498, 1637028, 1638678, 1654389, 1630459, 1625918, 1692219, 1639019, 1665180, 1630049, 1628068];[829899, 825009, 822899, 821409, 814519, 824559, 822539, 821289, 830829, 813929, 844619, 822569, 821369, 822319, 837939, 833330, 833020, 820589, 823049, 822479, 821159, 830960, 836209, 824489, 818019, 823070, 816570, 823589, 828370, 822070, 823029, 823639, 826719, 822649, 817009, 839010, 838829, 821419, 827229, 816679, 824749, 823859, 823950, 827500, 817409, 829209, 823259, 850220, 823040, 814859];[193292, 194962, 194242, 194993, 193802, 192342, 208173, 193093, 195052, 207303, 192063, 196092, 198902, 202233, 200032, 194083, 193532, 203382, 194812, 193292, 194932, 192522, 196132, 195572, 197652, 193612, 203743, 193642, 197782, 192722, 194363, 209612, 195432, 194022, 194222, 196782, 203533, 194513, 193752, 194212, 195643, 209352, 197722, 195002, 193502, 193702, 207993, 192572, 197962, 201072];[617057, 613307, 623638, 611556, 620147, 615317, 607306, 621456, 605687, 631557, 623236, 606887, 612057, 638817, 608847, 615067, 623967, 609387, 619767, 612757, 640697, 2205925, 615257, 607787, 615807, 621717, 605396, 662898, 607877, 612157, 615737, 607867, 622047, 655238, 613716, 619387, 606076, 615336, 607347, 661607, 616636, 605467, 632717, 607957, 615007, 669308, 607767, 622388, 609047, 612137]
T500V1000_0.8;500;1000;2;0.8;experiment_data/medium/T500V1000_0.8_T.csv;experiment_data/medium/T500V1000_0.8_V.csv;1800;3001;Baseline;[1, 1, 1, 1, 1, 1, 1, 1, 1, 1, 1, 1, 1, 1, 1, 1, 1, 1, 1, 1, 1, 1, 1, 1, 1, 1, 1, 1, 1, 1, 1, 1, 1, 1, 1, 1, 1, 1, 1, 1, 1, 1, 1, 1, 1, 1, 1, 1, 1, 1];[1683200, 1687270, 1688149, 1697001, 3338468, 1702769, 1687578, 1680329, 1687468, 1695699, 1730699, 1678769, 1686179, 1682279, 1693660, 1684008, 1745869, 1684719, 1687759, 1686959, 1680009, 1688619, 1735380, 1680779, 1676998, 1713649, 1686740, 1701469, 1728959, 1681499, 1692380, 1693529, 1693180, 1686049, 1739729, 1697670, 1679909, 1699010, 1700529, 1697199, 1725160, 1678348, 1685319, 1690458, 1693619, 1690850, 1731609, 1675709, 1689099, 1713089];[822790, 820790, 817409, 827340, 816429, 819439, 824269, 812290, 819349, 829279, 821139, 818109, 812499, 816379, 822190, 817389, 817059, 818199, 828769, 813809, 817459, 817179, 818019, 817609, 812469, 819079, 816120, 824039, 817689, 813689, 825820, 818829, 816130, 816799, 819849, 818550, 814349, 827680, 824899, 819469, 818890, 813719, 817469, 821669, 817789, 824710, 821549, 815979, 815200, 826019];[189682, 191622, 194292, 191673, 191122, 193002, 190932, 190112, 193532, 196742, 187752, 189163, 190342, 189532, 202182, 189952, 206382, 189312, 189903, 188832, 189532, 201863, 188742, 190442, 190482, 189332, 188872, 191742, 195112, 193472, 190112, 190852, 193032, 197873, 190482, 190413, 190492, 195202, 190603, 189482, 187162, 189862, 189033, 189702, 188252, 193022, 190162, 191452, 188402, 191202];[670728, 674858, 676448, 677988, 2330917, 690328, 672377, 677927, 674587, 669678, 721808, 671497, 683338, 676368, 669288, 676667, 722428, 677208, 669087, 684318, 673018, 669577, 728619, 672728, 674047, 705238, 681748, 685688, 716158, 674338, 676448, 683848, 684018, 671377, 729398, 688707, 675068, 676128, 685027, 688248, 719108, 674767, 678817, 679087, 687578, 673118, 719898, 668278, 685497, 695868]
T1200V1000_0.2;1200;1000;2;0.2;experiment_data/medium/T1200V1000_0.2_T.csv;experiment_data/medium/T1200V1000_0.2_V.csv;4413;2886;Baseline;[1, 1, 1, 1, 1, 1, 1, 1, 1, 1, 1, 1, 1, 1, 1, 1, 1, 1, 1, 1, 1, 1, 1, 1, 1, 1, 1, 1, 1, 1, 1, 1, 1, 1, 1, 1, 1, 1, 1, 1, 1, 1, 1, 1, 1, 1, 1, 1, 1, 1];[3145025, 3079675, 3126616, 3160956, 3076575, 3093165, 3075006, 3091985, 3077525, 3177346, 3094125, 3089725, 3104875, 3072675, 3098655, 3161675, 3125057, 3106115, 3101215, 3077625, 3146217, 3136917, 3085376, 3087745, 3181586, 3170897, 3089145, 3102345, 3115305, 3110815, 3107096, 3097634, 3094895, 3216927, 3185106, 3100096, 3099916, 3111605, 3103655, 3096175, 3095036, 3097615, 3106635, 3098394, 3095046, 3107426, 3108304, 3096536, 3082824, 3110826];[1965452, 1934422, 1991543, 1941862, 1942622, 1948672, 1944833, 1957502, 1943522, 1954682, 1952692, 1956592, 1950152, 1938122, 1954262, 1949832, 1950513, 1962773, 1957822, 1946062, 1956913, 1996573, 1948473, 1954352, 1946992, 2036774, 1957332, 1945342, 1969662, 1974712, 1965193, 1964632, 1953002, 1967813, 2040983, 1961232, 1954683, 1977282, 1950442, 1945532, 1960033, 1961842, 1962832, 1958192, 1953453, 1945143, 1956362, 1960143, 1951662, 1956783];[504445, 500556, 482826, 486136, 491666, 487726, 487886, 490215, 489456, 489046, 499715, 489556, 488646, 493046, 496025, 488995, 497966, 502135, 485496, 488856, 509696, 488766, 494386, 487956, 554247, 487896, 492646, 492626, 488925, 496766, 487555, 492255, 491785, 570847, 497435, 497826, 486225, 487425, 500696, 494705, 492015, 485955, 487326, 495325, 485196, 487105, 500785, 488416, 491835, 500275];[675128, 644697, 652247, 732958, 642287, 656767, 642287, 644268, 644547, 733618, 641718, 643577, 666077, 641507, 648368, 722848, 676578, 641207, 657897, 642707, 679608, 651578, 642517, 645437, 680347, 646227, 639167, 664377, 656718, 639337, 654348, 640747, 650108, 678267, 646688, 641038, 659008, 646898, 652517, 655938, 642988, 649818, 656477, 644877, 656397, 675178, 651157, 647977, 639327, 653768]
T700V1000_0.2;700;1000;2;0.2;experiment_data/medium/T700V1000_0.2_T.csv;experiment_data/medium/T700V1000_0.2_V.csv;2591;2806;Baseline;[1, 1, 1, 1, 1, 1, 1, 1, 1, 1, 1, 1, 1, 1, 1, 1, 1, 1, 1, 1, 1, 1, 1, 1, 1, 1, 1, 1, 1, 1, 1, 1, 1, 1, 1, 1, 1, 1, 1, 1, 1, 1, 1, 1, 1, 1, 1, 1, 1, 1];[2098284, 2075053, 2095163, 2098023, 2101053, 2123454, 2126934, 2092525, 2105724, 2110713, 2103483, 2083524, 2099954, 2114104, 2105364, 2126303, 2171115, 2145143, 2092373, 2089473, 2096554, 2151284, 2142944, 2111144, 2108653, 2090893, 2088064, 2088403, 2100294, 2104864, 2084382, 2096094, 2094653, 2090913, 3852923, 2107295, 2108004, 2088445, 2092294, 2107783, 2171435, 2115845, 2083673, 2084924, 2104354, 2111364, 2153134, 2097483, 2103773, 2100634];[1156243, 1140662, 1161913, 1167103, 1159703, 1158753, 1201963, 1164244, 1168043, 1179843, 1166893, 1157243, 1159804, 1180074, 1153303, 1195583, 1213034, 1204633, 1163023, 1159053, 1152333, 1172623, 1187003, 1175784, 1167833, 1163123, 1165913, 1155093, 1168383, 1176463, 1152682, 1159813, 1167853, 1154483, 1157923, 1168674, 1171923, 1159734, 1161914, 1168983, 1175093, 1172924, 1155323, 1154073, 1154363, 1164133, 1161383, 1168613, 1169323, 1167343];[291634, 277653, 280253, 278283, 277743, 288403, 279123, 282544, 290924, 283583, 277253, 276373, 280923, 274483, 286724, 279463, 285453, 278393, 281243, 284383, 283804, 284113, 286253, 278463, 276903, 277433, 276433, 285683, 284964, 275904, 278063, 277933, 278223, 284713, 292293, 280763, 278173, 276163, 284283, 286763, 283934, 282433, 277063, 278113, 278243, 283104, 276793, 285323, 288203, 282324];[650407, 656738, 652997, 652637, 663607, 676298, 645848, 645737, 646757, 647287, 659337, 649908, 659227, 659547, 665337, 651257, 672628, 662117, 648107, 646037, 660417, 694548, 669688, 656897, 663917, 650337, 645718, 647627, 646947, 652497, 653637, 658348, 648577, 651717, 2402707, 657858, 657908, 652548, 646097, 652037, 712408, 660488, 651287, 652738, 671748, 664127, 714958, 643547, 646247, 650967]
T600V1000_0.4;600;1000;2;0.4;experiment_data/medium/T600V1000_0.4_T.csv;experiment_data/medium/T600V1000_0.4_V.csv;2197;2873;Baseline;[1, 1, 1, 1, 1, 1, 1, 1, 1, 1, 1, 1, 1, 1, 1, 1, 1, 1, 1, 1, 1, 1, 1, 1, 1, 1, 1, 1, 1, 1, 1, 1, 1, 1, 1, 1, 1, 1, 1, 1, 1, 1, 1, 1, 1, 1, 1, 1, 1, 1];[1841311, 1843541, 1860663, 1867721, 1914182, 1860821, 1851731, 1846381, 1852271, 1856682, 1912841, 1853121, 1879481, 1857791, 1853820, 1853480, 1912431, 1850271, 1848061, 1845081, 1845171, 1863210, 1916802, 1855861, 1848061, 1875202, 1869960, 1859871, 1915032, 1851041, 1854711, 1857581, 1856051, 1945882, 1931322, 1850961, 1859561, 1854461, 1850051, 1861932, 1906281, 1865401, 1844441, 1847582, 1857832, 1843281, 1909222, 1846192, 1848521, 1843442];[964391, 975451, 977562, 984151, 983412, 981471, 976401, 977411, 977571, 983222, 980021, 984121, 987991, 986061, 974821, 984371, 985311, 977961, 978061, 973231, 975181, 984851, 973881, 988231, 975641, 972221, 995431, 976761, 980511, 978411, 977191, 984161, 984521, 984501, 995401, 975661, 984471, 982231, 975081, 978551, 974521, 974631, 977331, 981102, 984082, 974081, 975251, 984762, 974271, 974972];[232192, 230393, 233783, 246403, 237063, 245213, 238913, 236772, 237062, 240123, 237482, 231013, 235943, 230723, 231992, 231692, 233102, 231863, 230723, 230502, 231403, 231572, 230043, 228503, 231783, 242233, 232012, 229133, 232803, 229793, 232253, 233853, 232033, 272163, 233343, 238923, 237433, 238183, 239333, 246383, 245713, 246343, 235833, 234282, 238433, 237432, 246023, 230863, 236113, 232382];[644728, 637697, 649318, 637167, 693707, 634137, 636417, 632198, 637638, 633337, 695338, 637987, 655547, 641007, 647007, 637417, 694018, 640447, 639277, 641348, 638587, 646787, 712878, 639127, 640637, 660748, 642517, 653977, 701718, 642837, 645267, 639567, 639497, 689218, 702578, 636377, 637657, 634047, 635637, 636998, 686047, 644427, 631277, 632198, 635317, 631768, 687948, 630567, 638137, 636088]
T800V1000_1.0;800;1000;2;1.0;experiment_data/medium/T800V1000_1.0_T.csv;experiment_data/medium/T800V1000_1.0_V.csv;2933;3364;Baseline;[1, 1, 1, 1, 1, 1, 1, 1, 1, 1, 1, 1, 1, 1, 1, 1, 1, 1, 1, 1, 1, 1, 1, 1, 1, 1, 1, 1, 1, 1, 1, 1, 1, 1, 1, 1, 1, 1, 1, 1, 1, 1, 1, 1, 1, 1, 1, 1, 1, 1];[2477779, 2383698, 2414347, 2397197, 2410098, 2434787, 2510318, 2399337, 2400478, 2428978, 2396086, 2408068, 2463488, 2405568, 2417938, 2401939, 2401767, 2410388, 2468008, 2408347, 2396297, 2424977, 2400577, 2423338, 2504478, 2469939, 2424498, 2410457, 2410128, 2411488, 2531388, 2479439, 2438398, 2414917, 2398557, 2394987, 2457557, 2405857, 2408358, 2405598, 2396137, 2427517, 2473639, 2427998, 2391976, 2407577, 2401558, 2402168, 2471747, 2423397];[1318035, 1286565, 1313545, 1303235, 1321505, 1310854, 1345915, 1303845, 1307175, 1326915, 1301714, 1315815, 1310725, 1310885, 1320735, 1310666, 1304275, 1313275, 1302695, 1308595, 1300725, 1316255, 1308185, 1328805, 1322285, 1345236, 1324325, 1309985, 1307565, 1321155, 1307024, 1365956, 1330036, 1326555, 1307175, 1301905, 1305574, 1309285, 1315095, 1310505, 1302395, 1316455, 1309835, 1320315, 1300934, 1311105, 1307325, 1301655, 1314704, 1321385];[333384, 347324, 333163, 332494, 338984, 350695, 341224, 334724, 337984, 331354, 333733, 340354, 333044, 334804, 333144, 335094, 331174, 331774, 332243, 338853, 333683, 337014, 332544, 333814, 339614, 340423, 339654, 333044, 342614, 331434, 356054, 338644, 336614, 333154, 332234, 340524, 333654, 333993, 339124, 333564, 332133, 350264, 339684, 350014, 335044, 331653, 339074, 335294, 333904, 334354];[826360, 749809, 767639, 761468, 749609, 773238, 823179, 760768, 755319, 770709, 760639, 751899, 819719, 759879, 764059, 756179, 766318, 765339, 833070, 760899, 761889, 771708, 759848, 760719, 842579, 784280, 760519, 767428, 759949, 758899, 868310, 774839, 771748, 755208, 759148, 752558, 818329, 762579, 754139, 761529, 761609, 760798, 824120, 757669, 755998, 764819, 755159, 765219, 823139, 767658]
T1000V1000_0.2;1000;1000;2;0.2;experiment_data/medium/T1000V1000_0.2_T.csv;experiment_data/medium/T1000V1000_0.2_V.csv;3678;2842;Baseline;[1, 1, 1, 1, 1, 1, 1, 1, 1, 1, 1, 1, 1, 1, 1, 1, 1, 1, 1, 1, 1, 1, 1, 1, 1, 1, 1, 1, 1, 1, 1, 1, 1, 1, 1, 1, 1, 1, 1, 1, 1, 1, 1, 1, 1, 1, 1, 1, 1, 1];[2688090, 2654570, 2739291, 2662390, 2655250, 2801112, 2731282, 2657250, 2749221, 2690831, 2661370, 2664440, 2667210, 2658520, 2734351, 2666850, 2676720, 2664659, 2665941, 2658950, 2757571, 2666580, 2667090, 2667110, 2707521, 2698751, 2708191, 2674309, 2671141, 2650201, 2652931, 2662420, 2718882, 2654980, 2678121, 2698250, 2662159, 2658091, 2717951, 2694011, 2666231, 2683831, 2662460, 2662960, 2664830, 2664010, 2650980, 2644890, 2668780, 2659460];[1628688, 1610418, 1613618, 1618098, 1599118, 1610919, 1659969, 1610898, 1615948, 1627738, 1600628, 1611088, 1613948, 1606018, 1605238, 1620878, 1618068, 1612578, 1614089, 1612498, 1618808, 1612768, 1610778, 1615828, 1614798, 1645259, 1599398, 1618928, 1615519, 1599269, 1598509, 1606968, 1604289, 1606479, 1623479, 1638248, 1604587, 1606059, 1607808, 1611168, 1607548, 1616529, 1609868, 1602938, 1607338, 1604589, 1597188, 1596658, 1614248, 1604378];[397245, 393055, 397655, 401904, 396035, 476615, 401295, 395535, 412855, 403505, 399595, 397925, 408595, 407905, 399615, 399515, 412605, 408414, 396674, 395885, 403015, 404725, 395005, 394914, 430355, 396794, 396325, 408364, 410254, 394094, 399165, 410994, 404905, 401374, 397714, 409904, 412545, 394005, 397465, 410685, 412665, 414595, 402185, 397344, 399554, 413014, 403685, 398454, 410895, 406315];[662157, 651097, 728018, 642388, 660097, 713578, 670018, 650817, 720418, 659588, 661147, 655427, 644667, 644597, 729498, 646457, 646047, 643667, 655178, 650567, 735748, 649087, 661307, 656368, 662368, 656698, 712468, 647017, 645368, 656838, 655257, 644458, 709688, 647127, 656928, 650098, 645027, 658027, 712678, 672158, 646018, 652707, 650407, 662678, 657938, 646407, 650107, 649778, 643637, 648767]
T1400V1000_0.2;1400;1000;2;0.2;experiment_data/medium/T1400V1000_0.2_T.csv;experiment_data/medium/T1400V1000_0.2_V.csv;5159;2924;Baseline;[1, 1, 1, 1, 1, 1, 1, 1, 1, 1, 1, 1, 1, 1, 1, 1, 1, 1, 1, 1, 1, 1, 1, 1, 1, 1, 1, 1, 1, 1, 1, 1, 1, 1, 1, 1, 1, 1, 1, 1, 1, 1, 1, 1, 1, 1, 1, 1, 1, 1];[3718813, 3803423, 3653853, 3716582, 3699532, 3717992, 3784543, 3795432, 3656741, 3668401, 3677001, 3678282, 3648131, 3755513, 3694793, 3677872, 3650711, 3669621, 3636763, 3639341, 3651932, 3657121, 3696253, 3708563, 3696133, 3652851, 3798533, 3729472, 3689462, 3667542, 3652512, 3646651, 3666162, 3642821, 3630112, 3643052, 3808943, 3739462, 3652662, 4056766, 3898884, 3683291, 3652653, 3639911, 3643742, 3657221, 3661023, 3641941, 3636961, 3640801];[2437328, 2457228, 2406408, 2454948, 2446018, 2415677, 2523909, 2441927, 2409257, 2418367, 2419847, 2421818, 2407557, 2425768, 2407108, 2442608, 2415587, 2417217, 2392008, 2397087, 2404607, 2412587, 2438388, 2445298, 2451768, 2417457, 2536098, 2493038, 2420408, 2418438, 2403807, 2411917, 2423657, 2410557, 2395988, 2410228, 2544929, 2507019, 2424828, 2406607, 2643010, 2445867, 2405478, 2404057, 2404428, 2420147, 2405668, 2408077, 2406697, 2403907];[568497, 580977, 570087, 560496, 569626, 579327, 564127, 562146, 564606, 555146, 570977, 571176, 555636, 562856, 588317, 562056, 556536, 564427, 572207, 554437, 558637, 572386, 575967, 579177, 567647, 555406, 577857, 557327, 580296, 573537, 572657, 559036, 566867, 559756, 558726, 554717, 572996, 556646, 551946, 808559, 574997, 555187, 559797, 561747, 563426, 554047, 576757, 554527, 554736, 563756];[712988, 765218, 677358, 701138, 683888, 722988, 696507, 791359, 682878, 694888, 686177, 685288, 684938, 766889, 699368, 673208, 678588, 687977, 672548, 687817, 688688, 672148, 681898, 684088, 676718, 679988, 684578, 679107, 688758, 675567, 676048, 675698, 675638, 672508, 675398, 678107, 691018, 675797, 675888, 841600, 680877, 682237, 687378, 674107, 675888, 683027, 678598, 679337, 675528, 673138]
T900V1000_0.0;900;1000;2;0.0;experiment_data/medium/T900V1000_0.0_T.csv;experiment_data/medium/T900V1000_0.0_V.csv;3317;2693;Baseline;[1, 1, 1, 1, 1, 1, 1, 1, 1, 1, 1, 1, 1, 1, 1, 1, 1, 1, 1, 1, 1, 1, 1, 1, 1, 1, 1, 1, 1, 1, 1, 1, 1, 1, 1, 1, 1, 1, 1, 1, 1, 1, 1, 1, 1, 1, 1, 1, 1, 1];[2484188, 2491779, 2438178, 2434797, 2429338, 2442068, 2435967, 2439408, 2444478, 2436718, 2443757, 4303199, 2437998, 2443677, 2447357, 2418108, 2428457, 2644840, 2506128, 2458248, 2445008, 2462778, 2424737, 2509209, 2434378, 2450048, 2439237, 2439607, 2447507, 2498748, 2427298, 2451708, 2446868, 2434007, 2440668, 2509149, 2513887, 2453059, 2454898, 2438227, 2432388, 2493369, 2440408, 2437458, 2429227, 2441708, 2433667, 2488248, 2428747, 2443079];[1458726, 1510488, 1469157, 1465336, 1461677, 1471017, 1471046, 1462587, 1465747, 1470487, 1471877, 1480117, 1467207, 1471886, 1457616, 1456227, 1461757, 1479027, 1521517, 1478677, 1468487, 1487457, 1455326, 1471177, 1468467, 1466627, 1472676, 1469546, 1468066, 1468756, 1454287, 1471617, 1475377, 1469106, 1464957, 1474327, 1473986, 1479107, 1463517, 1472776, 1460017, 1462847, 1471697, 1466567, 1463376, 1477547, 1467726, 1457757, 1463026, 1477977];[401275, 374674, 374274, 374824, 379844, 374114, 369914, 387764, 387075, 374285, 375934, 374104, 381004, 369364, 379604, 373265, 379204, 471755, 376404, 371264, 372694, 379914, 379415, 379094, 370535, 376774, 377224, 373354, 373704, 370474, 382985, 381475, 371724, 371934, 385374, 382614, 374534, 373134, 380775, 376634, 384935, 371435, 375925, 376124, 376194, 370425, 369914, 371814, 377924, 369685];[624187, 606617, 594747, 594637, 587817, 596937, 595007, 589057, 591656, 591946, 595946, 2448978, 589787, 602427, 610137, 588616, 587496, 694058, 608207, 608307, 603827, 595407, 589996, 658938, 595376, 606647, 589337, 596707, 605737, 659518, 590026, 598616, 599767, 592967, 590337, 652208, 665367, 600818, 610606, 588817, 587436, 659087, 592786, 594767, 589657, 593736, 596027, 658677, 587797, 595417]
T500V1000_0.3;500;1000;2;0.3;experiment_data/medium/T500V1000_0.3_T.csv;experiment_data/medium/T500V1000_0.3_V.csv;1836;2814;Baseline;[1, 1, 1, 1, 1, 1, 1, 1, 1, 1, 1, 1, 1, 1, 1, 1, 1, 1, 1, 1, 1, 1, 1, 1, 1, 1, 1, 1, 1, 1, 1, 1, 1, 1, 1, 1, 1, 1, 1, 1, 1, 1, 1, 1, 1, 1, 1, 1, 1, 1];[1659968, 1670349, 1657199, 1665908, 1662209, 1652180, 1648019, 1685969, 1651599, 1661518, 1662189, 1660658, 1660000, 1710310, 1690900, 1659529, 1673228, 1655639, 1684379, 1674588, 1645619, 1669220, 1643040, 1650319, 1650179, 1678359, 1658009, 1652899, 1670598, 1654209, 3295598, 1667658, 1666720, 1657810, 1648470, 1658308, 1712540, 1668848, 1649228, 1658930, 1666099, 1664140, 1700198, 1664389, 1657838, 1657180, 1666209, 1697209, 1736370, 1669159];[832399, 836889, 830790, 833559, 830090, 829020, 822740, 842229, 833629, 835569, 836160, 835579, 835290, 837810, 853530, 831950, 837719, 828899, 848860, 838979, 821299, 835900, 826850, 820359, 826510, 840870, 826099, 826480, 819539, 829800, 826470, 838059, 830140, 829260, 827530, 828979, 827030, 828489, 827359, 829000, 834599, 830740, 827279, 837549, 830609, 831890, 840890, 829769, 864720, 843329];[204162, 198912, 197832, 210293, 195742, 200122, 194312, 200343, 195262, 197062, 197242, 204182, 195223, 212333, 203583, 196402, 194932, 204573, 198962, 199182, 203993, 197123, 194443, 196573, 194872, 213672, 197963, 197542, 230452, 196322, 197952, 197002, 208293, 199622, 193372, 204332, 196153, 200892, 201092, 194482, 194702, 209663, 195482, 197683, 207682, 196383, 195752, 221802, 193822, 194392];[623407, 634548, 628577, 622056, 636377, 623038, 630967, 643397, 622708, 628887, 628787, 620897, 629487, 660167, 633787, 631177, 640577, 622167, 636557, 636427, 620327, 636197, 621747, 633387, 628797, 623817, 633947, 628877, 620607, 628087, 2271176, 632597, 628287, 628928, 627568, 624997, 689357, 639467, 620777, 635448, 636798, 623737, 677437, 629157, 619547, 628907, 629567, 645638, 677828, 631438]
T900V1000_0.1;900;1000;2;0.1;experiment_data/medium/T900V1000_0.1_T.csv;experiment_data/medium/T900V1000_0.1_V.csv;3273;2735;Baseline;[1, 1, 1, 1, 1, 1, 1, 1, 1, 1, 1, 1, 1, 1, 1, 1, 1, 1, 1, 1, 1, 1, 1, 1, 1, 1, 1, 1, 1, 1, 1, 1, 1, 1, 1, 1, 1, 1, 1, 1, 1, 1, 1, 1, 1, 1, 1, 1, 1, 1];[2494498, 2487378, 2459007, 2466798, 2462108, 2488908, 2470938, 2482138, 2498319, 2482307, 2494398, 2492279, 2492068, 2474278, 2478489, 2467578, 2475648, 2483958, 2493088, 2467848, 2479758, 2481718, 2482058, 2465928, 2471549, 2467839, 2490749, 2475388, 2462898, 2495999, 2496720, 2489109, 2486858, 2459208, 4271179, 2502898, 2469738, 2489197, 2461068, 2503249, 2536959, 2485658, 2466657, 2546159, 2481018, 2483947, 2522688, 2478698, 2524639, 2541889];[1496457, 1491377, 1478966, 1475557, 1479967, 1502177, 1489937, 1490567, 1505427, 1495406, 1506897, 1492497, 1512497, 1492277, 1494117, 1478027, 1490587, 1496277, 1499437, 1482317, 1486697, 1487417, 1488237, 1483766, 1489347, 1485557, 1496037, 1483527, 1480907, 1503947, 1508348, 1493797, 1484497, 1476747, 1480147, 1510357, 1481587, 1497936, 1483787, 1512297, 1479677, 1496627, 1477836, 1562708, 1492757, 1486946, 1478007, 1484377, 1484397, 1559578];[366844, 369904, 369984, 377244, 364774, 366574, 362794, 382254, 367065, 365874, 366114, 374175, 370284, 363754, 365894, 365314, 370775, 371514, 363364, 367664, 377905, 382314, 368884, 363605, 363815, 370984, 370194, 365724, 366934, 378945, 372894, 369814, 377504, 370094, 366335, 374314, 368404, 379234, 364734, 365495, 370724, 378344, 373664, 367304, 369924, 381984, 365514, 365684, 388415, 366434];[631197, 626097, 610057, 613997, 617367, 620157, 618207, 609317, 625827, 621027, 621387, 625607, 609287, 618247, 618478, 624237, 614286, 616167, 630287, 617867, 615156, 611987, 624937, 618557, 618387, 611298, 624518, 626137, 615057, 613107, 615478, 625498, 624857, 612367, 2424697, 618227, 619747, 612027, 612547, 625457, 686558, 610687, 615157, 616147, 618337, 615017, 679167, 628637, 651827, 615877]
T1200V1000_0.8;1200;1000;2;0.8;experiment_data/medium/T1200V1000_0.8_T.csv;experiment_data/medium/T1200V1000_0.8_V.csv;4419;3538;Baseline;[1, 1, 1, 1, 1, 1, 1, 1, 1, 1, 1, 1, 1, 1, 1, 1, 1, 1, 1, 1, 1, 1, 1, 1, 1, 1, 1, 1, 1, 1, 1, 1, 1, 1, 1, 1, 1, 1, 1, 1, 1, 1, 1, 1, 1, 1, 1, 1, 1, 1];[3397019, 3218887, 3218557, 3285568, 3201946, 3197476, 3222286, 3202526, 3225307, 3299277, 3195466, 3333128, 3265487, 3223087, 3208567, 3287097, 3251106, 3232097, 3202665, 3216427, 3193146, 3199756, 3215486, 3418459, 3273106, 3187546, 3221627, 3203306, 3197587, 3209925, 3200297, 3249396, 3258327, 3211636, 3220628, 3191476, 3236577, 3276056, 3236627, 3229407, 3200667, 3212607, 3187226, 3215717, 3202985, 3203206, 3200476, 3195625, 3197347, 3210646];[2091684, 1933142, 1932432, 1924952, 1924482, 1922841, 1930272, 1918241, 1940173, 1927262, 1917112, 1926941, 1982632, 1935492, 1926662, 1938211, 1922801, 1941922, 1929291, 1927282, 1926111, 1927742, 1929832, 1921112, 1990392, 1915661, 1934442, 1927691, 1924332, 1927481, 1924292, 1917231, 1976713, 1922282, 1945353, 1919182, 1926512, 1964892, 1947552, 1941252, 1923122, 1929192, 1911622, 1924342, 1930301, 1927212, 1926352, 1926391, 1926122, 1928111];[485785, 475796, 485086, 488336, 481706, 473705, 480695, 473215, 475925, 479255, 480985, 572877, 480585, 471526, 479685, 475176, 485415, 489876, 477545, 489535, 477755, 473925, 483265, 588257, 490525, 475576, 490675, 487016, 476986, 477555, 482996, 506056, 475605, 475555, 480596, 475445, 484386, 490115, 491736, 478746, 480745, 488076, 477546, 489415, 480145, 476515, 477366, 476185, 474646, 481446];[819550, 809949, 801039, 872280, 795758, 800930, 811319, 811070, 809209, 892760, 797369, 833310, 802270, 816069, 802220, 873710, 842890, 800299, 795829, 799610, 789280, 798089, 802389, 909090, 792189, 796309, 796510, 788599, 796269, 804889, 793009, 826109, 806009, 813799, 794679, 796849, 825679, 821049, 797339, 809409, 796800, 795339, 798058, 801960, 792539, 799479, 796758, 793049, 796579, 801089]
T800V1000_0.3;800;1000;2;0.3;experiment_data/medium/T800V1000_0.3_T.csv;experiment_data/medium/T800V1000_0.3_V.csv;2934;2872;Baseline;[1, 1, 1, 1, 1, 1, 1, 1, 1, 1, 1, 1, 1, 1, 1, 1, 1, 1, 1, 1, 1, 1, 1, 1, 1, 1, 1, 1, 1, 1, 1, 1, 1, 1, 1, 1, 1, 1, 1, 1, 1, 1, 1, 1, 1, 1, 1, 1, 1, 1];[2275006, 2223775, 2268836, 2280616, 2316967, 2382277, 2494578, 2302186, 2256195, 2256616, 2247546, 2267076, 2287696, 2307825, 2271026, 2267015, 2229415, 2244566, 2248855, 2270775, 2269516, 2269986, 2234084, 2242285, 2256526, 2270716, 2260474, 2288536, 2255786, 2254406, 2239516, 2256345, 2270686, 2283656, 2252856, 2253034, 2235666, 2278905, 2279985, 2283746, 2268746, 2257566, 2255096, 2252415, 2251726, 2268256, 2290486, 2257025, 2274706, 2234375];[1302065, 1277724, 1316755, 1309015, 1341435, 1338485, 1375316, 1343575, 1309535, 1311535, 1305485, 1306165, 1305535, 1346895, 1327275, 1317915, 1290425, 1300635, 1295014, 1311135, 1315125, 1318465, 1295494, 1295555, 1306885, 1307975, 1303784, 1317895, 1313135, 1301385, 1290975, 1298215, 1320985, 1314875, 1313005, 1300374, 1297455, 1294794, 1336105, 1322895, 1312335, 1302725, 1308665, 1306995, 1307655, 1309265, 1311215, 1298935, 1316545, 1288644];[324944, 328204, 338014, 345804, 338604, 336164, 395424, 336104, 334103, 329704, 327854, 332874, 338394, 338383, 329984, 331713, 322914, 326434, 331344, 336953, 331004, 327644, 322423, 327243, 322964, 332213, 340673, 344764, 324173, 327323, 331904, 334154, 332364, 333354, 323364, 327384, 321114, 343394, 324933, 326884, 332594, 336574, 335944, 329763, 332154, 341524, 325554, 329494, 329974, 328134];[647997, 617847, 614067, 625797, 636928, 707628, 723838, 622507, 612557, 615377, 614207, 628037, 643767, 622547, 613767, 617387, 616076, 617497, 622497, 622687, 623387, 623877, 616167, 619487, 626677, 630528, 616017, 625877, 618478, 625698, 616637, 623976, 617337, 635427, 616487, 625276, 617097, 640717, 618947, 633967, 623817, 618267, 610487, 615657, 611917, 617467, 653717, 628596, 628187, 617597]
T700V1000_0.7;700;1000;2;0.7;experiment_data/medium/T700V1000_0.7_T.csv;experiment_data/medium/T700V1000_0.7_V.csv;2576;3104;Baseline;[1, 1, 1, 1, 1, 1, 1, 1, 1, 1, 1, 1, 1, 1, 1, 1, 1, 1, 1, 1, 1, 1, 1, 1, 1, 1, 1, 1, 1, 1, 1, 1, 1, 1, 1, 1, 1, 1, 1, 1, 1, 1, 1, 1, 1, 1, 1, 1, 1, 1];[2126954, 2148644, 2143734, 2129724, 2131914, 2122134, 2120345, 2117454, 2125484, 2150455, 2139164, 2128104, 2135575, 2131375, 2141843, 2132544, 2129534, 2136854, 2131674, 2128894, 2152004, 2139404, 3861894, 2149694, 2138684, 2156584, 2138344, 2140974, 2236485, 2161455, 2170275, 2167845, 2144674, 2147834, 2194044, 2140194, 2168245, 2165234, 2156254, 2158905, 2215886, 2154494, 2156794, 2144255, 2136735, 2153024, 2192545, 2177805, 2226005, 2185795];[1140093, 1152053, 1151923, 1146543, 1150173, 1140823, 1138933, 1142183, 1145713, 1148493, 1143453, 1147703, 1156484, 1140803, 1152282, 1153703, 1144103, 1140793, 1145713, 1138833, 1163373, 1157313, 1149273, 1151183, 1144653, 1154773, 1138393, 1143803, 1156683, 1158893, 1156173, 1161803, 1138583, 1158513, 1138503, 1139533, 1139293, 1158033, 1157373, 1150963, 1151114, 1148023, 1150633, 1144373, 1141564, 1153953, 1141603, 1175494, 1141633, 1175404];[270413, 286323, 268673, 269883, 275583, 268283, 269524, 269183, 268223, 275013, 270463, 274252, 269563, 270654, 275913, 268573, 269983, 267673, 269283, 269153, 280373, 270223, 271193, 276383, 268693, 283523, 270173, 270243, 273993, 278383, 290513, 268984, 275423, 272753, 272023, 270943, 301033, 273283, 272123, 272203, 282193, 287633, 272573, 274834, 277273, 273583, 269863, 269593, 309833, 277803];[716448, 710268, 723138, 713298, 706158, 713028, 711888, 706088, 711548, 726949, 725248, 706149, 709528, 719918, 713648, 710268, 715448, 728388, 716678, 720908, 708258, 711868, 2441428, 722128, 725338, 718288, 729778, 726928, 805809, 724179, 723589, 737058, 730668, 716568, 783518, 729718, 727919, 733918, 726758, 735739, 782579, 718838, 733588, 725048, 717898, 725488, 781079, 732718, 774539, 732588]
T1300V1000_0.4;1300;1000;2;0.4;experiment_data/medium/T1300V1000_0.4_T.csv;experiment_data/medium/T1300V1000_0.4_V.csv;4713;3136;Baseline;[1, 1, 1, 1, 1, 1, 1, 1, 1, 1, 1, 1, 1, 1, 1, 1, 1, 1, 1, 1, 1, 1, 1, 1, 1, 1, 1, 1, 1, 1, 1, 1, 1, 1, 1, 1, 1, 1, 1, 1, 1, 1, 1, 1, 1, 1, 1, 1, 1, 1];[3562090, 3336919, 3354039, 3340917, 3384818, 3580641, 3393588, 3334317, 3336168, 3356489, 3365298, 3413498, 3355918, 3377819, 3346178, 3348108, 3348438, 3345868, 3335488, 3332578, 3339968, 3342887, 3344367, 3346028, 3338108, 3350728, 3344038, 3324748, 3352578, 3339578, 3320988, 3353038, 3458970, 3428898, 3335318, 3323777, 3342528, 3347988, 3320418, 3336447, 3344878, 3334768, 3339687, 3324418, 3333117, 3343938, 3381718, 3373538, 3357068, 3330918];[2311406, 2104635, 2106404, 2107634, 2129694, 2223046, 2155154, 2091073, 2104824, 2119444, 2107974, 2097493, 2107754, 2136074, 2103194, 2110654, 2110414, 2115164, 2100144, 2098024, 2109684, 2108433, 2108333, 2109974, 2106954, 2096824, 2108124, 2096614, 2114594, 2097284, 2090144, 2106494, 2099524, 2186084, 2103604, 2094263, 2115504, 2111944, 2093264, 2096043, 2100004, 2111644, 2108493, 2093404, 2102673, 2109054, 2127324, 2123324, 2115094, 2102154];[510226, 503036, 510206, 505405, 508496, 523605, 517846, 523656, 509626, 501146, 505176, 511126, 518126, 518317, 519956, 521526, 502786, 501976, 506626, 514406, 508295, 517226, 521126, 508316, 500826, 522496, 514976, 510946, 505886, 506526, 507645, 512665, 576267, 511666, 511935, 513626, 507366, 508086, 500746, 511386, 523716, 509576, 515876, 498755, 508706, 502336, 519825, 518076, 523926, 513686];[740458, 729248, 737429, 727878, 746628, 833990, 720588, 719588, 721718, 735899, 752148, 804879, 730038, 723428, 723028, 715928, 735238, 728728, 728718, 720148, 721989, 717228, 714908, 727738, 730328, 731408, 720938, 717188, 732098, 735768, 723199, 733879, 783179, 731148, 719779, 715888, 719658, 727958, 726408, 729018, 721158, 713548, 715318, 732259, 721738, 732548, 734569, 732138, 718048, 715078]
T500V1000_0.9;500;1000;2;0.9;experiment_data/medium/T500V1000_0.9_T.csv;experiment_data/medium/T500V1000_0.9_V.csv;1841;3037;Baseline;[1, 1, 1, 1, 1, 1, 1, 1, 1, 1, 1, 1, 1, 1, 1, 1, 1, 1, 1, 1, 1, 1, 1, 1, 1, 1, 1, 1, 1, 1, 1, 1, 1, 1, 1, 1, 1, 1, 1, 1, 1, 1, 1, 1, 1, 1, 1, 1, 1, 1];[1742920, 1731850, 1767640, 1733530, 1721531, 1717000, 1725859, 1723999, 1777719, 1721080, 1711550, 1734780, 1721239, 1717400, 1762740, 1719749, 1723291, 1710119, 1720669, 1716999, 1769000, 1729200, 1727429, 1721369, 1733839, 1725630, 1761661, 1743901, 1745349, 1726439, 1737289, 1795410, 1792290, 1735380, 1736801, 1717970, 1720109, 1737721, 1743060, 1709859, 1739520, 1737469, 1735209, 1725989, 1717349, 1725130, 1732851, 1720981, 1722789, 1720709];[846909, 829039, 822779, 834540, 827520, 825650, 835580, 831869, 830409, 825220, 821580, 836970, 826489, 834599, 820939, 826599, 826820, 826739, 819789, 827149, 828009, 839400, 836269, 831509, 835099, 832120, 829540, 826050, 844489, 826459, 832889, 827949, 847199, 828669, 842620, 830410, 825089, 839500, 844430, 828259, 822410, 833969, 826229, 826259, 827649, 827899, 834220, 829410, 834669, 820189];[199112, 212073, 198192, 194872, 199053, 201972, 196342, 198122, 198712, 206372, 197432, 198333, 197832, 197873, 200643, 198432, 199623, 195462, 210342, 197462, 199382, 197722, 203452, 197562, 198672, 197602, 198203, 208203, 211852, 197592, 195982, 223943, 198023, 205533, 200002, 198942, 198602, 196362, 197202, 194412, 217792, 198602, 197482, 198163, 203403, 205383, 198532, 198273, 197773, 202362];[696899, 690738, 746669, 704118, 694958, 689378, 693937, 694008, 748598, 689488, 692538, 699477, 696918, 684928, 741158, 694718, 696848, 687918, 690538, 692388, 741609, 692078, 687708, 692298, 700068, 695908, 733918, 709648, 689008, 702388, 708418, 743518, 747068, 701178, 694179, 688618, 696418, 701859, 701428, 687188, 699318, 704898, 711498, 701567, 686297, 691848, 700099, 693298, 690347, 698158]
T1000V1000_0.9;1000;1000;2;0.9;experiment_data/medium/T1000V1000_0.9_T.csv;experiment_data/medium/T1000V1000_0.9_V.csv;3677;3468;Baseline;[1, 1, 1, 1, 1, 1, 1, 1, 1, 1, 1, 1, 1, 1, 1, 1, 1, 1, 1, 1, 1, 1, 1, 1, 1, 1, 1, 1, 1, 1, 1, 1, 1, 1, 1, 1, 1, 1, 1, 1, 1, 1, 1, 1, 1, 1, 1, 1, 1, 1];[2804502, 2816821, 2866172, 2814632, 2918593, 2851653, 2814362, 2812352, 2866312, 2810452, 2819612, 2792051, 2816732, 2827062, 2857173, 2814702, 2797481, 2805993, 2804312, 2818572, 2886573, 2796021, 2809462, 2814722, 2818032, 2803852, 2880112, 2819403, 2913523, 2874942, 2845643, 2805992, 2907653, 2870513, 2867713, 2854302, 2805712, 2802521, 2883673, 2844432, 2806632, 2800222, 2823882, 2832341, 2948974, 2876042, 2834212, 2830602, 2834483, 2807841];[1592718, 1614308, 1603358, 1613078, 1679629, 1638659, 1605058, 1607838, 1601678, 1612638, 1611948, 1599188, 1614319, 1612538, 1597618, 1616738, 1596208, 1605089, 1603248, 1608478, 1618828, 1603818, 1616659, 1613478, 1608638, 1603298, 1606438, 1614299, 1609228, 1643408, 1635699, 1607188, 1617518, 1643549, 1629659, 1653079, 1612508, 1611428, 1612878, 1633378, 1603168, 1600018, 1617428, 1620828, 1603499, 1645198, 1619338, 1627238, 1620419, 1610578];[405265, 410305, 402904, 404355, 419615, 417875, 402084, 417234, 398804, 404875, 404915, 400385, 402034, 404075, 400465, 408955, 398964, 401295, 412085, 397824, 415325, 400064, 399374, 406505, 404544, 401485, 413345, 401575, 438705, 414215, 403814, 402585, 411545, 406115, 424885, 408344, 400165, 400434, 404935, 403785, 415175, 406175, 401035, 418994, 416304, 429335, 405405, 399635, 417625, 401114];[806519, 792208, 859910, 797199, 819349, 795119, 807220, 787280, 865830, 792939, 802749, 792478, 800379, 810449, 859090, 789009, 802309, 799609, 788979, 812270, 852420, 792139, 793429, 794739, 804850, 799069, 860329, 803529, 865590, 817319, 806130, 796219, 878590, 820849, 813169, 792879, 793039, 790659, 865860, 807269, 788289, 794029, 805419, 792519, 929171, 801509, 809469, 803729, 796439, 796149]
T900V1000_0.6;900;1000;2;0.6;experiment_data/medium/T900V1000_0.6_T.csv;experiment_data/medium/T900V1000_0.6_V.csv;3282;3133;Baseline;[1, 1, 1, 1, 1, 1, 1, 1, 1, 1, 1, 1, 1, 1, 1, 1, 1, 1, 1, 1, 1, 1, 1, 1, 1, 1, 1, 1, 1, 1, 1, 1, 1, 1, 1, 1, 1, 1, 1, 1, 1, 1, 1, 1, 1, 1, 1, 1, 1, 1];[2553540, 2526709, 2527670, 2580669, 2524148, 2518579, 2537318, 2526309, 2519328, 2587479, 2520058, 2516449, 2521309, 2520298, 2522098, 2589730, 2505988, 2574900, 2536038, 2534470, 2517179, 2591210, 2543028, 2523040, 2519849, 2528489, 2536188, 2592439, 2514050, 2533958, 2515829, 2529299, 2533540, 2647890, 2551079, 2514668, 2515678, 2524160, 2534809, 2581929, 2681710, 2553398, 2525148, 2536269, 2536129, 2585079, 2528808, 2524679, 2538568, 2524310];[1469637, 1447767, 1449297, 1444057, 1451186, 1450087, 1447236, 1456957, 1451906, 1450806, 1450796, 1446877, 1454257, 1451156, 1449796, 1446277, 1438396, 1450157, 1465086, 1453187, 1445257, 1452017, 1471876, 1451237, 1446637, 1446297, 1452436, 1448676, 1443627, 1448526, 1437576, 1451206, 1452727, 1442977, 1481627, 1446456, 1445786, 1449397, 1457057, 1441006, 1446266, 1477446, 1457616, 1462777, 1459107, 1443886, 1451686, 1450107, 1456666, 1443767];[364984, 361984, 376385, 364913, 365494, 360374, 376874, 367514, 360834, 364274, 361444, 366013, 359114, 360774, 360874, 379944, 360584, 387095, 362764, 362885, 369074, 371944, 361884, 364004, 364895, 378944, 379544, 362714, 362855, 364624, 375185, 373555, 360805, 403154, 361604, 367675, 366855, 358855, 366084, 370664, 455185, 371184, 368444, 365364, 364174, 370744, 371284, 371064, 368034, 361235];[718919, 716958, 701988, 771699, 707468, 708118, 713208, 701838, 706588, 772399, 707818, 703559, 707938, 708368, 711428, 763509, 707008, 737648, 708188, 718398, 702848, 767249, 709268, 707799, 708317, 703248, 704208, 781049, 707568, 720808, 703068, 704538, 720008, 801759, 707848, 700537, 703037, 715908, 711668, 770259, 780259, 704768, 699088, 708128, 712848, 770449, 705838, 703508, 713868, 719308]
T1400V1000_0.7;1400;1000;2;0.7;experiment_data/medium/T1400V1000_0.7_T.csv;experiment_data/medium/T1400V1000_0.7_V.csv;5154;3558;Baseline;[1, 1, 1, 1, 1, 1, 1, 1, 1, 1, 1, 1, 1, 1, 1, 1, 1, 1, 1, 1, 1, 1, 1, 1, 1, 1, 1, 1, 1, 1, 1, 1, 1, 1, 1, 1, 1, 1, 1, 1, 1, 1, 1, 1, 1, 1, 1, 1, 1, 1];[4231958, 3813464, 3808054, 3722863, 3700852, 3713483, 3726253, 3733343, 3750213, 3790062, 3761752, 3733512, 6691595, 3778734, 3727161, 3722562, 3712663, 3702512, 3791234, 3701992, 3719782, 3732882, 3718083, 3706721, 3775262, 3718063, 3713543, 3750693, 3839843, 3747962, 3806803, 3697241, 3705052, 3719671, 3697962, 3709602, 3799273, 3726842, 3703482, 3696132, 3710643, 3711682, 3789263, 3711571, 3695752, 3724462, 3711732, 3747472, 3769143, 3707902];[2831532, 2359807, 2440428, 2346897, 2344927, 2344317, 2355337, 2356137, 2358207, 2396487, 2388687, 2357906, 2338196, 2398748, 2364546, 2361387, 2348387, 2341646, 2343907, 2345697, 2359557, 2350327, 2345007, 2346316, 2344006, 2355577, 2360407, 2342607, 2450767, 2387627, 2349396, 2338326, 2348557, 2347136, 2343857, 2347237, 2349727, 2364197, 2350716, 2342637, 2353177, 2362427, 2350577, 2343886, 2343487, 2356237, 2352057, 2377267, 2342807, 2345757];[561337, 602857, 547547, 558517, 554906, 555026, 551646, 557616, 559757, 559156, 551646, 559807, 675778, 562326, 561996, 553436, 551396, 556567, 565627, 556316, 552816, 561156, 560646, 565776, 550186, 556677, 550856, 565687, 564327, 562496, 559226, 562607, 545036, 560136, 553436, 560256, 550686, 564347, 553467, 549886, 544997, 549936, 553586, 570666, 551016, 552956, 554246, 566616, 548766, 552736];[839089, 850800, 820079, 817449, 801019, 814140, 819270, 819590, 832249, 834419, 821419, 815799, 3677621, 817660, 800619, 807739, 812880, 804299, 881700, 799979, 807409, 821399, 812430, 794629, 881070, 805809, 802280, 842399, 824749, 797839, 898181, 796308, 811459, 812399, 800669, 802109, 898860, 798298, 799299, 803609, 812469, 799319, 885100, 797019, 801249, 815269, 805429, 803589, 877570, 809409]
T700V1000_0.3;700;1000;2;0.3;experiment_data/medium/T700V1000_0.3_T.csv;experiment_data/medium/T700V1000_0.3_V.csv;2574;2838;Baseline;[1, 1, 1, 1, 1, 1, 1, 1, 1, 1, 1, 1, 1, 1, 1, 1, 1, 1, 1, 1, 1, 1, 1, 1, 1, 1, 1, 1, 1, 1, 1, 1, 1, 1, 1, 1, 1, 1, 1, 1, 1, 1, 1, 1, 1, 1, 1, 1, 1, 1];[2104805, 2108193, 2112794, 2113414, 2126085, 2112024, 2111704, 2105824, 2104654, 2116424, 2133003, 2119405, 2111254, 3893856, 2142424, 2141005, 2100704, 2119925, 2106854, 2163514, 2142365, 2101813, 2116943, 2108144, 2128255, 2168095, 2108944, 2120855, 2125114, 2113355, 2111913, 2173784, 2117345, 2125074, 2127784, 2168655, 2145895, 2196515, 2110014, 2119584, 2117493, 2111664, 2119274, 2173185, 2112404, 2115474, 2104364, 2142374, 2141204, 2178446];[1157844, 1157793, 1165803, 1170513, 1174074, 1157403, 1160443, 1165333, 1157113, 1165203, 1178733, 1168524, 1169143, 1157814, 1168463, 1192504, 1157573, 1173274, 1164243, 1161013, 1164924, 1160143, 1175733, 1164823, 1176954, 1169433, 1168423, 1174034, 1173243, 1161934, 1166963, 1173903, 1170134, 1174023, 1160233, 1199324, 1187694, 1184193, 1168604, 1168143, 1164433, 1167903, 1175694, 1163713, 1170314, 1171473, 1161513, 1163773, 1189803, 1179444];[278793, 277163, 281323, 284163, 278174, 279993, 277924, 277803, 279954, 280793, 288153, 289283, 276493, 276394, 283953, 277233, 281803, 290013, 277893, 277392, 277153, 276383, 282043, 282253, 276663, 275903, 276353, 277843, 278173, 287673, 282793, 275243, 275933, 275314, 282313, 285613, 280713, 281194, 276503, 276603, 291793, 280823, 277983, 278554, 276803, 276773, 277444, 288843, 277323, 276894];[668168, 673237, 665668, 658738, 673837, 674628, 673337, 662688, 667587, 670428, 666117, 661598, 665618, 2459648, 690008, 671268, 661328, 656638, 664718, 725109, 700288, 665287, 659167, 661068, 674638, 722759, 664168, 668978, 673698, 663748, 662157, 724638, 671278, 675737, 685238, 683718, 677488, 731128, 664907, 674838, 661267, 662938, 665597, 730918, 665287, 667228, 665407, 689758, 674078, 722108]
T600V1000_0.5;600;1000;2;0.5;experiment_data/medium/T600V1000_0.5_T.csv;experiment_data/medium/T600V1000_0.5_V.csv;2218;2939;Baseline;[1, 1, 1, 1, 1, 1, 1, 1, 1, 1, 1, 1, 1, 1, 1, 1, 1, 1, 1, 1, 1, 1, 1, 1, 1, 1, 1, 1, 1, 1, 1, 1, 1, 1, 1, 1, 1, 1, 1, 1, 1, 1, 1, 1, 1, 1, 1, 1, 1, 1];[1871171, 1884792, 1887501, 1872101, 1943481, 1862541, 1870351, 1884641, 1882902, 1875722, 1925293, 1870641, 1874212, 1879431, 1866161, 1882482, 1933172, 1873971, 1869711, 1906212, 1896360, 1880031, 1922522, 1872691, 1868082, 1864442, 1869481, 1871931, 1939691, 1854392, 1870891, 1883471, 1865011, 1894703, 1957063, 1890951, 1888261, 1890181, 1896561, 1904912, 1876741, 1875061, 1875261, 1873191, 1876962, 1869373, 1863451, 1859611, 1888841, 1876431];[969961, 995762, 995751, 980811, 995911, 975951, 986331, 995971, 991492, 988032, 989522, 976831, 988072, 987341, 976201, 989991, 985651, 978001, 987721, 993432, 1005861, 989601, 981321, 980061, 978652, 976341, 982601, 977841, 987731, 970171, 979931, 987681, 977551, 986962, 1013432, 977821, 990481, 983491, 1005661, 998281, 984841, 982701, 984731, 989601, 986151, 981472, 977411, 975521, 993151, 991371];[237672, 234612, 235493, 239863, 246982, 238513, 235273, 238382, 235332, 234643, 231323, 234132, 235133, 235943, 234063, 241653, 245473, 247613, 234082, 241983, 235832, 234903, 231783, 234012, 233022, 235503, 238223, 241892, 247102, 234423, 236152, 235212, 234612, 238783, 233143, 238193, 234312, 235982, 233193, 248413, 237262, 235132, 238463, 231953, 234343, 233953, 235563, 230853, 236663, 233303];[663538, 654418, 656257, 651427, 700588, 648077, 648747, 650288, 656078, 653047, 704448, 659678, 651007, 656147, 655897, 650838, 702048, 648357, 647908, 670797, 654667, 655527, 709418, 658618, 656408, 652598, 648657, 652198, 704858, 649798, 654808, 660578, 652848, 668958, 710488, 674937, 663468, 670708, 657707, 658218, 654638, 657228, 652067, 651637, 656468, 653948, 650477, 653237, 659027, 651757]
T1100V1000_0.5;1100;1000;2;0.5;experiment_data/medium/T1100V1000_0.5_T.csv;experiment_data/medium/T1100V1000_0.5_V.csv;4055;3151;Baseline;[1, 1, 1, 1, 1, 1, 1, 1, 1, 1, 1, 1, 1, 1, 1, 1, 1, 1, 1, 1, 1, 1, 1, 1, 1, 1, 1, 1, 1, 1, 1, 1, 1, 1, 1, 1, 1, 1, 1, 1, 1, 1, 1, 1, 1, 1, 1, 1, 1, 1];[2895923, 2941783, 2924423, 2892143, 2959693, 2916992, 2885922, 2902564, 2892042, 2881673, 2903673, 2904693, 2888313, 2894023, 2894543, 2894053, 2882583, 2910443, 2905253, 2910044, 2885912, 2889733, 2900263, 2919784, 2883962, 2899862, 2907163, 2896633, 2910193, 2890113, 2945364, 2931013, 2888653, 2891823, 2888652, 2898124, 2883542, 2890254, 2897303, 2899943, 2964654, 2916773, 2895823, 2894363, 2884924, 2901093, 2877512, 2888663, 2897503, 2929273];[1743680, 1806461, 1762220, 1753580, 1758949, 1773309, 1749130, 1749751, 1745259, 1744920, 1753120, 1752039, 1741530, 1758660, 1758060, 1753930, 1743930, 1766720, 1756650, 1754840, 1744039, 1752740, 1756670, 1766140, 1742619, 1750879, 1759240, 1752130, 1752310, 1748960, 1751350, 1773470, 1747440, 1748570, 1757500, 1748580, 1737449, 1753451, 1749790, 1762920, 1753470, 1774100, 1751500, 1756480, 1737700, 1752430, 1740879, 1743340, 1749000, 1756320];[444885, 435785, 440185, 442585, 475555, 445235, 433685, 436005, 445795, 436095, 437305, 442205, 444265, 434165, 435955, 438435, 440054, 439475, 442325, 442476, 444315, 436025, 441395, 442076, 445195, 438575, 437065, 450445, 438565, 437875, 462585, 441575, 446475, 440605, 430625, 452136, 447375, 437815, 445875, 441995, 489646, 437725, 439435, 442455, 432585, 435925, 440305, 450465, 434485, 439055];[707358, 699537, 722018, 695978, 725189, 698448, 703107, 716808, 700988, 700658, 713248, 710449, 702518, 701198, 700528, 701688, 698599, 704248, 706278, 712728, 697558, 700968, 702198, 711568, 696148, 710408, 710858, 694058, 719318, 703278, 731429, 715968, 694738, 702648, 700527, 697408, 698718, 698988, 701638, 695028, 721538, 704948, 704888, 695428, 714639, 712738, 696328, 694858, 714018, 733898]
T500V1000_0.4;500;1000;2;0.4;experiment_data/medium/T500V1000_0.4_T.csv;experiment_data/medium/T500V1000_0.4_V.csv;1844;2850;Baseline;[1, 1, 1, 1, 1, 1, 1, 1, 1, 1, 1, 1, 1, 1, 1, 1, 1, 1, 1, 1, 1, 1, 1, 1, 1, 1, 1, 1, 1, 1, 1, 1, 1, 1, 1, 1, 1, 1, 1, 1, 1, 1, 1, 1, 1, 1, 1, 1, 1, 1];[1668080, 1696920, 1684069, 1664639, 1652968, 1664079, 1676080, 1663608, 1678639, 1650498, 1671090, 3324267, 1680079, 1668638, 1734229, 1694199, 1681479, 1722849, 1656959, 1660068, 1715659, 1698589, 1661059, 1714140, 1678169, 1671889, 1661329, 1668969, 1671950, 1708030, 1656748, 1671260, 1659350, 1652390, 1667059, 1725370, 1676288, 1687080, 1667428, 1667458, 1673228, 1724229, 1660970, 1666070, 1667789, 1653508, 1671878, 1722359, 1664930, 1669350];[831770, 825870, 831949, 839850, 823389, 828429, 840460, 829379, 838499, 828869, 834050, 829919, 840419, 837269, 833509, 860339, 840610, 834339, 832220, 821389, 834359, 864490, 830429, 822290, 843100, 836449, 827490, 835959, 837870, 828140, 823789, 830680, 828890, 820260, 834429, 841570, 843439, 836680, 831619, 829909, 838799, 837789, 835910, 825280, 832270, 829679, 824599, 831309, 830180, 827650];[196612, 195192, 198732, 194902, 192192, 195933, 197653, 195692, 195993, 193422, 197202, 193842, 198462, 194942, 219912, 201032, 195032, 196412, 194652, 199942, 206522, 196382, 196453, 195373, 195302, 195163, 202212, 195213, 195783, 196232, 197032, 194782, 198683, 203583, 194193, 196643, 202342, 198033, 197412, 205172, 195822, 194832, 195413, 194152, 195352, 193392, 195002, 196102, 196622, 209943];[639698, 675858, 653388, 629887, 637387, 639717, 637967, 638537, 644147, 628207, 639838, 2300506, 641198, 636427, 680808, 632828, 645837, 692098, 630087, 638737, 674778, 637717, 634177, 696477, 639767, 640277, 631627, 637797, 638297, 683658, 635927, 645798, 631777, 628547, 638437, 687157, 630507, 652367, 638397, 632377, 638607, 691608, 629647, 646638, 640167, 630437, 652277, 694948, 638128, 631757]
T500V1000_1.0;500;1000;2;1.0;experiment_data/medium/T500V1000_1.0_T.csv;experiment_data/medium/T500V1000_1.0_V.csv;1826;3096;Baseline;[1, 1, 1, 1, 1, 1, 1, 1, 1, 1, 1, 1, 1, 1, 1, 1, 1, 1, 1, 1, 1, 1, 1, 1, 1, 1, 1, 1, 1, 1, 1, 1, 1, 1, 1, 1, 1, 1, 1, 1, 1, 1, 1, 1, 1, 1, 1, 1, 1, 1];[1792381, 1750210, 1725279, 1732699, 1728930, 1731601, 1779090, 1724439, 1745070, 1748369, 1745781, 1780281, 1817421, 1734000, 1724230, 1734579, 1723870, 1787361, 1819920, 1722529, 1721999, 1725530, 1724629, 1713779, 1763999, 1731410, 1734830, 1732720, 1730760, 1730570, 1770709, 1729000, 1720549, 1729869, 1731209, 1723490, 1780269, 1720129, 1721279, 1737040, 1721900, 1718341, 1777390, 1727869, 1734910, 1722389, 1726501, 1729460, 1776951, 1727361];[841530, 845020, 829739, 830809, 830690, 827740, 825759, 827099, 826180, 841779, 833380, 834550, 859930, 831990, 828810, 834509, 828870, 835280, 873790, 829819, 835329, 828930, 828929, 828079, 820719, 836330, 826770, 830019, 829540, 827449, 828269, 820759, 827559, 827249, 823419, 832809, 826609, 828529, 823809, 844430, 828819, 827350, 829679, 828439, 841689, 828539, 832550, 835920, 826670, 824770];[192362, 193602, 200172, 193392, 192782, 206143, 193292, 193962, 196282, 208392, 198593, 215182, 197622, 207492, 191712, 193082, 197992, 215503, 194632, 191913, 192312, 191182, 194142, 191022, 192912, 193352, 196662, 207623, 192122, 193422, 198992, 193993, 191182, 192162, 208462, 192813, 193702, 197162, 193292, 193672, 194742, 192923, 192263, 196522, 198762, 192382, 192723, 198472, 192892, 193993];[758489, 711588, 695368, 708498, 705458, 697718, 760039, 703378, 722608, 698198, 713808, 730549, 759869, 694518, 703708, 706988, 697008, 736578, 751498, 700797, 694358, 705418, 701558, 694678, 750368, 701728, 711398, 695078, 709098, 709699, 743448, 714248, 701808, 710458, 699328, 697868, 759958, 694438, 704178, 698938, 698339, 698068, 755448, 702908, 694459, 701468, 701228, 695068, 757389, 708598]
T600V1000_0.0;600;1000;2;0.0;experiment_data/medium/T600V1000_0.0_T.csv;experiment_data/medium/T600V1000_0.0_V.csv;2202;2681;Baseline;[1, 1, 1, 1, 1, 1, 1, 1, 1, 1, 1, 1, 1, 1, 1, 1, 1, 1, 1, 1, 1, 1, 1, 1, 1, 1, 1, 1, 1, 1, 1, 1, 1, 1, 1, 1, 1, 1, 1, 1, 1, 1, 1, 1, 1, 1, 1, 1, 1, 1];[1855712, 1839151, 1831601, 1827482, 1828251, 1834291, 1835390, 1832630, 1837991, 1817411, 1822471, 1835191, 1829671, 1849691, 1829770, 1838390, 1833060, 1819160, 1848190, 1839370, 1847031, 1824231, 1831932, 1828540, 1842441, 1834871, 3647762, 1830351, 1827022, 1830481, 1859682, 1840182, 1890712, 1845981, 1835860, 1817041, 1825801, 1822871, 1894532, 1831541, 1828021, 1821171, 1839522, 1834581, 1875722, 1832921, 1867851, 1841351, 1837440, 1844350];[1009872, 986621, 990191, 986152, 986981, 991431, 991851, 992741, 989701, 982012, 990181, 992391, 985351, 990631, 989511, 995601, 993051, 979571, 1009021, 985591, 983971, 981161, 992732, 982041, 998111, 983871, 996682, 993251, 990062, 986531, 1012762, 995662, 991672, 989351, 984981, 979501, 984901, 980631, 992791, 982411, 984301, 980811, 991752, 984901, 982882, 989361, 996662, 997172, 989791, 990701];[239973, 236192, 234743, 233483, 234412, 233302, 242043, 239572, 247763, 233352, 232853, 235793, 236533, 241282, 232692, 235342, 238672, 237503, 237513, 236212, 232833, 234923, 235323, 234722, 236493, 243423, 244113, 234473, 235043, 236763, 237903, 235213, 234813, 247153, 245943, 234253, 233953, 233873, 233503, 233483, 232893, 230543, 245033, 246623, 232743, 233422, 238122, 235792, 240423, 246643];[605867, 616338, 606667, 607847, 606858, 609558, 601496, 600317, 600527, 602047, 599437, 607007, 607787, 617778, 607567, 607447, 601337, 602086, 601656, 617567, 630227, 608147, 603877, 611777, 607837, 607577, 2406967, 602627, 601917, 607187, 609017, 609307, 664227, 609477, 604936, 603287, 606947, 608367, 668238, 615647, 610827, 609817, 602737, 603057, 660097, 610138, 633067, 608387, 607226, 607006]
T900V1000_0.2;900;1000;2;0.2;experiment_data/medium/T900V1000_0.2_T.csv;experiment_data/medium/T900V1000_0.2_V.csv;3295;2824;Baseline;[1, 1, 1, 1, 1, 1, 1, 1, 1, 1, 1, 1, 1, 1, 1, 1, 1, 1, 1, 1, 1, 1, 1, 1, 1, 1, 1, 1, 1, 1, 1, 1, 1, 1, 1, 1, 1, 1, 1, 1, 1, 1, 1, 1, 1, 1, 1, 1, 1, 1];[2584720, 2616859, 2554649, 2543260, 2498369, 2494618, 2492408, 2478859, 2480018, 2508238, 2483788, 2488388, 2488308, 2501498, 2508999, 2499278, 4267409, 2488538, 2497448, 2489338, 2499298, 2490948, 2551939, 2505039, 2496908, 2511909, 2524408, 2499379, 2538630, 2496918, 2493598, 2498618, 2488468, 2489528, 2545519, 2500027, 2492549, 2492628, 2498588, 2513179, 2545279, 2495627, 2491029, 2499107, 2532119, 2488648, 2569389, 2484848, 2497759, 2494578];[1510137, 1586348, 1518397, 1520278, 1487487, 1483556, 1485837, 1476437, 1471237, 1492537, 1475817, 1480987, 1480827, 1492717, 1490347, 1488867, 1478147, 1481616, 1483667, 1481007, 1483377, 1481527, 1484687, 1493357, 1483836, 1478847, 1516477, 1479587, 1469987, 1484557, 1489467, 1486727, 1481087, 1481287, 1478467, 1482996, 1484247, 1490077, 1478607, 1500647, 1477577, 1476936, 1473897, 1474996, 1504317, 1482706, 1480247, 1476787, 1481467, 1477986];[405295, 387694, 393054, 384825, 377265, 371224, 368734, 370785, 376484, 368414, 368474, 364734, 372374, 373104, 375315, 375634, 379004, 368185, 373524, 367684, 381254, 377664, 365674, 371764, 372075, 380555, 368234, 380435, 372745, 365084, 366134, 373914, 367614, 371534, 371535, 380284, 368204, 365524, 374554, 372504, 369884, 379854, 368555, 377484, 371774, 368544, 370924, 374554, 378684, 381585];[669288, 642817, 643198, 638157, 633617, 639838, 637837, 631637, 632297, 647287, 639497, 642667, 635107, 635677, 643337, 634777, 2410258, 638737, 640257, 640647, 634667, 631757, 701578, 639918, 640997, 652507, 639697, 639357, 695898, 647277, 637997, 637977, 639767, 636707, 695517, 636747, 640098, 637027, 645427, 640028, 697818, 638837, 648577, 646627, 656028, 637398, 718218, 633507, 637608, 635007]
T600V1000_0.1;600;1000;2;0.1;experiment_data/medium/T600V1000_0.1_T.csv;experiment_data/medium/T600V1000_0.1_V.csv;2203;2742;Baseline;[1, 1, 1, 1, 1, 1, 1, 1, 1, 1, 1, 1, 1, 1, 1, 1, 1, 1, 1, 1, 1, 1, 1, 1, 1, 1, 1, 1, 1, 1, 1, 1, 1, 1, 1, 1, 1, 1, 1, 1, 1, 1, 1, 1, 1, 1, 1, 1, 1, 1];[1861482, 1847521, 1858321, 1848200, 1855891, 1866852, 1848691, 1847411, 1852522, 1850831, 1854311, 1884022, 1895301, 1894101, 1888281, 1860971, 1868632, 1858360, 1842591, 1850120, 1852901, 1852951, 1855501, 1855622, 1855760, 1863180, 1853992, 1844692, 1839171, 1836721, 1843500, 1869261, 1871040, 3560990, 1892622, 1873682, 1864731, 1856041, 1867141, 1928942, 1885691, 1841141, 1873972, 1855132, 1847211, 1932322, 1854072, 1850572, 1858730, 1842301];[998322, 987751, 992051, 988971, 989511, 1010552, 987752, 985771, 994622, 995371, 993182, 1007282, 1018811, 1002911, 1022341, 1000691, 1008362, 1002281, 985101, 999831, 992751, 993381, 999261, 986042, 992571, 991001, 996592, 985712, 986531, 984571, 990811, 997071, 1014301, 1022021, 1000251, 1008822, 989381, 995801, 997641, 988351, 1019641, 986191, 1002932, 988602, 986621, 1019901, 996002, 985882, 996581, 986551];[238453, 236853, 234913, 236362, 250323, 237263, 236632, 235833, 234782, 233823, 242693, 235003, 236352, 254593, 240893, 234023, 241963, 234322, 239833, 231882, 234552, 235613, 233533, 237253, 243462, 235362, 234432, 236413, 232803, 236823, 237042, 238802, 234742, 237823, 239613, 237383, 246823, 239503, 234463, 243533, 242463, 232273, 237752, 234363, 241573, 231913, 232523, 237153, 239132, 231732];[624707, 622917, 631357, 622867, 616057, 619037, 624307, 625807, 623118, 621637, 618436, 641737, 640138, 636597, 625047, 626257, 618307, 621757, 617657, 618407, 625598, 623957, 622707, 632327, 619727, 636817, 622968, 622567, 619837, 615327, 615647, 633388, 621997, 2301146, 652758, 627477, 628527, 620737, 635037, 697058, 623587, 622677, 633288, 632167, 619017, 680508, 625547, 627537, 623017, 624018]
T1000V1000_0.3;1000;1000;2;0.3;experiment_data/medium/T1000V1000_0.3_T.csv;experiment_data/medium/T1000V1000_0.3_V.csv;3690;2925;Baseline;[1, 1, 1, 1, 1, 1, 1, 1, 1, 1, 1, 1, 1, 1, 1, 1, 1, 1, 1, 1, 1, 1, 1, 1, 1, 1, 1, 1, 1, 1, 1, 1, 1, 1, 1, 1, 1, 1, 1, 1, 1, 1, 1, 1, 1, 1, 1, 1, 1, 1];[2761070, 2712031, 2753172, 2728710, 2708911, 2733861, 2780992, 2805022, 2784782, 2743461, 2761602, 2769561, 2744351, 2742201, 2711621, 2711541, 2723351, 2733931, 2772512, 2755142, 2759932, 2747281, 2728581, 2726771, 2722231, 2720200, 2718491, 2723441, 2837132, 2790393, 2796823, 2759351, 2726610, 2717620, 2718670, 2741761, 2745041, 2712421, 2754680, 2747061, 2746711, 2805191, 4537342, 2738541, 2728190, 2725961, 2734981, 2783951, 2849052, 2814891];[1640888, 1631949, 1658119, 1655449, 1636459, 1638938, 1658019, 1696880, 1710179, 1657789, 1670769, 1683529, 1649549, 1666888, 1645619, 1639458, 1643969, 1656389, 1671829, 1675270, 1658649, 1661688, 1645239, 1644599, 1653949, 1643818, 1638208, 1645819, 1662579, 1692650, 1684380, 1681169, 1651688, 1638898, 1644028, 1660858, 1655039, 1646209, 1642478, 1658089, 1649869, 1704659, 1677649, 1664889, 1646698, 1647799, 1639768, 1667728, 1652009, 1696829];[402764, 403405, 406965, 394294, 401554, 415555, 423054, 415934, 399975, 411855, 404815, 399564, 408425, 399955, 394325, 410535, 400394, 400045, 412475, 401214, 420515, 403125, 398904, 405625, 398514, 398614, 410675, 398674, 480555, 410275, 420745, 401184, 397015, 411794, 397684, 404065, 410824, 396385, 427875, 403495, 410745, 407594, 395575, 405064, 400324, 396424, 418625, 421335, 432954, 415325];[717418, 676677, 688088, 678967, 670898, 679368, 699919, 692208, 674628, 673817, 686018, 686468, 686377, 675358, 671677, 661548, 678988, 677497, 688208, 678658, 680768, 682468, 684438, 676547, 669768, 677768, 669608, 678948, 693998, 687468, 691698, 676998, 677907, 666928, 676958, 676838, 679178, 669827, 684327, 685477, 686097, 692938, 2464118, 668588, 681168, 681738, 676588, 694888, 764089, 702737]
T1000V1000_1.0;1000;1000;2;1.0;experiment_data/medium/T1000V1000_1.0_T.csv;experiment_data/medium/T1000V1000_1.0_V.csv;3726;3576;Baseline;[1, 1, 1, 1, 1, 1, 1, 1, 1, 1, 1, 1, 1, 1, 1, 1, 1, 1, 1, 1, 1, 1, 1, 1, 1, 1, 1, 1, 1, 1, 1, 1, 1, 1, 1, 1, 1, 1, 1, 1, 1, 1, 1, 1, 1, 1, 1, 1, 1, 1];[2935174, 2884352, 2892103, 2866001, 2829903, 2850752, 2857293, 2868253, 2867892, 2876363, 2915544, 2880163, 2856733, 2862992, 2848762, 2863763, 2849582, 2861211, 2901433, 2908043, 2888983, 2917954, 2874302, 2866642, 2878652, 2863963, 2865303, 2881112, 4881855, 2874142, 2880902, 2898653, 2932904, 2900883, 2933634, 2872442, 2903482, 2864293, 2879433, 2869472, 2952383, 2875853, 2874653, 2871693, 2865242, 2849222, 2927003, 2864202, 2882783, 2894392];[1638519, 1651748, 1640489, 1632358, 1612549, 1624898, 1624019, 1632189, 1615288, 1639499, 1636189, 1656029, 1630899, 1625358, 1621078, 1626069, 1614028, 1636878, 1625289, 1656009, 1640988, 1661139, 1640018, 1627438, 1643098, 1632549, 1632659, 1633418, 1627888, 1622628, 1633499, 1623518, 1654509, 1670049, 1627169, 1641728, 1639578, 1637279, 1633869, 1625098, 1624588, 1650779, 1635149, 1629769, 1629438, 1624028, 1628858, 1619808, 1636289, 1638878];[433315, 410475, 410754, 406914, 398645, 409405, 407655, 416055, 418385, 414045, 425295, 402125, 406245, 415484, 407475, 407205, 413775, 405054, 419435, 414554, 405665, 416435, 412035, 406274, 411985, 405485, 407655, 410894, 416075, 410505, 419254, 423135, 425355, 403225, 406565, 409785, 410105, 404684, 407474, 410995, 421515, 401835, 417885, 408014, 414205, 406054, 415355, 411475, 417604, 412344];[863340, 822129, 840860, 826729, 818709, 816449, 825619, 820009, 834219, 822819, 854060, 822009, 819589, 822150, 820209, 830489, 821779, 819279, 856709, 837480, 842330, 840380, 822249, 832930, 823569, 825929, 824989, 836800, 2837892, 841009, 828149, 852000, 853040, 827609, 899900, 820929, 853799, 822330, 838090, 833379, 906280, 823239, 821619, 833910, 821599, 819140, 882790, 832919, 828890, 843170]
T1200V1000_0.3;1200;1000;2;0.3;experiment_data/medium/T1200V1000_0.3_T.csv;experiment_data/medium/T1200V1000_0.3_V.csv;4391;2994;Baseline;[1, 1, 1, 1, 1, 1, 1, 1, 1, 1, 1, 1, 1, 1, 1, 1, 1, 1, 1, 1, 1, 1, 1, 1, 1, 1, 1, 1, 1, 1, 1, 1, 1, 1, 1, 1, 1, 1, 1, 1, 1, 1, 1, 1, 1, 1, 1, 1, 1, 1];[3145836, 3124255, 3125326, 3131855, 3221156, 3119266, 3135415, 3203866, 3155076, 3188606, 3363338, 3222456, 3131955, 3140265, 3126226, 3139156, 3247547, 3146675, 3196857, 3140235, 3135225, 3145125, 3190656, 3123515, 3157367, 3204826, 3231537, 3199636, 3273847, 3489209, 3277007, 3155485, 3159486, 3213356, 3157365, 3119076, 3136546, 3121495, 3147117, 3138175, 3139425, 3188465, 3160206, 3113517, 3126346, 3120606, 3107115, 3135355, 3159616, 3152675];[1964342, 1959882, 1959382, 1970122, 1982532, 1962742, 1969702, 2020303, 1993913, 1974062, 2059803, 2055743, 1964352, 1971082, 1960153, 1973113, 2000523, 1956382, 2035313, 1970012, 1980542, 1964972, 1963262, 1954742, 1976533, 2011643, 2021183, 2026163, 2018343, 1983602, 2095044, 1997712, 1964802, 1995022, 2001452, 1963902, 1979403, 1958392, 1991213, 1962562, 1961412, 2004362, 2006323, 1956563, 1961863, 1957753, 1949872, 1956422, 1990353, 1997202];[494606, 486376, 497946, 486635, 489386, 484376, 498225, 489666, 491575, 514396, 526437, 484265, 490406, 483166, 501195, 482915, 486146, 502255, 497676, 494645, 485706, 507065, 482625, 497916, 498796, 489745, 515596, 501855, 493656, 685778, 497086, 487625, 501085, 537406, 483805, 483236, 491516, 487735, 488846, 490145, 500686, 489635, 491366, 489096, 495206, 488045, 480816, 504126, 491495, 493656];[686888, 677997, 667998, 675098, 749238, 672148, 667488, 693897, 669588, 700148, 777098, 682448, 677197, 686017, 664878, 683128, 760878, 688038, 663868, 675578, 668977, 673088, 744769, 670857, 682038, 703438, 694758, 671618, 761848, 819829, 684877, 670148, 693599, 680928, 672108, 671938, 665627, 675368, 667058, 685468, 677327, 694468, 662517, 667858, 669277, 674808, 676427, 674807, 677768, 661817]
T700V1000_0.8;700;1000;2;0.8;experiment_data/medium/T700V1000_0.8_T.csv;experiment_data/medium/T700V1000_0.8_V.csv;2587;3170;Baseline;[1, 1, 1, 1, 1, 1, 1, 1, 1, 1, 1, 1, 1, 1, 1, 1, 1, 1, 1, 1, 1, 1, 1, 1, 1, 1, 1, 1, 1, 1, 1, 1, 1, 1, 1, 1, 1, 1, 1, 1, 1, 1, 1, 1, 1, 1, 1, 1, 1, 1];[2156004, 2170534, 2175475, 2158094, 2140495, 2148934, 2168915, 2167145, 2164744, 2153065, 2202685, 2187835, 2160965, 2165195, 2172555, 2181045, 2200064, 2175924, 2175724, 2157034, 2299486, 2214996, 2180515, 2159504, 2165395, 2156505, 2169705, 2163784, 2153095, 2162625, 2154535, 2150664, 2157784, 2160324, 2154535, 2167056, 2150854, 2162634, 2159724, 2157294, 2172764, 2148305, 2161875, 2164824, 2141974, 2165744, 2155074, 2159605, 2144534, 2150965];[1159303, 1160293, 1166163, 1159273, 1147813, 1149233, 1161533, 1165473, 1156373, 1146453, 1161994, 1187634, 1164293, 1162704, 1156913, 1166743, 1190733, 1162373, 1173273, 1157173, 1164423, 1202524, 1178114, 1155803, 1158084, 1152653, 1160583, 1158793, 1154733, 1151223, 1150343, 1151303, 1161223, 1157103, 1150793, 1158714, 1152363, 1158803, 1163073, 1153773, 1168723, 1150563, 1161883, 1159673, 1147233, 1156613, 1154143, 1153113, 1150583, 1146424];[273793, 288293, 288224, 274433, 270873, 272453, 287534, 273684, 274203, 275674, 290133, 272953, 277764, 274243, 281933, 278014, 281193, 277633, 278303, 277573, 333614, 281363, 271863, 274223, 271573, 281123, 287303, 272063, 271753, 272303, 282684, 273413, 273243, 271233, 274544, 279083, 273473, 273183, 270923, 273633, 284713, 271933, 272223, 273893, 271903, 287873, 271503, 273423, 270713, 274433];[722908, 721948, 721088, 724388, 721809, 727248, 719848, 727988, 734168, 730938, 750558, 727248, 718908, 728248, 733709, 736288, 728138, 735918, 724148, 722288, 801449, 731109, 730538, 729478, 735738, 722729, 721819, 732928, 726609, 739099, 721508, 725948, 723318, 731988, 729198, 729259, 725018, 730648, 725728, 729888, 719328, 725809, 727769, 731258, 722838, 721258, 729428, 733069, 723238, 730108]
T1100V1000_0.0;1100;1000;2;0.0;experiment_data/medium/T1100V1000_0.0_T.csv;experiment_data/medium/T1100V1000_0.0_V.csv;4051;2675;Baseline;[1, 1, 1, 1, 1, 1, 1, 1, 1, 1, 1, 1, 1, 1, 1, 1, 1, 1, 1, 1, 1, 1, 1, 1, 1, 1, 1, 1, 1, 1, 1, 1, 1, 1, 1, 1, 1, 1, 1, 1, 1, 1, 1, 1, 1, 1, 1, 1, 1, 1];[2903363, 4775324, 2850821, 2841833, 2856333, 2834832, 2843412, 2906553, 2827251, 2848202, 2916203, 2863302, 2839833, 2902433, 2832862, 2831662, 2846171, 2863154, 2912783, 2898093, 2834001, 2846503, 2835162, 2841432, 2823941, 2908224, 2841642, 2835183, 2875772, 2901034, 2833842, 2895053, 2840162, 2840362, 2848222, 2825762, 2874412, 2906974, 2838552, 2867393, 2866902, 2832972, 2843973, 2896243, 2838743, 2839092, 2841432, 2837092, 2844753, 2917724];[1835251, 1791360, 1804940, 1795791, 1795141, 1792750, 1791930, 1785450, 1781340, 1791220, 1838451, 1820710, 1788881, 1789670, 1788370, 1786010, 1799570, 1789021, 1846651, 1775840, 1788750, 1790511, 1782730, 1790340, 1781260, 1791951, 1790680, 1786451, 1799080, 1845812, 1787820, 1778810, 1790060, 1787900, 1798030, 1782130, 1797240, 1788721, 1790870, 1783990, 1809930, 1785280, 1792181, 1778430, 1784451, 1785700, 1790990, 1788260, 1797971, 1800601];[439125, 440505, 444885, 437815, 451065, 442345, 448695, 436045, 439365, 449615, 449645, 437285, 451375, 441325, 438885, 439355, 441454, 451756, 444065, 456625, 439685, 438515, 436895, 451935, 436214, 441615, 441325, 443435, 460195, 441165, 443985, 449336, 443155, 443585, 444635, 443535, 442934, 439845, 446665, 473666, 443385, 440616, 453506, 452005, 447756, 439395, 450545, 447985, 440205, 439516];[628987, 2543459, 600996, 608227, 610127, 599737, 602787, 685058, 606546, 607367, 628107, 605307, 599577, 671438, 605607, 606297, 605147, 622377, 622067, 665628, 605566, 617477, 615537, 599157, 606467, 674658, 609637, 605297, 616497, 614057, 602037, 666907, 606947, 608877, 605557, 600097, 634238, 678408, 601017, 609737, 613587, 607076, 598286, 665808, 606536, 613997, 599897, 600847, 606577, 677607]
T800V1000_0.4;800;1000;2;0.4;experiment_data/medium/T800V1000_0.4_T.csv;experiment_data/medium/T800V1000_0.4_V.csv;2937;2964;Baseline;[1, 1, 1, 1, 1, 1, 1, 1, 1, 1, 1, 1, 1, 1, 1, 1, 1, 1, 1, 1, 1, 1, 1, 1, 1, 1, 1, 1, 1, 1, 1, 1, 1, 1, 1, 1, 1, 1, 1, 1, 1, 1, 1, 1, 1, 1, 1, 1, 1, 1];[2280496, 2328017, 2334557, 2274795, 2277966, 2308256, 2273386, 2272485, 2374047, 2301856, 2289196, 2275886, 2278925, 2294666, 2348957, 2300996, 2321376, 2443258, 2321636, 2272265, 2324766, 2311195, 2287756, 2266795, 2268156, 2298287, 2347287, 2319166, 2279626, 2323586, 2268026, 2289436, 2337437, 2307066, 2277545, 2263496, 2282666, 2293416, 2329457, 2270286, 2286416, 2296416, 2272996, 2282016, 2349796, 2307436, 2262815, 2273386, 2256116, 2291266];[1307025, 1352236, 1313155, 1310515, 1302635, 1333455, 1306315, 1314585, 1316845, 1340836, 1314365, 1304675, 1305124, 1335655, 1313265, 1299665, 1353515, 1344535, 1347005, 1305784, 1296605, 1344915, 1318925, 1308275, 1302395, 1339536, 1302495, 1333935, 1305545, 1351405, 1298375, 1315875, 1309195, 1337565, 1304014, 1296455, 1310595, 1333315, 1309565, 1318615, 1315925, 1328475, 1304155, 1314905, 1311984, 1339045, 1295084, 1302895, 1294145, 1327495];[333694, 340604, 323204, 322853, 330494, 333224, 327984, 329703, 341234, 323413, 327084, 323553, 342274, 327803, 344054, 346534, 332524, 414205, 332894, 321093, 330003, 333203, 333354, 323253, 328863, 323314, 330094, 342514, 332844, 324473, 333583, 342884, 331354, 324474, 327024, 326744, 327273, 329033, 331114, 321504, 327494, 327304, 331234, 336994, 342474, 325413, 324413, 327064, 324143, 327314];[639777, 635177, 698198, 641427, 644837, 641577, 639087, 628197, 715968, 637607, 647747, 647658, 631527, 631208, 691638, 654797, 635337, 684518, 641737, 645388, 698158, 633077, 635477, 635267, 636898, 635437, 714698, 642717, 641237, 647708, 636068, 630677, 696888, 645027, 646507, 640297, 644798, 631068, 688778, 630167, 642997, 640637, 637607, 630117, 695338, 642978, 643318, 643427, 637828, 636457]
T1100V1000_0.1;1100;1000;2;0.1;experiment_data/medium/T1100V1000_0.1_T.csv;experiment_data/medium/T1100V1000_0.1_V.csv;4066;2750;Baseline;[1, 1, 1, 1, 1, 1, 1, 1, 1, 1, 1, 1, 1, 1, 1, 1, 1, 1, 1, 1, 1, 1, 1, 1, 1, 1, 1, 1, 1, 1, 1, 1, 1, 1, 1, 1, 1, 1, 1, 1, 1, 1, 1, 1, 1, 1, 1, 1, 1, 1];[2907022, 2863832, 2881793, 2887673, 2942003, 2872173, 2862122, 2870272, 2881943, 2906894, 2952193, 2858082, 2900713, 2874313, 2895513, 2856222, 2950513, 2872252, 2872582, 2876084, 2876923, 2868184, 2943394, 2872853, 2955264, 3014275, 2895013, 2862472, 2943973, 2880853, 2884063, 2882933, 2853802, 2867392, 2962304, 2869683, 2908922, 2859112, 2868732, 2893292, 2944834, 2884712, 2942603, 2872033, 2824852, 2829522, 2843472, 2831492, 2821042, 2819392];[1817340, 1770620, 1796251, 1799811, 1782740, 1789751, 1786600, 1795790, 1792941, 1819721, 1801180, 1784160, 1820441, 1792651, 1789400, 1780790, 1800300, 1798360, 1789130, 1792101, 1798810, 1795741, 1792861, 1794891, 1788691, 1890442, 1816111, 1779810, 1797420, 1794731, 1798121, 1791521, 1777390, 1794350, 1793010, 1789720, 1817270, 1780950, 1798660, 1797460, 1793180, 1789170, 1850741, 1822391, 1774220, 1775820, 1781440, 1774370, 1759890, 1766700];[456265, 467495, 442665, 443335, 448875, 456565, 438874, 442685, 441225, 451315, 455314, 447325, 442625, 445935, 473195, 449065, 446515, 439345, 442055, 459065, 451166, 439776, 443734, 452306, 487865, 458246, 450245, 454154, 446325, 439895, 442525, 465275, 451715, 441035, 448656, 447725, 446965, 452454, 444936, 449185, 444815, 461645, 455954, 444355, 445975, 441955, 442495, 452555, 455765, 439305];[633417, 625717, 642877, 644527, 710388, 625857, 636648, 631797, 647777, 635858, 695699, 626597, 637647, 635727, 632918, 626367, 703698, 634547, 641397, 624918, 626947, 632667, 706799, 625656, 678708, 665587, 628657, 628508, 700228, 646227, 643417, 626137, 624697, 632007, 720638, 632238, 644687, 625708, 625136, 646647, 706839, 633897, 635908, 605287, 604657, 611747, 619537, 604567, 605387, 613387]
T600V1000_0.2;600;1000;2;0.2;experiment_data/medium/T600V1000_0.2_T.csv;experiment_data/medium/T600V1000_0.2_V.csv;2194;2792;Baseline;[1, 1, 1, 1, 1, 1, 1, 1, 1, 1, 1, 1, 1, 1, 1, 1, 1, 1, 1, 1, 1, 1, 1, 1, 1, 1, 1, 1, 1, 1, 1, 1, 1, 1, 1, 1, 1, 1, 1, 1, 1, 1, 1, 1, 1, 1, 1, 1, 1, 1];[1874802, 1878210, 3562050, 1877772, 1897472, 1870451, 1869731, 1871612, 1948472, 1876041, 1868121, 1859111, 1875771, 1865732, 1932232, 1867441, 1896113, 1874462, 1879962, 1876991, 1923901, 1867841, 1857631, 1866762, 1885731, 1875580, 1934733, 1867751, 1871922, 1894232, 1876241, 1866381, 1919223, 1863051, 1875161, 1870742, 1863791, 1865341, 1932832, 1882241, 1873501, 1870801, 1868202, 1877661, 1921413, 1874891, 1880441, 1861271, 1871972, 1861880];[1006812, 1010601, 1008101, 1016012, 1003361, 1002401, 1004222, 999622, 1012351, 1010921, 997321, 1000601, 1000691, 1000392, 1011571, 1003391, 1016212, 1015072, 1012432, 999611, 1007311, 998901, 999242, 1001602, 1011701, 1002951, 1007092, 1002021, 1005192, 1025132, 998831, 998591, 999052, 999321, 1007131, 1007392, 996501, 999901, 1007552, 1008791, 996701, 998731, 1002842, 1007191, 999092, 1008192, 1003771, 998181, 1008372, 996151];[238843, 238092, 233692, 232683, 232413, 232463, 232212, 230833, 230653, 234663, 238113, 231433, 233222, 230673, 232893, 231032, 244783, 231323, 231533, 232523, 231362, 236843, 233132, 229303, 230013, 232112, 232283, 236172, 232502, 233143, 230953, 230012, 238333, 234003, 233682, 229463, 230613, 237663, 239993, 231373, 231203, 232263, 231773, 237113, 236413, 231622, 231782, 230933, 231583, 236192];[629147, 629517, 2320257, 629077, 661698, 635587, 633297, 641157, 705468, 630457, 632687, 627077, 641858, 634667, 687768, 633018, 635118, 628067, 635997, 644857, 685228, 632097, 625257, 635857, 644017, 640517, 695358, 629558, 634228, 635957, 646457, 637778, 681838, 629727, 634348, 633887, 636677, 627777, 685287, 642077, 645597, 639807, 633587, 633357, 685908, 635077, 644888, 632157, 632017, 629537]
T500V1000_0.5;500;1000;2;0.5;experiment_data/medium/T500V1000_0.5_T.csv;experiment_data/medium/T500V1000_0.5_V.csv;1852;2895;Baseline;[1, 1, 1, 1, 1, 1, 1, 1, 1, 1, 1, 1, 1, 1, 1, 1, 1, 1, 1, 1, 1, 1, 1, 1, 1, 1, 1, 1, 1, 1, 1, 1, 1, 1, 1, 1, 1, 1, 1, 1, 1, 1, 1, 1, 1, 1, 1, 1, 1, 1];[1701169, 1680569, 1668438, 1679249, 3332378, 1708489, 1689408, 1686968, 1685648, 1708909, 1770240, 1678219, 1681349, 1685160, 1682619, 1677228, 1726259, 1675979, 1703070, 1713459, 1702169, 1799320, 1744519, 1686018, 1718389, 1712099, 1689939, 1723740, 1729960, 1670808, 1678949, 1681989, 1678219, 1676360, 1733060, 1670398, 1688818, 1693349, 1688090, 1688679, 1758831, 1674499, 1684769, 1679709, 1678650, 1684049, 1734780, 1679010, 1673978, 1670858];[854970, 845230, 827279, 832659, 838620, 855160, 837329, 834139, 838689, 835619, 866220, 833649, 833619, 840820, 836960, 833519, 834369, 829609, 845320, 854039, 851190, 836669, 842899, 844029, 832109, 869890, 842510, 865990, 833780, 826229, 833099, 838060, 828699, 832800, 842890, 826909, 841919, 843079, 830770, 834900, 858760, 834610, 825499, 835859, 832770, 841950, 833220, 835060, 834479, 826089];[197432, 195652, 195862, 198832, 211412, 197162, 204542, 196482, 195382, 205353, 212043, 198102, 197362, 204582, 196892, 196982, 198342, 198342, 199572, 201482, 201172, 316124, 195902, 198112, 208342, 202792, 196032, 203053, 198402, 198202, 199262, 198612, 199362, 198822, 197802, 205192, 200842, 196753, 211742, 198492, 199183, 199702, 213423, 197722, 199673, 204872, 199152, 197083, 198862, 197692];[648767, 639687, 645297, 647758, 2282346, 656167, 647537, 656347, 651577, 667937, 691977, 646468, 650368, 639758, 648767, 646727, 693548, 648028, 658178, 657938, 649807, 646527, 705718, 643877, 677938, 639417, 651397, 654697, 697778, 646377, 646588, 645317, 650158, 644738, 692368, 638297, 646057, 653517, 645578, 655287, 700888, 640187, 645847, 646128, 646207, 637227, 702408, 646867, 640637, 647077]
T1200V1000_0.9;1200;1000;2;0.9;experiment_data/medium/T1200V1000_0.9_T.csv;experiment_data/medium/T1200V1000_0.9_V.csv;4419;3611;Baseline;[1, 1, 1, 1, 1, 1, 1, 1, 1, 1, 1, 1, 1, 1, 1, 1, 1, 1, 1, 1, 1, 1, 1, 1, 1, 1, 1, 1, 1, 1, 1, 1, 1, 1, 1, 1, 1, 1, 1, 1, 1, 1, 1, 1, 1, 1, 1, 1, 1, 1];[3330038, 3263627, 3417979, 3415298, 3282798, 3270577, 3283097, 3276787, 3567710, 3379548, 3279358, 3290278, 3278126, 3307967, 3306927, 3277467, 3293488, 3278127, 3279937, 3277988, 3279437, 3274237, 3300318, 3280578, 3250067, 3277877, 3288227, 3283637, 3303938, 3319288, 3327607, 3300938, 3312418, 3258697, 3307777, 3283168, 3276768, 3274157, 3292668, 3306127, 3268277, 3279247, 3284207, 3279938, 3450679, 3363159, 3352408, 3290857, 3265077, 3264347];[1963972, 1946352, 1943452, 2055113, 1967003, 1948442, 1956162, 1945272, 1959832, 2031393, 1959963, 1953433, 1946482, 1952002, 1991492, 1947162, 1979653, 1937312, 1950272, 1946852, 1955612, 1952042, 1976712, 1958193, 1934352, 1938092, 1961192, 1946512, 1979223, 1956092, 2000032, 1941492, 1998123, 1945582, 1951872, 1953463, 1949673, 1947762, 1957262, 1984492, 1949462, 1953172, 1951352, 1961563, 1954692, 2024283, 1968162, 1957332, 1948242, 1937832];[487056, 473076, 548156, 496166, 477595, 487756, 492976, 484485, 630887, 484615, 482066, 487685, 490905, 493585, 476786, 491666, 482386, 477925, 492165, 494976, 479455, 481875, 483456, 489095, 472056, 489775, 491606, 500256, 478076, 497226, 483365, 493886, 482385, 476896, 487085, 484846, 481785, 489386, 491246, 490796, 478835, 480146, 492836, 480296, 570607, 481456, 482026, 484516, 483775, 477916];[879010, 844199, 926371, 864019, 838200, 834379, 833959, 847030, 976991, 863540, 837329, 849160, 840739, 862380, 838649, 838639, 831449, 862890, 837500, 836160, 844370, 840320, 840150, 833290, 843659, 850010, 835429, 836869, 846639, 865970, 844210, 865560, 831910, 836219, 868820, 844859, 845310, 837009, 844160, 830839, 839980, 845929, 840019, 838079, 925380, 857420, 902220, 849009, 833060, 848599]
T1400V1000_0.3;1400;1000;2;0.3;experiment_data/medium/T1400V1000_0.3_T.csv;experiment_data/medium/T1400V1000_0.3_V.csv;5133;3045;Baseline;[1, 1, 1, 1, 1, 1, 1, 1, 1, 1, 1, 1, 1, 1, 1, 1, 1, 1, 1, 1, 1, 1, 1, 1, 1, 1, 1, 1, 1, 1, 1, 1, 1, 1, 1, 1, 1, 1, 1, 1, 1, 1, 1, 1, 1, 1, 1, 1, 1, 1];[3809854, 3774743, 3762722, 3822814, 3722052, 3777124, 3717591, 3697061, 3687822, 3784642, 3676232, 3692561, 3713492, 3726613, 3691761, 3752243, 3720992, 3744602, 3685741, 3702292, 3682482, 3723922, 3823924, 3699941, 3721902, 3679273, 3670222, 3722932, 3661812, 3703732, 3799153, 3746383, 3677252, 3703542, 3935755, 3798994, 3791363, 3744742, 3754693, 3818733, 3750862, 3696753, 3697562, 3701672, 3710853, 3874903, 3929855, 3740952, 3675521, 3685113];[2489019, 2485388, 2476788, 2457318, 2420617, 2485418, 2448867, 2418067, 2414667, 2418227, 2407527, 2413387, 2432537, 2444508, 2417737, 2399528, 2416267, 2463418, 2410707, 2420867, 2408537, 2413847, 2551669, 2418947, 2439878, 2407558, 2390677, 2440008, 2395277, 2390827, 2504349, 2464908, 2395057, 2427228, 2611140, 2509779, 2509149, 2463998, 2469208, 2523958, 2483438, 2425908, 2415708, 2428388, 2431408, 2420137, 2638400, 2468198, 2409037, 2405568];[579706, 566046, 563996, 557126, 565787, 572667, 558566, 557296, 557706, 566716, 559337, 560076, 559327, 568577, 563866, 553686, 574347, 569386, 567386, 555827, 560847, 583527, 563487, 557986, 556746, 564937, 563337, 560616, 559907, 564277, 565686, 562637, 573187, 559746, 597567, 574017, 567806, 561456, 562586, 568837, 556526, 560746, 572636, 556726, 559767, 639987, 565457, 562476, 563396, 558667];[741129, 723309, 721938, 808370, 735648, 719039, 710158, 721698, 715449, 799699, 709368, 719098, 721628, 713528, 710158, 799029, 730378, 711798, 707648, 725598, 713098, 726548, 708768, 723008, 725278, 706778, 716208, 722308, 706628, 748628, 729118, 718838, 709008, 716568, 727048, 715198, 714408, 719288, 722899, 725938, 710898, 710099, 709218, 716558, 719678, 814779, 725998, 710278, 703088, 720878]
T600V1000_0.6;600;1000;2;0.6;experiment_data/medium/T600V1000_0.6_T.csv;experiment_data/medium/T600V1000_0.6_V.csv;2208;2998;Baseline;[1, 1, 1, 1, 1, 1, 1, 1, 1, 1, 1, 1, 1, 1, 1, 1, 1, 1, 1, 1, 1, 1, 1, 1, 1, 1, 1, 1, 1, 1, 1, 1, 1, 1, 1, 1, 1, 1, 1, 1, 1, 1, 1, 1, 1, 1, 1, 1, 1, 1];[1944782, 1937912, 1907441, 1886822, 1882212, 1893963, 1958203, 1957303, 1895171, 1893382, 1882832, 1900351, 1890111, 1883421, 1893602, 1879021, 1887381, 1880341, 1876011, 1881271, 1906742, 1908202, 1912711, 3622510, 1932732, 1888861, 1885661, 1911562, 1931683, 1934632, 1893862, 1903982, 1874292, 1891471, 1896552, 1932012, 1895521, 1883483, 1892631, 1892181, 1888301, 1938962, 1889372, 1877422, 1904453, 1895713, 1882061, 1935162, 1885062, 1891661];[978261, 1032492, 993651, 989042, 983301, 984062, 996422, 1054322, 985681, 982281, 982222, 987341, 982191, 989301, 992901, 983351, 987921, 982141, 976751, 983861, 980751, 999442, 1006951, 993591, 1022562, 984271, 984991, 982191, 1018302, 980991, 994021, 992592, 980881, 982180, 988451, 983811, 993051, 981642, 989501, 983261, 982021, 983961, 986511, 981831, 1003082, 987472, 986821, 981461, 985561, 994071];[246993, 236233, 238252, 237723, 239283, 237593, 259693, 236293, 236692, 236663, 234252, 239243, 235023, 236543, 240923, 237922, 240453, 238342, 236423, 231012, 235473, 234713, 236853, 239692, 236833, 234712, 235853, 249583, 240363, 237933, 237943, 248533, 234803, 235563, 234593, 230913, 235082, 232173, 236222, 237022, 235553, 232453, 240173, 234933, 240173, 248793, 234983, 231993, 233123, 230133];[719528, 669187, 675538, 660057, 659628, 672308, 702088, 666688, 672798, 674438, 666358, 673767, 672897, 657577, 659778, 657748, 659007, 659858, 662837, 666398, 690518, 674047, 668907, 2389227, 673337, 669878, 664817, 679788, 673018, 715708, 661898, 662857, 658608, 673728, 673508, 717288, 667388, 669668, 666908, 671898, 670727, 722548, 662688, 660658, 661198, 659448, 660257, 721708, 666378, 667457]
T700V1000_0.4;700;1000;2;0.4;experiment_data/medium/T700V1000_0.4_T.csv;experiment_data/medium/T700V1000_0.4_V.csv;2549;2903;Baseline;[1, 1, 1, 1, 1, 1, 1, 1, 1, 1, 1, 1, 1, 1, 1, 1, 1, 1, 1, 1, 1, 1, 1, 1, 1, 1, 1, 1, 1, 1, 1, 1, 1, 1, 1, 1, 1, 1, 1, 1, 1, 1, 1, 1, 1, 1, 1, 1, 1, 1];[2159315, 2259717, 2167735, 2129094, 2107364, 2110383, 2129645, 2108843, 2123424, 2123633, 2134664, 2113454, 2119734, 2152214, 2132573, 2114734, 2112045, 2112714, 2113773, 2118575, 2120484, 2114235, 2115665, 2125855, 2111894, 2120804, 2119544, 2159515, 2126194, 2106184, 2117224, 2110365, 2126864, 2100274, 2120204, 2155714, 2135764, 2122375, 2118774, 3862714, 2142144, 2132604, 2145605, 2115744, 2143954, 2175225, 2132894, 2118174, 2118185, 2125884];[1199094, 1169274, 1214684, 1171873, 1159393, 1160583, 1183754, 1159383, 1168993, 1173293, 1171693, 1166563, 1167963, 1186253, 1175533, 1162703, 1161174, 1159063, 1167693, 1158934, 1164653, 1167634, 1167994, 1173274, 1163343, 1175813, 1169583, 1202964, 1171523, 1158153, 1166384, 1162314, 1160003, 1158123, 1169603, 1187093, 1178933, 1158464, 1162713, 1166203, 1184993, 1183004, 1176094, 1167013, 1166503, 1159073, 1169583, 1161453, 1158714, 1170723];[273553, 343334, 272014, 268083, 273813, 277273, 270013, 269533, 272813, 270233, 274863, 275123, 278894, 277133, 270103, 274003, 273053, 278754, 275993, 286753, 274003, 268713, 269223, 273773, 270113, 272133, 276093, 283894, 274443, 269433, 270723, 269173, 279983, 270043, 280503, 296124, 277703, 279383, 272294, 272203, 280593, 274603, 273613, 267854, 271683, 268763, 277083, 268933, 274143, 274333];[686668, 747109, 681037, 689138, 674158, 672527, 675878, 679927, 681618, 680107, 688108, 671768, 672877, 688828, 686937, 678028, 677818, 674897, 670087, 672888, 681828, 677888, 678448, 678808, 678438, 672858, 673868, 672657, 680228, 678598, 680117, 678878, 686878, 672108, 670098, 672497, 679128, 684528, 683767, 2424308, 676558, 674997, 695898, 680877, 705768, 747389, 686228, 687788, 685328, 680828]
T900V1000_0.7;900;1000;2;0.7;experiment_data/medium/T900V1000_0.7_T.csv;experiment_data/medium/T900V1000_0.7_V.csv;3284;3202;Baseline;[1, 1, 1, 1, 1, 1, 1, 1, 1, 1, 1, 1, 1, 1, 1, 1, 1, 1, 1, 1, 1, 1, 1, 1, 1, 1, 1, 1, 1, 1, 1, 1, 1, 1, 1, 1, 1, 1, 1, 1, 1, 1, 1, 1, 1, 1, 1, 1, 1, 1];[2632150, 2650379, 2572428, 2579649, 2570149, 2563909, 2567779, 2630450, 2583010, 2723701, 2623009, 2576808, 2568749, 2668780, 2578530, 2577259, 2583639, 2581370, 2566099, 2634220, 2563129, 2567399, 2581879, 2574029, 2612979, 2635410, 2615040, 2581440, 2584840, 2575220, 2579439, 2593489, 2617640, 2579259, 2575309, 2584830, 2593398, 2566820, 2579230, 2579409, 2578929, 2558369, 2579389, 2572389, 2601359, 2569489, 2575189, 2566999, 2585560, 2568620];[1519688, 1480656, 1475386, 1488657, 1485527, 1481297, 1482877, 1476877, 1488307, 1478257, 1528537, 1475526, 1480287, 1491777, 1488577, 1488997, 1493647, 1477347, 1471707, 1472167, 1476077, 1482807, 1489577, 1481637, 1503137, 1471907, 1482397, 1490488, 1482857, 1484617, 1483307, 1470626, 1531187, 1477747, 1486187, 1475527, 1492606, 1475797, 1484707, 1481897, 1476437, 1474286, 1488786, 1483356, 1506306, 1467597, 1468667, 1477737, 1485227, 1479177];[372704, 372314, 369393, 368764, 368014, 358244, 361604, 365734, 362054, 399744, 366394, 374374, 369404, 362854, 362124, 359294, 365054, 378694, 371604, 378734, 361764, 359034, 365324, 364024, 363924, 370294, 388405, 364354, 363964, 361455, 368584, 378454, 362494, 375734, 367374, 365244, 366534, 364314, 369665, 362844, 371074, 365775, 361755, 360864, 369405, 364554, 370104, 362784, 363374, 365295];[739758, 797409, 727649, 722228, 716608, 724368, 723298, 787839, 732649, 845700, 728078, 726908, 719058, 814149, 727829, 728968, 724938, 725329, 722788, 783319, 725288, 725558, 726978, 728368, 745918, 793209, 744238, 726598, 738019, 729148, 727548, 744409, 723959, 725778, 721748, 744059, 734258, 726709, 724858, 734668, 731418, 718308, 728848, 728169, 725648, 737338, 736418, 726478, 736959, 724148]
T900V1000_0.3;900;1000;2;0.3;experiment_data/medium/T900V1000_0.3_T.csv;experiment_data/medium/T900V1000_0.3_V.csv;3265;2905;Baseline;[1, 1, 1, 1, 1, 1, 1, 1, 1, 1, 1, 1, 1, 1, 1, 1, 1, 1, 1, 1, 1, 1, 1, 1, 1, 1, 1, 1, 1, 1, 1, 1, 1, 1, 1, 1, 1, 1, 1, 1, 1, 1, 1, 1, 1, 1, 1, 1, 1, 1];[2557299, 2534940, 2511148, 2574639, 2508179, 2495939, 2516639, 2509779, 2513008, 2589799, 2503119, 2505468, 2497138, 2595119, 2562290, 2582809, 2519278, 2519918, 2519299, 2517840, 2504448, 2565420, 2508919, 2495448, 2515429, 2517987, 2497639, 2601130, 2505838, 2497768, 2502799, 2518989, 2515298, 2583210, 2518279, 2508597, 2516068, 2512039, 2513838, 2491039, 2501729, 2504189, 2510640, 2512169, 2486018, 2498109, 2514699, 2521179, 2498728, 2510698];[1493417, 1503708, 1487586, 1483237, 1473337, 1462467, 1484067, 1484117, 1477846, 1488447, 1480677, 1479427, 1474917, 1503537, 1528558, 1464147, 1486097, 1497537, 1491037, 1499028, 1463976, 1474287, 1473377, 1470486, 1481737, 1486326, 1471597, 1499707, 1483106, 1471167, 1473577, 1484107, 1485967, 1480287, 1466097, 1479196, 1478847, 1477187, 1471217, 1471217, 1474747, 1480287, 1481088, 1480397, 1464407, 1472867, 1476897, 1487227, 1473586, 1478677];[379754, 368854, 368134, 370244, 369325, 373075, 366795, 367344, 367934, 369624, 372445, 374634, 371684, 406875, 381204, 385124, 376404, 374294, 367244, 363324, 368615, 372645, 380925, 366344, 370754, 370184, 368064, 372325, 367535, 372284, 374624, 373084, 368844, 368634, 384664, 372114, 368564, 367984, 372974, 363684, 372645, 366444, 371914, 366374, 370094, 371704, 373554, 368314, 367355, 380184];[684128, 662378, 655428, 721158, 665517, 660397, 665777, 658318, 667228, 731728, 649997, 651407, 650537, 684707, 652528, 733538, 656777, 648087, 661018, 655488, 671857, 718488, 654617, 658618, 662938, 661477, 657978, 729098, 655197, 654317, 654598, 661798, 660487, 734289, 667518, 657287, 668657, 666868, 669647, 656138, 654337, 657458, 657638, 665398, 651517, 653538, 664248, 665638, 657787, 651837]
T700V1000_0.9;700;1000;2;0.9;experiment_data/medium/T700V1000_0.9_T.csv;experiment_data/medium/T700V1000_0.9_V.csv;2550;3233;Baseline;[1, 1, 1, 1, 1, 1, 1, 1, 1, 1, 1, 1, 1, 1, 1, 1, 1, 1, 1, 1, 1, 1, 1, 1, 1, 1, 1, 1, 1, 1, 1, 1, 1, 1, 1, 1, 1, 1, 1, 1, 1, 1, 1, 1, 1, 1, 1, 1, 1, 1];[2169015, 2176706, 2167954, 2173525, 2179034, 2167764, 3992135, 2192845, 2195595, 2185285, 2193795, 2222676, 2230087, 2182565, 2174005, 2175505, 2191945, 2169514, 2242855, 2186675, 2184075, 2184534, 2173564, 2184165, 2244586, 2183895, 2167095, 2179985, 2216326, 2209616, 2237365, 2201746, 2184295, 2182686, 2194485, 2182246, 2262737, 2220405, 2189786, 2168004, 2188585, 2172085, 2238086, 2172895, 2179755, 2179435, 2199355, 2189695, 2231225, 2182734];[1150433, 1164494, 1158353, 1164173, 1171823, 1157823, 1161713, 1168194, 1171993, 1160433, 1154253, 1168084, 1151434, 1162693, 1156933, 1155433, 1163213, 1156753, 1167953, 1167693, 1152793, 1157363, 1161283, 1165103, 1170094, 1161473, 1156143, 1156403, 1171494, 1186864, 1162993, 1178284, 1157623, 1170744, 1162883, 1166084, 1166164, 1205783, 1161314, 1153773, 1165043, 1160204, 1155343, 1156843, 1153603, 1162213, 1187384, 1165574, 1153023, 1169983];[274023, 271024, 276743, 277103, 269873, 272083, 271493, 280013, 269983, 270403, 272503, 284813, 282224, 269453, 271073, 273923, 274913, 278523, 271303, 274024, 275923, 274552, 273663, 271763, 269093, 271643, 266853, 272603, 278204, 276663, 267043, 271433, 273683, 268954, 286253, 272383, 279753, 271263, 271253, 272113, 283403, 267383, 270594, 271443, 276304, 275893, 267753, 271843, 276323, 275512];[744559, 741188, 732858, 732249, 737338, 737858, 2558929, 744638, 753619, 754449, 767039, 769779, 796429, 750419, 745999, 746149, 753819, 734238, 803599, 744958, 755359, 752619, 738618, 747299, 805399, 750779, 744099, 750979, 766628, 746089, 807329, 752029, 752989, 742988, 745349, 743779, 816820, 743359, 757219, 742118, 740139, 744498, 812149, 744609, 749848, 741329, 744218, 752278, 801879, 737239]
T1300V1000_0.5;1300;1000;2;0.5;experiment_data/medium/T1300V1000_0.5_T.csv;experiment_data/medium/T1300V1000_0.5_V.csv;4807;3247;Baseline;[1, 1, 1, 1, 1, 1, 1, 1, 1, 1, 1, 1, 1, 1, 1, 1, 1, 1, 1, 1, 1, 1, 1, 1, 1, 1, 1, 1, 1, 1, 1, 1, 1, 1, 1, 1, 1, 1, 1, 1, 1, 1, 1, 1, 1, 1, 1, 1, 1, 1];[3423339, 3386648, 3376338, 3394018, 3383749, 3400988, 3383499, 3394778, 3398227, 3583011, 3537330, 3500190, 3454019, 3404588, 3400659, 3401069, 3409218, 3417829, 3388179, 3382648, 3388919, 3366269, 3385658, 3539389, 3467679, 3373758, 3390149, 3380079, 3394699, 3379919, 3381599, 3388828, 3424600, 3387588, 3398129, 3377109, 3390459, 3366788, 3730012, 3505290, 3423938, 3389458, 3397769, 3400528, 3391648, 3385489, 5355101, 3412938, 3400169, 3402619];[2131494, 2113674, 2112374, 2113614, 2114464, 2114314, 2112074, 2117064, 2110773, 2194195, 2238205, 2192225, 2163994, 2133404, 2119854, 2122804, 2133644, 2157015, 2114804, 2113994, 2113024, 2106254, 2111174, 2109613, 2196125, 2112104, 2123645, 2109334, 2121954, 2111864, 2110654, 2119004, 2149155, 2124854, 2124864, 2120424, 2115874, 2101364, 2116524, 2216205, 2145854, 2112244, 2113114, 2117034, 2110724, 2114054, 2104324, 2136854, 2118574, 2118794];[516866, 515995, 512665, 527936, 515296, 529936, 522336, 515686, 524586, 585857, 529357, 540586, 528116, 519366, 518546, 522186, 517816, 509395, 512446, 510026, 513446, 508236, 514606, 626917, 528546, 515586, 524526, 526877, 527936, 525166, 516256, 510926, 515106, 518526, 513836, 507606, 515716, 509046, 730288, 522096, 526996, 514376, 524036, 520506, 519645, 513246, 516436, 513795, 534466, 526186];[774979, 756979, 751299, 752468, 753989, 756738, 749089, 762028, 762868, 802959, 769768, 767379, 761909, 751818, 762259, 756079, 757758, 751419, 760929, 758628, 762449, 751779, 759878, 802859, 743008, 746068, 741978, 743868, 744809, 742889, 754689, 758898, 760339, 744208, 759429, 749079, 758869, 756378, 883200, 766989, 751088, 762838, 760619, 762988, 761279, 758189, 2734341, 762289, 747129, 757639]
T500V1000_0.6;500;1000;2;0.6;experiment_data/medium/T500V1000_0.6_T.csv;experiment_data/medium/T500V1000_0.6_V.csv;1838;2935;Baseline;[1, 1, 1, 1, 1, 1, 1, 1, 1, 1, 1, 1, 1, 1, 1, 1, 1, 1, 1, 1, 1, 1, 1, 1, 1, 1, 1, 1, 1, 1, 1, 1, 1, 1, 1, 1, 1, 1, 1, 1, 1, 1, 1, 1, 1, 1, 1, 1, 1, 1];[1693980, 1742360, 1693499, 1706970, 1698730, 1714070, 1727290, 1699129, 1682289, 1695819, 1689289, 1700300, 1694500, 1695568, 1682478, 1674988, 1689390, 1697340, 1690309, 1686709, 1690119, 1683390, 1758890, 1689229, 1690690, 1690979, 1688880, 1699129, 1687220, 1718150, 1697130, 1688430, 1690369, 1689020, 1689710, 1686299, 1723539, 1696839, 1703780, 1696609, 1686789, 1682269, 1682069, 1681199, 1688238, 1677180, 1711669, 1677180, 1682260, 1684311];[821050, 827210, 823879, 841489, 832740, 837959, 841320, 834469, 825029, 824329, 823899, 828490, 826850, 826749, 825759, 825419, 817660, 826050, 829949, 819779, 829829, 824340, 885770, 825209, 831030, 842080, 820100, 832959, 825200, 840340, 839920, 829170, 831609, 826079, 822600, 824509, 833049, 844879, 836900, 825279, 831419, 817599, 827739, 824389, 832339, 820150, 831909, 824450, 831420, 817730];[196052, 198652, 198452, 196003, 199602, 208343, 198382, 196342, 195673, 195563, 194373, 196942, 209513, 195182, 193272, 195142, 194172, 200132, 196662, 196282, 194462, 197853, 209613, 195902, 195422, 195502, 211193, 194322, 199082, 201662, 200552, 197163, 197393, 207603, 194192, 195572, 203402, 199683, 194422, 199202, 194302, 208593, 192712, 197063, 196602, 203353, 193513, 193482, 193382, 195333];[676878, 716498, 671168, 669478, 666388, 667768, 687588, 668318, 661587, 675927, 671017, 674868, 658137, 673637, 663447, 654427, 677558, 671158, 663698, 670648, 665828, 661197, 663507, 668118, 664238, 653397, 657587, 671848, 662938, 676148, 656658, 662097, 661367, 655338, 672918, 666218, 687088, 652277, 672458, 672128, 661068, 656077, 661618, 659747, 659297, 653677, 686247, 659248, 657458, 671248]
T1100V1000_0.2;1100;1000;2;0.2;experiment_data/medium/T1100V1000_0.2_T.csv;experiment_data/medium/T1100V1000_0.2_V.csv;4027;2862;Baseline;[1, 1, 1, 1, 1, 1, 1, 1, 1, 1, 1, 1, 1, 1, 1, 1, 1, 1, 1, 1, 1, 1, 1, 1, 1, 1, 1, 1, 1, 1, 1, 1, 1, 1, 1, 1, 1, 1, 1, 1, 1, 1, 1, 1, 1, 1, 1, 1, 1, 1];[2901103, 2901613, 2864462, 2874414, 2858452, 2861633, 2860922, 2852693, 2878223, 2854122, 2880983, 2872972, 2883483, 2894413, 3156396, 3071326, 2889753, 2855463, 2892763, 2852502, 2863122, 2873982, 2888454, 2856523, 2863862, 2883013, 2880453, 2853013, 2925344, 2934074, 2886353, 2853053, 2881554, 4733545, 2895892, 2881473, 2864594, 2874903, 2865853, 2950364, 2874994, 2878392, 2868094, 2912983, 2849903, 2941713, 2879203, 2862113, 2879922, 2916833];[1813451, 1828641, 1789650, 1791641, 1779340, 1785791, 1787930, 1775811, 1797331, 1780800, 1798410, 1793940, 1801781, 1809261, 1817111, 1977693, 1796600, 1785921, 1798741, 1780710, 1789410, 1801630, 1799121, 1787191, 1791570, 1813780, 1795641, 1780711, 1798391, 1862961, 1797330, 1780031, 1795031, 1783961, 1811030, 1796581, 1789861, 1775211, 1793751, 1794221, 1799741, 1793690, 1783221, 1820421, 1775941, 1787540, 1792791, 1789220, 1792410, 1818531];[438185, 434965, 436995, 451045, 441195, 440665, 440435, 443205, 435195, 438814, 448786, 451115, 450155, 440185, 618477, 447705, 440765, 436075, 451425, 442805, 440174, 438565, 443815, 441595, 437605, 436475, 450315, 441325, 477866, 440505, 443765, 437085, 451265, 443955, 441325, 447015, 445355, 440545, 434905, 449105, 444566, 439465, 443306, 453225, 445185, 437675, 441665, 437815, 449405, 458355];[649467, 638007, 637817, 631728, 637917, 635177, 632557, 633677, 645697, 634508, 633787, 627917, 631547, 644967, 720808, 645928, 652388, 633467, 642597, 628987, 633538, 633787, 645518, 627737, 634687, 632758, 634497, 630977, 649087, 630608, 645258, 635937, 635258, 2505629, 643537, 637877, 629378, 659147, 637197, 707038, 630687, 645237, 641567, 639337, 628777, 716498, 644747, 635078, 638107, 639947]
T1100V1000_0.6;1100;1000;2;0.6;experiment_data/medium/T1100V1000_0.6_T.csv;experiment_data/medium/T1100V1000_0.6_V.csv;4062;3267;Baseline;[1, 1, 1, 1, 1, 1, 1, 1, 1, 1, 1, 1, 1, 1, 1, 1, 1, 1, 1, 1, 1, 1, 1, 1, 1, 1, 1, 1, 1, 1, 1, 1, 1, 1, 1, 1, 1, 1, 1, 1, 1, 1, 1, 1, 1, 1, 1, 1, 1, 1];[2955304, 3013834, 2949304, 2972534, 2990454, 2937385, 2967245, 3014685, 2963873, 2957293, 2938244, 2963284, 2949805, 3030114, 2927755, 2958154, 2948644, 2920334, 2969194, 3040505, 2942364, 2933283, 3011264, 2953375, 2937315, 3008045, 2992174, 2966674, 3003375, 2936573, 2922123, 2998774, 2929553, 2909123, 2930754, 2944104, 2952424, 3044436, 2985385, 2960714, 2939414, 2943614, 2955103, 2976205, 2941464, 2941733, 2928403, 2939094, 2939254, 2958573];[1768550, 1755800, 1775420, 1751010, 1806121, 1759441, 1780711, 1755040, 1771710, 1779920, 1756310, 1780160, 1759691, 1770730, 1754411, 1760340, 1766810, 1748460, 1750190, 1781610, 1755260, 1759750, 1804451, 1782921, 1758901, 1760291, 1822001, 1759920, 1819561, 1764040, 1754290, 1752860, 1760200, 1743770, 1757281, 1763570, 1766091, 1770011, 1796151, 1767760, 1758680, 1767010, 1764390, 1779451, 1769090, 1765620, 1756250, 1751950, 1751330, 1773330];[440375, 437474, 433985, 459885, 434485, 437245, 433385, 437845, 445225, 438765, 438076, 449295, 454775, 443874, 438556, 455495, 437725, 442935, 460436, 447265, 440385, 437085, 448515, 435875, 436785, 438975, 436465, 461445, 449395, 448945, 441565, 451085, 443914, 441885, 447905, 439005, 454695, 469855, 448446, 458646, 451866, 448505, 456845, 451256, 444225, 447535, 445555, 455286, 443576, 442675];[746379, 820560, 739899, 761639, 749848, 740699, 753149, 821800, 746938, 738608, 743858, 733829, 735339, 815510, 734788, 742319, 744109, 728939, 758568, 811630, 746719, 736448, 758298, 734579, 741629, 808779, 733708, 745309, 734419, 723588, 726268, 794829, 725439, 723468, 725568, 741529, 731638, 804570, 740788, 734308, 728868, 728099, 733868, 745498, 728149, 728578, 726598, 731858, 744348, 742568]
T800V1000_0.5;800;1000;2;0.5;experiment_data/medium/T800V1000_0.5_T.csv;experiment_data/medium/T800V1000_0.5_V.csv;2927;3030;Baseline;[1, 1, 1, 1, 1, 1, 1, 1, 1, 1, 1, 1, 1, 1, 1, 1, 1, 1, 1, 1, 1, 1, 1, 1, 1, 1, 1, 1, 1, 1, 1, 1, 1, 1, 1, 1, 1, 1, 1, 1, 1, 1, 1, 1, 1, 1, 1, 1, 1, 1];[2286637, 2276515, 2307507, 2321356, 2346546, 2332258, 2298616, 2295145, 2289837, 2311076, 2327996, 2307646, 2295457, 4133667, 2356827, 2365848, 2303338, 2305206, 2294006, 2374127, 2316017, 2301386, 2310596, 2388247, 2324356, 2374438, 2296196, 2311076, 2301946, 2308716, 2305616, 2378857, 2306797, 2306658, 2300686, 2345057, 2359457, 2370508, 2304556, 2314406, 2306296, 2295497, 2311537, 2357927, 2308746, 2295967, 2304847, 2309966, 2304677, 2360497];[1283865, 1288014, 1316095, 1326095, 1352185, 1346136, 1318095, 1311984, 1311605, 1327385, 1326035, 1320915, 1312455, 1322645, 1327555, 1378296, 1326886, 1311735, 1315065, 1329345, 1331266, 1323635, 1326015, 1372976, 1345375, 1321075, 1314065, 1326555, 1329635, 1326645, 1322265, 1332435, 1326405, 1324586, 1314295, 1317605, 1371576, 1319066, 1325325, 1323615, 1311715, 1318095, 1324105, 1313225, 1322025, 1315005, 1326216, 1333225, 1326866, 1321865];[330074, 325914, 322084, 341093, 333814, 326024, 325533, 321694, 322794, 334683, 353874, 323393, 323174, 322964, 353924, 322634, 323134, 323874, 321224, 330024, 328043, 321424, 322624, 342324, 322803, 324564, 328114, 331284, 321514, 324103, 323453, 323074, 328074, 329154, 320993, 347144, 335754, 325854, 323173, 323944, 322734, 328114, 323314, 322634, 322254, 326644, 326104, 327544, 321543, 320383];[672698, 662587, 669328, 654168, 660547, 660098, 654988, 661467, 655438, 649008, 648087, 663338, 659828, 2488058, 675348, 664918, 653318, 669597, 657717, 714758, 656708, 656327, 661957, 672947, 656178, 728799, 654017, 653237, 650797, 657968, 659898, 723348, 652318, 652918, 665398, 680308, 652127, 725588, 656058, 666847, 671847, 649288, 664118, 722068, 664467, 654318, 652527, 649197, 656268, 718249]
T1000V1000_0.4;1000;1000;2;0.4;experiment_data/medium/T1000V1000_0.4_T.csv;experiment_data/medium/T1000V1000_0.4_V.csv;3696;3019;Baseline;[1, 1, 1, 1, 1, 1, 1, 1, 1, 1, 1, 1, 1, 1, 1, 1, 1, 1, 1, 1, 1, 1, 1, 1, 1, 1, 1, 1, 1, 1, 1, 1, 1, 1, 1, 1, 1, 1, 1, 1, 1, 1, 1, 1, 1, 1, 1, 1, 1, 1];[2747161, 2740292, 2932754, 2781632, 2769982, 2769652, 2756801, 2757742, 2812893, 2785542, 2786183, 2757262, 2749792, 2741182, 2756512, 2742121, 2741402, 2762252, 2777501, 2758832, 2765762, 2939564, 2840302, 2738582, 2753771, 2755232, 2788842, 2799773, 2748572, 2743861, 2748021, 2748091, 2751732, 2745442, 2762201, 2799492, 2747651, 2772342, 2767842, 2762582, 2770171, 2731050, 2751582, 2741821, 2750902, 2744921, 2759262, 2753880, 2737382, 2749822];[1637578, 1635079, 1714860, 1661649, 1650009, 1655619, 1648029, 1648209, 1635499, 1647819, 1659479, 1650069, 1643269, 1642089, 1657929, 1631119, 1641579, 1650889, 1658929, 1642699, 1662109, 1658199, 1718199, 1640369, 1656899, 1652559, 1657029, 1698560, 1644749, 1647709, 1647809, 1645419, 1651939, 1634249, 1632579, 1700460, 1646799, 1653289, 1647869, 1654249, 1654328, 1631308, 1647369, 1647419, 1645179, 1644189, 1647119, 1639368, 1633479, 1651439];[402025, 407615, 412225, 401445, 418925, 405105, 404404, 408844, 401935, 422115, 434596, 409715, 402215, 402535, 407365, 401974, 403345, 411335, 407114, 411095, 406075, 498156, 423335, 401545, 401575, 412785, 422895, 400365, 401715, 406364, 401604, 400724, 406765, 401754, 424324, 400774, 403524, 409215, 411435, 407225, 408605, 402924, 403195, 406444, 407184, 401574, 418155, 404844, 406944, 409975];[707558, 697598, 805669, 718538, 701048, 708928, 704368, 700689, 775459, 715608, 692108, 697478, 704308, 696558, 691218, 709028, 696478, 700028, 711458, 705038, 697578, 783209, 698768, 696668, 695297, 689888, 708918, 700848, 702108, 689788, 698608, 701948, 693028, 709439, 705298, 698258, 697328, 709838, 708538, 701108, 707238, 696818, 701018, 687958, 698539, 699158, 693988, 709668, 696959, 688408]
T600V1000_0.7;600;1000;2;0.7;experiment_data/medium/T600V1000_0.7_T.csv;experiment_data/medium/T600V1000_0.7_V.csv;2187;3047;Baseline;[1, 1, 1, 1, 1, 1, 1, 1, 1, 1, 1, 1, 1, 1, 1, 1, 1, 1, 1, 1, 1, 1, 1, 1, 1, 1, 1, 1, 1, 1, 1, 1, 1, 1, 1, 1, 1, 1, 1, 1, 1, 1, 1, 1, 1, 1, 1, 1, 1, 1];[1889131, 1880121, 1922682, 1882513, 1882032, 1907831, 1897653, 1897802, 1882191, 1892532, 1895311, 1883682, 1891572, 1882432, 1895752, 1900103, 1887541, 1910542, 1907251, 1895082, 1883382, 1897741, 1894933, 1885052, 1912462, 1921803, 1902292, 3611001, 1915651, 1895702, 1900112, 1890461, 1906991, 1957353, 1902292, 1895821, 1897583, 1897622, 1888351, 1993594, 1893142, 1893573, 1892822, 1903282, 1886662, 1964183, 1882322, 1882172, 1896631, 1901802];[973111, 976351, 998891, 981172, 983392, 1004641, 997502, 988052, 979721, 981802, 986311, 980132, 986522, 982132, 995671, 985982, 980011, 1000041, 986411, 984301, 979072, 982911, 987452, 980562, 980081, 1017282, 1000331, 985051, 999551, 987801, 994852, 987741, 993171, 994451, 989392, 983921, 990632, 978092, 985691, 1006202, 978262, 986402, 986122, 985281, 980671, 991102, 978241, 979072, 987151, 993251];[233722, 232163, 231613, 229503, 229462, 231233, 228983, 243702, 235173, 236983, 236623, 236493, 233863, 234432, 235043, 233803, 230023, 230273, 233592, 230463, 233353, 232543, 230643, 232062, 239153, 235823, 235563, 236072, 247103, 235823, 234733, 235252, 241432, 235823, 233952, 228383, 234533, 233822, 229943, 231953, 234973, 233183, 230282, 234743, 233253, 232722, 229493, 229312, 232743, 230143];[682298, 671607, 692178, 671838, 669178, 671957, 671168, 666048, 667297, 673747, 672377, 667057, 671187, 665868, 665038, 680318, 677507, 680228, 687248, 680318, 670957, 682287, 676838, 672428, 693228, 668698, 666398, 2389878, 668997, 672078, 670527, 667468, 672388, 727079, 678948, 683517, 672418, 685708, 672717, 755439, 679907, 673988, 676418, 683258, 672738, 740359, 674588, 673788, 676737, 678408]
T1400V1000_0.8;1400;1000;2;0.8;experiment_data/medium/T1400V1000_0.8_T.csv;experiment_data/medium/T1400V1000_0.8_V.csv;5115;3652;Baseline;[1, 1, 1, 1, 1, 1, 1, 1, 1, 1, 1, 1, 1, 1, 1, 1, 1, 1, 1, 1, 1, 1, 1, 1, 1, 1, 1, 1, 1, 1, 1, 1, 1, 1, 1, 1, 1, 1, 1, 1, 1, 1, 1, 1, 1, 1, 1, 1, 1, 1];[3971846, 3921195, 4069358, 3828864, 3753773, 3761614, 3742503, 3869584, 3780695, 3819263, 3840283, 3818684, 3785513, 3845464, 3752053, 3757393, 3795213, 3797165, 3823054, 3926376, 3812913, 3761783, 3732332, 3734923, 3793233, 3842674, 3821033, 3864494, 3841594, 3906046, 3854625, 3815823, 3761893, 3774793, 3807304, 3830733, 3840014, 3900115, 3756003, 3752354, 3757523, 3793213, 3792934, 3958485, 3863424, 3827764, 3756553, 3745192, 3754734, 3845726];[2549089, 2405717, 2653791, 2449768, 2368627, 2382548, 2368857, 2401857, 2379838, 2415967, 2418877, 2455139, 2385987, 2382337, 2364457, 2364397, 2404677, 2392138, 2417448, 2441468, 2434408, 2382177, 2357667, 2360227, 2400877, 2371437, 2405757, 2419987, 2447828, 2456079, 2475349, 2364357, 2375617, 2380977, 2385508, 2418137, 2434708, 2438108, 2377107, 2374918, 2372147, 2386517, 2371718, 2465048, 2432458, 2453108, 2377987, 2377817, 2371468, 2365618];[562067, 576407, 564347, 557447, 563026, 559046, 550136, 554147, 562807, 551226, 567626, 548096, 554126, 547486, 550817, 548506, 563487, 562937, 563596, 553567, 550286, 546796, 549806, 556077, 561456, 551717, 557236, 582377, 566147, 574097, 551626, 544236, 552126, 569237, 575347, 550376, 558196, 551346, 545436, 551686, 552616, 561186, 571187, 560867, 573066, 547896, 549456, 545366, 560267, 563527];[860690, 939071, 851220, 821649, 822120, 820020, 823510, 913580, 838050, 852070, 853780, 815449, 845400, 915641, 836779, 844490, 827049, 842090, 842010, 931341, 828219, 832810, 824859, 818619, 830900, 919520, 858040, 862130, 827619, 875870, 827650, 907230, 834150, 824579, 846449, 862220, 847110, 910661, 833460, 825750, 832760, 845510, 850029, 932570, 857900, 826760, 829110, 822009, 822999, 916581]
T1200V1000_1.0;1200;1000;2;1.0;experiment_data/medium/T1200V1000_1.0_T.csv;experiment_data/medium/T1200V1000_1.0_V.csv;4346;3697;Baseline;[1, 1, 1, 1, 1, 1, 1, 1, 1, 1, 1, 1, 1, 1, 1, 1, 1, 1, 1, 1, 1, 1, 1, 1, 1, 1, 1, 1, 1, 1, 1, 1, 1, 1, 1, 1, 1, 1, 1, 1, 1, 1, 1, 1, 1, 1, 1, 1, 1, 1];[3331188, 3321469, 3333118, 3318868, 3311928, 3346878, 3399459, 3325498, 3336669, 3320529, 3369308, 3332889, 3381979, 3328448, 3348948, 3368399, 3418230, 3378840, 3374499, 3340119, 3327738, 3321379, 3369349, 3426450, 3326828, 3312868, 3312469, 3356648, 3428779, 3323198, 3317638, 3323388, 3305708, 3314089, 3321567, 3334709, 3368349, 3352148, 3320948, 3321478, 3373329, 3342819, 3323578, 5395133, 3363258, 3347009, 3368269, 3405730, 3331189, 3423179];[1980823, 1968013, 1991793, 1991133, 1978643, 2001213, 2057494, 1988533, 1998753, 1981153, 2022523, 1976923, 2030863, 1989653, 2004323, 1994293, 2076254, 2010034, 2026853, 1992593, 1990853, 1988403, 1991763, 2093564, 1990523, 1986293, 1980683, 1977532, 2097774, 1982913, 1993523, 1989183, 1974703, 1979443, 1992132, 1988913, 2005593, 2022973, 1986483, 1987783, 1999993, 2008683, 1989583, 2027234, 2017203, 2010033, 2006693, 2068234, 1990273, 1998103];[469935, 482296, 473375, 473675, 470985, 474535, 475175, 481216, 469636, 478976, 470526, 491216, 473946, 485375, 474835, 491846, 478046, 493346, 484536, 479886, 482466, 475016, 495236, 477296, 481105, 471485, 465976, 499556, 479635, 474135, 467035, 471315, 472766, 467185, 472015, 478346, 488786, 477966, 470386, 476175, 503716, 478366, 478405, 471785, 472825, 474595, 481266, 469516, 470126, 476485];[880430, 871160, 867950, 854060, 862300, 871130, 866790, 855749, 868280, 860400, 876259, 864750, 877170, 853420, 869790, 882260, 863930, 875460, 863110, 867640, 854419, 857960, 882350, 855590, 855200, 855090, 865810, 879560, 851370, 866150, 857080, 862890, 858239, 867461, 857420, 867450, 873970, 851209, 864079, 857520, 869620, 855770, 855590, 2896114, 873230, 862381, 880310, 867980, 870790, 948591]
T700V1000_1.0;700;1000;2;1.0;experiment_data/medium/T700V1000_1.0_T.csv;experiment_data/medium/T700V1000_1.0_V.csv;2582;3286;Baseline;[1, 1, 1, 1, 1, 1, 1, 1, 1, 1, 1, 1, 1, 1, 1, 1, 1, 1, 1, 1, 1, 1, 1, 1, 1, 1, 1, 1, 1, 1, 1, 1, 1, 1, 1, 1, 1, 1, 1, 1, 1, 1, 1, 1, 1, 1, 1, 1, 1, 1];[2209707, 2246216, 2197736, 2182335, 2164196, 2161295, 2165225, 2170715, 2162835, 2159536, 2157565, 2150274, 2147585, 2194016, 2152725, 2146555, 2151495, 2217225, 2208765, 2149534, 2146244, 2163984, 2148995, 2161544, 2177294, 2151174, 2166624, 2158185, 2167855, 2151915, 2158836, 2141324, 2166115, 2146816, 2162835, 2167516, 2167645, 2176474, 2165895, 2149924, 2165654, 2159944, 2153115, 2172695, 2153126, 2162374, 2146334, 2167055, 2165655, 2166186];[1139884, 1209984, 1179384, 1172294, 1154884, 1152203, 1161373, 1159313, 1151053, 1156714, 1144803, 1144743, 1143713, 1183964, 1142793, 1145164, 1149513, 1165293, 1204793, 1147943, 1144723, 1152133, 1149523, 1154693, 1160763, 1147743, 1153333, 1148083, 1158913, 1150123, 1156644, 1143823, 1153783, 1146344, 1161163, 1163454, 1162893, 1171363, 1151013, 1145423, 1153173, 1145843, 1147163, 1154553, 1146514, 1153973, 1142823, 1149753, 1151293, 1148664];[288223, 283254, 278373, 285333, 273443, 273323, 275804, 272343, 269873, 277194, 271834, 271133, 276413, 271253, 270113, 272233, 269623, 285843, 269813, 271823, 275793, 271133, 268403, 277203, 271433, 271533, 270812, 269883, 271113, 269303, 276973, 268483, 272903, 270553, 271733, 272413, 270574, 276513, 272193, 270583, 284173, 271163, 270884, 270583, 276023, 271533, 270743, 283073, 271383, 273003];[781600, 752978, 739979, 724708, 735869, 735769, 728048, 739059, 741909, 725628, 740928, 734398, 727459, 738799, 739819, 729158, 732359, 766089, 734159, 729768, 725728, 740718, 731069, 729648, 745098, 731898, 742479, 740219, 737829, 732489, 725219, 729018, 739429, 729919, 729939, 731649, 734178, 728598, 742689, 733918, 728308, 742938, 735068, 747559, 730589, 736868, 732768, 734229, 742979, 744519]
T800V1000_0.0;800;1000;2;0.0;experiment_data/medium/T800V1000_0.0_T.csv;experiment_data/medium/T800V1000_0.0_V.csv;2936;2679;Baseline;[1, 1, 1, 1, 1, 1, 1, 1, 1, 1, 1, 1, 1, 1, 1, 1, 1, 1, 1, 1, 1, 1, 1, 1, 1, 1, 1, 1, 1, 1, 1, 1, 1, 1, 1, 1, 1, 1, 1, 1, 1, 1, 1, 1, 1, 1, 1, 1, 1, 1];[2250147, 2252185, 2238326, 2229016, 2277387, 2211496, 2238165, 2218835, 2238306, 2250795, 2286136, 2223925, 2234935, 2225555, 2237715, 2242947, 2287826, 2215345, 2224296, 2219526, 2217495, 2235405, 2282286, 2247925, 2226886, 2229496, 2218406, 2222116, 2287037, 2225156, 2214596, 2238276, 2367337, 2300077, 2279676, 2221686, 2224496, 2242915, 2227306, 2217486, 2285736, 2262346, 2232265, 2233996, 2241155, 2236805, 2233976, 2287847, 2282897, 2238516];[1330786, 1333415, 1327416, 1324745, 1316256, 1311386, 1326215, 1315315, 1331015, 1337145, 1324965, 1319855, 1322645, 1317745, 1322745, 1331346, 1330625, 1310915, 1309685, 1311906, 1313545, 1319285, 1321075, 1336555, 1328625, 1312965, 1315015, 1310005, 1316235, 1319156, 1315785, 1328126, 1321945, 1390796, 1321305, 1309175, 1314516, 1324875, 1320795, 1323186, 1325405, 1325625, 1319305, 1312055, 1323275, 1320105, 1309285, 1327146, 1367106, 1320075];[325544, 324074, 326243, 321504, 321254, 327304, 336654, 328934, 327904, 324854, 322653, 323213, 321343, 326854, 336114, 329634, 322494, 323204, 323044, 327714, 322624, 324654, 327924, 334694, 321034, 322874, 322244, 323304, 322884, 323694, 326454, 334984, 414904, 323624, 321454, 336924, 327213, 336554, 328674, 319414, 319934, 337704, 321853, 324244, 323853, 323914, 323914, 355324, 321714, 322074];[593817, 594696, 584667, 582767, 639877, 572806, 575296, 574586, 579387, 588796, 638518, 580857, 590947, 580956, 578856, 581967, 634707, 581226, 591567, 579906, 581326, 591466, 633287, 576676, 577227, 593657, 581147, 588807, 647918, 582306, 572357, 575166, 630488, 585657, 636917, 575587, 582767, 581486, 577837, 574886, 640397, 599017, 591107, 597697, 594027, 592786, 600777, 605377, 594077, 596367]
T1300V1000_0.0;1300;1000;2;0.0;experiment_data/medium/T1300V1000_0.0_T.csv;experiment_data/medium/T1300V1000_0.0_V.csv;4798;2646;Baseline;[1, 1, 1, 1, 1, 1, 1, 1, 1, 1, 1, 1, 1, 1, 1, 1, 1, 1, 1, 1, 1, 1, 1, 1, 1, 1, 1, 1, 1, 1, 1, 1, 1, 1, 1, 1, 1, 1, 1, 1, 1, 1, 1, 1, 1, 1, 1, 1, 1, 1];[3275228, 3277637, 3288308, 3365138, 3293017, 3268748, 3270597, 3269677, 3333927, 3446830, 3284688, 3272387, 3288577, 3639032, 3306918, 3354899, 3284457, 3279478, 3294998, 3279928, 3274499, 3358919, 3270207, 3275917, 3284107, 3277238, 3273938, 3375159, 3281488, 3289557, 3278747, 3301598, 3286748, 3394079, 3282758, 3278087, 3285268, 3298877, 3694743, 3497830, 3297389, 3287808, 3269358, 3298938, 3301469, 3347889, 3278287, 3278687, 3282298, 3285318];[2111895, 2123774, 2139675, 2140244, 2146774, 2133485, 2135964, 2136004, 2140414, 2235716, 2134275, 2129284, 2137714, 2160845, 2173545, 2132935, 2143494, 2139365, 2147615, 2136065, 2125205, 2136325, 2128984, 2136074, 2140474, 2137795, 2132405, 2151645, 2141105, 2148454, 2140024, 2146255, 2136505, 2142755, 2132035, 2133484, 2133675, 2126724, 2326627, 2273836, 2154545, 2144835, 2127665, 2149035, 2142805, 2131835, 2136734, 2137244, 2140655, 2140285];[533046, 537166, 519686, 519565, 521226, 525026, 521356, 522806, 542216, 518106, 539306, 531956, 534736, 688488, 517236, 519996, 529946, 526286, 526786, 523506, 530336, 519497, 519385, 518766, 520896, 519956, 520306, 525696, 523996, 524166, 521806, 537306, 535916, 526066, 520795, 518726, 520616, 525946, 665028, 527386, 528497, 525496, 526266, 520516, 521396, 520846, 519626, 520776, 521946, 530766];[630287, 616697, 628947, 705329, 625017, 610237, 613277, 610867, 651297, 693008, 611107, 611147, 616127, 789699, 616137, 701968, 611017, 613827, 620597, 620357, 618958, 703097, 621838, 621077, 622737, 619487, 621227, 697818, 616387, 616937, 616917, 618037, 614327, 725258, 629928, 625877, 630977, 646207, 703088, 696608, 614347, 617477, 615427, 629387, 637268, 695208, 621927, 620667, 619697, 614267]
T800V1000_0.1;800;1000;2;0.1;experiment_data/medium/T800V1000_0.1_T.csv;experiment_data/medium/T800V1000_0.1_V.csv;2954;2712;Baseline;[1, 1, 1, 1, 1, 1, 1, 1, 1, 1, 1, 1, 1, 1, 1, 1, 1, 1, 1, 1, 1, 1, 1, 1, 1, 1, 1, 1, 1, 1, 1, 1, 1, 1, 1, 1, 1, 1, 1, 1, 1, 1, 1, 1, 1, 1, 1, 1, 1, 1];[2250616, 2245576, 2256946, 2257725, 2266096, 2272806, 2261466, 2255327, 2262716, 2256817, 2262025, 2258306, 2261446, 2259196, 2252857, 2260266, 2291636, 2387308, 2295887, 2269396, 2262026, 2256925, 4028535, 2268386, 2331978, 2321486, 2262626, 2291546, 2316527, 2272006, 2264686, 2261906, 2262895, 2301926, 2384597, 2266466, 2281636, 2271407, 2256175, 2299536, 2311658, 2245266, 2288186, 2271757, 2267346, 2261686, 2323827, 2274896, 2267186, 2276326];[1324325, 1315815, 1325315, 1329015, 1327675, 1336865, 1338895, 1328636, 1335495, 1333066, 1319445, 1332835, 1334805, 1328505, 1318856, 1319355, 1324945, 1428417, 1361336, 1343725, 1332896, 1329435, 1336445, 1334786, 1355416, 1385365, 1329605, 1328115, 1327175, 1345525, 1322395, 1331236, 1334645, 1325055, 1382946, 1338495, 1342496, 1335786, 1330415, 1360786, 1323466, 1320715, 1341285, 1340286, 1332575, 1323995, 1323095, 1338465, 1332456, 1325786];[325004, 327054, 325854, 325153, 327574, 338344, 324614, 325144, 324954, 322384, 348044, 330844, 322854, 328144, 323054, 326374, 340584, 338684, 336194, 329094, 324363, 325743, 324153, 328124, 354635, 325844, 325834, 341564, 331604, 330174, 334384, 326633, 327723, 352094, 324843, 325534, 336484, 338134, 325414, 330713, 324024, 328374, 343404, 329744, 323454, 332284, 322504, 340524, 331713, 323933];[601287, 602707, 605777, 603557, 610847, 597597, 597957, 601547, 602267, 601367, 594536, 594627, 603787, 602547, 610947, 614537, 626107, 620207, 598357, 596577, 604767, 601747, 2367937, 605476, 621927, 610277, 607187, 621867, 657748, 596307, 607907, 604037, 600527, 624777, 676808, 602437, 602656, 597487, 600346, 608037, 664168, 596177, 603497, 601727, 611317, 605407, 678228, 595907, 603017, 626607]
T700V1000_0.5;700;1000;2;0.5;experiment_data/medium/T700V1000_0.5_T.csv;experiment_data/medium/T700V1000_0.5_V.csv;2588;2975;Baseline;[1, 1, 1, 1, 1, 1, 1, 1, 1, 1, 1, 1, 1, 1, 1, 1, 1, 1, 1, 1, 1, 1, 1, 1, 1, 1, 1, 1, 1, 1, 1, 1, 1, 1, 1, 1, 1, 1, 1, 1, 1, 1, 1, 1, 1, 1, 1, 1, 1, 1];[2192726, 2140925, 2169605, 2181335, 2133494, 2153624, 2193475, 2141905, 2144685, 2144045, 2131324, 2149324, 2194696, 2150615, 2133574, 2143044, 2136394, 2152715, 2203275, 2157135, 2156365, 2131104, 2139564, 2126584, 2140455, 2143274, 2136195, 2143505, 2134435, 2134995, 2135985, 2150164, 2170515, 2138554, 2151204, 2126725, 2124934, 2144044, 2156984, 2155514, 2161685, 2139965, 2131115, 2159764, 2139905, 2139226, 2148705, 2155074, 2131475, 2151354];[1152034, 1163054, 1160173, 1190204, 1156773, 1168233, 1160763, 1164003, 1162674, 1156513, 1155733, 1165563, 1160544, 1170084, 1152523, 1166383, 1161253, 1169833, 1165643, 1166873, 1164794, 1156373, 1160113, 1156564, 1166334, 1164963, 1154813, 1168824, 1162373, 1152763, 1154884, 1167623, 1191024, 1155113, 1160703, 1153024, 1152513, 1164373, 1172103, 1176183, 1172463, 1161823, 1156114, 1169743, 1159353, 1166904, 1168154, 1164353, 1154374, 1161703];[281183, 277823, 284743, 278423, 278543, 279413, 276944, 279504, 279023, 278744, 283033, 290203, 283194, 281663, 288113, 279463, 278753, 277333, 277213, 276644, 302093, 277593, 287614, 278423, 283633, 272453, 280994, 277713, 277314, 281384, 282393, 279403, 280654, 278273, 281243, 278763, 284383, 288213, 293993, 286233, 296114, 281544, 280213, 282273, 281904, 277484, 282433, 280403, 281293, 278133];[759509, 700048, 724689, 712708, 698178, 705978, 755768, 698398, 702988, 708788, 692558, 693558, 750958, 698868, 692938, 697198, 696388, 705549, 760419, 713618, 689478, 697138, 691837, 691597, 690488, 705858, 700388, 696968, 694748, 700848, 698708, 703138, 698837, 705168, 709258, 694938, 688038, 691458, 690888, 693098, 693108, 696598, 694788, 707748, 698648, 694838, 698118, 710318, 695808, 711518]
T1300V1000_0.1;1300;1000;2;0.1;experiment_data/medium/T1300V1000_0.1_T.csv;experiment_data/medium/T1300V1000_0.1_V.csv;4782;2773;Baseline;[1, 1, 1, 1, 1, 1, 1, 1, 1, 1, 1, 1, 1, 1, 1, 1, 1, 1, 1, 1, 1, 1, 1, 1, 1, 1, 1, 1, 1, 1, 1, 1, 1, 1, 1, 1, 1, 1, 1, 1, 1, 1, 1, 1, 1, 1, 1, 1, 1, 1];[3254658, 3247857, 3266597, 3257127, 3272257, 3272317, 3276928, 3472669, 3456949, 3285398, 3256417, 3577421, 3500539, 3293268, 3276977, 3265039, 3281747, 3294559, 3275057, 3272138, 3294117, 3262188, 3271558, 3307239, 3331099, 3263808, 3288078, 3263498, 3279887, 3272579, 3258348, 3294878, 3297708, 3338458, 3285718, 3260828, 3287207, 3285018, 3306437, 3319458, 3495600, 3401519, 3277728, 3270827, 3279147, 3278838, 3283938, 5292952, 3318158, 3258897];[2086455, 2093793, 2116834, 2111344, 2113594, 2115264, 2118014, 2106244, 2300036, 2128214, 2107564, 2117084, 2311816, 2139315, 2115634, 2108335, 2116104, 2133885, 2115094, 2118785, 2127584, 2111095, 2122335, 2120475, 2186616, 2108854, 2139885, 2118915, 2115194, 2114555, 2112355, 2132425, 2123114, 2193015, 2112405, 2111245, 2119704, 2124395, 2119434, 2163585, 2115034, 2245086, 2129174, 2115074, 2125504, 2128095, 2113685, 2116015, 2160635, 2113984];[536246, 533026, 527406, 526596, 537196, 524236, 519266, 647427, 529986, 530786, 524216, 694188, 547266, 530246, 525926, 526256, 531966, 533836, 525646, 526296, 527966, 519786, 518316, 539026, 519506, 523496, 521476, 517056, 522466, 522866, 518676, 522656, 531636, 525336, 543816, 526236, 540656, 538906, 551966, 526886, 649558, 520995, 520777, 529737, 530806, 527096, 530616, 547866, 531306, 528016];[631957, 621038, 622357, 619187, 621467, 632817, 639648, 718998, 626927, 626398, 624637, 766149, 641457, 623707, 635417, 630448, 633677, 626838, 634317, 627057, 638567, 631307, 630907, 647738, 624977, 631458, 626717, 627527, 642227, 635158, 627317, 639797, 642958, 620107, 629497, 623347, 626847, 621717, 635037, 628987, 731008, 635438, 627777, 626016, 622837, 623647, 639637, 2629071, 626217, 616897]
T1200V1000_0.4;1200;1000;2;0.4;experiment_data/medium/T1200V1000_0.4_T.csv;experiment_data/medium/T1200V1000_0.4_V.csv;4380;3088;Baseline;[1, 1, 1, 1, 1, 1, 1, 1, 1, 1, 1, 1, 1, 1, 1, 1, 1, 1, 1, 1, 1, 1, 1, 1, 1, 1, 1, 1, 1, 1, 1, 1, 1, 1, 1, 1, 1, 1, 1, 1, 1, 1, 1, 1, 1, 1, 1, 1, 1, 1];[3173747, 3136246, 3309717, 3176307, 3190118, 3178806, 3168886, 3135656, 3230317, 3151216, 3143957, 3188876, 3173806, 3218728, 3293098, 3194617, 3202326, 3142576, 3167047, 3150327, 3156177, 3165977, 3156777, 3174426, 3163377, 3150426, 3149786, 3138786, 3148926, 3166947, 3175227, 3167036, 3153026, 3148716, 3166057, 3159767, 3159916, 3192087, 3359848, 3287067, 3169746, 3158815, 3162587, 3155776, 3143927, 3161546, 3165247, 3205427, 3288978, 3209247];[1978113, 1923472, 2044803, 1990873, 2011404, 1992933, 1985053, 1962993, 1975173, 1970663, 1972993, 1977962, 1979693, 2008094, 2016983, 1989533, 2005813, 1966653, 1975873, 1971643, 1965183, 1975513, 1970923, 1975962, 1980513, 1970903, 1978603, 1961822, 1968362, 1984123, 1988323, 1982822, 1976902, 1974803, 1978833, 1981033, 1977372, 2008353, 2054333, 2111074, 1988132, 1978732, 1979973, 1979063, 1974653, 1977243, 1974493, 1983913, 2105044, 1994103];[484546, 490586, 484595, 485766, 480886, 490485, 479375, 482675, 477035, 484585, 475196, 517696, 479345, 486786, 501226, 495406, 491015, 475595, 485046, 478466, 489195, 480036, 489795, 480186, 489096, 478075, 483515, 473876, 490546, 480026, 491396, 477446, 482996, 476585, 494116, 476506, 490256, 478666, 559506, 477795, 492016, 478015, 491036, 479365, 480856, 478955, 477685, 501316, 482176, 481106];[711088, 722188, 780319, 699668, 697828, 695388, 704458, 689988, 778109, 695968, 695768, 693218, 714768, 723848, 774889, 709678, 705498, 700328, 706128, 700218, 701799, 710428, 696059, 718278, 693768, 701448, 687668, 703088, 690018, 702798, 695508, 706768, 693128, 697328, 693108, 702228, 692288, 705068, 746009, 698198, 689598, 702068, 691578, 697348, 688418, 705348, 713069, 720198, 701758, 734038]
T900V1000_0.8;900;1000;2;0.8;experiment_data/medium/T900V1000_0.8_T.csv;experiment_data/medium/T900V1000_0.8_V.csv;3307;3300;Baseline;[1, 1, 1, 1, 1, 1, 1, 1, 1, 1, 1, 1, 1, 1, 1, 1, 1, 1, 1, 1, 1, 1, 1, 1, 1, 1, 1, 1, 1, 1, 1, 1, 1, 1, 1, 1, 1, 1, 1, 1, 1, 1, 1, 1, 1, 1, 1, 1, 1, 1];[2638940, 2591570, 2627400, 2610920, 2609851, 2657800, 2639750, 2626389, 2612901, 2615630, 2612770, 2688720, 2629501, 2614020, 2619191, 2626920, 2603670, 2685611, 2628351, 2615070, 2666281, 2667561, 2622570, 2674471, 2639910, 2626821, 2619560, 2630301, 2633441, 2721112, 2648591, 2620030, 2608880, 2622391, 2618140, 2643850, 2651281, 2633941, 2624630, 2627820, 2669860, 2651991, 2614801, 2620750, 2607541, 2607009, 2627750, 2620330, 2615959, 2623201];[1502117, 1473497, 1491207, 1476247, 1487207, 1477606, 1517807, 1504677, 1493398, 1497557, 1504747, 1493947, 1509218, 1498107, 1492508, 1490827, 1485347, 1486857, 1496368, 1498458, 1500767, 1535488, 1497197, 1484707, 1510227, 1504488, 1507737, 1507128, 1506437, 1530198, 1487017, 1494717, 1490237, 1493198, 1487527, 1506957, 1538728, 1502968, 1495107, 1492527, 1515897, 1525898, 1496848, 1495317, 1494658, 1487247, 1493677, 1500827, 1499037, 1504568];[366564, 367754, 364184, 372324, 380305, 362345, 369764, 364964, 360164, 366094, 360225, 368234, 362725, 365684, 374524, 383185, 374624, 387234, 368144, 365394, 390645, 377084, 383104, 368205, 366684, 366065, 362554, 365604, 367365, 365585, 385035, 369344, 370095, 366924, 372144, 367894, 364435, 367434, 366594, 374094, 376574, 371594, 371424, 370235, 369445, 370734, 370284, 363704, 365214, 368124];[770259, 750319, 772009, 762349, 742339, 817849, 752179, 756748, 759339, 751979, 747798, 826539, 757558, 750229, 752159, 752908, 743699, 811520, 763839, 751218, 774869, 754989, 742269, 821559, 762999, 756268, 749269, 757569, 759639, 825329, 776539, 755969, 748548, 762269, 758469, 768999, 748118, 763539, 762929, 761199, 777389, 754499, 746529, 755198, 743438, 749028, 763789, 755799, 751708, 750509]
T900V1000_0.4;900;1000;2;0.4;experiment_data/medium/T900V1000_0.4_T.csv;experiment_data/medium/T900V1000_0.4_V.csv;3299;2963;Baseline;[1, 1, 1, 1, 1, 1, 1, 1, 1, 1, 1, 1, 1, 1, 1, 1, 1, 1, 1, 1, 1, 1, 1, 1, 1, 1, 1, 1, 1, 1, 1, 1, 1, 1, 1, 1, 1, 1, 1, 1, 1, 1, 1, 1, 1, 1, 1, 1, 1, 1];[2538359, 2563840, 2548779, 2622970, 2535290, 2533089, 2542110, 2527729, 2525969, 2602210, 2523449, 2537559, 2529940, 2548320, 2549420, 2624620, 2542770, 2534219, 2551999, 2580930, 2552299, 2602140, 2535369, 2542519, 2545759, 2553591, 2538589, 2605510, 2540919, 2532748, 2556429, 2531919, 2571770, 2630209, 2531719, 2532029, 2559860, 2563390, 2562911, 2622681, 2618760, 2604879, 2553990, 2552550, 2563250, 2539820, 2604040, 2725411, 2594569, 2549669];[1474247, 1500258, 1489787, 1489897, 1486128, 1488767, 1483247, 1475737, 1472897, 1477507, 1469937, 1488037, 1483227, 1494417, 1492587, 1489227, 1470977, 1471837, 1483497, 1498768, 1493477, 1479757, 1482037, 1489227, 1488237, 1487028, 1485487, 1485627, 1479766, 1478107, 1483597, 1481777, 1488247, 1511327, 1481397, 1484247, 1487748, 1509618, 1497408, 1491588, 1477417, 1530647, 1492267, 1477577, 1498558, 1480007, 1481807, 1628489, 1517497, 1481327];[387265, 388534, 372464, 374195, 372454, 368794, 371735, 370644, 379635, 382224, 380274, 370084, 370135, 372325, 373515, 372794, 373775, 387045, 389595, 398924, 383665, 382594, 382415, 371384, 374174, 373665, 371444, 370494, 376865, 379974, 399825, 377334, 394175, 372084, 370734, 371684, 379564, 372704, 374625, 370355, 403054, 379754, 371125, 384585, 375104, 377505, 391125, 401894, 395994, 390434];[676847, 675048, 686528, 758878, 676708, 675528, 687128, 681348, 673437, 742479, 673238, 679438, 676578, 681578, 683318, 762599, 698018, 675337, 678907, 683238, 675157, 739789, 670917, 681908, 683348, 692898, 681658, 749389, 684288, 674667, 673007, 672808, 689348, 746798, 679588, 676098, 692548, 681068, 690878, 760738, 738289, 694478, 690598, 690388, 689588, 682308, 731108, 695028, 681078, 677908]
T600V1000_0.8;600;1000;2;0.8;experiment_data/medium/T600V1000_0.8_T.csv;experiment_data/medium/T600V1000_0.8_V.csv;2199;3080;Baseline;[1, 1, 1, 1, 1, 1, 1, 1, 1, 1, 1, 1, 1, 1, 1, 1, 1, 1, 1, 1, 1, 1, 1, 1, 1, 1, 1, 1, 1, 1, 1, 1, 1, 1, 1, 1, 1, 1, 1, 1, 1, 1, 1, 1, 1, 1, 1, 1, 1, 1];[1907332, 1908691, 1907741, 1969412, 1908911, 1922692, 1916801, 1907911, 1910632, 1971162, 1912101, 1925692, 1908763, 1916822, 1917991, 1919472, 1903782, 1908032, 1898803, 1943312, 1931872, 1922642, 1918112, 1913171, 1920133, 1925263, 1920123, 1915172, 1925742, 1910211, 1912172, 1902732, 1903632, 1927752, 1913442, 1914532, 1919203, 1907582, 1930682, 1903751, 1926241, 1909022, 1909533, 1927122, 1910011, 1919931, 1906441, 1933232, 1919352, 1905601];[982301, 985441, 991481, 988311, 988531, 995082, 998081, 992961, 993732, 991591, 987091, 1002071, 988432, 992482, 996691, 993281, 991732, 992921, 986022, 991241, 1011652, 1000001, 998052, 993821, 994002, 998782, 993712, 993161, 997922, 984481, 985721, 985311, 984831, 984642, 989401, 992701, 992332, 986362, 998161, 985941, 1006511, 986621, 990422, 997982, 986991, 993691, 985071, 994871, 991322, 980721];[233943, 229922, 229482, 232433, 239033, 236862, 237983, 236662, 238012, 237153, 236012, 231763, 231933, 237322, 236632, 235233, 232242, 231903, 231683, 239803, 231702, 234313, 231872, 230533, 236293, 238193, 236763, 232233, 232312, 232242, 231533, 230913, 231343, 230532, 231653, 231843, 232283, 230873, 234013, 229252, 231972, 234383, 237493, 244293, 236452, 244002, 236132, 246293, 244102, 237363];[691088, 693328, 686778, 748668, 681347, 690748, 680737, 678288, 678888, 742418, 688998, 691858, 688398, 687018, 684668, 690958, 679808, 683208, 681098, 712268, 688518, 688328, 688188, 688817, 689838, 688288, 689648, 689778, 695508, 693488, 694918, 686508, 687458, 712578, 692388, 689988, 694588, 690347, 698508, 688558, 687758, 688018, 681618, 684847, 686568, 682238, 685238, 692068, 683928, 687517]
T1100V1000_0.3;1100;1000;2;0.3;experiment_data/medium/T1100V1000_0.3_T.csv;experiment_data/medium/T1100V1000_0.3_V.csv;4029;2960;Baseline;[1, 1, 1, 1, 1, 1, 1, 1, 1, 1, 1, 1, 1, 1, 1, 1, 1, 1, 1, 1, 1, 1, 1, 1, 1, 1, 1, 1, 1, 1, 1, 1, 1, 1, 1, 1, 1, 1, 1, 1, 1, 1, 1, 1, 1, 1, 1, 1, 1, 1];[2908923, 2881383, 2866732, 2885272, 2925394, 2931042, 2907783, 2902393, 2911842, 2873673, 2864653, 2880143, 2870603, 2865693, 2861482, 2885853, 2877044, 2860142, 2880174, 4872155, 2889963, 2889853, 2858663, 2914103, 2953344, 2950073, 2879273, 2891932, 2874203, 2896542, 2859622, 2950983, 2870372, 2893684, 2880693, 2889783, 2880413, 2932254, 2877423, 2884103, 2855562, 2872983, 2877143, 2948193, 2887073, 2873133, 2872653, 2879142, 2866493, 2931683];[1773690, 1787760, 1759820, 1782780, 1793911, 1836690, 1793080, 1779780, 1801310, 1764570, 1770960, 1782201, 1771620, 1774000, 1765020, 1780810, 1765891, 1765880, 1773701, 1786510, 1781860, 1780240, 1761000, 1776690, 1848451, 1766920, 1779180, 1781290, 1763790, 1794470, 1765540, 1771760, 1766580, 1767421, 1782390, 1783410, 1779880, 1771690, 1780251, 1775720, 1763630, 1771310, 1776190, 1775480, 1774621, 1778261, 1773230, 1779090, 1772360, 1770440];[451105, 438265, 448885, 437865, 455515, 430994, 435405, 443525, 438734, 450525, 436375, 433315, 442535, 440345, 434885, 436335, 455845, 435075, 435865, 451745, 435216, 439685, 439165, 457095, 437845, 436945, 437095, 452605, 446125, 433455, 436375, 440235, 446205, 437785, 437635, 447115, 443685, 435465, 438025, 438295, 438955, 441395, 432825, 438765, 451215, 439705, 436665, 442715, 439605, 440285];[684128, 655358, 658027, 664627, 675968, 663358, 679298, 679088, 671798, 658578, 657318, 664627, 656448, 651348, 661577, 668708, 655308, 659187, 670608, 2633900, 672887, 669928, 658498, 680318, 667048, 746208, 662998, 658037, 664288, 668617, 657707, 738988, 657587, 688478, 660668, 659258, 656848, 725099, 659147, 670088, 652977, 660278, 668128, 733948, 661237, 655167, 662758, 657337, 654528, 720958]
T1400V1000_0.4;1400;1000;2;0.4;experiment_data/medium/T1400V1000_0.4_T.csv;experiment_data/medium/T1400V1000_0.4_V.csv;5135;3181;Baseline;[1, 1, 1, 1, 1, 1, 1, 1, 1, 1, 1, 1, 1, 1, 1, 1, 1, 1, 1, 1, 1, 1, 1, 1, 1, 1, 1, 1, 1, 1, 1, 1, 1, 1, 1, 1, 1, 1, 1, 1, 1, 1, 1, 1, 1, 1, 1, 1, 1, 1];[3762933, 3727132, 3738233, 3735713, 3824893, 3721023, 3726722, 3723812, 3740402, 3734564, 3801442, 3715433, 4024286, 3928924, 3748762, 3739602, 3804114, 3758233, 3742853, 3738463, 3722052, 3733452, 3813873, 3739122, 3738762, 3727382, 3747063, 3740623, 3793244, 3700103, 3808264, 3865544, 3739463, 3759962, 3848245, 3715382, 3725423, 3724942, 3731331, 3730482, 3793054, 3742183, 3737142, 3721743, 3712793, 3737343, 3833924, 3742352, 3724702, 3713582];[2422617, 2414297, 2430098, 2424147, 2427757, 2413028, 2422607, 2420397, 2436647, 2417458, 2421737, 2417708, 2447728, 2614049, 2445368, 2427727, 2414667, 2442678, 2428298, 2432328, 2425507, 2420797, 2429588, 2421127, 2416217, 2416997, 2423888, 2424208, 2416708, 2403598, 2430788, 2566249, 2432508, 2445657, 2447418, 2412047, 2418298, 2424308, 2418117, 2418797, 2413358, 2428098, 2417728, 2414728, 2412588, 2427478, 2426218, 2440548, 2421497, 2408387];[564857, 571117, 562426, 557697, 571747, 570977, 557356, 558786, 562086, 570157, 564766, 555956, 722999, 559817, 559226, 564536, 572997, 574096, 558316, 563006, 562387, 558406, 560736, 574956, 581567, 558986, 573866, 570316, 561097, 555467, 603587, 560926, 556197, 560506, 566077, 568027, 555767, 555176, 563526, 562646, 559956, 554106, 572536, 564036, 562487, 557206, 586977, 560706, 563557, 558756];[775459, 741718, 745709, 753869, 825389, 737018, 746759, 744629, 741669, 746949, 814939, 741769, 853559, 755058, 744168, 747339, 816450, 741459, 756239, 743129, 734158, 754249, 823549, 743039, 740978, 751399, 749309, 746099, 815439, 741038, 773889, 738369, 750758, 753799, 834750, 735308, 751358, 745458, 749688, 749039, 819740, 759979, 746878, 742979, 737718, 752659, 820729, 741098, 739648, 746439]
T800V1000_0.6;800;1000;2;0.6;experiment_data/medium/T800V1000_0.6_T.csv;experiment_data/medium/T800V1000_0.6_V.csv;2936;3068;Baseline;[1, 1, 1, 1, 1, 1, 1, 1, 1, 1, 1, 1, 1, 1, 1, 1, 1, 1, 1, 1, 1, 1, 1, 1, 1, 1, 1, 1, 1, 1, 1, 1, 1, 1, 1, 1, 1, 1, 1, 1, 1, 1, 1, 1, 1, 1, 1, 1, 1, 1];[2325266, 2301775, 2361357, 2315486, 2316256, 2323796, 2354776, 2315846, 2307576, 2337647, 2367566, 2325827, 2340716, 2314306, 2347326, 2344956, 2347298, 2333986, 2355456, 2318107, 2325026, 2318316, 2367496, 2313777, 2317457, 2308826, 2358996, 2320596, 2430037, 2382786, 2408657, 2314886, 2338446, 2316817, 2354806, 2316856, 2307226, 2312276, 2357296, 2324577, 2339036, 2321397, 2340406, 2329736, 2309066, 2316617, 2336547, 2322638, 2323297, 4068676];[1321135, 1294314, 1355486, 1317855, 1316555, 1325005, 1356235, 1311065, 1311285, 1328485, 1358615, 1317305, 1324265, 1311375, 1347425, 1324945, 1332096, 1336785, 1354475, 1312485, 1325575, 1321825, 1353655, 1314515, 1317935, 1308384, 1352535, 1313315, 1308815, 1341595, 1405236, 1318185, 1328815, 1315325, 1354525, 1319065, 1315505, 1321005, 1358845, 1321775, 1331705, 1317865, 1342185, 1328845, 1313255, 1321235, 1343466, 1325896, 1322526, 1329455];[332543, 328093, 331904, 325154, 328454, 331084, 332643, 330313, 326113, 323874, 340894, 342664, 333374, 330154, 326443, 342114, 332054, 324883, 326604, 325704, 331424, 329254, 332584, 328914, 329354, 328544, 334803, 326234, 406514, 350704, 331593, 325124, 329423, 329664, 333193, 326373, 323333, 320324, 331164, 334894, 334734, 330074, 327113, 334624, 326083, 321814, 321483, 332634, 334433, 321573];[671588, 679368, 673967, 672477, 671247, 667707, 665898, 674468, 670178, 685288, 668057, 665858, 683077, 672777, 673458, 677897, 683148, 672318, 674377, 679918, 668027, 667237, 681257, 670348, 670168, 671898, 671658, 681047, 714708, 690487, 671828, 671577, 680208, 671828, 667088, 671418, 668388, 670947, 667287, 667908, 672597, 673458, 671108, 666267, 669728, 673568, 671598, 664108, 666338, 2417648]
T1300V1000_0.2;1300;1000;2;0.2;experiment_data/medium/T1300V1000_0.2_T.csv;experiment_data/medium/T1300V1000_0.2_V.csv;4786;2900;Baseline;[1, 1, 1, 1, 1, 1, 1, 1, 1, 1, 1, 1, 1, 1, 1, 1, 1, 1, 1, 1, 1, 1, 1, 1, 1, 1, 1, 1, 1, 1, 1, 1, 1, 1, 1, 1, 1, 1, 1, 1, 1, 1, 1, 1, 1, 1, 1, 1, 1, 1];[3376819, 3373949, 3369010, 3350327, 3352969, 3371088, 3371928, 3355098, 3567081, 3415238, 3370098, 3348529, 3366258, 3342148, 3351498, 3343558, 3351017, 3394168, 3379178, 3373728, 3357109, 3360338, 3362298, 3350598, 3368419, 3362338, 3370528, 3351668, 3345448, 3356939, 3376359, 3362738, 3357259, 3359258, 3352438, 5373862, 3376179, 3368988, 4025996, 3606732, 3384608, 3422270, 3325578, 3373908, 3361628, 3359198, 3342717, 3418470, 3376868, 3351548];[2127764, 2141504, 2141785, 2136014, 2142785, 2157204, 2133784, 2137984, 2302977, 2209845, 2147074, 2143065, 2141664, 2137574, 2141214, 2145654, 2146104, 2157244, 2147164, 2158354, 2140635, 2138564, 2140675, 2129675, 2146825, 2149165, 2148214, 2140364, 2136285, 2145845, 2162165, 2136464, 2135365, 2137404, 2136564, 2136445, 2156725, 2143214, 2135555, 2365167, 2159345, 2128825, 2125384, 2155154, 2136454, 2127704, 2135564, 2136255, 2149614, 2138584];[542276, 541467, 535086, 523396, 533326, 538416, 545896, 529826, 545286, 523106, 541436, 531196, 543336, 522516, 524776, 522316, 526196, 538956, 530526, 532537, 538006, 537196, 528255, 529286, 532707, 534676, 546496, 528157, 524646, 534366, 539807, 534176, 536476, 532816, 531217, 539566, 531856, 544136, 967870, 544517, 536106, 528076, 522366, 539967, 535126, 527635, 526295, 525016, 538586, 530606];[706779, 690978, 692139, 690917, 676858, 675468, 692248, 687288, 718818, 682287, 681588, 674268, 681258, 682058, 685508, 675588, 678717, 697968, 701488, 682837, 678468, 684578, 693368, 691637, 688887, 678497, 675818, 683147, 684517, 676728, 674387, 692098, 685418, 689038, 684657, 2697851, 687598, 681638, 922571, 697048, 689157, 765369, 677828, 678787, 690048, 703859, 680858, 757199, 688668, 682358]
T1000V1000_0.5;1000;1000;2;0.5;experiment_data/medium/T1000V1000_0.5_T.csv;experiment_data/medium/T1000V1000_0.5_V.csv;3623;3118;Baseline;[1, 1, 1, 1, 1, 1, 1, 1, 1, 1, 1, 1, 1, 1, 1, 1, 1, 1, 1, 1, 1, 1, 1, 1, 1, 1, 1, 1, 1, 1, 1, 1, 1, 1, 1, 1, 1, 1, 1, 1, 1, 1, 1, 1, 1, 1, 1, 1, 1, 1];[2775222, 2736250, 2733941, 2722731, 2794631, 2757141, 2744111, 2725941, 2734662, 2756592, 2757422, 2733431, 2731122, 2729161, 2761871, 2780272, 2736781, 2752752, 2735721, 2732911, 2785742, 2741171, 2723380, 2739301, 2927614, 2927583, 2784041, 2746821, 2741202, 2724301, 2756232, 2771261, 2724561, 2750001, 2736821, 2744112, 2805942, 2752732, 2722780, 2723561, 2736311, 2770252, 2759872, 2721031, 2733701, 2736101, 2725532, 4690584, 2769052, 2720392];[1653179, 1641398, 1641588, 1638928, 1672909, 1667829, 1649129, 1631729, 1637619, 1631119, 1674459, 1640489, 1634309, 1644368, 1655859, 1690320, 1648089, 1643309, 1641019, 1638089, 1689860, 1649529, 1635278, 1654269, 1635449, 1793340, 1685539, 1643818, 1642399, 1637909, 1653309, 1679729, 1629358, 1663329, 1649539, 1642429, 1693029, 1653869, 1628588, 1626909, 1642119, 1649039, 1665409, 1632399, 1641079, 1649069, 1628599, 1658699, 1667409, 1637439];[398735, 394974, 393655, 396925, 405404, 391984, 394654, 403855, 395355, 402095, 391315, 404884, 398235, 392275, 406964, 391365, 393124, 413824, 401954, 394554, 400684, 399754, 390084, 397725, 512317, 405465, 393424, 408635, 393515, 392584, 406345, 395044, 392105, 391084, 399455, 399635, 396664, 408495, 391515, 393075, 405655, 408985, 392085, 390705, 396664, 390665, 397235, 403315, 402825, 389995];[723308, 699878, 698698, 686878, 716318, 697328, 700328, 690357, 701688, 723378, 691648, 688058, 698578, 692518, 699048, 698587, 695568, 695619, 692748, 700268, 695198, 691888, 698018, 687307, 779848, 728778, 705078, 694368, 705288, 693808, 696578, 696488, 703098, 695588, 687827, 702048, 716249, 690368, 702677, 703577, 688537, 712228, 702378, 697927, 695958, 696367, 699698, 2628570, 698818, 692958]
T1100V1000_0.7;1100;1000;2;0.7;experiment_data/medium/T1100V1000_0.7_T.csv;experiment_data/medium/T1100V1000_0.7_V.csv;4006;3330;Baseline;[1, 1, 1, 1, 1, 1, 1, 1, 1, 1, 1, 1, 1, 1, 1, 1, 1, 1, 1, 1, 1, 1, 1, 1, 1, 1, 1, 1, 1, 1, 1, 1, 1, 1, 1, 1, 1, 1, 1, 1, 1, 1, 1, 1, 1, 1, 1, 1, 1, 1];[2983994, 2966343, 2955344, 2952105, 2946873, 2960653, 2963564, 2950673, 2948284, 2957774, 2934114, 2939003, 2943223, 2964214, 2947893, 2958304, 2947815, 2941983, 2939034, 2948184, 2943683, 2928682, 2944213, 2972453, 2950243, 2946943, 4916506, 2965023, 2958134, 3031545, 3000675, 2946933, 3035204, 2957384, 2963133, 2964123, 2970353, 2938763, 3017866, 2993634, 2960124, 2947333, 2958814, 2949683, 3029824, 2945983, 2939124, 2949734, 2945764, 2961414];[1794391, 1781080, 1769680, 1769051, 1769500, 1774410, 1763500, 1772770, 1769830, 1768460, 1759420, 1759360, 1760790, 1772290, 1761000, 1774241, 1772501, 1767610, 1768530, 1770100, 1774100, 1751019, 1763240, 1773330, 1756080, 1759210, 1776550, 1772930, 1767251, 1815001, 1810901, 1766790, 1777150, 1767050, 1775210, 1767350, 1772860, 1766680, 1759351, 1798130, 1770700, 1771100, 1774950, 1763090, 1767290, 1770110, 1757140, 1764210, 1768630, 1768350];[432634, 432115, 429095, 432785, 432685, 442905, 448315, 426594, 431825, 441615, 432055, 427455, 429955, 434285, 432785, 433755, 426085, 426684, 426235, 431165, 432725, 424795, 426144, 439905, 438834, 436495, 432175, 433955, 430294, 446205, 446406, 430245, 432965, 436885, 433775, 435154, 447165, 434775, 437235, 431475, 433335, 430284, 427775, 436665, 447075, 433395, 444685, 430055, 430395, 447535];[756969, 753148, 756569, 750269, 744688, 743338, 751749, 751309, 746629, 747699, 742639, 752188, 752478, 757639, 754108, 750308, 749229, 747689, 744269, 746919, 736858, 752868, 754829, 759218, 755329, 751238, 2707781, 758138, 760589, 770339, 743368, 749898, 825089, 753449, 754148, 761619, 750328, 737308, 821280, 764029, 756089, 745949, 756089, 749928, 815459, 742478, 737299, 755469, 746739, 745529]
T600V1000_0.9;600;1000;2;0.9;experiment_data/medium/T600V1000_0.9_T.csv;experiment_data/medium/T600V1000_0.9_V.csv;2211;3161;Baseline;[1, 1, 1, 1, 1, 1, 1, 1, 1, 1, 1, 1, 1, 1, 1, 1, 1, 1, 1, 1, 1, 1, 1, 1, 1, 1, 1, 1, 1, 1, 1, 1, 1, 1, 1, 1, 1, 1, 1, 1, 1, 1, 1, 1, 1, 1, 1, 1, 1, 1];[1941333, 1937612, 1930901, 1931322, 1936772, 1927191, 1927672, 1947883, 1939104, 1935661, 1922553, 1926281, 1929801, 1932593, 1917921, 1927581, 1931432, 1935462, 1920852, 1935502, 1922481, 1925762, 1923122, 1926432, 1926871, 1936903, 1917741, 1937432, 1935321, 1924023, 1933941, 1921322, 1928063, 1934372, 1941043, 1935572, 1923092, 1929272, 1935612, 1927343, 1923272, 1930231, 1932952, 1932292, 1937063, 1944993, 1934691, 1926882, 1931281, 3365409];[993682, 986062, 984441, 982791, 987541, 985761, 990421, 998862, 991862, 991681, 984012, 989691, 983291, 993852, 979521, 991021, 995291, 994081, 988821, 989411, 987711, 989371, 987122, 981661, 989131, 992792, 982811, 995381, 990121, 986742, 995501, 989661, 987642, 995221, 998392, 990782, 983391, 986681, 998601, 994162, 982321, 991151, 995681, 994911, 990772, 997812, 992231, 985451, 996591, 985761];[233442, 238952, 234052, 233823, 234463, 242342, 238593, 234483, 234003, 240292, 234502, 234393, 247522, 239373, 232832, 234802, 234903, 233513, 233373, 234423, 232102, 233513, 239552, 240273, 234992, 235703, 232802, 237013, 234463, 236983, 238282, 238383, 234883, 236423, 234702, 243153, 235822, 239083, 234553, 240103, 238213, 241363, 236253, 235273, 238613, 239843, 238203, 242573, 240802, 233543];[714209, 712598, 712408, 714708, 714768, 699088, 698658, 714538, 713239, 703688, 704039, 702197, 698988, 699368, 705568, 701758, 701238, 707868, 698658, 711668, 702668, 702878, 696448, 704498, 702748, 708408, 702128, 705038, 710737, 700298, 700158, 693278, 705538, 702728, 707949, 701637, 703879, 703508, 702458, 693078, 702738, 697717, 701018, 702108, 707678, 707338, 704257, 698858, 693888, 2146105]
T1300V1000_0.6;1300;1000;2;0.6;experiment_data/medium/T1300V1000_0.6_T.csv;experiment_data/medium/T1300V1000_0.6_V.csv;4792;3344;Baseline;[1, 1, 1, 1, 1, 1, 1, 1, 1, 1, 1, 1, 1, 1, 1, 1, 1, 1, 1, 1, 1, 1, 1, 1, 1, 1, 1, 1, 1, 1, 1, 1, 1, 1, 1, 1, 1, 1, 1, 1, 1, 1, 1, 1, 1, 1, 1, 1, 1, 1];[3461619, 3445559, 3563802, 3544610, 3448119, 3423209, 3440409, 3435409, 3529620, 3436159, 3446020, 3430168, 3469569, 3434369, 3525640, 3549270, 3555920, 3438009, 3444359, 3431350, 3495609, 3462179, 3481340, 3417418, 3491779, 3507120, 3536860, 3455629, 3469479, 3644131, 3648541, 3554851, 3540649, 3455709, 3446849, 3459199, 3472840, 3441879, 3522210, 3451869, 3428289, 3432098, 3479750, 3459699, 3550640, 3474811, 3472399, 3448580, 3483690, 3570402];[2134194, 2132904, 2126485, 2222335, 2132834, 2126644, 2128804, 2132004, 2132914, 2127334, 2133155, 2124854, 2151434, 2129974, 2137225, 2128314, 2239045, 2135105, 2128874, 2133565, 2121224, 2120084, 2186075, 2131174, 2150354, 2209855, 2158745, 2148764, 2134854, 2146444, 2276006, 2239326, 2135404, 2138634, 2141554, 2138884, 2158945, 2139744, 2145134, 2132864, 2123874, 2126894, 2147585, 2136904, 2160764, 2134565, 2146974, 2128275, 2137044, 2219976];[520226, 529656, 543336, 538886, 519376, 510386, 520516, 526406, 526316, 516156, 517916, 513516, 533386, 520936, 523126, 581666, 520786, 515956, 517926, 511716, 513725, 542306, 513966, 508106, 541107, 515416, 523256, 523576, 530286, 645617, 541996, 520156, 530066, 517265, 526226, 521576, 522786, 524366, 522166, 532016, 518246, 516315, 536026, 522736, 520916, 545147, 522756, 522106, 560277, 532526];[807199, 782999, 893981, 783389, 795909, 786179, 791089, 776999, 870390, 792669, 794949, 791798, 784749, 783459, 865289, 839290, 796089, 786948, 797559, 786069, 860660, 799789, 781299, 778138, 800318, 781849, 854859, 783289, 804339, 852070, 830539, 795369, 875179, 799810, 779069, 798739, 791109, 777769, 854910, 786989, 786169, 788889, 796139, 800059, 868960, 795099, 802669, 798199, 786369, 817900]
T900V1000_0.9;900;1000;2;0.9;experiment_data/medium/T900V1000_0.9_T.csv;experiment_data/medium/T900V1000_0.9_V.csv;3293;3395;Baseline;[1, 1, 1, 1, 1, 1, 1, 1, 1, 1, 1, 1, 1, 1, 1, 1, 1, 1, 1, 1, 1, 1, 1, 1, 1, 1, 1, 1, 1, 1, 1, 1, 1, 1, 1, 1, 1, 1, 1, 1, 1, 1, 1, 1, 1, 1, 1, 1, 1, 1];[2654430, 2603110, 2621628, 2616890, 2602550, 2607390, 2609161, 2616240, 2600040, 2620630, 2641819, 2612341, 2601510, 2601660, 2599449, 2604950, 2613730, 2620550, 2603550, 2608700, 2599670, 2620290, 2649840, 2602950, 2591130, 2624229, 2620000, 2603009, 2609649, 2615959, 2592030, 2607589, 2610560, 2598310, 2607580, 2589299, 2591759, 2608270, 2610599, 2603020, 2602639, 2601910, 2597588, 2600150, 2614030, 2601578, 2604531, 4434421, 2621980, 2604710];[1518367, 1476957, 1491096, 1485437, 1475647, 1483927, 1487528, 1490637, 1471997, 1481327, 1519267, 1477777, 1475127, 1471167, 1474507, 1483487, 1483017, 1489347, 1482877, 1483607, 1469597, 1479247, 1517467, 1473727, 1468657, 1481846, 1485747, 1477217, 1489097, 1487997, 1475167, 1481947, 1480617, 1468957, 1472077, 1471396, 1473247, 1484627, 1487397, 1483917, 1480316, 1479607, 1471936, 1473427, 1485377, 1476666, 1486908, 1484047, 1495587, 1485887];[378605, 369315, 370224, 360234, 367424, 360034, 363124, 358114, 365474, 372514, 362104, 372585, 374114, 376784, 359754, 359264, 361975, 358104, 361274, 358894, 363915, 369114, 362595, 360484, 362584, 384655, 376665, 371024, 361374, 359144, 356505, 357913, 356484, 358744, 363004, 361734, 365084, 362944, 361184, 358474, 361524, 356784, 359433, 365324, 374245, 362304, 356124, 363084, 359574, 357204];[757458, 756838, 760308, 771219, 759479, 763429, 758509, 767489, 762569, 766789, 760448, 761979, 752269, 753709, 765188, 762199, 768738, 773099, 759399, 766199, 766158, 771929, 769778, 768739, 759889, 757728, 757588, 754768, 759178, 768818, 760358, 767729, 773459, 770609, 772499, 756169, 753428, 760699, 762018, 760629, 760799, 765519, 766219, 761399, 754408, 762608, 761499, 2587290, 766819, 761619]
T1400V1000_0.9;1400;1000;2;0.9;experiment_data/medium/T1400V1000_0.9_T.csv;experiment_data/medium/T1400V1000_0.9_V.csv;5005;3754;Baseline;[1, 1, 1, 1, 1, 1, 1, 1, 1, 1, 1, 1, 1, 1, 1, 1, 1, 1, 1, 1, 1, 1, 1, 1, 1, 1, 1, 1, 1, 1, 1, 1, 1, 1, 1, 1, 1, 1, 1, 1, 1, 1, 1, 1, 1, 1, 1, 1, 1, 1];[3832174, 3801623, 3817284, 3818683, 3798283, 3821193, 3839434, 3869043, 3825324, 3851324, 3880903, 3876333, 3947545, 3813393, 3816783, 3812434, 3829692, 3809863, 3841984, 3910155, 4084036, 3908184, 3846665, 3826916, 3866507, 3840425, 3830516, 3799356, 3822177, 3821616, 3816686, 3803806, 3797795, 6057982, 3867177, 3834766, 3829455, 3812897, 3863927, 4025049, 3823466, 3807926, 3820236, 3855266, 3819636, 3880786, 3821896, 3858226, 3932367, 3808126];[2421078, 2407317, 2429828, 2418907, 2403787, 2417367, 2436968, 2461978, 2434338, 2431588, 2467898, 2423207, 2544849, 2415737, 2417827, 2420738, 2434377, 2419377, 2429128, 2423798, 2658390, 2486588, 2442199, 2414449, 2439090, 2442669, 2438919, 2411880, 2419429, 2417009, 2401759, 2414889, 2405409, 2416498, 2452070, 2429379, 2422729, 2410280, 2430080, 2546131, 2420609, 2418019, 2424769, 2442599, 2413089, 2404889, 2421409, 2420849, 2522610, 2415409];[543846, 542826, 536406, 553227, 540337, 543416, 547006, 550226, 539856, 559427, 540435, 564246, 544747, 541736, 548096, 539716, 542796, 541806, 551297, 570257, 545406, 534636, 544866, 554387, 561236, 545586, 545817, 534156, 541187, 545956, 544256, 545357, 544426, 539116, 549526, 542087, 545196, 549967, 560397, 533866, 547117, 535966, 541197, 551257, 542757, 543066, 535727, 568696, 555667, 538976];[867250, 851480, 851050, 846549, 854159, 860410, 855460, 856839, 851130, 860309, 872570, 888880, 857949, 855920, 850860, 851980, 852519, 848680, 861559, 916100, 880240, 886960, 859600, 858080, 866181, 852170, 845780, 853320, 861561, 858651, 870671, 843560, 847960, 3102368, 865581, 863300, 861530, 852650, 873450, 945052, 855740, 853941, 854270, 861410, 863790, 932831, 864760, 868681, 854090, 853741]
T1200V1000_0.5;1200;1000;2;0.5;experiment_data/medium/T1200V1000_0.5_T.csv;experiment_data/medium/T1200V1000_0.5_V.csv;4410;3202;Baseline;[1, 1, 1, 1, 1, 1, 1, 1, 1, 1, 1, 1, 1, 1, 1, 1, 1, 1, 1, 1, 1, 1, 1, 1, 1, 1, 1, 1, 1, 1, 1, 1, 1, 1, 1, 1, 1, 1, 1, 1, 1, 1, 1, 1, 1, 1, 1, 1, 1, 1];[3279929, 3167668, 3189889, 3158828, 3183059, 3166378, 3180957, 3155669, 3179208, 3172578, 3175628, 3163327, 3173728, 3184158, 3170528, 3332090, 3307660, 3151178, 3171949, 3406961, 3295870, 3183569, 3193517, 3162899, 3185718, 3179967, 3154677, 3175808, 3165437, 3177668, 3171717, 3187448, 3159408, 5333094, 3183118, 3204628, 3225229, 3175168, 3223719, 3245250, 3182918, 3182829, 3235608, 3194308, 3187997, 3258549, 3171029, 3188688, 3195418, 3172628];[2034394, 1952323, 1964974, 1951374, 1955274, 1956483, 1955853, 1948834, 1959033, 1958694, 1948424, 1955253, 1956294, 1975473, 1955503, 1960403, 2093735, 1944363, 1959644, 1944393, 2080515, 1970924, 1981153, 1958644, 1957143, 1960653, 1950173, 1951133, 1959403, 1960383, 1962243, 1957343, 1954714, 1960434, 1980533, 1961903, 2012964, 1962054, 1984834, 1958734, 1967684, 1960644, 2020414, 1986224, 1963543, 1965103, 1960824, 1981914, 1978364, 1968013];[500196, 484896, 485856, 480136, 487636, 478216, 484785, 478136, 488746, 480615, 492606, 482705, 491056, 479966, 490706, 578947, 491496, 481056, 490556, 637088, 482356, 490957, 483265, 482896, 490376, 483946, 480226, 495886, 479866, 492356, 482176, 497766, 479175, 494556, 487406, 502536, 486316, 486495, 519206, 488817, 481695, 487066, 486846, 492446, 486556, 488686, 486526, 485886, 495036, 482256];[745339, 730449, 739059, 727318, 740149, 731679, 740319, 728699, 731429, 733269, 734598, 725369, 726378, 728719, 724319, 792740, 722429, 725759, 721749, 825480, 732999, 721688, 729099, 721359, 738199, 735368, 724278, 728789, 726168, 724929, 727298, 732339, 725519, 2878104, 715179, 740189, 725949, 726619, 719679, 797699, 733539, 735119, 728348, 715638, 737898, 804760, 723679, 720888, 722018, 722359]
T800V1000_0.7;800;1000;2;0.7;experiment_data/medium/T800V1000_0.7_T.csv;experiment_data/medium/T800V1000_0.7_V.csv;2931;3156;Baseline;[1, 1, 1, 1, 1, 1, 1, 1, 1, 1, 1, 1, 1, 1, 1, 1, 1, 1, 1, 1, 1, 1, 1, 1, 1, 1, 1, 1, 1, 1, 1, 1, 1, 1, 1, 1, 1, 1, 1, 1, 1, 1, 1, 1, 1, 1, 1, 1, 1, 1];[2326386, 2303217, 2382927, 2313216, 2335796, 2316957, 2322016, 2319817, 2325356, 2382167, 2327897, 2326476, 2322717, 2326525, 2322447, 2382617, 2342577, 2351637, 2346997, 2321696, 2325896, 2330377, 2377207, 2315926, 2323926, 2317707, 2331097, 2323497, 2315556, 2348357, 2320617, 2330616, 2331366, 2324646, 2323736, 2327806, 2330207, 2316927, 2324386, 2334637, 2341236, 2332376, 2323997, 2322845, 2321816, 2337376, 2336867, 2363287, 2361867, 2343206];[1312305, 1287735, 1371205, 1298394, 1318355, 1298675, 1301184, 1298315, 1306855, 1366676, 1309645, 1301765, 1302165, 1305234, 1302675, 1308234, 1317865, 1331135, 1321905, 1309455, 1303735, 1310895, 1307844, 1299785, 1301575, 1301735, 1306355, 1307485, 1301595, 1325565, 1309275, 1318515, 1317865, 1309925, 1309125, 1314635, 1317115, 1299445, 1310345, 1306685, 1313175, 1316075, 1305665, 1308124, 1311305, 1319735, 1324015, 1307925, 1349566, 1313115];[325424, 328034, 327404, 335824, 330564, 326444, 326534, 326324, 340754, 326723, 324734, 327733, 327454, 339273, 327114, 329514, 325694, 334464, 339454, 326743, 325783, 326054, 386335, 327654, 325533, 327754, 340334, 331044, 324984, 325644, 325654, 331263, 327024, 327423, 329453, 331664, 330304, 328114, 325823, 325674, 326683, 331793, 328484, 326674, 324003, 331103, 324174, 340984, 330174, 327513];[688657, 687448, 684318, 678998, 686877, 691838, 694298, 695178, 677747, 688768, 693518, 696978, 693098, 682018, 692658, 744869, 699018, 686038, 685638, 685498, 696378, 693428, 683028, 688487, 696818, 688218, 684408, 684968, 688977, 697148, 685688, 680838, 686477, 687298, 685158, 681507, 682788, 689368, 688218, 702278, 701378, 684508, 689848, 688047, 686508, 686538, 688678, 714378, 682127, 702578]
T900V1000_1.0;900;1000;2;1.0;experiment_data/medium/T900V1000_1.0_T.csv;experiment_data/medium/T900V1000_1.0_V.csv;3317;3469;Baseline;[1, 1, 1, 1, 1, 1, 1, 1, 1, 1, 1, 1, 1, 1, 1, 1, 1, 1, 1, 1, 1, 1, 1, 1, 1, 1, 1, 1, 1, 1, 1, 1, 1, 1, 1, 1, 1, 1, 1, 1, 1, 1, 1, 1, 1, 1, 1, 1, 1, 1];[2633980, 2615609, 2639020, 2639550, 2636440, 2637350, 2649470, 2645419, 2679540, 2626510, 2646471, 2630550, 2642330, 2636050, 2646180, 2642711, 2622830, 2643530, 2633840, 2636630, 2664931, 2687051, 2620970, 2630430, 2637581, 2627951, 2639939, 2648370, 2641740, 2624000, 2645320, 2626030, 2639300, 2649570, 2635350, 2637340, 2619490, 2628940, 2626190, 4474721, 2678420, 2631020, 2643630, 2622429, 2636500, 2708511, 2615970, 2650300, 2641530, 2645431];[1475936, 1458026, 1486927, 1480397, 1481107, 1488517, 1495948, 1490317, 1527827, 1481697, 1496428, 1487587, 1495377, 1490867, 1491827, 1489317, 1481267, 1479017, 1484167, 1486457, 1487977, 1531968, 1477967, 1477397, 1479207, 1478368, 1494197, 1494957, 1481037, 1484497, 1495137, 1483457, 1494927, 1501527, 1492217, 1489447, 1478087, 1487497, 1487797, 1487667, 1520127, 1485907, 1488127, 1478676, 1489487, 1486837, 1476777, 1488897, 1482486, 1495088];[364735, 367554, 377034, 380214, 376814, 363834, 362053, 364104, 362655, 362674, 362214, 362474, 365344, 362044, 362104, 362205, 362954, 371324, 369224, 369764, 373774, 362584, 363374, 361374, 368674, 371264, 366084, 377194, 382265, 359084, 361804, 359984, 362774, 363064, 362614, 357594, 361914, 368834, 366595, 364875, 371584, 364894, 366914, 362964, 366955, 373354, 364784, 366144, 365595, 360604];[793309, 790029, 775059, 778939, 778519, 784999, 791469, 790998, 789058, 782139, 787829, 780489, 781609, 783139, 792249, 791189, 778609, 793189, 780449, 780409, 803180, 792499, 779629, 791659, 789700, 778319, 779658, 776219, 778438, 780419, 788379, 782589, 781599, 784979, 780519, 790299, 779489, 772609, 771798, 2622179, 786709, 780219, 788589, 780789, 780058, 848320, 774409, 795259, 793449, 789739]
T1000V1000_0.0;1000;1000;2;0.0;experiment_data/medium/T1000V1000_0.0_T.csv;experiment_data/medium/T1000V1000_0.0_V.csv;3672;2694;Baseline;[1, 1, 1, 1, 1, 1, 1, 1, 1, 1, 1, 1, 1, 1, 1, 1, 1, 1, 1, 1, 1, 1, 1, 1, 1, 1, 1, 1, 1, 1, 1, 1, 1, 1, 1, 1, 1, 1, 1, 1, 1, 1, 1, 1, 1, 1, 1, 1, 1, 1];[2635820, 2642371, 2611620, 2638260, 2639530, 2650910, 2628450, 2626341, 2643381, 2625839, 2636420, 2624299, 2634050, 2666020, 2644910, 2636190, 2643100, 2639590, 2635120, 2630440, 2644489, 2661021, 2653959, 2634790, 2633780, 2634519, 2651960, 2643090, 2650551, 2637001, 2626649, 2639430, 2642270, 2633311, 2641111, 2645861, 2630540, 4456131, 2637500, 2640820, 2636520, 2642920, 2636571, 2718171, 2647460, 2639040, 2657791, 2635959, 2642010, 2706131];[1643769, 1639779, 1622248, 1644519, 1649669, 1646378, 1635608, 1637379, 1653850, 1636248, 1646009, 1636918, 1645679, 1662048, 1647989, 1641789, 1644849, 1650449, 1640509, 1644549, 1650388, 1670639, 1648188, 1641949, 1639529, 1641918, 1649729, 1642639, 1654159, 1647559, 1640058, 1647079, 1654648, 1645249, 1651029, 1653059, 1634389, 1640228, 1645889, 1650069, 1647209, 1655829, 1646209, 1647899, 1647089, 1644759, 1656239, 1644088, 1643619, 1647969];[399714, 413165, 394145, 394754, 395994, 396525, 406855, 402045, 399594, 400114, 396444, 393284, 395354, 398365, 409124, 405234, 402285, 396354, 395845, 395084, 404954, 399775, 416304, 394034, 396964, 397135, 398415, 410025, 402065, 400725, 392535, 397804, 393995, 394735, 400025, 402935, 400914, 393895, 393985, 395324, 400154, 398154, 396465, 398305, 395044, 405125, 412955, 396755, 404764, 391935];[592337, 589427, 595227, 598987, 593867, 608007, 585987, 586917, 589937, 589477, 593967, 594097, 593017, 605607, 587797, 589167, 595966, 592787, 598766, 590807, 589147, 590607, 589467, 598807, 597287, 595466, 603816, 590426, 594327, 588717, 594056, 594547, 593627, 593327, 590057, 589867, 595237, 2422008, 597626, 595427, 589157, 588937, 593897, 671967, 605327, 589156, 588597, 595116, 593627, 666227]
T1000V1000_0.6;1000;1000;2;0.6;experiment_data/medium/T1000V1000_0.6_T.csv;experiment_data/medium/T1000V1000_0.6_V.csv;3677;3169;Baseline;[1, 1, 1, 1, 1, 1, 1, 1, 1, 1, 1, 1, 1, 1, 1, 1, 1, 1, 1, 1, 1, 1, 1, 1, 1, 1, 1, 1, 1, 1, 1, 1, 1, 1, 1, 1, 1, 1, 1, 1, 1, 1, 1, 1, 1, 1, 1, 1, 1, 1];[2775351, 2770042, 2769922, 2755142, 2843231, 2765162, 2762921, 2791752, 2747122, 2769710, 2812241, 2774442, 2760832, 2766751, 2768092, 2766262, 2836652, 2766411, 2759242, 2776101, 2779372, 2751941, 2837963, 2774512, 2753601, 2782621, 2771162, 2764461, 2842743, 2762752, 2764783, 2759832, 2777972, 2757252, 2829393, 2788061, 2753730, 2770043, 2812222, 2900933, 2863343, 2785273, 2801712, 2766621, 2757091, 2768051, 2780451, 2780062, 2760811, 2773741];[1628198, 1633659, 1630489, 1624009, 1631488, 1630269, 1629928, 1630199, 1618679, 1626848, 1615948, 1634899, 1627379, 1631008, 1635899, 1631159, 1635349, 1638289, 1625409, 1643688, 1634989, 1618458, 1638729, 1633389, 1626078, 1636538, 1636269, 1633248, 1632079, 1631789, 1636259, 1627829, 1641869, 1628419, 1626889, 1640998, 1622078, 1631439, 1653779, 1728290, 1666159, 1635439, 1630378, 1633188, 1628778, 1628178, 1640118, 1643169, 1628708, 1633338];[401364, 408275, 402344, 398374, 410004, 398275, 407515, 426325, 395734, 412174, 396854, 397415, 399654, 398465, 403485, 396324, 399094, 401994, 397794, 403425, 402884, 398255, 403405, 397044, 396925, 410925, 400154, 406684, 399565, 400475, 396705, 398575, 404504, 395545, 397295, 414725, 398414, 396735, 410335, 414245, 396175, 404335, 429685, 395184, 399855, 397665, 400425, 402575, 393774, 410935];[745789, 728108, 737089, 732759, 801739, 736618, 725478, 735228, 732709, 730688, 799439, 742128, 733799, 737278, 728708, 738779, 802209, 726128, 736039, 728988, 741499, 735228, 795829, 744079, 730598, 735158, 734739, 724529, 811099, 730488, 731819, 733428, 731599, 733288, 805209, 732338, 733238, 741869, 748108, 758398, 801009, 745499, 741649, 738249, 728458, 742208, 739908, 734318, 738329, 729468]
T1100V1000_0.8;1100;1000;2;0.8;experiment_data/medium/T1100V1000_0.8_T.csv;experiment_data/medium/T1100V1000_0.8_V.csv;4035;3445;Baseline;[1, 1, 1, 1, 1, 1, 1, 1, 1, 1, 1, 1, 1, 1, 1, 1, 1, 1, 1, 1, 1, 1, 1, 1, 1, 1, 1, 1, 1, 1, 1, 1, 1, 1, 1, 1, 1, 1, 1, 1, 1, 1, 1, 1, 1, 1, 1, 1, 1, 1];[2984214, 2998594, 3037115, 3008035, 3071105, 3017144, 3075746, 3032075, 3035495, 3039915, 3014525, 3004705, 3008004, 2997004, 2993955, 3082585, 3039646, 3042854, 3041534, 3067755, 2999695, 3007445, 3013925, 3078025, 2998135, 3012245, 3095615, 3026595, 3088775, 3033324, 3004544, 3068095, 3048535, 3060205, 3074555, 2998555, 3001025, 3022195, 2997894, 3049954, 3047386, 3055346, 3044464, 3033215, 4960425, 3228157, 3127836, 3025795, 3012204, 3080625];[1761830, 1781910, 1789211, 1789201, 1850041, 1791400, 1848291, 1813681, 1819891, 1832341, 1792971, 1781300, 1782001, 1778630, 1782631, 1850361, 1786951, 1803520, 1824750, 1843211, 1792961, 1799201, 1807461, 1830351, 1788441, 1786491, 1857541, 1787430, 1830300, 1818540, 1791210, 1842501, 1798911, 1845681, 1838171, 1786811, 1789741, 1816571, 1788880, 1820280, 1800091, 1811901, 1814760, 1788511, 1820990, 1796971, 1898232, 1818171, 1785520, 1783380];[439955, 431855, 440275, 443325, 444535, 448575, 441756, 433525, 433684, 430976, 435245, 438105, 439545, 448145, 439435, 455865, 439525, 442175, 430955, 441075, 429465, 431375, 431025, 432915, 432695, 437085, 460385, 452096, 434955, 433475, 436285, 441785, 448205, 436265, 435885, 433685, 434945, 429875, 432856, 429225, 469506, 459416, 453635, 456715, 437785, 526146, 437775, 431925, 436315, 464766];[782429, 784829, 807629, 775509, 776529, 777169, 785699, 784869, 781920, 776598, 786309, 785300, 786458, 770229, 771889, 776359, 813170, 797159, 785829, 783469, 777269, 776869, 775439, 814759, 776999, 788669, 777689, 787069, 823520, 781309, 777049, 783809, 801419, 778259, 800499, 778059, 776339, 775749, 776158, 800449, 777789, 784029, 776069, 787989, 2701650, 905040, 791829, 775699, 790369, 832479]
T1400V1000_1.0;1400;1000;2;1.0;experiment_data/medium/T1400V1000_1.0_T.csv;experiment_data/medium/T1400V1000_1.0_V.csv;4864;3825;Baseline;[1, 1, 1, 1, 1, 1, 1, 1, 1, 1, 1, 1, 1, 1, 1, 1, 1, 1, 1, 1, 1, 1, 1, 1, 1, 1, 1, 1, 1, 1, 1, 1, 1, 1, 1, 1, 1, 1, 1, 1, 1, 1, 1, 1, 1, 1, 1, 1, 1, 1];[3778673, 3712732, 3682332, 3697012, 3686833, 3730522, 3707803, 3761174, 3698921, 3715922, 3649842, 3674752, 3687862, 3684473, 3685652, 3726682, 3767823, 3831404, 3685642, 3676352, 3663133, 3666731, 3687502, 3734153, 3706173, 3702163, 3686503, 3670561, 3672792, 3708172, 3702163, 3690942, 3761943, 3664372, 3679972, 3660432, 3670282, 3700712, 3675011, 3723353, 3691803, 3697403, 3658651, 3717973, 3700183, 3730633, 3713493, 3682492, 3724623, 3724163];[2348977, 2312856, 2291326, 2326086, 2296566, 2342196, 2321347, 2347397, 2326026, 2291226, 2278136, 2286196, 2291116, 2288557, 2285446, 2312276, 2322347, 2457568, 2285646, 2290896, 2280777, 2278366, 2283376, 2313467, 2317747, 2319287, 2282426, 2280866, 2286116, 2321436, 2315487, 2276976, 2325606, 2277956, 2270136, 2278326, 2286386, 2281966, 2283886, 2318577, 2307997, 2319737, 2281186, 2336737, 2286606, 2318307, 2329057, 2286026, 2334027, 2328277];[556496, 527746, 528476, 517506, 525486, 530666, 522276, 521696, 519746, 528646, 518866, 529426, 536247, 538636, 528816, 532146, 555126, 517246, 539866, 519176, 517316, 532736, 519056, 534616, 526206, 524886, 521766, 528596, 528166, 525056, 536626, 526856, 530566, 522646, 531386, 526546, 522897, 523776, 534266, 550276, 526706, 520916, 523346, 525546, 531946, 538506, 524416, 544926, 528096, 532446];[873200, 872130, 862530, 853420, 864781, 857660, 864180, 892081, 853149, 896050, 852840, 859130, 860499, 857280, 871390, 882260, 890350, 856590, 860130, 866280, 865040, 855629, 885070, 886070, 862220, 857990, 882311, 861099, 858510, 861680, 850050, 887110, 905771, 863770, 878450, 855560, 860999, 894970, 856859, 854500, 857100, 856750, 854119, 855690, 881631, 873820, 860020, 851540, 862500, 863440]
T1500V1000_0.0;1500;1000;2;0.0;experiment_data/medium/T1500V1000_0.0_T.csv;experiment_data/medium/T1500V1000_0.0_V.csv;5539;2656;Baseline;[1, 1, 1, 1, 1, 1, 1, 1, 1, 1, 1, 1, 1, 1, 1, 1, 1, 1, 1, 1, 1, 1, 1, 1, 1, 1, 1, 1, 1, 1, 1, 1, 1, 1, 1, 1, 1, 1, 1, 1, 1, 1, 1, 1, 1, 1, 1, 1, 1, 1];[4379740, 4435580, 4395570, 4359780, 4360800, 4409451, 4448842, 4412470, 4406611, 4356420, 4397060, 4354850, 4383570, 4355340, 4401310, 4377149, 4350600, 6447624, 4498892, 4393110, 4406272, 4444440, 4606563, 4656554, 4667333, 4372520, 4361530, 4405310, 4380940, 4463331, 4396631, 4418300, 4337620, 4347979, 4398089, 4515002, 4347570, 4400700, 4386480, 4426881, 4464711, 4525802, 4403551, 4345210, 4353450, 4384570, 4441800, 4470772, 4385899, 4429491];[3160786, 3228187, 3199666, 3165067, 3164106, 3195487, 3224857, 3184876, 3166087, 3166236, 3194387, 3167587, 3163486, 3165387, 3206557, 3182936, 3158636, 3168666, 3272758, 3199537, 3174007, 3158176, 3424829, 3215467, 3419419, 3163866, 3155376, 3226277, 3193246, 3172236, 3173457, 3210866, 3156886, 3164016, 3214786, 3214587, 3164137, 3174556, 3159576, 3237927, 3239337, 3220037, 3190417, 3165076, 3165546, 3159716, 3223127, 3206347, 3197066, 3240547];[629268, 628927, 622898, 618696, 627937, 632737, 626238, 628177, 626597, 624747, 626637, 625476, 652918, 627257, 633457, 625197, 622397, 619888, 642477, 622277, 618488, 680177, 626477, 741959, 640377, 628297, 636187, 627707, 630977, 647558, 654548, 651608, 626997, 631007, 630707, 626198, 624277, 623317, 625968, 628547, 636437, 653668, 619527, 620838, 619598, 628627, 633937, 628117, 633987, 631357];[589686, 578466, 573006, 576017, 568757, 581227, 597747, 599417, 613927, 565437, 576036, 561787, 567166, 562696, 561296, 569016, 569567, 2659070, 583657, 571296, 613777, 606087, 555257, 699128, 607537, 580357, 569967, 551326, 556717, 643537, 568626, 555826, 553737, 552956, 552596, 674217, 559156, 602827, 600936, 560407, 588937, 652097, 593607, 559296, 568306, 596227, 584736, 636308, 554846, 557587]
T1400V1000_0.5;1400;1000;2;0.5;experiment_data/medium/T1400V1000_0.5_T.csv;experiment_data/medium/T1400V1000_0.5_V.csv;5125;3293;Baseline;[1, 1, 1, 1, 1, 1, 1, 1, 1, 1, 1, 1, 1, 1, 1, 1, 1, 1, 1, 1, 1, 1, 1, 1, 1, 1, 1, 1, 1, 1, 1, 1, 1, 1, 1, 1, 1, 1, 1, 1, 1, 1, 1, 1, 1, 1, 1, 1, 1, 1];[3791113, 3827273, 3899084, 3832844, 3740403, 3781984, 3759542, 3797944, 3919386, 3752213, 4013896, 3855625, 3829894, 3965805, 3811034, 3752953, 3780384, 3752033, 3760853, 3724353, 3766633, 3804924, 3907155, 3976526, 3874204, 3725643, 3721522, 3779034, 3737152, 3860124, 3894714, 3822743, 3864954, 3835075, 3884545, 3778304, 3761743, 3822854, 3804733, 3748204, 3839575, 3983945, 3818115, 3886175, 3903985, 3965165, 3825524, 3774233, 3774873, 3744073];[2382437, 2468468, 2522908, 2484038, 2400957, 2417998, 2417577, 2409408, 2558290, 2422538, 2632730, 2482459, 2458638, 2592879, 2434038, 2413918, 2412148, 2433088, 2433348, 2396688, 2425858, 2459858, 2517799, 2613540, 2540089, 2404208, 2391337, 2423698, 2403607, 2427948, 2562169, 2472618, 2511339, 2475659, 2556579, 2414678, 2439208, 2471898, 2476168, 2424118, 2422518, 2639270, 2451289, 2523269, 2481689, 2549139, 2497639, 2440248, 2423868, 2404408];[608947, 579746, 588237, 554526, 557557, 572976, 568656, 603897, 560077, 558277, 575447, 594897, 582666, 553697, 569737, 572486, 560187, 558276, 567476, 553216, 563836, 561717, 557246, 578417, 569186, 557816, 553016, 551856, 557936, 608437, 554206, 562026, 561856, 574717, 552937, 584147, 555196, 564787, 553756, 556607, 617518, 572067, 574957, 567557, 578157, 615827, 554076, 549036, 584066, 564386];[799729, 779059, 787939, 794280, 781889, 791010, 773309, 784639, 801019, 771398, 805719, 778269, 788590, 819229, 807259, 766549, 808049, 760669, 760029, 774449, 776939, 783349, 832110, 784569, 764929, 763619, 777169, 803480, 775609, 823739, 778339, 788099, 791759, 784699, 775029, 779479, 767339, 786169, 774809, 767479, 799539, 772608, 791869, 795349, 844139, 800199, 773809, 784949, 766939, 775279]
T1500V1000_0.1;1500;1000;2;0.1;experiment_data/medium/T1500V1000_0.1_T.csv;experiment_data/medium/T1500V1000_0.1_V.csv;5524;2813;Baseline;[1, 1, 1, 1, 1, 1, 1, 1, 1, 1, 1, 1, 1, 1, 1, 1, 1, 1, 1, 1, 1, 1, 1, 1, 1, 1, 1, 1, 1, 1, 1, 1, 1, 1, 1, 1, 1, 1, 1, 1, 1, 1, 1, 1, 1, 1, 1, 1, 1, 1];[3824433, 3787324, 3812243, 3796383, 3792583, 3924174, 3834903, 3825953, 3852434, 3805174, 3925574, 3895064, 3870325, 3803355, 3826374, 3798743, 3810985, 3904035, 3895225, 3821805, 3821643, 3903985, 3840443, 4032616, 3843025, 3820483, 3835714, 3843483, 3789984, 3869505, 3788664, 3825663, 3828743, 3833934, 3816712, 3869254, 3781003, 3837304, 3811813, 3786862, 3813682, 3932795, 4011146, 4321379, 4280749, 3821804, 3900683, 4052136, 3828334, 3878834];[2567199, 2551029, 2568309, 2567939, 2562049, 2578799, 2599000, 2568109, 2619290, 2561730, 2683640, 2575269, 2637591, 2571300, 2599199, 2569449, 2574750, 2574049, 2631600, 2584770, 2582309, 2641120, 2568359, 2698811, 2593020, 2587919, 2612430, 2618599, 2565850, 2551070, 2550689, 2589969, 2583519, 2607960, 2590829, 2556019, 2552579, 2602170, 2586309, 2553539, 2578959, 2582949, 2770672, 2584869, 3048895, 2588510, 2587539, 2732601, 2555439, 2626700];[637047, 629448, 631927, 624007, 631788, 633787, 628507, 629237, 627208, 631737, 630847, 638078, 629947, 618967, 622297, 629228, 629068, 636418, 666368, 625577, 635047, 661528, 655457, 644377, 645518, 627187, 620197, 625628, 627137, 624377, 622557, 637398, 619467, 624807, 628167, 629447, 621557, 635097, 629188, 625387, 630936, 640498, 627197, 877870, 624977, 626467, 678117, 636787, 653417, 641147];[620187, 606847, 612007, 604437, 598746, 711588, 607396, 628607, 605936, 611707, 611087, 681717, 602787, 613088, 604878, 600066, 607167, 693568, 597257, 611458, 604287, 601337, 616627, 689428, 604487, 605377, 603087, 599256, 596997, 694058, 615418, 598296, 625757, 601167, 597716, 683788, 606867, 600037, 596316, 607936, 603787, 709348, 613277, 858640, 606877, 606827, 635027, 682748, 619478, 610987]
T800V1000_0.8;800;1000;2;0.8;experiment_data/medium/T800V1000_0.8_T.csv;experiment_data/medium/T800V1000_0.8_V.csv;2959;3274;Baseline;[1, 1, 1, 1, 1, 1, 1, 1, 1, 1, 1, 1, 1, 1, 1, 1, 1, 1, 1, 1, 1, 1, 1, 1, 1, 1, 1, 1, 1, 1, 1, 1, 1, 1, 1, 1, 1, 1, 1, 1, 1, 1, 1, 1, 1, 1, 1, 1, 1, 1];[2336057, 2372837, 2353807, 2351757, 2424918, 2378687, 2356187, 2376856, 2397468, 2341787, 2406178, 2388547, 2343626, 2376637, 2351527, 2346007, 2431508, 2386786, 2343587, 2369086, 2333618, 2330758, 2404748, 2342736, 2344867, 2333977, 2360757, 2383277, 2409337, 2345877, 2352987, 2396038, 2338616, 2378667, 2404318, 2354756, 2348268, 2369607, 2393009, 2344767, 2405488, 2350977, 2340347, 2378637, 2339177, 2358537, 2427788, 2373197, 2351027, 2366288];[1306755, 1300605, 1309855, 1307235, 1301605, 1340896, 1318285, 1341495, 1349856, 1304005, 1313795, 1317475, 1310315, 1311845, 1310575, 1311025, 1340746, 1350675, 1309995, 1333625, 1301866, 1299015, 1309645, 1301484, 1309424, 1299045, 1319045, 1316845, 1308625, 1303245, 1322015, 1352126, 1303805, 1310675, 1311965, 1310504, 1303525, 1326925, 1338926, 1311525, 1301865, 1307275, 1303835, 1309975, 1308345, 1321185, 1315735, 1326275, 1313315, 1318906];[324604, 369504, 336944, 331054, 326573, 336883, 328714, 327683, 347244, 331464, 329754, 342613, 327083, 330864, 326844, 334194, 325494, 328243, 326924, 335333, 326954, 325934, 332744, 328774, 322754, 329033, 343284, 332834, 323503, 328423, 333033, 325883, 326373, 326464, 332914, 329884, 328754, 344144, 328614, 324763, 329204, 341864, 324014, 327713, 331664, 331774, 328224, 333074, 330333, 331683];[704698, 702728, 707008, 713468, 796740, 700908, 709188, 707678, 700368, 706318, 762629, 728459, 706228, 733928, 714108, 700788, 765268, 707868, 706668, 700128, 704798, 705809, 762359, 712478, 712689, 705899, 698428, 733598, 777209, 714209, 697939, 718029, 708438, 741528, 759439, 714368, 715989, 698538, 725469, 708479, 774419, 701838, 712498, 740949, 699168, 705578, 783829, 713848, 707379, 715699]
T1300V1000_0.7;1300;1000;2;0.7;experiment_data/medium/T1300V1000_0.7_T.csv;experiment_data/medium/T1300V1000_0.7_V.csv;4793;3484;Baseline;[1, 1, 1, 1, 1, 1, 1, 1, 1, 1, 1, 1, 1, 1, 1, 1, 1, 1, 1, 1, 1, 1, 1, 1, 1, 1, 1, 1, 1, 1, 1, 1, 1, 1, 1, 1, 1, 1, 1, 1, 1, 1, 1, 1, 1, 1, 1, 1, 1, 1];[3450199, 3526141, 3467001, 3451930, 3450259, 3462899, 3463961, 3530220, 3506481, 3464099, 3549651, 3494871, 3491840, 3552280, 3490541, 3446829, 3484260, 3456769, 3522109, 3540110, 3493729, 3490010, 3511130, 3496469, 3548040, 3575511, 3502070, 3464310, 3669231, 3596711, 3475729, 3550250, 3457499, 3488270, 3459560, 3468091, 3454000, 3546980, 3450471, 3451848, 3530071, 3510541, 3473591, 3556131, 3537471, 3500749, 3442339, 3464021, 3500640, 3491689];[2126014, 2122615, 2143175, 2126024, 2127774, 2136564, 2121235, 2140574, 2170555, 2137534, 2171215, 2155735, 2167415, 2137664, 2159785, 2128814, 2167355, 2133974, 2139624, 2142234, 2157964, 2139904, 2131064, 2170874, 2187755, 2132644, 2182775, 2128134, 2168024, 2267866, 2154705, 2149274, 2139114, 2156125, 2131104, 2136955, 2121564, 2133974, 2130355, 2133704, 2201985, 2163735, 2131845, 2132034, 2142755, 2180274, 2131324, 2133175, 2130264, 2164414];[516996, 518476, 509836, 512116, 516646, 512886, 510946, 512536, 534927, 525676, 548076, 522726, 520446, 522256, 525457, 514746, 513946, 515306, 513426, 513566, 530446, 543746, 573066, 519306, 553496, 514666, 511945, 516956, 605577, 515526, 515595, 529177, 519046, 519196, 520886, 519406, 526446, 513926, 515256, 506595, 528237, 513906, 529726, 513736, 564396, 520906, 513056, 519446, 565197, 521975];[807189, 885050, 813990, 813790, 805839, 813449, 831780, 877110, 800999, 800889, 830360, 816410, 803979, 892360, 805299, 803269, 802959, 807489, 869059, 884310, 805319, 806360, 807000, 806289, 806789, 928201, 807350, 819220, 895630, 813319, 805429, 871799, 799339, 812949, 807570, 811730, 805990, 899080, 804860, 811549, 799849, 832900, 812020, 910361, 830320, 799569, 797959, 811400, 805179, 805300]
T1200V1000_0.6;1200;1000;2;0.6;experiment_data/medium/T1200V1000_0.6_T.csv;experiment_data/medium/T1200V1000_0.6_V.csv;4415;3293;Baseline;[1, 1, 1, 1, 1, 1, 1, 1, 1, 1, 1, 1, 1, 1, 1, 1, 1, 1, 1, 1, 1, 1, 1, 1, 1, 1, 1, 1, 1, 1, 1, 1, 1, 1, 1, 1, 1, 1, 1, 1, 1, 1, 1, 1, 1, 1, 1, 1, 1, 1];[3174826, 3188815, 3213166, 3157925, 3180086, 3203637, 3227906, 3174595, 3181206, 3189054, 3211715, 3188566, 3232956, 3277867, 3205086, 3188595, 3198936, 3243027, 3295877, 3254077, 3181665, 3174696, 3162216, 3178586, 3239547, 5171957, 3218157, 3219417, 3208795, 3199566, 3186255, 3259336, 3189866, 3243186, 3205946, 3281337, 3299996, 3258706, 3213676, 3186286, 3198387, 3194466, 3218776, 3287808, 3208306, 3166075, 3180527, 3186845, 3187246, 3288247];[1943442, 1953721, 1987562, 1943162, 1952962, 1937932, 1965982, 1953402, 1942902, 1951081, 1979992, 1964092, 1983633, 2017113, 1960042, 1962822, 1956702, 1952032, 2019493, 1993063, 1937691, 1944692, 1929982, 1951342, 1964012, 1993532, 1986003, 1982003, 1953632, 1970992, 1946792, 1942392, 1963702, 1980622, 1947412, 1997412, 2061413, 1946771, 1940362, 1948032, 1961513, 1942482, 1983332, 1987823, 1969952, 1940102, 1955393, 1945252, 1952392, 1979992];[479455, 495015, 482595, 479005, 482445, 519156, 509875, 483215, 483595, 489445, 493885, 477086, 503885, 480445, 489676, 479805, 487655, 496406, 502515, 478175, 489206, 491776, 483556, 486246, 492716, 513346, 485105, 489856, 483565, 483516, 485095, 504245, 480926, 517306, 512305, 503286, 496185, 476186, 523086, 480045, 492066, 476695, 485715, 483776, 484635, 486935, 479066, 498235, 483825, 484616];[751929, 740079, 743009, 735758, 744679, 746549, 752049, 737978, 754709, 748528, 737838, 747388, 745438, 780309, 755368, 745968, 754579, 794589, 773869, 782839, 754768, 738228, 748678, 740998, 782819, 2665079, 747049, 747558, 771598, 745058, 754368, 812699, 745238, 745258, 746229, 780639, 742398, 835749, 750228, 758209, 744808, 775289, 749729, 816209, 753719, 739038, 746068, 743358, 751029, 823639]
T1100V1000_0.9;1100;1000;2;0.9;experiment_data/medium/T1100V1000_0.9_T.csv;experiment_data/medium/T1100V1000_0.9_V.csv;4056;3558;Baseline;[1, 1, 1, 1, 1, 1, 1, 1, 1, 1, 1, 1, 1, 1, 1, 1, 1, 1, 1, 1, 1, 1, 1, 1, 1, 1, 1, 1, 1, 1, 1, 1, 1, 1, 1, 1, 1, 1, 1, 1, 1, 1, 1, 1, 1, 1, 1, 1, 1, 1];[3084615, 3186307, 3127835, 3070773, 3062714, 3070975, 3108995, 3051864, 3104206, 3046014, 3042704, 3063524, 3101124, 3039173, 3118785, 3066015, 3052993, 3040314, 3060064, 3041314, 3100764, 3068284, 3032574, 3040273, 3105005, 3053694, 3126144, 3087074, 3080055, 3072874, 3113715, 3040804, 3034595, 3045983, 3018384, 3081475, 3029394, 3063554, 3064274, 3024084, 3093785, 3031074, 3089835, 3031295, 3014353, 3141055, 3174366, 3102825, 3094865, 3045064];[1764310, 1913352, 1823730, 1837570, 1803290, 1835051, 1841341, 1823481, 1799291, 1804100, 1819000, 1834060, 1839480, 1808190, 1797390, 1826550, 1817230, 1808300, 1829750, 1802460, 1798060, 1810610, 1789350, 1807130, 1862411, 1807950, 1820100, 1832840, 1814761, 1808610, 1880191, 1806790, 1805781, 1812850, 1795100, 1859911, 1803980, 1813550, 1831810, 1796400, 1862511, 1799380, 1799601, 1793311, 1789470, 1791880, 1945682, 1843591, 1817650, 1811520];[497616, 441625, 436195, 439634, 437665, 436224, 438015, 433165, 440045, 436165, 433185, 437995, 439355, 431254, 434785, 437696, 441214, 434065, 438045, 436755, 438594, 443054, 453025, 444514, 448935, 441295, 433054, 447435, 446765, 459705, 439405, 434305, 436735, 433155, 433435, 432924, 436675, 435275, 434555, 441745, 445235, 445745, 471895, 453275, 441635, 495785, 439975, 433285, 456476, 441305];[822689, 831330, 867910, 793569, 821759, 799700, 829639, 795218, 864870, 805749, 790519, 791469, 822289, 799729, 886610, 801769, 794549, 797949, 792269, 802099, 864110, 814620, 790199, 788629, 793659, 804449, 872990, 806799, 818529, 804559, 794119, 799709, 792079, 799978, 789849, 788640, 788739, 814729, 797909, 785939, 786039, 785949, 818339, 784709, 783248, 853390, 788709, 825949, 820739, 792239]
T1000V1000_0.7;1000;1000;2;0.7;experiment_data/medium/T1000V1000_0.7_T.csv;experiment_data/medium/T1000V1000_0.7_V.csv;3690;3301;Baseline;[1, 1, 1, 1, 1, 1, 1, 1, 1, 1, 1, 1, 1, 1, 1, 1, 1, 1, 1, 1, 1, 1, 1, 1, 1, 1, 1, 1, 1, 1, 1, 1, 1, 1, 1, 1, 1, 1, 1, 1, 1, 1, 1, 1, 1, 1, 1, 1, 1, 1];[2892252, 2826822, 2767911, 2788871, 2810331, 2911123, 2821703, 2900332, 2883942, 2793102, 2812092, 2893813, 2797971, 2801791, 2780442, 2794872, 2811392, 2888213, 2802202, 2817242, 2786801, 2839022, 2842691, 2870251, 2846193, 2818182, 2836591, 2825141, 2822292, 2857172, 2771581, 2805861, 2833503, 2815971, 2809312, 2861202, 2839422, 2821281, 2784612, 2816792, 2828971, 2856612, 2870272, 2804041, 2796241, 2830542, 2794042, 2846321, 2821202, 2828231];[1698099, 1630328, 1614418, 1627958, 1627968, 1649698, 1621089, 1628058, 1708779, 1638039, 1627549, 1671379, 1629848, 1622038, 1623069, 1624948, 1642898, 1646588, 1627798, 1648829, 1628978, 1631778, 1686738, 1639428, 1637439, 1651079, 1678089, 1668308, 1628948, 1622608, 1618258, 1636458, 1646919, 1635928, 1616418, 1623178, 1671769, 1661068, 1627488, 1648089, 1663308, 1626108, 1651298, 1633058, 1624098, 1617228, 1629038, 1626038, 1661949, 1661558];[404884, 413135, 396955, 396404, 428264, 400905, 410675, 455835, 400984, 398255, 412794, 398624, 409414, 395644, 401985, 401135, 401095, 403235, 405545, 409625, 403504, 422435, 398275, 406114, 438045, 398655, 405034, 397535, 411185, 399475, 395985, 401785, 398795, 400984, 396655, 404874, 406984, 398655, 402095, 410975, 398165, 404935, 398975, 413855, 404384, 450506, 410025, 395534, 397174, 399694];[789269, 783359, 756538, 764509, 754099, 860520, 789939, 816439, 774179, 756808, 771749, 823810, 758709, 784109, 755388, 768789, 767399, 838390, 768859, 758788, 754319, 784809, 757678, 824709, 770709, 768448, 753468, 759298, 782159, 835089, 757338, 767618, 787789, 779059, 796239, 833150, 760669, 761558, 755029, 757728, 767498, 825569, 819999, 757128, 767759, 762808, 754979, 824749, 762079, 766979]
T1500V1000_0.2;1500;1000;2;0.2;experiment_data/medium/T1500V1000_0.2_T.csv;experiment_data/medium/T1500V1000_0.2_V.csv;5483;2896;Baseline;[1, 1, 1, 1, 1, 1, 1, 1, 1, 1, 1, 1, 1, 1, 1, 1, 1, 1, 1, 1, 1, 1, 1, 1, 1, 1, 1, 1, 1, 1, 1, 1, 1, 1, 1, 1, 1, 1, 1, 1, 1, 1, 1, 1, 1, 1, 1, 1, 1, 1];[3928345, 3852435, 3954076, 3841504, 3837843, 3825025, 3918024, 3840914, 3837894, 3825623, 3853044, 3841115, 3913874, 3874975, 3859623, 3853724, 3826403, 4169868, 3914455, 3825794, 3831804, 3836124, 3851455, 3834994, 3939334, 3831574, 3826805, 3828943, 3870435, 3819074, 3910814, 3846575, 3825624, 3868833, 3941435, 3935535, 4072817, 3861605, 3870035, 3847574, 3911025, 3932185, 3915565, 3891694, 3942875, 3856205, 3962435, 3868204, 3869234, 3865894];[2571810, 2546140, 2695471, 2583209, 2567719, 2563520, 2574649, 2582980, 2565889, 2565139, 2591730, 2570710, 2577209, 2609080, 2592489, 2573769, 2569639, 2906054, 2566479, 2570240, 2572010, 2572109, 2576350, 2569099, 2590669, 2559789, 2570460, 2569689, 2599190, 2555559, 2567169, 2573000, 2563589, 2574389, 2681041, 2634130, 2723221, 2596880, 2563949, 2589269, 2597830, 2658540, 2566239, 2568569, 2674970, 2580940, 2690811, 2603350, 2587919, 2600470];[624847, 652277, 620337, 621607, 629857, 619707, 615957, 623137, 630028, 618827, 625777, 623558, 621067, 626857, 619257, 636998, 617627, 622007, 615567, 621617, 617267, 629328, 634888, 616397, 621117, 626767, 613707, 623557, 621287, 619927, 620927, 630847, 619047, 639057, 623216, 641188, 620517, 615067, 634598, 619638, 651258, 624597, 615567, 660158, 626968, 628187, 634077, 628167, 650437, 622217];[731688, 654018, 638268, 636688, 640267, 641798, 727418, 634797, 641977, 641657, 635537, 646847, 715598, 639038, 647877, 642957, 639137, 641807, 732409, 633937, 642527, 634687, 640217, 649498, 727548, 645018, 642638, 635697, 649958, 643588, 722718, 642728, 642988, 655387, 637178, 660217, 729079, 649658, 671488, 638667, 661937, 649048, 733759, 662967, 640937, 647078, 637547, 636687, 630878, 643207]
T1100V1000_1.0;1100;1000;2;1.0;experiment_data/medium/T1100V1000_1.0_T.csv;experiment_data/medium/T1100V1000_1.0_V.csv;4042;3630;Baseline;[1, 1, 1, 1, 1, 1, 1, 1, 1, 1, 1, 1, 1, 1, 1, 1, 1, 1, 1, 1, 1, 1, 1, 1, 1, 1, 1, 1, 1, 1, 1, 1, 1, 1, 1, 1, 1, 1, 1, 1, 1, 1, 1, 1, 1, 1, 1, 1, 1, 1];[3046194, 3106235, 3039204, 3111474, 3127695, 3061834, 3046266, 3059945, 3037584, 3042885, 3057605, 3089237, 3055546, 3030054, 3044306, 3024644, 3038415, 3071514, 3043316, 3121656, 3127386, 3043604, 3050685, 3049054, 3068695, 3063815, 3146826, 3066815, 3056556, 3052375, 3036274, 3099475, 3110375, 3020546, 3054785, 3048245, 3050976, 3061244, 3049736, 3080975, 3051416, 3044094, 4964367, 3071485, 3113975, 3048365, 3110506, 3049706, 3107215, 3055156];[1774140, 1833501, 1793930, 1814980, 1853311, 1798230, 1788851, 1795700, 1786040, 1794031, 1789621, 1845912, 1800551, 1779720, 1794621, 1780120, 1779310, 1812190, 1788081, 1830711, 1870561, 1797160, 1791660, 1792320, 1800201, 1796221, 1832161, 1818351, 1796181, 1789670, 1783860, 1797560, 1847081, 1778461, 1791181, 1793191, 1798771, 1797680, 1793281, 1799050, 1796501, 1798630, 1820391, 1814891, 1823630, 1792710, 1860782, 1801901, 1798390, 1795401];[440065, 442105, 432465, 454495, 452465, 445145, 446416, 444875, 440085, 432115, 439485, 432965, 443645, 439925, 440436, 437705, 447075, 452415, 442176, 450035, 434225, 436315, 438456, 448645, 452215, 442845, 448245, 438545, 437585, 431185, 437385, 436715, 457675, 437285, 443655, 441755, 442865, 440505, 443775, 459116, 435685, 432194, 435425, 436255, 451536, 439675, 436995, 436185, 431135, 439435];[831989, 830629, 812809, 841999, 821919, 818459, 810999, 819370, 811459, 816739, 828499, 810360, 811350, 810409, 809249, 806819, 812030, 806909, 813059, 840910, 822600, 810129, 820569, 808089, 816279, 824749, 866420, 809919, 822790, 831520, 815029, 865200, 805619, 804800, 819949, 813299, 809340, 823059, 812680, 822809, 819230, 813270, 2708551, 820339, 838809, 815980, 812729, 811620, 877690, 820320]
T1300V1000_0.8;1300;1000;2;0.8;experiment_data/medium/T1300V1000_0.8_T.csv;experiment_data/medium/T1300V1000_0.8_V.csv;4800;3596;Baseline;[1, 1, 1, 1, 1, 1, 1, 1, 1, 1, 1, 1, 1, 1, 1, 1, 1, 1, 1, 1, 1, 1, 1, 1, 1, 1, 1, 1, 1, 1, 1, 1, 1, 1, 1, 1, 1, 1, 1, 1, 1, 1, 1, 1, 1, 1, 1, 1, 1, 1];[3467949, 3484349, 3472369, 3555021, 3466900, 3466810, 3469969, 3464189, 3474929, 3577731, 3479939, 3478608, 3463911, 3465470, 3472139, 3589451, 3516679, 3478531, 3461999, 3480730, 3471300, 3533251, 3470599, 3471439, 3459140, 3462738, 3480700, 3529420, 3553680, 3610302, 3476169, 3462510, 3462320, 3550100, 3478910, 3489371, 3488900, 3489539, 3475739, 3474770, 3486710, 3474370, 3479950, 3477859, 3458550, 3483899, 3502750, 3493019, 3466319, 3483289];[2109934, 2119133, 2116544, 2129845, 2118934, 2117404, 2122984, 2121564, 2118653, 2132874, 2123564, 2117873, 2111475, 2117124, 2124294, 2165865, 2172344, 2118565, 2109304, 2123584, 2123814, 2113674, 2116734, 2129434, 2118165, 2109653, 2122754, 2115784, 2124674, 2240176, 2128814, 2121335, 2120895, 2125404, 2123905, 2126895, 2118724, 2119224, 2122514, 2128845, 2120704, 2114344, 2117994, 2120884, 2109374, 2128814, 2144305, 2126614, 2122784, 2119174];[528156, 524836, 527366, 517686, 518536, 515246, 510036, 512586, 512116, 521197, 518836, 519316, 523966, 519826, 514025, 512106, 520175, 517386, 521266, 527606, 510146, 510326, 521926, 520216, 518266, 527186, 519586, 515426, 560036, 537836, 514806, 514196, 512736, 528896, 525536, 529176, 527696, 516236, 516386, 519076, 522506, 525096, 512936, 513305, 507826, 525486, 522665, 525146, 509316, 516136];[829859, 840380, 828459, 907490, 829430, 834160, 836949, 830039, 844160, 923660, 837539, 841419, 828470, 828520, 833820, 911480, 824160, 842580, 831429, 829540, 837340, 909251, 831939, 821789, 822709, 825899, 838360, 898210, 868970, 832290, 832549, 826979, 828689, 895800, 829469, 833300, 842480, 854079, 836839, 826849, 843500, 834930, 849020, 843670, 841350, 829599, 835780, 841259, 834219, 847979]
T1500V1000_0.3;1500;1000;2;0.3;experiment_data/medium/T1500V1000_0.3_T.csv;experiment_data/medium/T1500V1000_0.3_V.csv;5512;3048;Baseline;[1, 1, 1, 1, 1, 1, 1, 1, 1, 1, 1, 1, 1, 1, 1, 1, 1, 1, 1, 1, 1, 1, 1, 1, 1, 1, 1, 1, 1, 1, 1, 1, 1, 1, 1, 1, 1, 1, 1, 1, 1, 1, 1, 1, 1, 1, 1, 1, 1, 1];[3858004, 3853373, 5894007, 3953406, 3989896, 3882985, 3871084, 3882054, 3992255, 3859214, 3921144, 3872204, 3852404, 3858055, 3955605, 3863375, 3856604, 3873285, 3848914, 3845163, 3932435, 3845023, 3844413, 3928285, 3845343, 3852234, 3944106, 3852134, 3853683, 3855443, 3849724, 3841594, 3933385, 3851974, 3855394, 3861155, 3835684, 3861355, 3933755, 3844095, 3863684, 3856764, 3868035, 3857834, 3929154, 3856893, 3851434, 3858254, 3943094, 4019016];[2544029, 2536498, 2567989, 2588490, 2675651, 2581120, 2552709, 2578349, 2607220, 2557799, 2605120, 2570809, 2550909, 2549700, 2571559, 2574700, 2565089, 2581430, 2553859, 2544759, 2552879, 2558649, 2553269, 2633410, 2555869, 2557229, 2552560, 2553669, 2555358, 2553319, 2560849, 2541879, 2539679, 2550919, 2559709, 2558130, 2542709, 2563210, 2556519, 2557360, 2561259, 2565189, 2568070, 2553379, 2549049, 2564479, 2556769, 2555839, 2547749, 2723891];[629078, 632967, 626137, 664928, 640608, 625378, 625037, 617557, 628087, 621547, 628417, 628927, 623757, 625147, 623518, 621087, 613997, 621447, 625997, 623657, 615757, 616437, 618917, 618657, 615247, 626527, 630678, 620398, 616907, 629157, 620207, 619167, 621487, 617387, 628917, 618757, 619778, 614958, 625198, 615677, 626207, 616477, 633027, 632238, 621457, 617047, 624357, 629117, 690577, 623267];[684897, 683908, 2699881, 699988, 673637, 676487, 693338, 686148, 756948, 679868, 687607, 672468, 677738, 683208, 760528, 667588, 677518, 670408, 669058, 676747, 763799, 669937, 672227, 676218, 674227, 668478, 760868, 678067, 681418, 672967, 668668, 680548, 772219, 683668, 666768, 684268, 673197, 683187, 752038, 671058, 676218, 675098, 666938, 672217, 758648, 675367, 670308, 673298, 704768, 671858]
T1300V1000_0.9;1300;1000;2;0.9;experiment_data/medium/T1300V1000_0.9_T.csv;experiment_data/medium/T1300V1000_0.9_V.csv;4696;3670;Baseline;[1, 1, 1, 1, 1, 1, 1, 1, 1, 1, 1, 1, 1, 1, 1, 1, 1, 1, 1, 1, 1, 1, 1, 1, 1, 1, 1, 1, 1, 1, 1, 1, 1, 1, 1, 1, 1, 1, 1, 1, 1, 1, 1, 1, 1, 1, 1, 1, 1, 1];[3445180, 3468749, 3486360, 3470979, 3498070, 3678612, 3654552, 3475851, 3482229, 3469140, 3477809, 3465380, 3481469, 3476319, 3481960, 3463529, 3499949, 3458570, 3475749, 3462069, 3484950, 3501281, 3544280, 3482640, 3489120, 3481349, 3523630, 3477710, 3474301, 3475549, 3485549, 3474800, 3474639, 3472040, 3480540, 3505170, 3564130, 3472330, 3482309, 3478379, 3487919, 3464219, 3465970, 3474429, 3457359, 3467850, 3448259, 3478780, 3464569, 3495500];[2104094, 2125834, 2135404, 2124144, 2130624, 2124024, 2290667, 2131915, 2134804, 2122974, 2126184, 2115244, 2129534, 2127864, 2126304, 2117264, 2133184, 2121355, 2126294, 2123674, 2137765, 2131615, 2200135, 2129024, 2131624, 2137484, 2125254, 2129105, 2133305, 2128814, 2141114, 2129795, 2130404, 2125355, 2130504, 2128984, 2216025, 2125244, 2141574, 2132394, 2128564, 2129164, 2132775, 2131544, 2120074, 2124504, 2113064, 2139315, 2121244, 2129154];[499496, 500056, 496446, 508316, 505726, 648378, 501205, 498546, 500186, 510616, 505606, 502606, 512626, 509226, 504316, 497796, 503636, 496705, 499585, 498196, 497486, 499386, 502486, 512786, 509836, 502396, 550557, 497025, 500746, 497706, 500445, 507846, 504546, 509066, 501796, 514156, 510676, 506736, 502285, 499466, 513886, 496296, 495966, 493515, 497146, 496576, 496386, 503096, 501156, 500586];[841590, 842859, 854510, 838519, 861720, 906210, 862680, 845390, 847239, 835550, 846019, 847530, 839309, 839229, 851340, 848469, 863129, 840510, 849870, 840199, 849699, 870280, 841659, 840830, 847660, 841469, 847819, 851580, 840250, 849029, 843990, 837159, 839689, 837619, 848240, 862030, 837429, 840350, 838450, 846519, 845469, 838759, 837229, 849370, 840139, 846770, 838809, 836369, 842169, 865760]
T1500V1000_0.4;1500;1000;2;0.4;experiment_data/medium/T1500V1000_0.4_T.csv;experiment_data/medium/T1500V1000_0.4_V.csv;5518;3233;Baseline;[1, 1, 1, 1, 1, 1, 1, 1, 1, 1, 1, 1, 1, 1, 1, 1, 1, 1, 1, 1, 1, 1, 1, 1, 1, 1, 1, 1, 1, 1, 1, 1, 1, 1, 1, 1, 1, 1, 1, 1, 1, 1, 1, 1, 1, 1, 1, 1, 1, 1];[3870343, 3873133, 3903744, 3913904, 3871393, 3878514, 3875213, 3917104, 3879394, 3880974, 3869374, 3919224, 3865253, 3882373, 3874212, 3909153, 3902093, 3875484, 4140626, 4543740, 3909614, 3866132, 3872413, 3916184, 3869954, 3870923, 3887303, 3904893, 3851953, 3865393, 3860044, 3920354, 3894363, 3883123, 3881733, 3916263, 3883123, 3918524, 3874293, 3913084, 3879223, 3880924, 3909743, 3924815, 3872473, 3872313, 3878093, 3923233, 3874463, 3863313];[2540158, 2533058, 2569129, 2582329, 2540468, 2538139, 2544968, 2589939, 2542769, 2552589, 2540469, 2585749, 2538688, 2545489, 2543398, 2578809, 2574548, 2538779, 2548319, 3137005, 2566119, 2542028, 2541818, 2576799, 2538719, 2538928, 2550839, 2570678, 2525948, 2539569, 2536349, 2575679, 2564748, 2547639, 2538978, 2580128, 2543988, 2575389, 2539368, 2577189, 2545618, 2547539, 2565708, 2593400, 2542759, 2531368, 2544668, 2594459, 2539828, 2537468];[622097, 632787, 627577, 627987, 630287, 624307, 624917, 613487, 633117, 621457, 622557, 624958, 623847, 628536, 621827, 619396, 624937, 630647, 632547, 683647, 625927, 614837, 628277, 631437, 624758, 627347, 630716, 619547, 616767, 621107, 621537, 625767, 621697, 626956, 626137, 631256, 630517, 619537, 630127, 629897, 618697, 632287, 628447, 622467, 625017, 624247, 622477, 623996, 628347, 618297];[708088, 707288, 707038, 703588, 700638, 716068, 705328, 713678, 703508, 706928, 706348, 708517, 702718, 708348, 708987, 710948, 702608, 706058, 959760, 723088, 717568, 709267, 702318, 707948, 706477, 704648, 705748, 714668, 709238, 704717, 702158, 718908, 707918, 708528, 716618, 704879, 708618, 723598, 704798, 705998, 714908, 701098, 715588, 708948, 704697, 716698, 710948, 704778, 706288, 707548]
T1500V1000_0.5;1500;1000;2;0.5;experiment_data/medium/T1500V1000_0.5_T.csv;experiment_data/medium/T1500V1000_0.5_V.csv;5489;3341;Baseline;[1, 1, 1, 1, 1, 1, 1, 1, 1, 1, 1, 1, 1, 1, 1, 1, 1, 1, 1, 1, 1, 1, 1, 1, 1, 1, 1, 1, 1, 1, 1, 1, 1, 1, 1, 1, 1, 1, 1, 1, 1, 1, 1, 1, 1, 1, 1, 1, 1, 1];[3925613, 3924874, 3898873, 3895453, 3901723, 3909684, 3895014, 3890843, 3897683, 3910323, 3891653, 3916793, 3896553, 3906194, 3892372, 3916494, 3892913, 5872005, 3912923, 3899893, 3888373, 3891243, 3893262, 3997124, 3898983, 3901864, 3890173, 3902813, 3897323, 3991074, 3923394, 3912703, 3908673, 3901833, 3906443, 3984824, 3895914, 3905673, 3901823, 3914193, 4073035, 4042354, 3923194, 3918183, 3906322, 3931772, 3892893, 3999205, 3896353, 3898473];[2559358, 2533558, 2547418, 2545318, 2545618, 2541889, 2537498, 2541178, 2538998, 2547038, 2540378, 2555568, 2540878, 2539608, 2542068, 2552928, 2538878, 2542298, 2557548, 2548068, 2531588, 2539428, 2545998, 2554868, 2540838, 2540879, 2538138, 2542848, 2542538, 2539108, 2561759, 2552918, 2542508, 2542118, 2540898, 2538748, 2537399, 2546318, 2539348, 2546668, 2660669, 2589108, 2556308, 2547158, 2548538, 2569788, 2539338, 2553989, 2544148, 2539508];[620547, 630547, 614346, 614157, 625277, 629467, 613787, 613626, 623647, 626937, 611907, 617067, 616967, 631207, 613956, 631998, 615526, 621397, 620746, 622627, 617347, 616316, 612267, 622596, 616997, 624077, 613347, 626747, 621517, 621597, 616687, 628697, 625347, 617436, 628867, 622657, 623447, 616097, 619447, 619087, 667957, 621817, 625037, 623927, 618206, 623986, 615577, 617667, 620727, 619757];[745708, 760769, 737109, 735978, 730828, 738328, 743729, 736039, 735038, 736348, 739368, 744158, 738708, 735379, 736348, 731568, 738509, 2708310, 734629, 729198, 739438, 735499, 734997, 819660, 741148, 736908, 738688, 733218, 733268, 830369, 744948, 731088, 740818, 742279, 736678, 823419, 735068, 743258, 743028, 748438, 744409, 831429, 741849, 747098, 739578, 737998, 737978, 827549, 731478, 739208]
T1500V1000_0.6;1500;1000;2;0.6;experiment_data/medium/T1500V1000_0.6_T.csv;experiment_data/medium/T1500V1000_0.6_V.csv;5481;3466;Baseline;[1, 1, 1, 1, 1, 1, 1, 1, 1, 1, 1, 1, 1, 1, 1, 1, 1, 1, 1, 1, 1, 1, 1, 1, 1, 1, 1, 1, 1, 1, 1, 1, 1, 1, 1, 1, 1, 1, 1, 1, 1, 1, 1, 1, 1, 1, 1, 1, 1, 1];[3912594, 3923324, 3919903, 3918713, 3914175, 3918463, 3923093, 3921324, 3919984, 3924754, 3932174, 3919143, 3928564, 3920444, 3921624, 3915563, 3914784, 3937085, 3928123, 4040165, 3971923, 3938134, 3922233, 3928323, 3952124, 3926084, 3921924, 3924543, 3923393, 3917244, 3918714, 3932153, 3923494, 3903792, 3932934, 3924254, 3914273, 3923875, 3910703, 5917196, 3911603, 3908004, 3952305, 3919723, 3908453, 3983784, 3907844, 3911414, 3906874, 3911903];[2524038, 2522068, 2526968, 2534468, 2528419, 2533128, 2530238, 2539078, 2531008, 2537128, 2553518, 2530738, 2543999, 2529388, 2527998, 2528758, 2527438, 2529819, 2543668, 2611249, 2577518, 2544499, 2521908, 2543408, 2534018, 2527818, 2533048, 2529418, 2527538, 2531348, 2522988, 2549038, 2534939, 2525717, 2538649, 2530538, 2535268, 2534839, 2528778, 2533658, 2538678, 2529929, 2573799, 2539318, 2524988, 2529568, 2535629, 2533378, 2527598, 2543038];[616507, 625847, 610837, 612647, 615307, 612707, 610827, 614318, 611887, 616397, 614538, 615216, 612927, 627437, 621567, 613047, 618447, 622307, 610386, 640228, 616887, 618117, 618456, 616497, 614077, 609197, 621387, 619966, 613537, 612657, 616797, 611827, 615937, 611317, 628407, 611907, 609547, 612087, 605387, 615007, 614337, 612637, 605957, 615107, 612807, 608777, 612227, 613257, 615047, 609406];[772049, 775409, 782098, 771598, 770449, 772628, 782028, 767928, 777089, 771229, 764118, 773189, 771638, 763619, 772059, 773758, 768899, 784959, 774069, 788688, 777518, 775518, 781869, 768418, 804029, 789069, 767489, 775159, 782318, 773239, 778929, 771288, 772618, 766758, 765878, 781809, 769458, 776949, 776538, 2768531, 758588, 765438, 772549, 765298, 770658, 845439, 759988, 764779, 764229, 759459]
T1500V1000_0.7;1500;1000;2;0.7;experiment_data/medium/T1500V1000_0.7_T.csv;experiment_data/medium/T1500V1000_0.7_V.csv;5549;3613;Baseline;[1, 1, 1, 1, 1, 1, 1, 1, 1, 1, 1, 1, 1, 1, 1, 1, 1, 1, 1, 1, 1, 1, 1, 1, 1, 1, 1, 1, 1, 1, 1, 1, 1, 1, 1, 1, 1, 1, 1, 1, 1, 1, 1, 1, 1, 1, 1, 1, 1, 1];[3965985, 3951453, 3970354, 3965524, 4069235, 3973635, 3969124, 3962185, 3972095, 3982645, 4046494, 3989684, 3962744, 3968834, 3996935, 3973854, 4059695, 3996235, 3988445, 3980555, 3963833, 3969494, 3975433, 3973423, 3978815, 4046305, 3989444, 3966704, 3981455, 3961304, 3974835, 3995975, 3980325, 3980654, 3966964, 3974695, 3973014, 3961383, 3969405, 3977676, 3975264, 3976995, 3979505, 3967495, 3968933, 3989654, 3967423, 3997514, 3962664, 4020765];[2532009, 2527578, 2539558, 2541698, 2549018, 2550059, 2548038, 2525959, 2546809, 2543149, 2543148, 2550488, 2534618, 2547868, 2542708, 2544578, 2542578, 2541639, 2566889, 2547749, 2539578, 2538588, 2544588, 2547478, 2544769, 2611999, 2537858, 2540928, 2552189, 2542868, 2549359, 2550529, 2549649, 2545529, 2536378, 2546029, 2541538, 2542378, 2541359, 2537069, 2546128, 2549739, 2543559, 2541989, 2549648, 2563048, 2545738, 2556758, 2535398, 2600309];[622867, 624687, 631487, 619427, 634747, 615716, 624047, 633208, 621027, 637087, 618167, 627007, 622837, 626417, 649578, 620327, 631347, 641207, 618937, 632277, 626257, 624037, 630847, 626616, 624857, 632987, 633257, 617767, 626546, 617196, 626427, 634107, 619947, 628256, 615877, 629378, 628847, 619276, 624557, 637178, 619687, 631447, 628067, 618397, 624296, 622667, 617696, 636057, 623787, 621187];[811109, 799188, 799309, 804399, 885470, 807860, 797039, 803018, 804259, 802409, 885179, 812189, 805289, 794549, 804649, 808949, 885770, 813389, 802619, 800529, 797998, 806869, 799998, 799329, 809189, 801319, 818329, 808009, 802720, 801240, 799049, 811339, 810729, 806869, 814709, 799288, 802629, 799729, 803489, 803429, 809449, 795809, 807879, 807109, 794989, 803939, 803989, 804699, 803479, 799269]
T1500V1000_0.8;1500;1000;2;0.8;experiment_data/medium/T1500V1000_0.8_T.csv;experiment_data/medium/T1500V1000_0.8_V.csv;5444;3723;Baseline;[1, 1, 1, 1, 1, 1, 1, 1, 1, 1, 1, 1, 1, 1, 1, 1, 1, 1, 1, 1, 1, 1, 1, 1, 1, 1, 1, 1, 1, 1, 1, 1, 1, 1, 1, 1, 1, 1, 1, 1, 1, 1, 1, 1, 1, 1, 1, 1, 1, 1];[3982814, 4010724, 3978435, 3985394, 3967395, 4035325, 3969344, 4000375, 3982004, 4027034, 3996855, 3983225, 4020405, 4033275, 4108876, 3979265, 3984964, 4038555, 3984505, 3995195, 3985095, 4224758, 3978714, 3965463, 3974174, 4029675, 3983234, 4000524, 3999464, 4041156, 3990074, 3983235, 3968284, 4088826, 3990174, 3984404, 3994484, 4029885, 4000925, 3973344, 3979814, 4037484, 3991854, 3990673, 3983694, 4034945, 3981834, 3988344, 3982394, 4028385];[2528188, 2557008, 2551459, 2552848, 2538219, 2589169, 2537398, 2561919, 2545819, 2583348, 2548949, 2551899, 2567369, 2587079, 2669190, 2547789, 2546868, 2593309, 2554329, 2548139, 2548839, 2784601, 2547448, 2533828, 2540878, 2588059, 2543688, 2568128, 2552098, 2590699, 2546168, 2550139, 2537298, 2651790, 2549788, 2547048, 2553238, 2599639, 2563579, 2543188, 2548168, 2592819, 2555688, 2558768, 2547938, 2580059, 2549358, 2539798, 2551538, 2582919];[591137, 599126, 581986, 590736, 585037, 590196, 581196, 586557, 586626, 585067, 588376, 583146, 599907, 590276, 588167, 583656, 590036, 589007, 582167, 599567, 589437, 582987, 584596, 585316, 589506, 592976, 584217, 583487, 591747, 602767, 592276, 581657, 584226, 589206, 585687, 589876, 584626, 581666, 590486, 581496, 585116, 591546, 588736, 580306, 583106, 589367, 589316, 598126, 578307, 597117];[863489, 854590, 844990, 841810, 844139, 855960, 850750, 851899, 849559, 858619, 859530, 848180, 853129, 855920, 851519, 847820, 848060, 856239, 848009, 847489, 846819, 857170, 846670, 846319, 843790, 848640, 855329, 848909, 855619, 847690, 851630, 851439, 846760, 847830, 854699, 847480, 856620, 848580, 846860, 848660, 846530, 853119, 847430, 851599, 852650, 865519, 843160, 850420, 852549, 848349]
T1500V1000_0.9;1500;1000;2;0.9;experiment_data/medium/T1500V1000_0.9_T.csv;experiment_data/medium/T1500V1000_0.9_V.csv;5303;3790;Baseline;[1, 1, 1, 1, 1, 1, 1, 1, 1, 1, 1, 1, 1, 1, 1, 1, 1, 1, 1, 1, 1, 1, 1, 1, 1, 1, 1, 1, 1, 1, 1, 1, 1, 1, 1, 1, 1, 1, 1, 1, 1, 1, 1, 1, 1, 1, 1, 1, 1, 1];[3905273, 3981285, 3965105, 3970324, 3965814, 3975274, 3962704, 3964705, 4000395, 3968154, 4001866, 3980904, 3968464, 3980304, 3976174, 4027375, 3958775, 3967704, 3969274, 3957504, 3984085, 3962324, 3965284, 3963354, 3968434, 3970515, 3985884, 3970615, 3975994, 3970774, 3967494, 3972264, 3971744, 3957983, 3976015, 3959934, 4026785, 3993093, 3988134, 3968475, 4076665, 3999844, 3969034, 3986974, 5987157, 3989114, 3963224, 3979274, 3969605, 3970405];[2480087, 2551709, 2542509, 2539909, 2536258, 2535138, 2541608, 2542309, 2578219, 2538818, 2571959, 2546188, 2540848, 2546948, 2538858, 2537779, 2537279, 2537848, 2535678, 2540089, 2551578, 2535138, 2537938, 2541428, 2535648, 2530028, 2524928, 2537969, 2542878, 2541649, 2529298, 2541478, 2543528, 2531638, 2539739, 2529228, 2565919, 2569868, 2547438, 2540649, 2645759, 2541388, 2544478, 2550538, 2537178, 2547888, 2534028, 2546908, 2537109, 2533839];[570637, 565967, 563617, 572446, 567366, 578587, 561786, 562506, 563816, 566387, 573087, 575176, 564507, 575047, 576317, 572806, 566836, 572657, 566277, 560216, 572057, 571607, 568546, 563716, 571837, 567847, 577026, 564476, 572176, 567256, 575346, 571096, 574246, 565936, 568456, 574897, 581637, 564286, 575886, 567796, 566226, 575887, 567807, 576336, 581667, 582667, 564867, 571696, 573657, 567456];[854549, 863609, 858979, 857969, 862190, 861549, 859310, 859890, 858360, 862949, 856820, 859540, 863109, 858309, 860999, 916790, 854660, 857199, 867319, 857199, 860450, 855579, 858800, 858210, 860949, 872640, 883930, 868170, 860940, 861869, 862850, 859690, 853970, 860409, 867820, 855809, 879229, 858939, 864810, 860030, 864680, 882569, 856749, 860100, 2868312, 858559, 864329, 860670, 858839, 869110]
T1500V1000_1.0;1500;1000;2;1.0;experiment_data/medium/T1500V1000_1.0_T.csv;experiment_data/medium/T1500V1000_1.0_V.csv;5105;3861;Baseline;[1, 1, 1, 1, 1, 1, 1, 1, 1, 1, 1, 1, 1, 1, 1, 1, 1, 1, 1, 1, 1, 1, 1, 1, 1, 1, 1, 1, 1, 1, 1, 1, 1, 1, 1, 1, 1, 1, 1, 1, 1, 1, 1, 1, 1, 1, 1, 1, 1, 1];[3973134, 3970364, 4013894, 3971514, 4030415, 4049025, 4005215, 3973714, 3964354, 3964534, 3967635, 4091925, 4109595, 4043406, 3970394, 3971894, 3966515, 4056786, 4008735, 3968444, 3970604, 3972943, 3993484, 4065025, 3979304, 3971264, 3978134, 3960794, 3982284, 4058465, 3973904, 3996804, 4089685, 3963424, 3969304, 4071725, 4028495, 3985124, 4052475, 3980304, 3971703, 4059206, 3971924, 3980974, 3991134, 3986825, 3973385, 4060786, 3995594, 4005724];[2529938, 2534358, 2560198, 2549338, 2603359, 2531908, 2541058, 2545008, 2541148, 2534188, 2539839, 2541148, 2607169, 2609390, 2550778, 2548368, 2550759, 2536319, 2570469, 2533988, 2532108, 2539377, 2565188, 2554598, 2554718, 2545748, 2549029, 2540388, 2556198, 2553989, 2542988, 2536618, 2668989, 2543198, 2544678, 2548108, 2589799, 2531808, 2575218, 2549598, 2545938, 2553659, 2549898, 2557558, 2548718, 2558099, 2550569, 2541819, 2527258, 2567908];[554406, 552096, 541536, 544496, 542286, 540406, 569587, 546096, 546846, 547837, 550217, 559696, 559056, 543446, 544016, 544037, 547886, 560086, 556926, 548826, 558896, 544966, 546877, 551126, 544486, 542406, 543215, 541597, 544486, 543966, 555036, 558136, 541816, 540716, 541486, 556176, 548966, 548446, 593057, 553796, 544515, 542576, 543966, 542516, 542466, 545386, 545447, 555536, 589147, 558906];[888790, 883910, 912160, 877680, 884770, 976711, 894570, 882610, 876360, 882509, 877579, 991081, 943370, 890570, 875600, 879489, 867870, 960381, 881340, 885630, 879600, 888600, 881419, 959301, 880100, 883110, 885890, 878809, 881600, 960510, 875880, 902050, 878880, 879510, 883140, 967441, 889730, 904870, 884200, 876910, 881250, 962971, 878060, 880900, 899950, 883340, 877369, 963431, 879189, 878910]
