experiment;len_T;len_V;max_id_rep;max_V_match_fraction;T_path;V_path;len_IDs_T;len_IDs_V;priority_function;attack_name;query_budget;len_pos_true;len_neg_true;time_all;len_pos_recovered;len_neg_recovered;num_queries;success
T1300V1000_1.0;1300;1000;2;1.0;experiment_data/medium/T1300V1000_1.0_T.csv;experiment_data/medium/T1300V1000_1.0_V.csv;4620;3784;positive;MKPSI;1300;3318;1302;[24205485, 20731726, 19747624, 24295025, 19795585, 18468361, 21784518, 17240576, 21193581, 16348645, 15787849, 24417227, 14928450, 15124542, 17024525, 16832211, 14754087, 16284645, 15477646, 15265644, 17719251, 15651408, 17799702, 26634143, 15304954, 15988242, 20450953, 15905811, 20492993, 22753719, 18194756, 16405867, 16205614, 16831802, 14832089, 18368058, 21350643, 19742935, 18472190, 16762271, 15139682, 18431810, 22969051, 16554339, 17572249, 15556457, 17184785, 15735949, 18566601, 14987152];[3318, 3318, 3318, 3318, 3318, 3318, 3318, 3318, 3318, 3318, 3318, 3318, 3318, 3318, 3318, 3318, 3318, 3318, 3318, 3318, 3318, 3318, 3318, 3318, 3318, 3318, 3318, 3318, 3318, 3318, 3318, 3318, 3318, 3318, 3318, 3318, 3318, 3318, 3318, 3318, 3318, 3318, 3318, 3318, 3318, 3318, 3318, 3318, 3318, 3318];[1302, 1302, 1302, 1302, 1302, 1302, 1302, 1302, 1302, 1302, 1302, 1302, 1302, 1302, 1302, 1302, 1302, 1302, 1302, 1302, 1302, 1302, 1302, 1302, 1302, 1302, 1302, 1302, 1302, 1302, 1302, 1302, 1302, 1302, 1302, 1302, 1302, 1302, 1302, 1302, 1302, 1302, 1302, 1302, 1302, 1302, 1302, 1302, 1302, 1302];[1, 1, 1, 1, 1, 1, 1, 1, 1, 1, 1, 1, 1, 1, 1, 1, 1, 1, 1, 1, 1, 1, 1, 1, 1, 1, 1, 1, 1, 1, 1, 1, 1, 1, 1, 1, 1, 1, 1, 1, 1, 1, 1, 1, 1, 1, 1, 1, 1, 1];[1, 1, 1, 1, 1, 1, 1, 1, 1, 1, 1, 1, 1, 1, 1, 1, 1, 1, 1, 1, 1, 1, 1, 1, 1, 1, 1, 1, 1, 1, 1, 1, 1, 1, 1, 1, 1, 1, 1, 1, 1, 1, 1, 1, 1, 1, 1, 1, 1, 1]
T1200V1000_0.0;1200;1000;2;0.0;experiment_data/medium/T1200V1000_0.0_T.csv;experiment_data/medium/T1200V1000_0.0_V.csv;4392;2665;positive;MKPSI;1200;0;4392;[24522609, 23643748, 27380212, 24982054, 24205366, 27150418, 22694118, 25398490, 26411160, 26885445, 25810043, 23812822, 25768953, 21736477, 27386851, 26468221, 21060489, 26381210, 25408399, 21299362, 24876372, 26358650, 25284137, 23380005, 26119337, 19539492, 24804782, 27674554, 19520321, 26167288, 24660230, 20937398, 27488972, 23239305, 23354685, 25248036, 22795029, 25112036, 26920446, 25919754, 21604786, 25652682, 25723922, 20609414, 27769546, 23496238, 22427525, 23810540, 26698154, 26286469];[0, 0, 0, 0, 0, 0, 0, 0, 0, 0, 0, 0, 0, 0, 0, 0, 0, 0, 0, 0, 0, 0, 0, 0, 0, 0, 0, 0, 0, 0, 0, 0, 0, 0, 0, 0, 0, 0, 0, 0, 0, 0, 0, 0, 0, 0, 0, 0, 0, 0];[4392, 4392, 4392, 4392, 4392, 4392, 4392, 4392, 4392, 4392, 4392, 4392, 4392, 4392, 4392, 4392, 4392, 4392, 4392, 4392, 4392, 4392, 4392, 4392, 4392, 4392, 4392, 4392, 4392, 4392, 4392, 4392, 4392, 4392, 4392, 4392, 4392, 4392, 4392, 4392, 4392, 4392, 4392, 4392, 4392, 4392, 4392, 4392, 4392, 4392];[1, 1, 1, 1, 1, 1, 1, 1, 1, 1, 1, 1, 1, 1, 1, 1, 1, 1, 1, 1, 1, 1, 1, 1, 1, 1, 1, 1, 1, 1, 1, 1, 1, 1, 1, 1, 1, 1, 1, 1, 1, 1, 1, 1, 1, 1, 1, 1, 1, 1];[1, 1, 1, 1, 1, 1, 1, 1, 1, 1, 1, 1, 1, 1, 1, 1, 1, 1, 1, 1, 1, 1, 1, 1, 1, 1, 1, 1, 1, 1, 1, 1, 1, 1, 1, 1, 1, 1, 1, 1, 1, 1, 1, 1, 1, 1, 1, 1, 1, 1]
T1400V1000_0.0;1400;1000;2;0.0;experiment_data/medium/T1400V1000_0.0_T.csv;experiment_data/medium/T1400V1000_0.0_V.csv;5108;2675;positive;MKPSI;1400;0;5108;[17321387, 19299069, 17062434, 18929104, 18273858, 22340363, 24186425, 23714949, 24678400, 18341208, 24164384, 18378559, 18095545, 22615677, 22516876, 18843235, 19352860, 20252430, 17719232, 25152355, 17263166, 19289089, 23059323, 17399588, 28949399, 18754584, 19385800, 17933684, 17076884, 19266749, 18060826, 22700888, 17669050, 24130755, 20678115, 19986458, 17551120, 21781858, 19394820, 18616312, 19813456, 18403309, 20778655, 23444987, 18077045, 20309411, 18082866, 19361980, 22090631, 22965952];[0, 0, 0, 0, 0, 0, 0, 0, 0, 0, 0, 0, 0, 0, 0, 0, 0, 0, 0, 0, 0, 0, 0, 0, 0, 0, 0, 0, 0, 0, 0, 0, 0, 0, 0, 0, 0, 0, 0, 0, 0, 0, 0, 0, 0, 0, 0, 0, 0, 0];[5108, 5108, 5108, 5108, 5108, 5108, 5108, 5108, 5108, 5108, 5108, 5108, 5108, 5108, 5108, 5108, 5108, 5108, 5108, 5108, 5108, 5108, 5108, 5108, 5108, 5108, 5108, 5108, 5108, 5108, 5108, 5108, 5108, 5108, 5108, 5108, 5108, 5108, 5108, 5108, 5108, 5108, 5108, 5108, 5108, 5108, 5108, 5108, 5108, 5108];[1, 1, 1, 1, 1, 1, 1, 1, 1, 1, 1, 1, 1, 1, 1, 1, 1, 1, 1, 1, 1, 1, 1, 1, 1, 1, 1, 1, 1, 1, 1, 1, 1, 1, 1, 1, 1, 1, 1, 1, 1, 1, 1, 1, 1, 1, 1, 1, 1, 1];[1, 1, 1, 1, 1, 1, 1, 1, 1, 1, 1, 1, 1, 1, 1, 1, 1, 1, 1, 1, 1, 1, 1, 1, 1, 1, 1, 1, 1, 1, 1, 1, 1, 1, 1, 1, 1, 1, 1, 1, 1, 1, 1, 1, 1, 1, 1, 1, 1, 1]
T500V1000_0.0;500;1000;2;0.0;experiment_data/medium/T500V1000_0.0_T.csv;experiment_data/medium/T500V1000_0.0_V.csv;1852;2666;positive;MKPSI;500;0;1852;[9531869, 9210695, 8994172, 10169545, 10038885, 9779492, 8538298, 9856982, 9553428, 5994298, 9895572, 10371198, 9764231, 9498568, 7896100, 10191675, 9072543, 9756061, 8753790, 10163017, 10627710, 10047374, 7914469, 9521078, 10372498, 7860529, 8111942, 8113773, 11241907, 9149194, 6266391, 10073675, 9220194, 9855713, 9205704, 7999220, 10534200, 9985443, 9538569, 8218554, 9658830, 10085714, 8880611, 7941441, 10182656, 10261886, 5512113, 9582148, 8260783, 10192095];[0, 0, 0, 0, 0, 0, 0, 0, 0, 0, 0, 0, 0, 0, 0, 0, 0, 0, 0, 0, 0, 0, 0, 0, 0, 0, 0, 0, 0, 0, 0, 0, 0, 0, 0, 0, 0, 0, 0, 0, 0, 0, 0, 0, 0, 0, 0, 0, 0, 0];[1852, 1852, 1852, 1852, 1852, 1852, 1852, 1852, 1852, 1852, 1852, 1852, 1852, 1852, 1852, 1852, 1852, 1852, 1852, 1852, 1852, 1852, 1852, 1852, 1852, 1852, 1852, 1852, 1852, 1852, 1852, 1852, 1852, 1852, 1852, 1852, 1852, 1852, 1852, 1852, 1852, 1852, 1852, 1852, 1852, 1852, 1852, 1852, 1852, 1852];[1, 1, 1, 1, 1, 1, 1, 1, 1, 1, 1, 1, 1, 1, 1, 1, 1, 1, 1, 1, 1, 1, 1, 1, 1, 1, 1, 1, 1, 1, 1, 1, 1, 1, 1, 1, 1, 1, 1, 1, 1, 1, 1, 1, 1, 1, 1, 1, 1, 1];[1, 1, 1, 1, 1, 1, 1, 1, 1, 1, 1, 1, 1, 1, 1, 1, 1, 1, 1, 1, 1, 1, 1, 1, 1, 1, 1, 1, 1, 1, 1, 1, 1, 1, 1, 1, 1, 1, 1, 1, 1, 1, 1, 1, 1, 1, 1, 1, 1, 1]
T600V1000_1.0;600;1000;2;1.0;experiment_data/medium/T600V1000_1.0_T.csv;experiment_data/medium/T600V1000_1.0_V.csv;2206;3210;positive;MKPSI;600;1604;602;[6121659, 6233821, 5904867, 6061878, 5812806, 5851696, 5763535, 5791836, 5825177, 5923377, 6413794, 5920687, 5806037, 5774265, 5860496, 5770465, 5746435, 6010738, 6046518, 5773076, 6274742, 5729185, 5798016, 5764276, 6538793, 5763285, 5863706, 5876626, 5798737, 5762626, 5741255, 5786306, 5829826, 6624087, 6020828, 5765475, 6583284, 5808115, 5821137, 5798866, 6217191, 5970318, 5770805, 5798265, 5773706, 5833616, 5728395, 5926478, 5944118, 5825026];[1604, 1604, 1604, 1604, 1604, 1604, 1604, 1604, 1604, 1604, 1604, 1604, 1604, 1604, 1604, 1604, 1604, 1604, 1604, 1604, 1604, 1604, 1604, 1604, 1604, 1604, 1604, 1604, 1604, 1604, 1604, 1604, 1604, 1604, 1604, 1604, 1604, 1604, 1604, 1604, 1604, 1604, 1604, 1604, 1604, 1604, 1604, 1604, 1604, 1604];[602, 602, 602, 602, 602, 602, 602, 602, 602, 602, 602, 602, 602, 602, 602, 602, 602, 602, 602, 602, 602, 602, 602, 602, 602, 602, 602, 602, 602, 602, 602, 602, 602, 602, 602, 602, 602, 602, 602, 602, 602, 602, 602, 602, 602, 602, 602, 602, 602, 602];[1, 1, 1, 1, 1, 1, 1, 1, 1, 1, 1, 1, 1, 1, 1, 1, 1, 1, 1, 1, 1, 1, 1, 1, 1, 1, 1, 1, 1, 1, 1, 1, 1, 1, 1, 1, 1, 1, 1, 1, 1, 1, 1, 1, 1, 1, 1, 1, 1, 1];[1, 1, 1, 1, 1, 1, 1, 1, 1, 1, 1, 1, 1, 1, 1, 1, 1, 1, 1, 1, 1, 1, 1, 1, 1, 1, 1, 1, 1, 1, 1, 1, 1, 1, 1, 1, 1, 1, 1, 1, 1, 1, 1, 1, 1, 1, 1, 1, 1, 1]
T700V1000_0.0;700;1000;2;0.0;experiment_data/medium/T700V1000_0.0_T.csv;experiment_data/medium/T700V1000_0.0_V.csv;2576;2713;positive;MKPSI;700;0;2576;[6799588, 6970928, 6810687, 6626035, 6930619, 6942269, 6768157, 6681316, 7042520, 6754648, 6739426, 6719317, 6787217, 8838731, 6922230, 6677806, 6700987, 6688576, 6723786, 6959999, 6779147, 6926909, 6758358, 6652745, 6714257, 6968039, 6901679, 6725377, 6764797, 6696097, 6647905, 6634786, 6768707, 6673606, 6671857, 6682116, 6752207, 8665699, 7303085, 6781617, 6701476, 6691087, 6672576, 6888578, 6833967, 6938639, 6661005, 6652526, 6877248, 6665085];[0, 0, 0, 0, 0, 0, 0, 0, 0, 0, 0, 0, 0, 0, 0, 0, 0, 0, 0, 0, 0, 0, 0, 0, 0, 0, 0, 0, 0, 0, 0, 0, 0, 0, 0, 0, 0, 0, 0, 0, 0, 0, 0, 0, 0, 0, 0, 0, 0, 0];[2576, 2576, 2576, 2576, 2576, 2576, 2576, 2576, 2576, 2576, 2576, 2576, 2576, 2576, 2576, 2576, 2576, 2576, 2576, 2576, 2576, 2576, 2576, 2576, 2576, 2576, 2576, 2576, 2576, 2576, 2576, 2576, 2576, 2576, 2576, 2576, 2576, 2576, 2576, 2576, 2576, 2576, 2576, 2576, 2576, 2576, 2576, 2576, 2576, 2576];[1, 1, 1, 1, 1, 1, 1, 1, 1, 1, 1, 1, 1, 1, 1, 1, 1, 1, 1, 1, 1, 1, 1, 1, 1, 1, 1, 1, 1, 1, 1, 1, 1, 1, 1, 1, 1, 1, 1, 1, 1, 1, 1, 1, 1, 1, 1, 1, 1, 1];[1, 1, 1, 1, 1, 1, 1, 1, 1, 1, 1, 1, 1, 1, 1, 1, 1, 1, 1, 1, 1, 1, 1, 1, 1, 1, 1, 1, 1, 1, 1, 1, 1, 1, 1, 1, 1, 1, 1, 1, 1, 1, 1, 1, 1, 1, 1, 1, 1, 1]
T500V1000_0.1;500;1000;2;0.1;experiment_data/medium/T500V1000_0.1_T.csv;experiment_data/medium/T500V1000_0.1_V.csv;1831;2714;positive;MKPSI;500;141;1690;[191162053, 162055892, 153747659, 161836889, 159402734, 152801966, 137945702, 120886950, 124470203, 124224792, 123256092, 121808990, 119840459, 124985379, 117206278, 122435546, 123323206, 117964809, 118767238, 123639923, 124923090, 115037729, 118051207, 119756611, 119650351, 120972975, 123242712, 116970389, 120845234, 120813996, 116516279, 118638925, 129498865, 115763618, 121451770, 120833043, 123488791, 122507221, 122963663, 119708722, 115387116, 120859535, 119342758, 112877325, 124888843, 122730835, 122197995, 112380164, 120853278, 116606863];[141, 141, 141, 141, 141, 141, 141, 141, 141, 141, 141, 141, 141, 141, 141, 141, 141, 141, 141, 141, 141, 141, 141, 141, 141, 141, 141, 141, 141, 141, 141, 141, 141, 141, 141, 141, 141, 141, 141, 141, 141, 141, 141, 141, 141, 141, 141, 141, 141, 141];[1690, 1690, 1690, 1690, 1690, 1690, 1690, 1690, 1690, 1690, 1690, 1690, 1690, 1690, 1690, 1690, 1690, 1690, 1690, 1690, 1690, 1690, 1690, 1690, 1690, 1690, 1690, 1690, 1690, 1690, 1690, 1690, 1690, 1690, 1690, 1690, 1690, 1690, 1690, 1690, 1690, 1690, 1690, 1690, 1690, 1690, 1690, 1690, 1690, 1690];[216, 205, 216, 218, 212, 204, 216, 213, 223, 219, 219, 215, 213, 222, 209, 218, 219, 211, 213, 221, 225, 205, 211, 214, 214, 214, 219, 205, 216, 216, 206, 212, 231, 206, 217, 217, 219, 220, 220, 215, 206, 216, 213, 200, 222, 219, 218, 200, 214, 208];[1, 1, 1, 1, 1, 1, 1, 1, 1, 1, 1, 1, 1, 1, 1, 1, 1, 1, 1, 1, 1, 1, 1, 1, 1, 1, 1, 1, 1, 1, 1, 1, 1, 1, 1, 1, 1, 1, 1, 1, 1, 1, 1, 1, 1, 1, 1, 1, 1, 1]
T1200V1000_0.1;1200;1000;2;0.1;experiment_data/medium/T1200V1000_0.1_T.csv;experiment_data/medium/T1200V1000_0.1_V.csv;4417;2740;positive;MKPSI;1200;316;4101;[424853595, 435796555, 453415222, 457080654, 425622229, 445894520, 446258298, 433551598, 445968261, 456459353, 459910520, 446562017, 437360636, 425527596, 452656768, 445935342, 467643598, 409964677, 329866241, 272875154, 261606535, 268091288, 272775169, 262424469, 267988132, 254608073, 260942405, 259655185, 258030557, 266646991, 252288919, 259014182, 249783023, 260249218, 250266408, 246940112, 254325108, 260082202, 255780868, 257042751, 264576195, 254235600, 262328642, 251803838, 249419529, 267662256, 253581930, 248755675, 249001905, 254388678];[316, 316, 316, 316, 316, 316, 316, 316, 316, 316, 316, 316, 316, 316, 316, 316, 316, 316, 316, 316, 316, 316, 316, 316, 316, 316, 316, 316, 316, 316, 316, 316, 316, 316, 316, 316, 316, 316, 316, 316, 316, 316, 316, 316, 316, 316, 316, 316, 316, 316];[4101, 4101, 4101, 4101, 4101, 4101, 4101, 4101, 4101, 4101, 4101, 4101, 4101, 4101, 4101, 4101, 4101, 4101, 4101, 4101, 4101, 4101, 4101, 4101, 4101, 4101, 4101, 4101, 4101, 4101, 4101, 4101, 4101, 4101, 4101, 4101, 4101, 4101, 4101, 4101, 4101, 4101, 4101, 4101, 4101, 4101, 4101, 4101, 4101, 4101];[433, 449, 463, 463, 433, 450, 446, 439, 454, 470, 466, 461, 438, 429, 466, 443, 461, 453, 460, 466, 459, 459, 466, 457, 474, 450, 461, 453, 461, 474, 446, 455, 443, 464, 438, 430, 447, 453, 452, 451, 466, 446, 464, 445, 442, 473, 441, 440, 442, 451];[1, 1, 1, 1, 1, 1, 1, 1, 1, 1, 1, 1, 1, 1, 1, 1, 1, 1, 1, 1, 1, 1, 1, 1, 1, 1, 1, 1, 1, 1, 1, 1, 1, 1, 1, 1, 1, 1, 1, 1, 1, 1, 1, 1, 1, 1, 1, 1, 1, 1]
T500V1000_0.7;500;1000;2;0.7;experiment_data/medium/T500V1000_0.7_T.csv;experiment_data/medium/T500V1000_0.7_V.csv;1839;2995;positive;MKPSI;500;936;903;[270711083, 238944539, 233187258, 237317348, 207032875, 182539251, 183134581, 176084450, 180000161, 181331799, 190285569, 179096768, 179844486, 185562986, 182271294, 180101608, 179847514, 182550294, 180855947, 183308039, 182342525, 180714581, 178884289, 175848040, 184341974, 175702076, 182243649, 183219642, 182863345, 184328467, 178443527, 181691074, 169813656, 182846354, 175204178, 179619205, 181471100, 180522899, 184856290, 179311464, 174718850, 187535289, 183974455, 186438162, 184741955, 177133634, 176238102, 170153827, 183348219, 173299055];[936, 936, 936, 936, 936, 936, 936, 936, 936, 936, 936, 936, 936, 936, 936, 936, 936, 936, 936, 936, 936, 936, 936, 936, 936, 936, 936, 936, 936, 936, 936, 936, 936, 936, 936, 936, 936, 936, 936, 936, 936, 936, 936, 936, 936, 936, 936, 936, 936, 936];[903, 903, 903, 903, 903, 903, 903, 903, 903, 903, 903, 903, 903, 903, 903, 903, 903, 903, 903, 903, 903, 903, 903, 903, 903, 903, 903, 903, 903, 903, 903, 903, 903, 903, 903, 903, 903, 903, 903, 903, 903, 903, 903, 903, 903, 903, 903, 903, 903, 903];[323, 344, 329, 341, 345, 338, 337, 323, 329, 335, 351, 330, 331, 341, 336, 334, 336, 339, 335, 341, 339, 336, 332, 326, 341, 328, 336, 339, 337, 342, 330, 338, 316, 343, 327, 335, 338, 338, 346, 330, 326, 348, 342, 347, 343, 328, 326, 317, 343, 323];[1, 1, 1, 1, 1, 1, 1, 1, 1, 1, 1, 1, 1, 1, 1, 1, 1, 1, 1, 1, 1, 1, 1, 1, 1, 1, 1, 1, 1, 1, 1, 1, 1, 1, 1, 1, 1, 1, 1, 1, 1, 1, 1, 1, 1, 1, 1, 1, 1, 1]
T700V1000_0.1;700;1000;2;0.1;experiment_data/medium/T700V1000_0.1_T.csv;experiment_data/medium/T700V1000_0.1_V.csv;2568;2750;positive;MKPSI;700;195;2373;[151617940, 159061955, 156979233, 154886199, 154237712, 158523803, 157153150, 152921902, 149314547, 155877835, 150551136, 155415625, 149476220, 156169743, 153357147, 153341153, 156660955, 150327301, 159475534, 153852451, 152300895, 145694530, 148871357, 149896720, 158070160, 157605538, 156542728, 156134976, 152119152, 151874740, 159153777, 147188084, 157262018, 148267080, 160946117, 159588698, 157675012, 155060112, 157663777, 160978875, 150108162, 162948388, 157708728, 153346302, 159328860, 152763637, 149006256, 151837914, 150551571, 149500230];[195, 195, 195, 195, 195, 195, 195, 195, 195, 195, 195, 195, 195, 195, 195, 195, 195, 195, 195, 195, 195, 195, 195, 195, 195, 195, 195, 195, 195, 195, 195, 195, 195, 195, 195, 195, 195, 195, 195, 195, 195, 195, 195, 195, 195, 195, 195, 195, 195, 195];[2373, 2373, 2373, 2373, 2373, 2373, 2373, 2373, 2373, 2373, 2373, 2373, 2373, 2373, 2373, 2373, 2373, 2373, 2373, 2373, 2373, 2373, 2373, 2373, 2373, 2373, 2373, 2373, 2373, 2373, 2373, 2373, 2373, 2373, 2373, 2373, 2373, 2373, 2373, 2373, 2373, 2373, 2373, 2373, 2373, 2373, 2373, 2373, 2373, 2373];[265, 281, 286, 282, 280, 290, 286, 280, 271, 286, 274, 283, 272, 286, 280, 280, 286, 274, 290, 280, 277, 263, 270, 272, 289, 289, 288, 285, 276, 276, 292, 266, 286, 270, 294, 293, 288, 282, 287, 295, 273, 299, 288, 280, 289, 279, 270, 276, 273, 271];[1, 1, 1, 1, 1, 1, 1, 1, 1, 1, 1, 1, 1, 1, 1, 1, 1, 1, 1, 1, 1, 1, 1, 1, 1, 1, 1, 1, 1, 1, 1, 1, 1, 1, 1, 1, 1, 1, 1, 1, 1, 1, 1, 1, 1, 1, 1, 1, 1, 1]
T600V1000_0.3;600;1000;2;0.3;experiment_data/medium/T600V1000_0.3_T.csv;experiment_data/medium/T600V1000_0.3_V.csv;2227;2854;positive;MKPSI;600;487;1740;[210361957, 207005532, 211081606, 210911619, 212752057, 210323075, 213693222, 213900523, 214793078, 215513627, 211832428, 212295554, 211720195, 215461263, 211481357, 214229689, 203794190, 217296192, 204555541, 208896775, 207703889, 211672941, 206268895, 207129154, 223133747, 199911274, 221952485, 211209512, 222039602, 204145413, 220717499, 206005224, 216017811, 216582029, 204668876, 211730964, 201222933, 215453168, 207997660, 213080648, 211906344, 204174947, 209418801, 210443508, 207652757, 209791527, 213587994, 223330884, 213668842, 204450110];[487, 487, 487, 487, 487, 487, 487, 487, 487, 487, 487, 487, 487, 487, 487, 487, 487, 487, 487, 487, 487, 487, 487, 487, 487, 487, 487, 487, 487, 487, 487, 487, 487, 487, 487, 487, 487, 487, 487, 487, 487, 487, 487, 487, 487, 487, 487, 487, 487, 487];[1740, 1740, 1740, 1740, 1740, 1740, 1740, 1740, 1740, 1740, 1740, 1740, 1740, 1740, 1740, 1740, 1740, 1740, 1740, 1740, 1740, 1740, 1740, 1740, 1740, 1740, 1740, 1740, 1740, 1740, 1740, 1740, 1740, 1740, 1740, 1740, 1740, 1740, 1740, 1740, 1740, 1740, 1740, 1740, 1740, 1740, 1740, 1740, 1740, 1740];[401, 394, 399, 401, 407, 402, 407, 410, 410, 413, 402, 405, 406, 412, 407, 410, 387, 416, 391, 399, 397, 405, 395, 394, 428, 378, 425, 403, 424, 387, 423, 392, 411, 413, 389, 403, 382, 411, 396, 401, 404, 387, 399, 400, 394, 399, 409, 427, 409, 387];[1, 1, 1, 1, 1, 1, 1, 1, 1, 1, 1, 1, 1, 1, 1, 1, 1, 1, 1, 1, 1, 1, 1, 1, 1, 1, 1, 1, 1, 1, 1, 1, 1, 1, 1, 1, 1, 1, 1, 1, 1, 1, 1, 1, 1, 1, 1, 1, 1, 1]
T800V1000_0.9;800;1000;2;0.9;experiment_data/medium/T800V1000_0.9_T.csv;experiment_data/medium/T800V1000_0.9_V.csv;2955;3295;positive;MKPSI;800;1923;1032;[186208938, 176871300, 176288367, 188034716, 176477510, 189816195, 181277561, 187387055, 173066281, 175729925, 175496468, 184612301, 182018885, 173065821, 182769912, 183101392, 178641780, 182081521, 184486747, 178933035, 184256716, 178070324, 188683440, 178657920, 182680870, 181466396, 181663800, 178460404, 183002373, 185981976, 180816013, 185715602, 186457066, 182962733, 186548763, 187350539, 181353899, 185005802, 184514240, 189585750, 178418317, 180984101, 182294074, 184814140, 185476702, 185348298, 185021605, 178804047, 180399392, 186245422];[1923, 1923, 1923, 1923, 1923, 1923, 1923, 1923, 1923, 1923, 1923, 1923, 1923, 1923, 1923, 1923, 1923, 1923, 1923, 1923, 1923, 1923, 1923, 1923, 1923, 1923, 1923, 1923, 1923, 1923, 1923, 1923, 1923, 1923, 1923, 1923, 1923, 1923, 1923, 1923, 1923, 1923, 1923, 1923, 1923, 1923, 1923, 1923, 1923, 1923];[1032, 1032, 1032, 1032, 1032, 1032, 1032, 1032, 1032, 1032, 1032, 1032, 1032, 1032, 1032, 1032, 1032, 1032, 1032, 1032, 1032, 1032, 1032, 1032, 1032, 1032, 1032, 1032, 1032, 1032, 1032, 1032, 1032, 1032, 1032, 1032, 1032, 1032, 1032, 1032, 1032, 1032, 1032, 1032, 1032, 1032, 1032, 1032, 1032, 1032];[330, 316, 311, 333, 314, 339, 323, 332, 306, 308, 311, 328, 323, 306, 324, 324, 316, 323, 328, 318, 329, 315, 337, 315, 325, 321, 321, 316, 323, 329, 320, 327, 329, 324, 332, 334, 321, 326, 326, 338, 314, 316, 321, 327, 328, 324, 327, 314, 317, 330];[1, 1, 1, 1, 1, 1, 1, 1, 1, 1, 1, 1, 1, 1, 1, 1, 1, 1, 1, 1, 1, 1, 1, 1, 1, 1, 1, 1, 1, 1, 1, 1, 1, 1, 1, 1, 1, 1, 1, 1, 1, 1, 1, 1, 1, 1, 1, 1, 1, 1]
T1400V1000_0.1;1400;1000;2;0.1;experiment_data/medium/T1400V1000_0.1_T.csv;experiment_data/medium/T1400V1000_0.1_V.csv;5120;2817;positive;MKPSI;1400;366;4754;[338814570, 326037863, 335016108, 331101162, 318270565, 334092305, 327529586, 334077523, 334436852, 332887028, 326272930, 331872386, 329641735, 320262289, 329294984, 331071370, 315038804, 320647391, 321538476, 313104028, 326656458, 323104554, 311108517, 328736398, 328695825, 315600531, 316935184, 317287645, 318522916, 315832235, 317101198, 329648827, 320272665, 327962717, 321969000, 325600696, 306258813, 315327572, 325248470, 313916034, 321493897, 314000314, 319393713, 314538470, 328642027, 325414570, 321287562, 320604215, 315065793, 329439481];[366, 366, 366, 366, 366, 366, 366, 366, 366, 366, 366, 366, 366, 366, 366, 366, 366, 366, 366, 366, 366, 366, 366, 366, 366, 366, 366, 366, 366, 366, 366, 366, 366, 366, 366, 366, 366, 366, 366, 366, 366, 366, 366, 366, 366, 366, 366, 366, 366, 366];[4754, 4754, 4754, 4754, 4754, 4754, 4754, 4754, 4754, 4754, 4754, 4754, 4754, 4754, 4754, 4754, 4754, 4754, 4754, 4754, 4754, 4754, 4754, 4754, 4754, 4754, 4754, 4754, 4754, 4754, 4754, 4754, 4754, 4754, 4754, 4754, 4754, 4754, 4754, 4754, 4754, 4754, 4754, 4754, 4754, 4754, 4754, 4754, 4754, 4754];[546, 531, 555, 547, 524, 546, 545, 549, 551, 558, 544, 545, 544, 536, 554, 565, 537, 555, 550, 535, 560, 554, 532, 568, 555, 541, 544, 545, 539, 539, 540, 560, 550, 556, 550, 560, 519, 542, 552, 537, 551, 536, 544, 536, 564, 560, 547, 549, 538, 565];[1, 1, 1, 1, 1, 1, 1, 1, 1, 1, 1, 1, 1, 1, 1, 1, 1, 1, 1, 1, 1, 1, 1, 1, 1, 1, 1, 1, 1, 1, 1, 1, 1, 1, 1, 1, 1, 1, 1, 1, 1, 1, 1, 1, 1, 1, 1, 1, 1, 1]
T1000V1000_0.1;1000;1000;2;0.1;experiment_data/medium/T1000V1000_0.1_T.csv;experiment_data/medium/T1000V1000_0.1_V.csv;3667;2759;positive;MKPSI;1000;276;3391;[217697362, 219670977, 207005069, 205280660, 209725966, 209174342, 209732606, 210685946, 204714016, 213650436, 206710978, 204932518, 204469388, 205556966, 218724411, 208965750, 213673998, 217179684, 215509435, 201288947, 207732558, 214736052, 214538429, 208094856, 214192878, 214217954, 217886030, 206574393, 208924003, 212392229, 207682224, 209620213, 206090725, 217187666, 213357258, 204403144, 205224902, 217495580, 211560558, 208087534, 211998920, 203490230, 199633015, 200233949, 210905345, 213346517, 212331784, 221386910, 209457017, 213814712];[276, 276, 276, 276, 276, 276, 276, 276, 276, 276, 276, 276, 276, 276, 276, 276, 276, 276, 276, 276, 276, 276, 276, 276, 276, 276, 276, 276, 276, 276, 276, 276, 276, 276, 276, 276, 276, 276, 276, 276, 276, 276, 276, 276, 276, 276, 276, 276, 276, 276];[3391, 3391, 3391, 3391, 3391, 3391, 3391, 3391, 3391, 3391, 3391, 3391, 3391, 3391, 3391, 3391, 3391, 3391, 3391, 3391, 3391, 3391, 3391, 3391, 3391, 3391, 3391, 3391, 3391, 3391, 3391, 3391, 3391, 3391, 3391, 3391, 3391, 3391, 3391, 3391, 3391, 3391, 3391, 3391, 3391, 3391, 3391, 3391, 3391, 3391];[390, 398, 377, 373, 383, 380, 385, 380, 372, 390, 373, 375, 371, 374, 400, 383, 390, 399, 396, 368, 380, 394, 391, 379, 389, 390, 393, 376, 380, 388, 378, 380, 374, 395, 385, 366, 369, 396, 385, 375, 387, 365, 361, 361, 382, 386, 385, 398, 381, 387];[1, 1, 1, 1, 1, 1, 1, 1, 1, 1, 1, 1, 1, 1, 1, 1, 1, 1, 1, 1, 1, 1, 1, 1, 1, 1, 1, 1, 1, 1, 1, 1, 1, 1, 1, 1, 1, 1, 1, 1, 1, 1, 1, 1, 1, 1, 1, 1, 1, 1]
T800V1000_1.0;800;1000;2;1.0;experiment_data/medium/T800V1000_1.0_T.csv;experiment_data/medium/T800V1000_1.0_V.csv;2933;3364;positive;MKPSI;800;2131;802;[8195273, 8153783, 8163633, 8574828, 9410897, 8868599, 8405695, 8132382, 8066341, 8093112, 8078822, 8069401, 8110142, 8051921, 8025311, 8123482, 8757750, 8140062, 8096772, 8095691, 8141142, 8050941, 8071012, 8211403, 8050531, 8095522, 9851801, 8154642, 8068583, 8016181, 8019872, 8165523, 8019640, 10704792, 8832870, 8214582, 8238194, 8097152, 8103702, 8084542, 8105562, 8232603, 8145662, 8211483, 8111432, 8083363, 8047031, 8348115, 8119882, 8088812];[2131, 2131, 2131, 2131, 2131, 2131, 2131, 2131, 2131, 2131, 2131, 2131, 2131, 2131, 2131, 2131, 2131, 2131, 2131, 2131, 2131, 2131, 2131, 2131, 2131, 2131, 2131, 2131, 2131, 2131, 2131, 2131, 2131, 2131, 2131, 2131, 2131, 2131, 2131, 2131, 2131, 2131, 2131, 2131, 2131, 2131, 2131, 2131, 2131, 2131];[802, 802, 802, 802, 802, 802, 802, 802, 802, 802, 802, 802, 802, 802, 802, 802, 802, 802, 802, 802, 802, 802, 802, 802, 802, 802, 802, 802, 802, 802, 802, 802, 802, 802, 802, 802, 802, 802, 802, 802, 802, 802, 802, 802, 802, 802, 802, 802, 802, 802];[1, 1, 1, 1, 1, 1, 1, 1, 1, 1, 1, 1, 1, 1, 1, 1, 1, 1, 1, 1, 1, 1, 1, 1, 1, 1, 1, 1, 1, 1, 1, 1, 1, 1, 1, 1, 1, 1, 1, 1, 1, 1, 1, 1, 1, 1, 1, 1, 1, 1];[1, 1, 1, 1, 1, 1, 1, 1, 1, 1, 1, 1, 1, 1, 1, 1, 1, 1, 1, 1, 1, 1, 1, 1, 1, 1, 1, 1, 1, 1, 1, 1, 1, 1, 1, 1, 1, 1, 1, 1, 1, 1, 1, 1, 1, 1, 1, 1, 1, 1]
T500V1000_0.2;500;1000;2;0.2;experiment_data/medium/T500V1000_0.2_T.csv;experiment_data/medium/T500V1000_0.2_V.csv;1839;2760;positive;MKPSI;500;270;1569;[145962925, 154032888, 145069230, 158602595, 142850191, 155682665, 150257163, 151651286, 161413539, 149051880, 153251652, 147234988, 152034779, 152465601, 153566200, 149510782, 144085671, 151527724, 147248851, 150739148, 160109514, 152541851, 149756777, 150857811, 153172790, 142505174, 151212742, 152685840, 151658309, 154549896, 151586363, 161139900, 150939562, 152276465, 152498581, 151449973, 152627252, 151668631, 156463985, 146149460, 154738063, 152793249, 148525992, 153620643, 155581082, 151371948, 150582775, 144856812, 142669860, 148941526];[270, 270, 270, 270, 270, 270, 270, 270, 270, 270, 270, 270, 270, 270, 270, 270, 270, 270, 270, 270, 270, 270, 270, 270, 270, 270, 270, 270, 270, 270, 270, 270, 270, 270, 270, 270, 270, 270, 270, 270, 270, 270, 270, 270, 270, 270, 270, 270, 270, 270];[1569, 1569, 1569, 1569, 1569, 1569, 1569, 1569, 1569, 1569, 1569, 1569, 1569, 1569, 1569, 1569, 1569, 1569, 1569, 1569, 1569, 1569, 1569, 1569, 1569, 1569, 1569, 1569, 1569, 1569, 1569, 1569, 1569, 1569, 1569, 1569, 1569, 1569, 1569, 1569, 1569, 1569, 1569, 1569, 1569, 1569, 1569, 1569, 1569, 1569];[263, 280, 260, 287, 256, 282, 271, 274, 292, 269, 277, 266, 276, 276, 276, 272, 262, 274, 265, 272, 290, 275, 269, 273, 279, 254, 274, 278, 274, 279, 273, 292, 272, 274, 272, 271, 274, 276, 283, 265, 278, 278, 269, 280, 282, 274, 271, 260, 256, 267];[1, 1, 1, 1, 1, 1, 1, 1, 1, 1, 1, 1, 1, 1, 1, 1, 1, 1, 1, 1, 1, 1, 1, 1, 1, 1, 1, 1, 1, 1, 1, 1, 1, 1, 1, 1, 1, 1, 1, 1, 1, 1, 1, 1, 1, 1, 1, 1, 1, 1]
T900V1000_0.0;900;1000;2;0.0;experiment_data/medium/T900V1000_0.0_T.csv;experiment_data/medium/T900V1000_0.0_V.csv;3317;2693;positive;MKPSI;900;0;3317;[9318046, 9143695, 9449327, 9296176, 9180504, 11035005, 9230365, 9070992, 9168114, 10432248, 10908424, 10315697, 9185224, 9060443, 10869113, 9139104, 9082613, 9056193, 10980905, 9149674, 9084062, 9063482, 8991742, 9067114, 9339505, 10373878, 8967713, 9024492, 10219206, 10087044, 9021122, 9096014, 8999393, 9060503, 9047993, 9005092, 9082902, 9097142, 8988293, 9072642, 9071083, 11173018, 8944902, 9038553, 9142205, 10937754, 8990052, 9096234, 8985152, 8987442];[0, 0, 0, 0, 0, 0, 0, 0, 0, 0, 0, 0, 0, 0, 0, 0, 0, 0, 0, 0, 0, 0, 0, 0, 0, 0, 0, 0, 0, 0, 0, 0, 0, 0, 0, 0, 0, 0, 0, 0, 0, 0, 0, 0, 0, 0, 0, 0, 0, 0];[3317, 3317, 3317, 3317, 3317, 3317, 3317, 3317, 3317, 3317, 3317, 3317, 3317, 3317, 3317, 3317, 3317, 3317, 3317, 3317, 3317, 3317, 3317, 3317, 3317, 3317, 3317, 3317, 3317, 3317, 3317, 3317, 3317, 3317, 3317, 3317, 3317, 3317, 3317, 3317, 3317, 3317, 3317, 3317, 3317, 3317, 3317, 3317, 3317, 3317];[1, 1, 1, 1, 1, 1, 1, 1, 1, 1, 1, 1, 1, 1, 1, 1, 1, 1, 1, 1, 1, 1, 1, 1, 1, 1, 1, 1, 1, 1, 1, 1, 1, 1, 1, 1, 1, 1, 1, 1, 1, 1, 1, 1, 1, 1, 1, 1, 1, 1];[1, 1, 1, 1, 1, 1, 1, 1, 1, 1, 1, 1, 1, 1, 1, 1, 1, 1, 1, 1, 1, 1, 1, 1, 1, 1, 1, 1, 1, 1, 1, 1, 1, 1, 1, 1, 1, 1, 1, 1, 1, 1, 1, 1, 1, 1, 1, 1, 1, 1]
T1200V1000_0.7;1200;1000;2;0.7;experiment_data/medium/T1200V1000_0.7_T.csv;experiment_data/medium/T1200V1000_0.7_V.csv;4417;3407;positive;MKPSI;1200;2243;2174;[436518106, 438495572, 447479436, 456506874, 464252203, 444979802, 443565020, 428753581, 404001785, 417664873, 429930488, 425171554, 427846286, 417499641, 425954176, 427096259, 415498369, 416209922, 419083803, 428222917, 409425779, 406513137, 418971412, 402600283, 412075563, 424929134, 409246622, 400722953, 403800192, 413509007, 416548635, 416292746, 402966513, 418624717, 411557337, 419408081, 423583438, 419534148, 421029657, 416784982, 415630280, 410101153, 405504899, 411371155, 406869911, 411365481, 413797528, 417733424, 409011311, 413447259];[2243, 2243, 2243, 2243, 2243, 2243, 2243, 2243, 2243, 2243, 2243, 2243, 2243, 2243, 2243, 2243, 2243, 2243, 2243, 2243, 2243, 2243, 2243, 2243, 2243, 2243, 2243, 2243, 2243, 2243, 2243, 2243, 2243, 2243, 2243, 2243, 2243, 2243, 2243, 2243, 2243, 2243, 2243, 2243, 2243, 2243, 2243, 2243, 2243, 2243];[2174, 2174, 2174, 2174, 2174, 2174, 2174, 2174, 2174, 2174, 2174, 2174, 2174, 2174, 2174, 2174, 2174, 2174, 2174, 2174, 2174, 2174, 2174, 2174, 2174, 2174, 2174, 2174, 2174, 2174, 2174, 2174, 2174, 2174, 2174, 2174, 2174, 2174, 2174, 2174, 2174, 2174, 2174, 2174, 2174, 2174, 2174, 2174, 2174, 2174];[762, 775, 800, 815, 836, 789, 788, 786, 740, 779, 800, 781, 795, 782, 794, 806, 780, 778, 799, 827, 789, 780, 801, 767, 790, 820, 789, 768, 768, 794, 805, 794, 775, 804, 794, 809, 817, 809, 815, 803, 800, 788, 779, 790, 779, 784, 785, 799, 785, 799];[1, 1, 1, 1, 1, 1, 1, 1, 1, 1, 1, 1, 1, 1, 1, 1, 1, 1, 1, 1, 1, 1, 1, 1, 1, 1, 1, 1, 1, 1, 1, 1, 1, 1, 1, 1, 1, 1, 1, 1, 1, 1, 1, 1, 1, 1, 1, 1, 1, 1]
T800V1000_0.2;800;1000;2;0.2;experiment_data/medium/T800V1000_0.2_T.csv;experiment_data/medium/T800V1000_0.2_V.csv;2917;2814;positive;MKPSI;800;434;2483;[240834262, 256570373, 251045193, 256563196, 248245855, 244329173, 234376673, 244665581, 234950975, 240495905, 251003328, 245656474, 247868215, 246150011, 246951207, 246046390, 250134247, 254776624, 234969058, 262396644, 243906265, 245951657, 246028510, 240620254, 248707078, 244611224, 241835394, 243828424, 249289699, 249989918, 246896504, 246306570, 241908930, 244341596, 250494791, 253221657, 243848037, 248989637, 252149306, 244474844, 248291692, 248540876, 240994326, 251642200, 240911211, 248690110, 239321326, 247604254, 238059864, 257432397];[434, 434, 434, 434, 434, 434, 434, 434, 434, 434, 434, 434, 434, 434, 434, 434, 434, 434, 434, 434, 434, 434, 434, 434, 434, 434, 434, 434, 434, 434, 434, 434, 434, 434, 434, 434, 434, 434, 434, 434, 434, 434, 434, 434, 434, 434, 434, 434, 434, 434];[2483, 2483, 2483, 2483, 2483, 2483, 2483, 2483, 2483, 2483, 2483, 2483, 2483, 2483, 2483, 2483, 2483, 2483, 2483, 2483, 2483, 2483, 2483, 2483, 2483, 2483, 2483, 2483, 2483, 2483, 2483, 2483, 2483, 2483, 2483, 2483, 2483, 2483, 2483, 2483, 2483, 2483, 2483, 2483, 2483, 2483, 2483, 2483, 2483, 2483];[454, 481, 473, 487, 468, 461, 440, 461, 440, 451, 471, 464, 467, 464, 463, 464, 472, 482, 440, 497, 458, 467, 463, 454, 469, 462, 454, 458, 468, 473, 464, 460, 454, 456, 472, 476, 457, 466, 468, 458, 464, 466, 443, 472, 448, 466, 445, 463, 447, 482];[1, 1, 1, 1, 1, 1, 1, 1, 1, 1, 1, 1, 1, 1, 1, 1, 1, 1, 1, 1, 1, 1, 1, 1, 1, 1, 1, 1, 1, 1, 1, 1, 1, 1, 1, 1, 1, 1, 1, 1, 1, 1, 1, 1, 1, 1, 1, 1, 1, 1]
T700V1000_0.6;700;1000;2;0.6;experiment_data/medium/T700V1000_0.6_T.csv;experiment_data/medium/T700V1000_0.6_V.csv;2540;3066;positive;MKPSI;700;1116;1424;[278768461, 269173119, 273978505, 261562057, 263285253, 268442041, 271416960, 264880109, 263939724, 268110373, 267119292, 283183350, 250119056, 270350650, 267396976, 269254485, 264166656, 258634644, 255429493, 271605559, 262317207, 262703853, 279198561, 271822574, 273619271, 253743177, 264111519, 270312985, 258152203, 272003763, 275471082, 257937830, 260167593, 269674607, 264055899, 268742482, 263233588, 274662378, 267517019, 269203610, 271413528, 267924545, 274572745, 274640538, 262828622, 259820666, 257401593, 267748331, 265745116, 273628578];[1116, 1116, 1116, 1116, 1116, 1116, 1116, 1116, 1116, 1116, 1116, 1116, 1116, 1116, 1116, 1116, 1116, 1116, 1116, 1116, 1116, 1116, 1116, 1116, 1116, 1116, 1116, 1116, 1116, 1116, 1116, 1116, 1116, 1116, 1116, 1116, 1116, 1116, 1116, 1116, 1116, 1116, 1116, 1116, 1116, 1116, 1116, 1116, 1116, 1116];[1424, 1424, 1424, 1424, 1424, 1424, 1424, 1424, 1424, 1424, 1424, 1424, 1424, 1424, 1424, 1424, 1424, 1424, 1424, 1424, 1424, 1424, 1424, 1424, 1424, 1424, 1424, 1424, 1424, 1424, 1424, 1424, 1424, 1424, 1424, 1424, 1424, 1424, 1424, 1424, 1424, 1424, 1424, 1424, 1424, 1424, 1424, 1424, 1424, 1424];[520, 515, 528, 508, 509, 521, 522, 506, 507, 514, 511, 543, 479, 516, 512, 513, 509, 490, 489, 523, 503, 502, 537, 516, 524, 486, 508, 519, 496, 523, 533, 497, 500, 517, 506, 516, 508, 530, 512, 518, 520, 514, 528, 524, 505, 497, 494, 512, 510, 525];[1, 1, 1, 1, 1, 1, 1, 1, 1, 1, 1, 1, 1, 1, 1, 1, 1, 1, 1, 1, 1, 1, 1, 1, 1, 1, 1, 1, 1, 1, 1, 1, 1, 1, 1, 1, 1, 1, 1, 1, 1, 1, 1, 1, 1, 1, 1, 1, 1, 1]
T1300V1000_0.3;1300;1000;2;0.3;experiment_data/medium/T1300V1000_0.3_T.csv;experiment_data/medium/T1300V1000_0.3_V.csv;4759;3006;positive;MKPSI;1300;1045;3714;[487685287, 496682470, 500913924, 497752382, 482201156, 460580596, 473147083, 481333699, 466965064, 468407159, 466552319, 465995642, 455341562, 468896931, 470608000, 478443722, 474833979, 464998826, 458697248, 445828238, 463990069, 442791071, 449824883, 440473353, 470261070, 454952015, 460347610, 458762300, 446872386, 459164780, 454779823, 452597496, 461298270, 444539634, 463856700, 463832084, 464560984, 435954921, 459360054, 463450921, 455370589, 457196379, 455268634, 459151149, 453756479, 441070026, 453424904, 449720234, 461793529, 441752867];[1045, 1045, 1045, 1045, 1045, 1045, 1045, 1045, 1045, 1045, 1045, 1045, 1045, 1045, 1045, 1045, 1045, 1045, 1045, 1045, 1045, 1045, 1045, 1045, 1045, 1045, 1045, 1045, 1045, 1045, 1045, 1045, 1045, 1045, 1045, 1045, 1045, 1045, 1045, 1045, 1045, 1045, 1045, 1045, 1045, 1045, 1045, 1045, 1045, 1045];[3714, 3714, 3714, 3714, 3714, 3714, 3714, 3714, 3714, 3714, 3714, 3714, 3714, 3714, 3714, 3714, 3714, 3714, 3714, 3714, 3714, 3714, 3714, 3714, 3714, 3714, 3714, 3714, 3714, 3714, 3714, 3714, 3714, 3714, 3714, 3714, 3714, 3714, 3714, 3714, 3714, 3714, 3714, 3714, 3714, 3714, 3714, 3714, 3714, 3714];[849, 868, 866, 886, 870, 843, 856, 857, 858, 858, 859, 849, 835, 859, 864, 871, 880, 861, 859, 843, 883, 840, 855, 835, 891, 860, 864, 865, 845, 876, 856, 858, 876, 838, 874, 874, 883, 827, 873, 879, 862, 865, 854, 862, 855, 832, 854, 837, 868, 825];[1, 1, 1, 1, 1, 1, 1, 1, 1, 1, 1, 1, 1, 1, 1, 1, 1, 1, 1, 1, 1, 1, 1, 1, 1, 1, 1, 1, 1, 1, 1, 1, 1, 1, 1, 1, 1, 1, 1, 1, 1, 1, 1, 1, 1, 1, 1, 1, 1, 1]
T1000V1000_0.8;1000;1000;2;0.8;experiment_data/medium/T1000V1000_0.8_T.csv;experiment_data/medium/T1000V1000_0.8_V.csv;3635;3351;positive;MKPSI;1000;2112;1523;[299371720, 297201643, 307326814, 300406456, 285581218, 303653280, 300220926, 293514637, 300684643, 294608097, 299359555, 289498812, 296729425, 294051289, 299780358, 293961989, 300535964, 291258014, 291085322, 303013365, 294451420, 296938034, 299339750, 302959554, 296608863, 294835086, 305079974, 294858718, 304724470, 302555203, 307930542, 292308949, 287243543, 298357714, 293868834, 303104559, 306825610, 307330824, 294729091, 292887733, 301538871, 300334432, 297621449, 299632392, 286347519, 296578734, 298529393, 299160295, 290337194, 303795495];[2112, 2112, 2112, 2112, 2112, 2112, 2112, 2112, 2112, 2112, 2112, 2112, 2112, 2112, 2112, 2112, 2112, 2112, 2112, 2112, 2112, 2112, 2112, 2112, 2112, 2112, 2112, 2112, 2112, 2112, 2112, 2112, 2112, 2112, 2112, 2112, 2112, 2112, 2112, 2112, 2112, 2112, 2112, 2112, 2112, 2112, 2112, 2112, 2112, 2112];[1523, 1523, 1523, 1523, 1523, 1523, 1523, 1523, 1523, 1523, 1523, 1523, 1523, 1523, 1523, 1523, 1523, 1523, 1523, 1523, 1523, 1523, 1523, 1523, 1523, 1523, 1523, 1523, 1523, 1523, 1523, 1523, 1523, 1523, 1523, 1523, 1523, 1523, 1523, 1523, 1523, 1523, 1523, 1523, 1523, 1523, 1523, 1523, 1523, 1523];[560, 562, 581, 569, 537, 572, 562, 552, 568, 553, 567, 540, 557, 551, 565, 556, 569, 550, 545, 574, 557, 559, 563, 567, 554, 551, 575, 557, 572, 572, 579, 547, 540, 562, 549, 571, 578, 579, 556, 549, 566, 563, 562, 564, 536, 557, 556, 563, 546, 572];[1, 1, 1, 1, 1, 1, 1, 1, 1, 1, 1, 1, 1, 1, 1, 1, 1, 1, 1, 1, 1, 1, 1, 1, 1, 1, 1, 1, 1, 1, 1, 1, 1, 1, 1, 1, 1, 1, 1, 1, 1, 1, 1, 1, 1, 1, 1, 1, 1, 1]
T500V1000_0.8;500;1000;2;0.8;experiment_data/medium/T500V1000_0.8_T.csv;experiment_data/medium/T500V1000_0.8_V.csv;1800;3001;positive;MKPSI;500;1036;764;[159135528, 162693374, 160349174, 165582565, 164332022, 161850477, 161103302, 159787196, 153788886, 157467584, 154995168, 158925526, 163561582, 157091930, 167603519, 162080736, 160750698, 160114299, 153327878, 160871496, 163236741, 156769603, 158144925, 161403915, 168007148, 155338256, 150722432, 162540470, 165107523, 165989343, 160141694, 160207792, 162326037, 165344509, 166505433, 159929695, 165105661, 159945250, 160591634, 156863022, 162366838, 162918777, 160719157, 162912861, 156460525, 160622036, 169164424, 162956006, 169916107, 160626433];[1036, 1036, 1036, 1036, 1036, 1036, 1036, 1036, 1036, 1036, 1036, 1036, 1036, 1036, 1036, 1036, 1036, 1036, 1036, 1036, 1036, 1036, 1036, 1036, 1036, 1036, 1036, 1036, 1036, 1036, 1036, 1036, 1036, 1036, 1036, 1036, 1036, 1036, 1036, 1036, 1036, 1036, 1036, 1036, 1036, 1036, 1036, 1036, 1036, 1036];[764, 764, 764, 764, 764, 764, 764, 764, 764, 764, 764, 764, 764, 764, 764, 764, 764, 764, 764, 764, 764, 764, 764, 764, 764, 764, 764, 764, 764, 764, 764, 764, 764, 764, 764, 764, 764, 764, 764, 764, 764, 764, 764, 764, 764, 764, 764, 764, 764, 764];[295, 303, 298, 308, 305, 299, 297, 296, 283, 291, 287, 295, 303, 290, 310, 301, 300, 298, 283, 300, 304, 290, 294, 300, 313, 287, 279, 300, 307, 308, 297, 298, 302, 308, 308, 296, 308, 297, 298, 291, 302, 303, 299, 301, 291, 297, 315, 303, 316, 299];[1, 1, 1, 1, 1, 1, 1, 1, 1, 1, 1, 1, 1, 1, 1, 1, 1, 1, 1, 1, 1, 1, 1, 1, 1, 1, 1, 1, 1, 1, 1, 1, 1, 1, 1, 1, 1, 1, 1, 1, 1, 1, 1, 1, 1, 1, 1, 1, 1, 1]
T900V1000_0.5;900;1000;2;0.5;experiment_data/medium/T900V1000_0.5_T.csv;experiment_data/medium/T900V1000_0.5_V.csv;3287;3066;positive;MKPSI;900;1202;2085;[352971527, 333345477, 355737765, 350964795, 346189941, 328682129, 355400405, 343920173, 345096576, 350865685, 347419208, 348247755, 355821304, 356892169, 334548274, 353239076, 343342530, 343606168, 348946371, 342836561, 342088873, 347095034, 365066805, 347030276, 346505634, 352335486, 353246051, 335204921, 344979252, 341647458, 350981205, 345020627, 356152532, 350143826, 337790782, 355972973, 349220175, 352306390, 358959588, 353274539, 347746034, 343989151, 351584892, 343310525, 329299737, 342249394, 350658128, 340608932, 358506244, 344510890];[1202, 1202, 1202, 1202, 1202, 1202, 1202, 1202, 1202, 1202, 1202, 1202, 1202, 1202, 1202, 1202, 1202, 1202, 1202, 1202, 1202, 1202, 1202, 1202, 1202, 1202, 1202, 1202, 1202, 1202, 1202, 1202, 1202, 1202, 1202, 1202, 1202, 1202, 1202, 1202, 1202, 1202, 1202, 1202, 1202, 1202, 1202, 1202, 1202, 1202];[2085, 2085, 2085, 2085, 2085, 2085, 2085, 2085, 2085, 2085, 2085, 2085, 2085, 2085, 2085, 2085, 2085, 2085, 2085, 2085, 2085, 2085, 2085, 2085, 2085, 2085, 2085, 2085, 2085, 2085, 2085, 2085, 2085, 2085, 2085, 2085, 2085, 2085, 2085, 2085, 2085, 2085, 2085, 2085, 2085, 2085, 2085, 2085, 2085, 2085];[668, 634, 684, 672, 664, 629, 685, 662, 662, 674, 661, 664, 683, 680, 633, 677, 656, 659, 669, 657, 646, 666, 698, 660, 658, 672, 676, 639, 652, 647, 668, 653, 673, 666, 637, 679, 668, 671, 683, 671, 666, 657, 670, 658, 625, 652, 669, 647, 685, 656];[1, 1, 1, 1, 1, 1, 1, 1, 1, 1, 1, 1, 1, 1, 1, 1, 1, 1, 1, 1, 1, 1, 1, 1, 1, 1, 1, 1, 1, 1, 1, 1, 1, 1, 1, 1, 1, 1, 1, 1, 1, 1, 1, 1, 1, 1, 1, 1, 1, 1]
T1400V1000_0.6;1400;1000;2;0.6;experiment_data/medium/T1400V1000_0.6_T.csv;experiment_data/medium/T1400V1000_0.6_V.csv;5122;3411;positive;MKPSI;1400;2247;2875;[545915242, 562140065, 572929892, 549785688, 541372610, 540785637, 556316666, 545214800, 543684395, 557983098, 552287176, 529084827, 540530693, 543782340, 517019691, 533153084, 519839893, 516098674, 536515568, 507043615, 525712345, 540103476, 522820219, 531439056, 537979621, 544591988, 529798458, 548546998, 540687809, 531663151, 525576044, 547051075, 539871333, 529266106, 519438032, 538156632, 537055243, 522254233, 534961307, 532243970, 518448343, 523765084, 523871109, 544111116, 527070527, 520414808, 532450777, 520227329, 527404535, 529249419];[2247, 2247, 2247, 2247, 2247, 2247, 2247, 2247, 2247, 2247, 2247, 2247, 2247, 2247, 2247, 2247, 2247, 2247, 2247, 2247, 2247, 2247, 2247, 2247, 2247, 2247, 2247, 2247, 2247, 2247, 2247, 2247, 2247, 2247, 2247, 2247, 2247, 2247, 2247, 2247, 2247, 2247, 2247, 2247, 2247, 2247, 2247, 2247, 2247, 2247];[2875, 2875, 2875, 2875, 2875, 2875, 2875, 2875, 2875, 2875, 2875, 2875, 2875, 2875, 2875, 2875, 2875, 2875, 2875, 2875, 2875, 2875, 2875, 2875, 2875, 2875, 2875, 2875, 2875, 2875, 2875, 2875, 2875, 2875, 2875, 2875, 2875, 2875, 2875, 2875, 2875, 2875, 2875, 2875, 2875, 2875, 2875, 2875, 2875, 2875];[1008, 1038, 1062, 1021, 998, 998, 1030, 1027, 1008, 1045, 1033, 993, 1021, 1033, 987, 1028, 1009, 988, 1033, 979, 1013, 1043, 1000, 1024, 1036, 1047, 1023, 1061, 1045, 1022, 1012, 1052, 1043, 1025, 1004, 1029, 1029, 1012, 1032, 1021, 995, 1014, 1007, 1050, 1022, 999, 1022, 1004, 1025, 1018];[1, 1, 1, 1, 1, 1, 1, 1, 1, 1, 1, 1, 1, 1, 1, 1, 1, 1, 1, 1, 1, 1, 1, 1, 1, 1, 1, 1, 1, 1, 1, 1, 1, 1, 1, 1, 1, 1, 1, 1, 1, 1, 1, 1, 1, 1, 1, 1, 1, 1]
T700V1000_0.2;700;1000;2;0.2;experiment_data/medium/T700V1000_0.2_T.csv;experiment_data/medium/T700V1000_0.2_V.csv;2591;2806;positive;MKPSI;700;388;2203;[223479105, 218158940, 214197688, 220992560, 208428460, 215763194, 209628375, 213855407, 219105171, 203037816, 207991300, 219838771, 208467447, 214513118, 219397348, 220259161, 219078628, 215096006, 217180859, 210180317, 208064860, 219897450, 208581906, 213710775, 214474550, 204231456, 212335220, 210138160, 217233300, 209218051, 212859743, 217307089, 213005030, 212120749, 215668972, 200719151, 202696830, 213193544, 210426971, 211763923, 218544974, 215153411, 223417479, 210811190, 218757502, 208756705, 204307398, 219729694, 208603940, 216094273];[388, 388, 388, 388, 388, 388, 388, 388, 388, 388, 388, 388, 388, 388, 388, 388, 388, 388, 388, 388, 388, 388, 388, 388, 388, 388, 388, 388, 388, 388, 388, 388, 388, 388, 388, 388, 388, 388, 388, 388, 388, 388, 388, 388, 388, 388, 388, 388, 388, 388];[2203, 2203, 2203, 2203, 2203, 2203, 2203, 2203, 2203, 2203, 2203, 2203, 2203, 2203, 2203, 2203, 2203, 2203, 2203, 2203, 2203, 2203, 2203, 2203, 2203, 2203, 2203, 2203, 2203, 2203, 2203, 2203, 2203, 2203, 2203, 2203, 2203, 2203, 2203, 2203, 2203, 2203, 2203, 2203, 2203, 2203, 2203, 2203, 2203, 2203];[403, 392, 399, 414, 389, 403, 391, 398, 408, 376, 390, 411, 388, 400, 410, 411, 410, 403, 407, 394, 389, 411, 388, 401, 403, 382, 395, 392, 405, 390, 395, 403, 398, 396, 404, 373, 375, 398, 390, 393, 408, 401, 417, 392, 408, 387, 380, 411, 388, 403];[1, 1, 1, 1, 1, 1, 1, 1, 1, 1, 1, 1, 1, 1, 1, 1, 1, 1, 1, 1, 1, 1, 1, 1, 1, 1, 1, 1, 1, 1, 1, 1, 1, 1, 1, 1, 1, 1, 1, 1, 1, 1, 1, 1, 1, 1, 1, 1, 1, 1]
T1100V1000_0.4;1100;1000;2;0.4;experiment_data/medium/T1100V1000_0.4_T.csv;experiment_data/medium/T1100V1000_0.4_V.csv;4032;3040;positive;MKPSI;1100;1163;2869;[436149105, 448315235, 425610812, 419608572, 423182147, 420764191, 425903999, 444888800, 437472954, 427713882, 418627226, 422796300, 424439952, 431746929, 443357164, 421146147, 413685487, 430976858, 442646913, 428521939, 435401569, 422758644, 427441017, 426536422, 421374588, 423122486, 433471968, 429232098, 412409102, 404193860, 424376459, 428140772, 436760777, 450677877, 449492091, 423987262, 428375452, 402044246, 423576019, 428504510, 425087762, 428084223, 439879859, 440525652, 429340853, 416852752, 424710995, 436791251, 439636182, 458991544];[1163, 1163, 1163, 1163, 1163, 1163, 1163, 1163, 1163, 1163, 1163, 1163, 1163, 1163, 1163, 1163, 1163, 1163, 1163, 1163, 1163, 1163, 1163, 1163, 1163, 1163, 1163, 1163, 1163, 1163, 1163, 1163, 1163, 1163, 1163, 1163, 1163, 1163, 1163, 1163, 1163, 1163, 1163, 1163, 1163, 1163, 1163, 1163, 1163, 1163];[2869, 2869, 2869, 2869, 2869, 2869, 2869, 2869, 2869, 2869, 2869, 2869, 2869, 2869, 2869, 2869, 2869, 2869, 2869, 2869, 2869, 2869, 2869, 2869, 2869, 2869, 2869, 2869, 2869, 2869, 2869, 2869, 2869, 2869, 2869, 2869, 2869, 2869, 2869, 2869, 2869, 2869, 2869, 2869, 2869, 2869, 2869, 2869, 2869, 2869];[808, 794, 803, 795, 796, 795, 804, 799, 820, 804, 770, 784, 808, 819, 811, 798, 785, 805, 808, 774, 820, 776, 786, 794, 788, 784, 781, 797, 774, 758, 800, 796, 827, 827, 821, 771, 785, 754, 778, 791, 782, 813, 823, 820, 815, 777, 796, 817, 799, 806];[1, 1, 1, 1, 1, 1, 1, 1, 1, 1, 1, 1, 1, 1, 1, 1, 1, 1, 1, 1, 1, 1, 1, 1, 1, 1, 1, 1, 1, 1, 1, 1, 1, 1, 1, 1, 1, 1, 1, 1, 1, 1, 1, 1, 1, 1, 1, 1, 1, 1]
T600V1000_0.4;600;1000;2;0.4;experiment_data/medium/T600V1000_0.4_T.csv;experiment_data/medium/T600V1000_0.4_V.csv;2197;2873;positive;MKPSI;600;642;1555;[222885673, 227814219, 207843606, 211947681, 213562509, 227707762, 231119690, 233275894, 219870699, 225704450, 219321733, 227410870, 214152244, 231832322, 224776015, 224015949, 227295260, 220756254, 220907487, 221464280, 227800187, 235683589, 226467863, 215745130, 210061879, 233339892, 222798013, 219909603, 223205445, 217565365, 217029210, 218129086, 220031465, 213668509, 230358888, 220958000, 230938444, 218571066, 225098711, 234854506, 216699709, 226190410, 223509317, 223476419, 220918063, 228936891, 225892867, 230253705, 226332641, 226497783];[642, 642, 642, 642, 642, 642, 642, 642, 642, 642, 642, 642, 642, 642, 642, 642, 642, 642, 642, 642, 642, 642, 642, 642, 642, 642, 642, 642, 642, 642, 642, 642, 642, 642, 642, 642, 642, 642, 642, 642, 642, 642, 642, 642, 642, 642, 642, 642, 642, 642];[1555, 1555, 1555, 1555, 1555, 1555, 1555, 1555, 1555, 1555, 1555, 1555, 1555, 1555, 1555, 1555, 1555, 1555, 1555, 1555, 1555, 1555, 1555, 1555, 1555, 1555, 1555, 1555, 1555, 1555, 1555, 1555, 1555, 1555, 1555, 1555, 1555, 1555, 1555, 1555, 1555, 1555, 1555, 1555, 1555, 1555, 1555, 1555, 1555, 1555];[427, 438, 396, 401, 404, 435, 442, 450, 420, 433, 419, 437, 412, 447, 433, 430, 435, 421, 422, 426, 436, 454, 435, 414, 401, 450, 426, 421, 426, 416, 414, 416, 420, 408, 442, 424, 442, 418, 431, 452, 413, 435, 427, 427, 422, 437, 435, 443, 434, 433];[1, 1, 1, 1, 1, 1, 1, 1, 1, 1, 1, 1, 1, 1, 1, 1, 1, 1, 1, 1, 1, 1, 1, 1, 1, 1, 1, 1, 1, 1, 1, 1, 1, 1, 1, 1, 1, 1, 1, 1, 1, 1, 1, 1, 1, 1, 1, 1, 1, 1]
T500V1000_0.3;500;1000;2;0.3;experiment_data/medium/T500V1000_0.3_T.csv;experiment_data/medium/T500V1000_0.3_V.csv;1836;2814;positive;MKPSI;500;398;1438;[170289084, 181778301, 185047538, 184445128, 189639916, 186753068, 194062829, 182029907, 184194485, 187394984, 189526808, 180795562, 182588436, 180011839, 181204642, 185738766, 176110782, 185095190, 183384037, 186574531, 192145689, 176602470, 181958664, 183791781, 181465885, 190686800, 180974740, 190324871, 187506523, 196879750, 196953009, 188153897, 199622360, 181335441, 183030713, 184961217, 185809318, 189237212, 190455216, 179634828, 187942642, 182703020, 180633920, 191688207, 178975506, 190974827, 183217786, 191668005, 191358097, 186646386];[398, 398, 398, 398, 398, 398, 398, 398, 398, 398, 398, 398, 398, 398, 398, 398, 398, 398, 398, 398, 398, 398, 398, 398, 398, 398, 398, 398, 398, 398, 398, 398, 398, 398, 398, 398, 398, 398, 398, 398, 398, 398, 398, 398, 398, 398, 398, 398, 398, 398];[1438, 1438, 1438, 1438, 1438, 1438, 1438, 1438, 1438, 1438, 1438, 1438, 1438, 1438, 1438, 1438, 1438, 1438, 1438, 1438, 1438, 1438, 1438, 1438, 1438, 1438, 1438, 1438, 1438, 1438, 1438, 1438, 1438, 1438, 1438, 1438, 1438, 1438, 1438, 1438, 1438, 1438, 1438, 1438, 1438, 1438, 1438, 1438, 1438, 1438];[311, 331, 338, 334, 345, 341, 354, 334, 334, 341, 343, 327, 333, 329, 333, 339, 323, 338, 334, 337, 350, 318, 334, 336, 330, 345, 329, 347, 342, 360, 360, 342, 367, 331, 336, 339, 340, 344, 346, 326, 340, 331, 327, 348, 327, 350, 334, 347, 347, 338];[1, 1, 1, 1, 1, 1, 1, 1, 1, 1, 1, 1, 1, 1, 1, 1, 1, 1, 1, 1, 1, 1, 1, 1, 1, 1, 1, 1, 1, 1, 1, 1, 1, 1, 1, 1, 1, 1, 1, 1, 1, 1, 1, 1, 1, 1, 1, 1, 1, 1]
T500V1000_0.9;500;1000;2;0.9;experiment_data/medium/T500V1000_0.9_T.csv;experiment_data/medium/T500V1000_0.9_V.csv;1841;3037;positive;MKPSI;500;1200;641;[117512555, 110502181, 109230997, 110067646, 108124466, 110400604, 111298226, 111405074, 114411987, 109192766, 109325538, 106572451, 112269989, 111159078, 116422128, 108792561, 104842785, 107794672, 115839612, 111985761, 114118499, 110210039, 108739724, 108585360, 112125103, 108049787, 109505681, 107992165, 99536290, 108840808, 109233610, 108327891, 112382191, 108757584, 114095487, 110765645, 113544675, 114786565, 107483343, 108917451, 117162051, 109084261, 108553146, 105586296, 112466037, 112044204, 116074060, 103777273, 110996943, 116711062];[1200, 1200, 1200, 1200, 1200, 1200, 1200, 1200, 1200, 1200, 1200, 1200, 1200, 1200, 1200, 1200, 1200, 1200, 1200, 1200, 1200, 1200, 1200, 1200, 1200, 1200, 1200, 1200, 1200, 1200, 1200, 1200, 1200, 1200, 1200, 1200, 1200, 1200, 1200, 1200, 1200, 1200, 1200, 1200, 1200, 1200, 1200, 1200, 1200, 1200];[641, 641, 641, 641, 641, 641, 641, 641, 641, 641, 641, 641, 641, 641, 641, 641, 641, 641, 641, 641, 641, 641, 641, 641, 641, 641, 641, 641, 641, 641, 641, 641, 641, 641, 641, 641, 641, 641, 641, 641, 641, 641, 641, 641, 641, 641, 641, 641, 641, 641];[210, 194, 193, 194, 190, 194, 195, 198, 203, 193, 193, 187, 199, 198, 207, 192, 185, 190, 205, 198, 201, 195, 191, 193, 198, 192, 194, 190, 174, 193, 195, 191, 200, 192, 203, 195, 202, 203, 191, 191, 209, 193, 191, 186, 198, 197, 205, 183, 195, 208];[1, 1, 1, 1, 1, 1, 1, 1, 1, 1, 1, 1, 1, 1, 1, 1, 1, 1, 1, 1, 1, 1, 1, 1, 1, 1, 1, 1, 1, 1, 1, 1, 1, 1, 1, 1, 1, 1, 1, 1, 1, 1, 1, 1, 1, 1, 1, 1, 1, 1]
T500V1000_1.0;500;1000;2;1.0;experiment_data/medium/T500V1000_1.0_T.csv;experiment_data/medium/T500V1000_1.0_V.csv;1826;3096;positive;MKPSI;500;1324;502;[5130878, 5207119, 4939256, 4909196, 4816955, 4878205, 4870595, 6338132, 4835364, 4883855, 4853365, 5058017, 4859804, 5262430, 4957325, 5011856, 4964147, 4895645, 4880585, 4868624, 4884927, 4852754, 5663404, 4887255, 4854785, 4915847, 5353091, 4843456, 4947765, 4891036, 4874745, 4947586, 4866505, 4880146, 4872675, 4910385, 4941026, 4928215, 4889666, 5289989, 5555943, 5116679, 5575734, 4918566, 4886735, 4863095, 4957796, 5004327, 4924687, 4853754];[1324, 1324, 1324, 1324, 1324, 1324, 1324, 1324, 1324, 1324, 1324, 1324, 1324, 1324, 1324, 1324, 1324, 1324, 1324, 1324, 1324, 1324, 1324, 1324, 1324, 1324, 1324, 1324, 1324, 1324, 1324, 1324, 1324, 1324, 1324, 1324, 1324, 1324, 1324, 1324, 1324, 1324, 1324, 1324, 1324, 1324, 1324, 1324, 1324, 1324];[502, 502, 502, 502, 502, 502, 502, 502, 502, 502, 502, 502, 502, 502, 502, 502, 502, 502, 502, 502, 502, 502, 502, 502, 502, 502, 502, 502, 502, 502, 502, 502, 502, 502, 502, 502, 502, 502, 502, 502, 502, 502, 502, 502, 502, 502, 502, 502, 502, 502];[1, 1, 1, 1, 1, 1, 1, 1, 1, 1, 1, 1, 1, 1, 1, 1, 1, 1, 1, 1, 1, 1, 1, 1, 1, 1, 1, 1, 1, 1, 1, 1, 1, 1, 1, 1, 1, 1, 1, 1, 1, 1, 1, 1, 1, 1, 1, 1, 1, 1];[1, 1, 1, 1, 1, 1, 1, 1, 1, 1, 1, 1, 1, 1, 1, 1, 1, 1, 1, 1, 1, 1, 1, 1, 1, 1, 1, 1, 1, 1, 1, 1, 1, 1, 1, 1, 1, 1, 1, 1, 1, 1, 1, 1, 1, 1, 1, 1, 1, 1]
T900V1000_0.1;900;1000;2;0.1;experiment_data/medium/T900V1000_0.1_T.csv;experiment_data/medium/T900V1000_0.1_V.csv;3273;2735;positive;MKPSI;900;232;3041;[199882852, 202705065, 186669045, 184637153, 189984920, 195976220, 205490726, 191164138, 194367139, 208668772, 195675491, 200571272, 204396819, 200562505, 199539050, 202314717, 202209879, 193469411, 201907563, 195801152, 191575119, 192341982, 197918024, 193147722, 192559207, 195184513, 205055931, 196330971, 195015312, 203572689, 198637516, 196473945, 189087578, 202727682, 201195359, 185605356, 203598224, 195484051, 195931339, 202880094, 198077735, 195328152, 192839185, 191847997, 193967942, 203647891, 193734712, 195969188, 197141587, 187977475];[232, 232, 232, 232, 232, 232, 232, 232, 232, 232, 232, 232, 232, 232, 232, 232, 232, 232, 232, 232, 232, 232, 232, 232, 232, 232, 232, 232, 232, 232, 232, 232, 232, 232, 232, 232, 232, 232, 232, 232, 232, 232, 232, 232, 232, 232, 232, 232, 232, 232];[3041, 3041, 3041, 3041, 3041, 3041, 3041, 3041, 3041, 3041, 3041, 3041, 3041, 3041, 3041, 3041, 3041, 3041, 3041, 3041, 3041, 3041, 3041, 3041, 3041, 3041, 3041, 3041, 3041, 3041, 3041, 3041, 3041, 3041, 3041, 3041, 3041, 3041, 3041, 3041, 3041, 3041, 3041, 3041, 3041, 3041, 3041, 3041, 3041, 3041];[345, 348, 317, 314, 321, 330, 348, 325, 331, 354, 333, 345, 351, 343, 343, 344, 347, 333, 346, 336, 326, 329, 338, 330, 331, 334, 352, 336, 331, 344, 336, 335, 322, 349, 341, 312, 347, 333, 336, 345, 339, 334, 328, 325, 330, 350, 331, 336, 335, 321];[1, 1, 1, 1, 1, 1, 1, 1, 1, 1, 1, 1, 1, 1, 1, 1, 1, 1, 1, 1, 1, 1, 1, 1, 1, 1, 1, 1, 1, 1, 1, 1, 1, 1, 1, 1, 1, 1, 1, 1, 1, 1, 1, 1, 1, 1, 1, 1, 1, 1]
T600V1000_0.0;600;1000;2;0.0;experiment_data/medium/T600V1000_0.0_T.csv;experiment_data/medium/T600V1000_0.0_V.csv;2202;2681;positive;MKPSI;600;0;2202;[5818086, 5868827, 5801076, 5831605, 5791546, 5864547, 5798616, 5833256, 5791775, 5878337, 5828267, 5802306, 5843487, 5790295, 6027298, 6016499, 5781836, 5837786, 5795655, 5883066, 5757896, 7581716, 5847086, 5753196, 5784907, 5833357, 6324282, 5805305, 5981487, 5940438, 5908697, 5822866, 5651024, 6165060, 6178099, 6003708, 5714376, 5776606, 6080890, 6468483, 5708974, 5841476, 5721625, 5745925, 5709355, 5745556, 5803146, 5737575, 5717305, 5888507];[0, 0, 0, 0, 0, 0, 0, 0, 0, 0, 0, 0, 0, 0, 0, 0, 0, 0, 0, 0, 0, 0, 0, 0, 0, 0, 0, 0, 0, 0, 0, 0, 0, 0, 0, 0, 0, 0, 0, 0, 0, 0, 0, 0, 0, 0, 0, 0, 0, 0];[2202, 2202, 2202, 2202, 2202, 2202, 2202, 2202, 2202, 2202, 2202, 2202, 2202, 2202, 2202, 2202, 2202, 2202, 2202, 2202, 2202, 2202, 2202, 2202, 2202, 2202, 2202, 2202, 2202, 2202, 2202, 2202, 2202, 2202, 2202, 2202, 2202, 2202, 2202, 2202, 2202, 2202, 2202, 2202, 2202, 2202, 2202, 2202, 2202, 2202];[1, 1, 1, 1, 1, 1, 1, 1, 1, 1, 1, 1, 1, 1, 1, 1, 1, 1, 1, 1, 1, 1, 1, 1, 1, 1, 1, 1, 1, 1, 1, 1, 1, 1, 1, 1, 1, 1, 1, 1, 1, 1, 1, 1, 1, 1, 1, 1, 1, 1];[1, 1, 1, 1, 1, 1, 1, 1, 1, 1, 1, 1, 1, 1, 1, 1, 1, 1, 1, 1, 1, 1, 1, 1, 1, 1, 1, 1, 1, 1, 1, 1, 1, 1, 1, 1, 1, 1, 1, 1, 1, 1, 1, 1, 1, 1, 1, 1, 1, 1]
T1000V1000_0.2;1000;1000;2;0.2;experiment_data/medium/T1000V1000_0.2_T.csv;experiment_data/medium/T1000V1000_0.2_V.csv;3678;2842;positive;MKPSI;1000;536;3142;[301975907, 295647359, 298384109, 299273964, 308175086, 293892344, 293958130, 290962817, 287071382, 302431082, 299151695, 299427131, 306410558, 300155442, 308959216, 298267289, 309507848, 297709403, 311576681, 290738097, 299327732, 295049533, 305349085, 298281449, 304605766, 296193563, 285203741, 290885906, 295037053, 292253287, 293793246, 297472183, 304781350, 292916602, 291823841, 302291038, 292584823, 303182639, 297005371, 283875064, 295055756, 289816944, 301802311, 297992051, 298107022, 308918692, 300919783, 297348097, 297997402, 304479769];[536, 536, 536, 536, 536, 536, 536, 536, 536, 536, 536, 536, 536, 536, 536, 536, 536, 536, 536, 536, 536, 536, 536, 536, 536, 536, 536, 536, 536, 536, 536, 536, 536, 536, 536, 536, 536, 536, 536, 536, 536, 536, 536, 536, 536, 536, 536, 536, 536, 536];[3142, 3142, 3142, 3142, 3142, 3142, 3142, 3142, 3142, 3142, 3142, 3142, 3142, 3142, 3142, 3142, 3142, 3142, 3142, 3142, 3142, 3142, 3142, 3142, 3142, 3142, 3142, 3142, 3142, 3142, 3142, 3142, 3142, 3142, 3142, 3142, 3142, 3142, 3142, 3142, 3142, 3142, 3142, 3142, 3142, 3142, 3142, 3142, 3142, 3142];[545, 531, 541, 541, 555, 531, 531, 520, 519, 547, 540, 540, 555, 541, 556, 533, 560, 536, 560, 523, 536, 530, 546, 534, 550, 532, 509, 523, 532, 526, 530, 533, 550, 522, 521, 545, 524, 541, 533, 506, 531, 520, 542, 534, 538, 559, 539, 531, 534, 549];[1, 1, 1, 1, 1, 1, 1, 1, 1, 1, 1, 1, 1, 1, 1, 1, 1, 1, 1, 1, 1, 1, 1, 1, 1, 1, 1, 1, 1, 1, 1, 1, 1, 1, 1, 1, 1, 1, 1, 1, 1, 1, 1, 1, 1, 1, 1, 1, 1, 1]
T1200V1000_0.2;1200;1000;2;0.2;experiment_data/medium/T1200V1000_0.2_T.csv;experiment_data/medium/T1200V1000_0.2_V.csv;4413;2886;positive;MKPSI;1200;652;3761;[369567739, 378814986, 376045943, 359725231, 369121616, 370495820, 367925880, 369108206, 373075386, 367104231, 374453113, 367677964, 358839749, 372011789, 354193495, 368859965, 371132752, 366768048, 375459806, 365726101, 359196380, 378507434, 371077528, 370704442, 370550293, 362631319, 371925126, 369135076, 353974795, 386204086, 385930365, 377287559, 381076912, 386020203, 376832517, 378910990, 372509187, 373684433, 371230940, 375037458, 374232510, 370616434, 379451361, 364659591, 369423602, 366393804, 372908413, 378290987, 374747353, 366266845];[652, 652, 652, 652, 652, 652, 652, 652, 652, 652, 652, 652, 652, 652, 652, 652, 652, 652, 652, 652, 652, 652, 652, 652, 652, 652, 652, 652, 652, 652, 652, 652, 652, 652, 652, 652, 652, 652, 652, 652, 652, 652, 652, 652, 652, 652, 652, 652, 652, 652];[3761, 3761, 3761, 3761, 3761, 3761, 3761, 3761, 3761, 3761, 3761, 3761, 3761, 3761, 3761, 3761, 3761, 3761, 3761, 3761, 3761, 3761, 3761, 3761, 3761, 3761, 3761, 3761, 3761, 3761, 3761, 3761, 3761, 3761, 3761, 3761, 3761, 3761, 3761, 3761, 3761, 3761, 3761, 3761, 3761, 3761, 3761, 3761, 3761, 3761];[682, 701, 692, 666, 670, 683, 678, 676, 677, 668, 689, 673, 657, 682, 653, 670, 682, 671, 687, 671, 657, 686, 683, 686, 683, 663, 690, 681, 649, 712, 708, 687, 693, 698, 690, 700, 680, 680, 680, 682, 679, 680, 698, 671, 682, 677, 687, 703, 691, 667];[1, 1, 1, 1, 1, 1, 1, 1, 1, 1, 1, 1, 1, 1, 1, 1, 1, 1, 1, 1, 1, 1, 1, 1, 1, 1, 1, 1, 1, 1, 1, 1, 1, 1, 1, 1, 1, 1, 1, 1, 1, 1, 1, 1, 1, 1, 1, 1, 1, 1]
T1000V1000_0.9;1000;1000;2;0.9;experiment_data/medium/T1000V1000_0.9_T.csv;experiment_data/medium/T1000V1000_0.9_V.csv;3677;3468;positive;MKPSI;1000;2408;1269;[205496441, 209584466, 214286477, 210879122, 201228725, 212145370, 200600362, 199557208, 199380452, 211813916, 206728789, 210089155, 207037525, 199186177, 202789604, 208731484, 204543955, 213256195, 200133814, 210231885, 198648322, 195374104, 207806953, 208946172, 209849175, 208120022, 202552652, 204651523, 209040227, 201245927, 204287176, 196243470, 204969212, 209969970, 208753782, 209478977, 205458934, 199098652, 206626609, 207704844, 197785565, 206978171, 203485075, 213203661, 211816069, 208183504, 201321409, 208808102, 215393658, 207218934];[2408, 2408, 2408, 2408, 2408, 2408, 2408, 2408, 2408, 2408, 2408, 2408, 2408, 2408, 2408, 2408, 2408, 2408, 2408, 2408, 2408, 2408, 2408, 2408, 2408, 2408, 2408, 2408, 2408, 2408, 2408, 2408, 2408, 2408, 2408, 2408, 2408, 2408, 2408, 2408, 2408, 2408, 2408, 2408, 2408, 2408, 2408, 2408, 2408, 2408];[1269, 1269, 1269, 1269, 1269, 1269, 1269, 1269, 1269, 1269, 1269, 1269, 1269, 1269, 1269, 1269, 1269, 1269, 1269, 1269, 1269, 1269, 1269, 1269, 1269, 1269, 1269, 1269, 1269, 1269, 1269, 1269, 1269, 1269, 1269, 1269, 1269, 1269, 1269, 1269, 1269, 1269, 1269, 1269, 1269, 1269, 1269, 1269, 1269, 1269];[368, 379, 389, 384, 360, 386, 360, 356, 358, 384, 374, 380, 377, 359, 367, 377, 370, 388, 361, 381, 361, 353, 378, 379, 374, 372, 361, 371, 379, 362, 369, 351, 370, 382, 375, 378, 373, 358, 373, 375, 356, 376, 365, 388, 386, 379, 361, 377, 388, 371];[1, 1, 1, 1, 1, 1, 1, 1, 1, 1, 1, 1, 1, 1, 1, 1, 1, 1, 1, 1, 1, 1, 1, 1, 1, 1, 1, 1, 1, 1, 1, 1, 1, 1, 1, 1, 1, 1, 1, 1, 1, 1, 1, 1, 1, 1, 1, 1, 1, 1]
T700V1000_0.7;700;1000;2;0.7;experiment_data/medium/T700V1000_0.7_T.csv;experiment_data/medium/T700V1000_0.7_V.csv;2576;3104;positive;MKPSI;700;1301;1275;[251725693, 258988050, 257225681, 266913151, 258027327, 270151043, 254917871, 241585512, 246950841, 247561292, 253783962, 252204047, 254495608, 250306616, 244656703, 257793348, 251556486, 246559285, 252163506, 245914688, 249476035, 248632600, 246812320, 257881305, 258314758, 254688041, 244962231, 247427572, 246404649, 258153178, 250631651, 253383344, 247318707, 256405060, 257435953, 246480101, 252400231, 258339707, 245045853, 253007442, 253005997, 258750412, 253481103, 244967828, 244421023, 263168700, 249833096, 258244617, 252264703, 247893620];[1301, 1301, 1301, 1301, 1301, 1301, 1301, 1301, 1301, 1301, 1301, 1301, 1301, 1301, 1301, 1301, 1301, 1301, 1301, 1301, 1301, 1301, 1301, 1301, 1301, 1301, 1301, 1301, 1301, 1301, 1301, 1301, 1301, 1301, 1301, 1301, 1301, 1301, 1301, 1301, 1301, 1301, 1301, 1301, 1301, 1301, 1301, 1301, 1301, 1301];[1275, 1275, 1275, 1275, 1275, 1275, 1275, 1275, 1275, 1275, 1275, 1275, 1275, 1275, 1275, 1275, 1275, 1275, 1275, 1275, 1275, 1275, 1275, 1275, 1275, 1275, 1275, 1275, 1275, 1275, 1275, 1275, 1275, 1275, 1275, 1275, 1275, 1275, 1275, 1275, 1275, 1275, 1275, 1275, 1275, 1275, 1275, 1275, 1275, 1275];[465, 481, 478, 492, 474, 501, 471, 459, 472, 476, 485, 482, 490, 480, 469, 496, 478, 470, 488, 469, 480, 479, 476, 493, 492, 483, 466, 472, 470, 496, 484, 486, 475, 494, 491, 473, 483, 494, 469, 485, 486, 496, 482, 465, 464, 501, 474, 494, 480, 472];[1, 1, 1, 1, 1, 1, 1, 1, 1, 1, 1, 1, 1, 1, 1, 1, 1, 1, 1, 1, 1, 1, 1, 1, 1, 1, 1, 1, 1, 1, 1, 1, 1, 1, 1, 1, 1, 1, 1, 1, 1, 1, 1, 1, 1, 1, 1, 1, 1, 1]
T1000V1000_1.0;1000;1000;2;1.0;experiment_data/medium/T1000V1000_1.0_T.csv;experiment_data/medium/T1000V1000_1.0_V.csv;3726;3576;positive;MKPSI;1000;2724;1002;[12699465, 12073716, 11619561, 11286718, 12498552, 12044946, 10958354, 10751333, 10961154, 10974724, 10800461, 10879764, 11307928, 10932604, 10902963, 11957295, 10919214, 10887104, 13535414, 10789533, 11519191, 10790082, 12341061, 11873935, 11727814, 10687702, 12281959, 10763102, 10799582, 10836722, 13898128, 10445980, 10963635, 10789332, 10843073, 10987984, 10938564, 10686751, 11964436, 10789813, 10688102, 10949195, 11883715, 10663901, 10814403, 10994175, 10716372, 11302118, 11812004, 10737021];[2724, 2724, 2724, 2724, 2724, 2724, 2724, 2724, 2724, 2724, 2724, 2724, 2724, 2724, 2724, 2724, 2724, 2724, 2724, 2724, 2724, 2724, 2724, 2724, 2724, 2724, 2724, 2724, 2724, 2724, 2724, 2724, 2724, 2724, 2724, 2724, 2724, 2724, 2724, 2724, 2724, 2724, 2724, 2724, 2724, 2724, 2724, 2724, 2724, 2724];[1002, 1002, 1002, 1002, 1002, 1002, 1002, 1002, 1002, 1002, 1002, 1002, 1002, 1002, 1002, 1002, 1002, 1002, 1002, 1002, 1002, 1002, 1002, 1002, 1002, 1002, 1002, 1002, 1002, 1002, 1002, 1002, 1002, 1002, 1002, 1002, 1002, 1002, 1002, 1002, 1002, 1002, 1002, 1002, 1002, 1002, 1002, 1002, 1002, 1002];[1, 1, 1, 1, 1, 1, 1, 1, 1, 1, 1, 1, 1, 1, 1, 1, 1, 1, 1, 1, 1, 1, 1, 1, 1, 1, 1, 1, 1, 1, 1, 1, 1, 1, 1, 1, 1, 1, 1, 1, 1, 1, 1, 1, 1, 1, 1, 1, 1, 1];[1, 1, 1, 1, 1, 1, 1, 1, 1, 1, 1, 1, 1, 1, 1, 1, 1, 1, 1, 1, 1, 1, 1, 1, 1, 1, 1, 1, 1, 1, 1, 1, 1, 1, 1, 1, 1, 1, 1, 1, 1, 1, 1, 1, 1, 1, 1, 1, 1, 1]
T800V1000_0.3;800;1000;2;0.3;experiment_data/medium/T800V1000_0.3_T.csv;experiment_data/medium/T800V1000_0.3_V.csv;2934;2872;positive;MKPSI;800;646;2288;[272461377, 271520939, 293323819, 281732097, 278644145, 280880435, 279916049, 284757670, 279941118, 277116950, 281323120, 286372572, 287712985, 289326343, 304046780, 284445437, 285100457, 283697118, 277801038, 277361214, 291193823, 278863150, 278314828, 287671937, 277598630, 280532916, 290860593, 283926306, 283164042, 276365072, 282559000, 288477227, 283239602, 276890061, 268522761, 291753880, 283925732, 283032188, 278166716, 284565953, 284980062, 298714247, 289096409, 277987544, 283066677, 287155516, 270100429, 271392198, 279033036, 287490177];[646, 646, 646, 646, 646, 646, 646, 646, 646, 646, 646, 646, 646, 646, 646, 646, 646, 646, 646, 646, 646, 646, 646, 646, 646, 646, 646, 646, 646, 646, 646, 646, 646, 646, 646, 646, 646, 646, 646, 646, 646, 646, 646, 646, 646, 646, 646, 646, 646, 646];[2288, 2288, 2288, 2288, 2288, 2288, 2288, 2288, 2288, 2288, 2288, 2288, 2288, 2288, 2288, 2288, 2288, 2288, 2288, 2288, 2288, 2288, 2288, 2288, 2288, 2288, 2288, 2288, 2288, 2288, 2288, 2288, 2288, 2288, 2288, 2288, 2288, 2288, 2288, 2288, 2288, 2288, 2288, 2288, 2288, 2288, 2288, 2288, 2288, 2288];[511, 513, 555, 531, 527, 532, 524, 536, 529, 521, 529, 539, 540, 545, 575, 533, 535, 538, 522, 520, 547, 524, 524, 543, 521, 531, 551, 536, 532, 519, 530, 538, 532, 515, 506, 552, 534, 532, 522, 533, 535, 560, 542, 519, 532, 540, 500, 509, 526, 542];[1, 1, 1, 1, 1, 1, 1, 1, 1, 1, 1, 1, 1, 1, 1, 1, 1, 1, 1, 1, 1, 1, 1, 1, 1, 1, 1, 1, 1, 1, 1, 1, 1, 1, 1, 1, 1, 1, 1, 1, 1, 1, 1, 1, 1, 1, 1, 1, 1, 1]
T1100V1000_0.0;1100;1000;2;0.0;experiment_data/medium/T1100V1000_0.0_T.csv;experiment_data/medium/T1100V1000_0.0_V.csv;4051;2675;positive;MKPSI;1100;0;4051;[11954186, 11846665, 11613432, 11800194, 11903766, 11085715, 12842296, 12928598, 11138956, 13656325, 13125289, 12842725, 11692663, 11996986, 11893646, 12492762, 11827705, 11894446, 11642653, 12093557, 12894796, 12025226, 11718794, 12017726, 11877715, 11812444, 12646054, 15068371, 11768284, 11643901, 11567291, 11627442, 11638731, 12578642, 11661663, 11534580, 11718243, 11655072, 11703223, 11700003, 12657423, 11499081, 12156437, 11603282, 13379921, 12925018, 11679722, 12701254, 12009967, 11656803];[0, 0, 0, 0, 0, 0, 0, 0, 0, 0, 0, 0, 0, 0, 0, 0, 0, 0, 0, 0, 0, 0, 0, 0, 0, 0, 0, 0, 0, 0, 0, 0, 0, 0, 0, 0, 0, 0, 0, 0, 0, 0, 0, 0, 0, 0, 0, 0, 0, 0];[4051, 4051, 4051, 4051, 4051, 4051, 4051, 4051, 4051, 4051, 4051, 4051, 4051, 4051, 4051, 4051, 4051, 4051, 4051, 4051, 4051, 4051, 4051, 4051, 4051, 4051, 4051, 4051, 4051, 4051, 4051, 4051, 4051, 4051, 4051, 4051, 4051, 4051, 4051, 4051, 4051, 4051, 4051, 4051, 4051, 4051, 4051, 4051, 4051, 4051];[1, 1, 1, 1, 1, 1, 1, 1, 1, 1, 1, 1, 1, 1, 1, 1, 1, 1, 1, 1, 1, 1, 1, 1, 1, 1, 1, 1, 1, 1, 1, 1, 1, 1, 1, 1, 1, 1, 1, 1, 1, 1, 1, 1, 1, 1, 1, 1, 1, 1];[1, 1, 1, 1, 1, 1, 1, 1, 1, 1, 1, 1, 1, 1, 1, 1, 1, 1, 1, 1, 1, 1, 1, 1, 1, 1, 1, 1, 1, 1, 1, 1, 1, 1, 1, 1, 1, 1, 1, 1, 1, 1, 1, 1, 1, 1, 1, 1, 1, 1]
T600V1000_0.1;600;1000;2;0.1;experiment_data/medium/T600V1000_0.1_T.csv;experiment_data/medium/T600V1000_0.1_V.csv;2203;2742;positive;MKPSI;600;158;2045;[143332811, 152655980, 145203733, 155132633, 146906480, 146095210, 153421433, 144836253, 150586750, 150303797, 142054295, 150865475, 145224381, 158533478, 158690334, 152248408, 156392586, 146529612, 147985668, 153830104, 144858754, 147861959, 147817201, 147825019, 155861397, 140640892, 142420271, 144774279, 147067536, 149766942, 148971489, 145413193, 148005488, 146730697, 152219070, 148159016, 148317436, 145505052, 145756679, 150799624, 147498623, 150661736, 143814647, 149291184, 144067008, 150959923, 149788168, 147942975, 154806509, 156747107];[158, 158, 158, 158, 158, 158, 158, 158, 158, 158, 158, 158, 158, 158, 158, 158, 158, 158, 158, 158, 158, 158, 158, 158, 158, 158, 158, 158, 158, 158, 158, 158, 158, 158, 158, 158, 158, 158, 158, 158, 158, 158, 158, 158, 158, 158, 158, 158, 158, 158];[2045, 2045, 2045, 2045, 2045, 2045, 2045, 2045, 2045, 2045, 2045, 2045, 2045, 2045, 2045, 2045, 2045, 2045, 2045, 2045, 2045, 2045, 2045, 2045, 2045, 2045, 2045, 2045, 2045, 2045, 2045, 2045, 2045, 2045, 2045, 2045, 2045, 2045, 2045, 2045, 2045, 2045, 2045, 2045, 2045, 2045, 2045, 2045, 2045, 2045];[254, 274, 259, 276, 262, 259, 275, 259, 269, 269, 252, 270, 259, 283, 282, 272, 281, 260, 264, 273, 258, 265, 265, 265, 281, 249, 254, 257, 263, 268, 265, 259, 266, 261, 271, 265, 264, 259, 260, 270, 264, 268, 257, 266, 257, 271, 269, 265, 278, 281];[1, 1, 1, 1, 1, 1, 1, 1, 1, 1, 1, 1, 1, 1, 1, 1, 1, 1, 1, 1, 1, 1, 1, 1, 1, 1, 1, 1, 1, 1, 1, 1, 1, 1, 1, 1, 1, 1, 1, 1, 1, 1, 1, 1, 1, 1, 1, 1, 1, 1]
T500V1000_0.4;500;1000;2;0.4;experiment_data/medium/T500V1000_0.4_T.csv;experiment_data/medium/T500V1000_0.4_V.csv;1844;2850;positive;MKPSI;500;532;1312;[180583761, 191655532, 198743029, 199514811, 197680468, 192304368, 197506639, 199206718, 202646117, 191997278, 197929993, 197184824, 193672661, 197258928, 195989129, 200639281, 189162008, 188734250, 189642057, 195207588, 191781501, 199512613, 190393660, 197588922, 198297539, 204257525, 206143605, 202212490, 191948740, 198136142, 194130729, 204039720, 198991670, 197162299, 197242656, 203507494, 190648550, 198673201, 197704726, 188526067, 199255519, 191524902, 203572246, 196480591, 198095134, 200947796, 194146451, 194923051, 198126352, 195843451];[532, 532, 532, 532, 532, 532, 532, 532, 532, 532, 532, 532, 532, 532, 532, 532, 532, 532, 532, 532, 532, 532, 532, 532, 532, 532, 532, 532, 532, 532, 532, 532, 532, 532, 532, 532, 532, 532, 532, 532, 532, 532, 532, 532, 532, 532, 532, 532, 532, 532];[1312, 1312, 1312, 1312, 1312, 1312, 1312, 1312, 1312, 1312, 1312, 1312, 1312, 1312, 1312, 1312, 1312, 1312, 1312, 1312, 1312, 1312, 1312, 1312, 1312, 1312, 1312, 1312, 1312, 1312, 1312, 1312, 1312, 1312, 1312, 1312, 1312, 1312, 1312, 1312, 1312, 1312, 1312, 1312, 1312, 1312, 1312, 1312, 1312, 1312];[328, 349, 362, 363, 361, 352, 358, 362, 372, 351, 362, 361, 355, 362, 360, 367, 346, 344, 347, 358, 352, 366, 349, 363, 364, 375, 378, 369, 350, 362, 355, 373, 365, 360, 361, 369, 349, 363, 361, 344, 364, 348, 373, 359, 360, 368, 354, 356, 361, 359];[1, 1, 1, 1, 1, 1, 1, 1, 1, 1, 1, 1, 1, 1, 1, 1, 1, 1, 1, 1, 1, 1, 1, 1, 1, 1, 1, 1, 1, 1, 1, 1, 1, 1, 1, 1, 1, 1, 1, 1, 1, 1, 1, 1, 1, 1, 1, 1, 1, 1]
T1200V1000_0.8;1200;1000;2;0.8;experiment_data/medium/T1200V1000_0.8_T.csv;experiment_data/medium/T1200V1000_0.8_V.csv;4419;3538;positive;MKPSI;1200;2579;1840;[359938855, 367654642, 368461029, 368169113, 373621916, 365236139, 360904532, 368756884, 358553222, 361901402, 367024441, 369300004, 358500852, 366273811, 369054246, 375006085, 358668471, 361082671, 361168722, 361131569, 362302781, 354317327, 363698271, 357621644, 375078338, 367503073, 367311754, 367265464, 366125501, 372202056, 364002086, 363644825, 370424494, 363167579, 367036416, 360288351, 371847650, 363303838, 354502426, 366153456, 347536188, 366136333, 355627653, 354778639, 358024259, 352093803, 359395747, 358049428, 351381475, 363116781];[2579, 2579, 2579, 2579, 2579, 2579, 2579, 2579, 2579, 2579, 2579, 2579, 2579, 2579, 2579, 2579, 2579, 2579, 2579, 2579, 2579, 2579, 2579, 2579, 2579, 2579, 2579, 2579, 2579, 2579, 2579, 2579, 2579, 2579, 2579, 2579, 2579, 2579, 2579, 2579, 2579, 2579, 2579, 2579, 2579, 2579, 2579, 2579, 2579, 2579];[1840, 1840, 1840, 1840, 1840, 1840, 1840, 1840, 1840, 1840, 1840, 1840, 1840, 1840, 1840, 1840, 1840, 1840, 1840, 1840, 1840, 1840, 1840, 1840, 1840, 1840, 1840, 1840, 1840, 1840, 1840, 1840, 1840, 1840, 1840, 1840, 1840, 1840, 1840, 1840, 1840, 1840, 1840, 1840, 1840, 1840, 1840, 1840, 1840, 1840];[652, 667, 668, 658, 675, 663, 652, 668, 647, 654, 662, 669, 648, 661, 665, 672, 643, 653, 651, 657, 659, 634, 659, 644, 685, 658, 665, 665, 663, 675, 660, 660, 670, 653, 657, 649, 670, 651, 641, 663, 627, 662, 643, 637, 645, 635, 647, 640, 629, 650];[1, 1, 1, 1, 1, 1, 1, 1, 1, 1, 1, 1, 1, 1, 1, 1, 1, 1, 1, 1, 1, 1, 1, 1, 1, 1, 1, 1, 1, 1, 1, 1, 1, 1, 1, 1, 1, 1, 1, 1, 1, 1, 1, 1, 1, 1, 1, 1, 1, 1]
T1400V1000_0.2;1400;1000;2;0.2;experiment_data/medium/T1400V1000_0.2_T.csv;experiment_data/medium/T1400V1000_0.2_V.csv;5159;2924;positive;MKPSI;1400;758;4401;[440622548, 427641463, 418798002, 446476205, 450630309, 441719668, 425413448, 440607385, 429820353, 442323365, 435035220, 443064741, 438569243, 426992991, 441611968, 434519424, 425092758, 451499633, 431495917, 444116750, 430204105, 429364253, 435310751, 429196449, 440964771, 436734002, 423858272, 427473457, 438513098, 413669207, 424717067, 430953692, 407615600, 428565789, 421361474, 422828346, 423361437, 424421524, 420087616, 417044460, 426361560, 424673797, 424078444, 428833752, 431520939, 419464148, 430096790, 422657342, 423439842, 433297817];[758, 758, 758, 758, 758, 758, 758, 758, 758, 758, 758, 758, 758, 758, 758, 758, 758, 758, 758, 758, 758, 758, 758, 758, 758, 758, 758, 758, 758, 758, 758, 758, 758, 758, 758, 758, 758, 758, 758, 758, 758, 758, 758, 758, 758, 758, 758, 758, 758, 758];[4401, 4401, 4401, 4401, 4401, 4401, 4401, 4401, 4401, 4401, 4401, 4401, 4401, 4401, 4401, 4401, 4401, 4401, 4401, 4401, 4401, 4401, 4401, 4401, 4401, 4401, 4401, 4401, 4401, 4401, 4401, 4401, 4401, 4401, 4401, 4401, 4401, 4401, 4401, 4401, 4401, 4401, 4401, 4401, 4401, 4401, 4401, 4401, 4401, 4401];[774, 758, 739, 779, 784, 779, 747, 765, 746, 781, 764, 779, 778, 756, 786, 773, 753, 791, 747, 775, 763, 752, 771, 748, 779, 770, 739, 775, 797, 754, 763, 786, 738, 773, 769, 768, 769, 771, 767, 760, 774, 774, 772, 783, 788, 760, 784, 765, 768, 778];[1, 1, 1, 1, 1, 1, 1, 1, 1, 1, 1, 1, 1, 1, 1, 1, 1, 1, 1, 1, 1, 1, 1, 1, 1, 1, 1, 1, 1, 1, 1, 1, 1, 1, 1, 1, 1, 1, 1, 1, 1, 1, 1, 1, 1, 1, 1, 1, 1, 1]
T600V1000_0.5;600;1000;2;0.5;experiment_data/medium/T600V1000_0.5_T.csv;experiment_data/medium/T600V1000_0.5_V.csv;2218;2939;positive;MKPSI;600;806;1412;[245499373, 236740365, 241899537, 231268364, 234133498, 243595715, 247549238, 246894375, 240722901, 244360309, 236366245, 235325435, 238146090, 235340527, 241607044, 243197773, 240052552, 231709086, 228646076, 232055997, 231838538, 244965350, 242079912, 242753698, 244141775, 247094532, 246324429, 239820224, 241240242, 242236367, 243689149, 237903668, 235827215, 238928125, 233363664, 245081899, 245121001, 239285177, 229240822, 235169517, 241969229, 236683344, 240941909, 237922814, 233009551, 238185081, 242296903, 250426063, 242336921, 236015768];[806, 806, 806, 806, 806, 806, 806, 806, 806, 806, 806, 806, 806, 806, 806, 806, 806, 806, 806, 806, 806, 806, 806, 806, 806, 806, 806, 806, 806, 806, 806, 806, 806, 806, 806, 806, 806, 806, 806, 806, 806, 806, 806, 806, 806, 806, 806, 806, 806, 806];[1412, 1412, 1412, 1412, 1412, 1412, 1412, 1412, 1412, 1412, 1412, 1412, 1412, 1412, 1412, 1412, 1412, 1412, 1412, 1412, 1412, 1412, 1412, 1412, 1412, 1412, 1412, 1412, 1412, 1412, 1412, 1412, 1412, 1412, 1412, 1412, 1412, 1412, 1412, 1412, 1412, 1412, 1412, 1412, 1412, 1412, 1412, 1412, 1412, 1412];[464, 454, 460, 439, 444, 465, 469, 469, 458, 467, 448, 450, 453, 450, 461, 467, 459, 441, 437, 442, 443, 468, 462, 462, 467, 471, 469, 457, 458, 462, 466, 452, 448, 456, 445, 469, 469, 457, 435, 447, 458, 451, 461, 453, 443, 454, 461, 477, 464, 448];[1, 1, 1, 1, 1, 1, 1, 1, 1, 1, 1, 1, 1, 1, 1, 1, 1, 1, 1, 1, 1, 1, 1, 1, 1, 1, 1, 1, 1, 1, 1, 1, 1, 1, 1, 1, 1, 1, 1, 1, 1, 1, 1, 1, 1, 1, 1, 1, 1, 1]
T700V1000_0.3;700;1000;2;0.3;experiment_data/medium/T700V1000_0.3_T.csv;experiment_data/medium/T700V1000_0.3_V.csv;2574;2838;positive;MKPSI;700;568;2006;[252634343, 265167105, 265376687, 272663328, 263458377, 262590310, 262476628, 263572676, 264389508, 256148212, 261358948, 236433017, 251072414, 250626838, 244968848, 256453485, 262035622, 257841503, 263485910, 243830417, 255113283, 253540958, 245795123, 244418197, 236138881, 249836777, 250762537, 254630742, 237130840, 251894261, 247447971, 249433742, 247480986, 238094918, 259240958, 250004114, 239617353, 251983239, 257137346, 254600804, 262426400, 256016383, 247828315, 254387639, 259022457, 251443428, 250892454, 258598046, 255583514, 255148536];[568, 568, 568, 568, 568, 568, 568, 568, 568, 568, 568, 568, 568, 568, 568, 568, 568, 568, 568, 568, 568, 568, 568, 568, 568, 568, 568, 568, 568, 568, 568, 568, 568, 568, 568, 568, 568, 568, 568, 568, 568, 568, 568, 568, 568, 568, 568, 568, 568, 568];[2006, 2006, 2006, 2006, 2006, 2006, 2006, 2006, 2006, 2006, 2006, 2006, 2006, 2006, 2006, 2006, 2006, 2006, 2006, 2006, 2006, 2006, 2006, 2006, 2006, 2006, 2006, 2006, 2006, 2006, 2006, 2006, 2006, 2006, 2006, 2006, 2006, 2006, 2006, 2006, 2006, 2006, 2006, 2006, 2006, 2006, 2006, 2006, 2006, 2006];[459, 482, 482, 498, 482, 479, 480, 479, 483, 469, 478, 446, 476, 474, 464, 483, 497, 490, 500, 459, 483, 480, 466, 461, 445, 472, 475, 483, 446, 475, 467, 470, 466, 447, 491, 471, 453, 475, 486, 481, 497, 484, 469, 482, 488, 474, 472, 489, 481, 480];[1, 1, 1, 1, 1, 1, 1, 1, 1, 1, 1, 1, 1, 1, 1, 1, 1, 1, 1, 1, 1, 1, 1, 1, 1, 1, 1, 1, 1, 1, 1, 1, 1, 1, 1, 1, 1, 1, 1, 1, 1, 1, 1, 1, 1, 1, 1, 1, 1, 1]
T900V1000_0.6;900;1000;2;0.6;experiment_data/medium/T900V1000_0.6_T.csv;experiment_data/medium/T900V1000_0.6_V.csv;3282;3133;positive;MKPSI;900;1430;1852;[366684305, 351024772, 357074916, 355881314, 355174598, 367562409, 362862793, 364066370, 351116475, 349767398, 349801134, 358213547, 355190563, 367818330, 359490948, 363280971, 356713591, 364207472, 348809921, 350178870, 351589113, 350004518, 348076370, 366785342, 361300323, 370166871, 356689174, 352170042, 356962777, 353904665, 360886149, 356424570, 350485105, 356536362, 370956237, 361812665, 347923749, 346437893, 370702674, 365318737, 358911638, 366344348, 362583455, 353584596, 349940936, 349107918, 368934242, 362077723, 360794927, 344712657];[1430, 1430, 1430, 1430, 1430, 1430, 1430, 1430, 1430, 1430, 1430, 1430, 1430, 1430, 1430, 1430, 1430, 1430, 1430, 1430, 1430, 1430, 1430, 1430, 1430, 1430, 1430, 1430, 1430, 1430, 1430, 1430, 1430, 1430, 1430, 1430, 1430, 1430, 1430, 1430, 1430, 1430, 1430, 1430, 1430, 1430, 1430, 1430, 1430, 1430];[1852, 1852, 1852, 1852, 1852, 1852, 1852, 1852, 1852, 1852, 1852, 1852, 1852, 1852, 1852, 1852, 1852, 1852, 1852, 1852, 1852, 1852, 1852, 1852, 1852, 1852, 1852, 1852, 1852, 1852, 1852, 1852, 1852, 1852, 1852, 1852, 1852, 1852, 1852, 1852, 1852, 1852, 1852, 1852, 1852, 1852, 1852, 1852, 1852, 1852];[668, 636, 649, 650, 648, 675, 662, 664, 641, 639, 641, 652, 648, 673, 655, 665, 649, 665, 636, 640, 643, 645, 640, 671, 658, 675, 649, 638, 646, 648, 664, 654, 638, 655, 680, 659, 635, 628, 677, 668, 653, 667, 659, 643, 639, 634, 674, 660, 660, 629];[1, 1, 1, 1, 1, 1, 1, 1, 1, 1, 1, 1, 1, 1, 1, 1, 1, 1, 1, 1, 1, 1, 1, 1, 1, 1, 1, 1, 1, 1, 1, 1, 1, 1, 1, 1, 1, 1, 1, 1, 1, 1, 1, 1, 1, 1, 1, 1, 1, 1]
T900V1000_0.2;900;1000;2;0.2;experiment_data/medium/T900V1000_0.2_T.csv;experiment_data/medium/T900V1000_0.2_V.csv;3295;2824;positive;MKPSI;900;472;2823;[275028914, 287275124, 281875351, 281873999, 288246684, 280934274, 274697926, 274186687, 293165850, 280901675, 284119684, 277505593, 278943194, 270440217, 286966986, 278456107, 276172207, 276899400, 285669968, 273260460, 292223481, 277818608, 274592486, 270175352, 283312379, 281284929, 278569663, 273727347, 267492335, 277707439, 277356446, 284752404, 272567527, 270727408, 277042331, 291094575, 271644203, 268924941, 274382139, 270178616, 286596223, 288949846, 285659472, 276069107, 288743638, 283444874, 288296510, 278136069, 279289144, 274388969];[472, 472, 472, 472, 472, 472, 472, 472, 472, 472, 472, 472, 472, 472, 472, 472, 472, 472, 472, 472, 472, 472, 472, 472, 472, 472, 472, 472, 472, 472, 472, 472, 472, 472, 472, 472, 472, 472, 472, 472, 472, 472, 472, 472, 472, 472, 472, 472, 472, 472];[2823, 2823, 2823, 2823, 2823, 2823, 2823, 2823, 2823, 2823, 2823, 2823, 2823, 2823, 2823, 2823, 2823, 2823, 2823, 2823, 2823, 2823, 2823, 2823, 2823, 2823, 2823, 2823, 2823, 2823, 2823, 2823, 2823, 2823, 2823, 2823, 2823, 2823, 2823, 2823, 2823, 2823, 2823, 2823, 2823, 2823, 2823, 2823, 2823, 2823];[484, 513, 501, 500, 511, 497, 487, 482, 520, 497, 502, 491, 493, 479, 507, 492, 490, 492, 506, 479, 516, 491, 487, 477, 502, 498, 495, 478, 471, 491, 490, 505, 482, 479, 492, 518, 480, 473, 484, 475, 508, 514, 506, 488, 508, 500, 512, 490, 490, 476];[1, 1, 1, 1, 1, 1, 1, 1, 1, 1, 1, 1, 1, 1, 1, 1, 1, 1, 1, 1, 1, 1, 1, 1, 1, 1, 1, 1, 1, 1, 1, 1, 1, 1, 1, 1, 1, 1, 1, 1, 1, 1, 1, 1, 1, 1, 1, 1, 1, 1]
T700V1000_0.8;700;1000;2;0.8;experiment_data/medium/T700V1000_0.8_T.csv;experiment_data/medium/T700V1000_0.8_V.csv;2587;3170;positive;MKPSI;700;1508;1079;[223833647, 219407264, 225642769, 219435722, 214045698, 223211924, 214310123, 219837361, 214296744, 210771393, 217546094, 220505466, 212995789, 217430846, 227976242, 208820461, 219554700, 218882192, 219794679, 215406928, 211422794, 218110204, 227038662, 218849893, 216767862, 222472804, 219085236, 219290689, 208331031, 219752053, 209336288, 213944591, 217746557, 212062653, 218869831, 216091820, 225302438, 221225476, 208818372, 223610437, 217643342, 227820054, 219643973, 219627861, 201937833, 212260121, 211110638, 198500071, 209123507, 216254055];[1508, 1508, 1508, 1508, 1508, 1508, 1508, 1508, 1508, 1508, 1508, 1508, 1508, 1508, 1508, 1508, 1508, 1508, 1508, 1508, 1508, 1508, 1508, 1508, 1508, 1508, 1508, 1508, 1508, 1508, 1508, 1508, 1508, 1508, 1508, 1508, 1508, 1508, 1508, 1508, 1508, 1508, 1508, 1508, 1508, 1508, 1508, 1508, 1508, 1508];[1079, 1079, 1079, 1079, 1079, 1079, 1079, 1079, 1079, 1079, 1079, 1079, 1079, 1079, 1079, 1079, 1079, 1079, 1079, 1079, 1079, 1079, 1079, 1079, 1079, 1079, 1079, 1079, 1079, 1079, 1079, 1079, 1079, 1079, 1079, 1079, 1079, 1079, 1079, 1079, 1079, 1079, 1079, 1079, 1079, 1079, 1079, 1079, 1079, 1079];[406, 400, 410, 400, 385, 404, 387, 399, 389, 384, 394, 400, 385, 395, 415, 377, 401, 399, 405, 395, 385, 398, 416, 394, 395, 404, 400, 402, 379, 401, 382, 388, 393, 383, 397, 392, 404, 402, 376, 406, 396, 417, 399, 406, 380, 397, 395, 371, 392, 406];[1, 1, 1, 1, 1, 1, 1, 1, 1, 1, 1, 1, 1, 1, 1, 1, 1, 1, 1, 1, 1, 1, 1, 1, 1, 1, 1, 1, 1, 1, 1, 1, 1, 1, 1, 1, 1, 1, 1, 1, 1, 1, 1, 1, 1, 1, 1, 1, 1, 1]
T1300V1000_0.4;1300;1000;2;0.4;experiment_data/medium/T1300V1000_0.4_T.csv;experiment_data/medium/T1300V1000_0.4_V.csv;4713;3136;positive;MKPSI;1300;1387;3326;[522032213, 525264161, 518829656, 512404923, 517020048, 514678002, 525685013, 510827986, 511632136, 497241486, 492020631, 486603320, 491586028, 496204943, 501441311, 496844267, 491212595, 489690401, 493547970, 489303489, 501006113, 508653845, 496798903, 480083453, 494996612, 501343247, 507045862, 495137145, 489839590, 499332969, 481497021, 483312984, 495518294, 496675981, 494728206, 493065052, 503417503, 521530111, 498560877, 498793822, 486013628, 497493775, 501300929, 496164996, 494650826, 499566328, 498530153, 498555951, 480712038, 497905910];[1387, 1387, 1387, 1387, 1387, 1387, 1387, 1387, 1387, 1387, 1387, 1387, 1387, 1387, 1387, 1387, 1387, 1387, 1387, 1387, 1387, 1387, 1387, 1387, 1387, 1387, 1387, 1387, 1387, 1387, 1387, 1387, 1387, 1387, 1387, 1387, 1387, 1387, 1387, 1387, 1387, 1387, 1387, 1387, 1387, 1387, 1387, 1387, 1387, 1387];[3326, 3326, 3326, 3326, 3326, 3326, 3326, 3326, 3326, 3326, 3326, 3326, 3326, 3326, 3326, 3326, 3326, 3326, 3326, 3326, 3326, 3326, 3326, 3326, 3326, 3326, 3326, 3326, 3326, 3326, 3326, 3326, 3326, 3326, 3326, 3326, 3326, 3326, 3326, 3326, 3326, 3326, 3326, 3326, 3326, 3326, 3326, 3326, 3326, 3326];[952, 955, 949, 940, 946, 944, 964, 923, 947, 943, 922, 922, 920, 930, 940, 932, 927, 922, 933, 925, 946, 968, 944, 910, 934, 950, 960, 936, 925, 948, 904, 913, 936, 939, 920, 928, 945, 988, 944, 947, 916, 940, 949, 929, 934, 938, 941, 944, 907, 940];[1, 1, 1, 1, 1, 1, 1, 1, 1, 1, 1, 1, 1, 1, 1, 1, 1, 1, 1, 1, 1, 1, 1, 1, 1, 1, 1, 1, 1, 1, 1, 1, 1, 1, 1, 1, 1, 1, 1, 1, 1, 1, 1, 1, 1, 1, 1, 1, 1, 1]
T600V1000_0.2;600;1000;2;0.2;experiment_data/medium/T600V1000_0.2_T.csv;experiment_data/medium/T600V1000_0.2_V.csv;2194;2792;positive;MKPSI;600;314;1880;[174862208, 173707239, 183797794, 186599239, 194653892, 183286465, 187415417, 187152364, 187306239, 179888642, 189363829, 195792565, 178431922, 189180083, 187337358, 179182522, 184802425, 184403043, 182339160, 180352335, 192820018, 176106999, 192769300, 173874091, 172351674, 187744233, 187843863, 183309753, 195502715, 186973003, 188287879, 187658001, 187370220, 189512016, 193773352, 183902434, 188475408, 196874440, 190869879, 184675949, 185960134, 191838205, 185907472, 175458180, 190421007, 185709423, 185158234, 188712772, 184963383, 180897700];[314, 314, 314, 314, 314, 314, 314, 314, 314, 314, 314, 314, 314, 314, 314, 314, 314, 314, 314, 314, 314, 314, 314, 314, 314, 314, 314, 314, 314, 314, 314, 314, 314, 314, 314, 314, 314, 314, 314, 314, 314, 314, 314, 314, 314, 314, 314, 314, 314, 314];[1880, 1880, 1880, 1880, 1880, 1880, 1880, 1880, 1880, 1880, 1880, 1880, 1880, 1880, 1880, 1880, 1880, 1880, 1880, 1880, 1880, 1880, 1880, 1880, 1880, 1880, 1880, 1880, 1880, 1880, 1880, 1880, 1880, 1880, 1880, 1880, 1880, 1880, 1880, 1880, 1880, 1880, 1880, 1880, 1880, 1880, 1880, 1880, 1880, 1880];[316, 312, 333, 338, 353, 332, 338, 338, 340, 323, 342, 356, 321, 343, 339, 325, 333, 333, 326, 326, 351, 318, 350, 313, 309, 339, 339, 331, 354, 338, 341, 340, 340, 341, 352, 332, 340, 358, 346, 334, 336, 348, 336, 314, 345, 334, 334, 341, 334, 327];[1, 1, 1, 1, 1, 1, 1, 1, 1, 1, 1, 1, 1, 1, 1, 1, 1, 1, 1, 1, 1, 1, 1, 1, 1, 1, 1, 1, 1, 1, 1, 1, 1, 1, 1, 1, 1, 1, 1, 1, 1, 1, 1, 1, 1, 1, 1, 1, 1, 1]
T500V1000_0.5;500;1000;2;0.5;experiment_data/medium/T500V1000_0.5_T.csv;experiment_data/medium/T500V1000_0.5_V.csv;1852;2895;positive;MKPSI;500;667;1185;[196576576, 201039634, 193189427, 207014076, 193958355, 197582762, 200313260, 193213311, 199006553, 205041477, 203649687, 200383404, 205623599, 199531775, 190542816, 196542257, 199139756, 193627850, 200868758, 200989101, 200414682, 198750221, 205147020, 199824855, 196084207, 201881052, 198093181, 207453114, 211646611, 199549385, 202013057, 194503930, 194365361, 190099499, 191475049, 195430537, 191506631, 197536524, 192098075, 202796214, 205773198, 208568055, 199622087, 202430313, 201778465, 206090323, 216784657, 196974802, 200302996, 203507995];[667, 667, 667, 667, 667, 667, 667, 667, 667, 667, 667, 667, 667, 667, 667, 667, 667, 667, 667, 667, 667, 667, 667, 667, 667, 667, 667, 667, 667, 667, 667, 667, 667, 667, 667, 667, 667, 667, 667, 667, 667, 667, 667, 667, 667, 667, 667, 667, 667, 667];[1185, 1185, 1185, 1185, 1185, 1185, 1185, 1185, 1185, 1185, 1185, 1185, 1185, 1185, 1185, 1185, 1185, 1185, 1185, 1185, 1185, 1185, 1185, 1185, 1185, 1185, 1185, 1185, 1185, 1185, 1185, 1185, 1185, 1185, 1185, 1185, 1185, 1185, 1185, 1185, 1185, 1185, 1185, 1185, 1185, 1185, 1185, 1185, 1185, 1185];[360, 370, 354, 381, 353, 365, 367, 355, 365, 376, 373, 365, 379, 369, 351, 360, 367, 354, 370, 372, 367, 364, 379, 369, 362, 373, 365, 380, 389, 365, 372, 359, 358, 350, 350, 359, 352, 361, 352, 375, 378, 381, 365, 370, 369, 379, 398, 359, 366, 368];[1, 1, 1, 1, 1, 1, 1, 1, 1, 1, 1, 1, 1, 1, 1, 1, 1, 1, 1, 1, 1, 1, 1, 1, 1, 1, 1, 1, 1, 1, 1, 1, 1, 1, 1, 1, 1, 1, 1, 1, 1, 1, 1, 1, 1, 1, 1, 1, 1, 1]
T1100V1000_0.1;1100;1000;2;0.1;experiment_data/medium/T1100V1000_0.1_T.csv;experiment_data/medium/T1100V1000_0.1_V.csv;4066;2750;positive;MKPSI;1100;301;3765;[253936487, 250898453, 249434460, 241643290, 240256852, 249194773, 244753859, 243240493, 247797787, 254014376, 235751547, 248831545, 243378814, 255179741, 239545056, 251761007, 249009105, 248417969, 241287940, 242935731, 248043776, 245051442, 240855532, 244794008, 245216097, 241339042, 240995429, 242723435, 250131061, 247041196, 251003172, 251608517, 243257774, 243737324, 253412012, 244078188, 244744902, 243004242, 247474203, 244710010, 241560716, 247151439, 241473012, 243462316, 251656704, 243941338, 242296749, 248588434, 246768055, 250921739];[301, 301, 301, 301, 301, 301, 301, 301, 301, 301, 301, 301, 301, 301, 301, 301, 301, 301, 301, 301, 301, 301, 301, 301, 301, 301, 301, 301, 301, 301, 301, 301, 301, 301, 301, 301, 301, 301, 301, 301, 301, 301, 301, 301, 301, 301, 301, 301, 301, 301];[3765, 3765, 3765, 3765, 3765, 3765, 3765, 3765, 3765, 3765, 3765, 3765, 3765, 3765, 3765, 3765, 3765, 3765, 3765, 3765, 3765, 3765, 3765, 3765, 3765, 3765, 3765, 3765, 3765, 3765, 3765, 3765, 3765, 3765, 3765, 3765, 3765, 3765, 3765, 3765, 3765, 3765, 3765, 3765, 3765, 3765, 3765, 3765, 3765, 3765];[436, 446, 442, 430, 428, 446, 434, 435, 443, 456, 420, 444, 434, 458, 420, 449, 447, 444, 432, 433, 440, 440, 429, 439, 435, 430, 431, 427, 448, 437, 447, 450, 433, 435, 453, 434, 434, 434, 439, 436, 430, 441, 431, 430, 453, 434, 431, 442, 437, 449];[1, 1, 1, 1, 1, 1, 1, 1, 1, 1, 1, 1, 1, 1, 1, 1, 1, 1, 1, 1, 1, 1, 1, 1, 1, 1, 1, 1, 1, 1, 1, 1, 1, 1, 1, 1, 1, 1, 1, 1, 1, 1, 1, 1, 1, 1, 1, 1, 1, 1]
T1100V1000_0.5;1100;1000;2;0.5;experiment_data/medium/T1100V1000_0.5_T.csv;experiment_data/medium/T1100V1000_0.5_V.csv;4055;3151;positive;MKPSI;1100;1470;2585;[443314426, 432737072, 425310533, 419027973, 440703699, 477334549, 431677679, 425683936, 435127540, 425375641, 427267759, 419889565, 433432018, 434405193, 423286975, 439587722, 449096564, 433411656, 425246068, 405288567, 421885315, 431732885, 424376951, 439815070, 433230239, 426159535, 428211034, 429492181, 428815394, 434711280, 435502215, 428869869, 487166542, 427136068, 436211594, 430206865, 431720578, 462491716, 448704753, 444637085, 437664609, 437002473, 438473244, 435809712, 439217357, 456581067, 440720813, 450463013, 449031572, 428640466];[1470, 1470, 1470, 1470, 1470, 1470, 1470, 1470, 1470, 1470, 1470, 1470, 1470, 1470, 1470, 1470, 1470, 1470, 1470, 1470, 1470, 1470, 1470, 1470, 1470, 1470, 1470, 1470, 1470, 1470, 1470, 1470, 1470, 1470, 1470, 1470, 1470, 1470, 1470, 1470, 1470, 1470, 1470, 1470, 1470, 1470, 1470, 1470, 1470, 1470];[2585, 2585, 2585, 2585, 2585, 2585, 2585, 2585, 2585, 2585, 2585, 2585, 2585, 2585, 2585, 2585, 2585, 2585, 2585, 2585, 2585, 2585, 2585, 2585, 2585, 2585, 2585, 2585, 2585, 2585, 2585, 2585, 2585, 2585, 2585, 2585, 2585, 2585, 2585, 2585, 2585, 2585, 2585, 2585, 2585, 2585, 2585, 2585, 2585, 2585];[819, 812, 800, 789, 823, 821, 806, 798, 818, 800, 794, 783, 813, 801, 788, 827, 799, 809, 791, 768, 791, 813, 795, 828, 805, 806, 807, 806, 810, 795, 821, 804, 809, 804, 819, 807, 813, 826, 821, 822, 796, 797, 816, 795, 826, 826, 829, 844, 814, 801];[1, 1, 1, 1, 1, 1, 1, 1, 1, 1, 1, 1, 1, 1, 1, 1, 1, 1, 1, 1, 1, 1, 1, 1, 1, 1, 1, 1, 1, 1, 1, 1, 1, 1, 1, 1, 1, 1, 1, 1, 1, 1, 1, 1, 1, 1, 1, 1, 1, 1]
T800V1000_0.4;800;1000;2;0.4;experiment_data/medium/T800V1000_0.4_T.csv;experiment_data/medium/T800V1000_0.4_V.csv;2937;2964;positive;MKPSI;800;852;2085;[304818017, 310371751, 308740913, 299347382, 311166973, 318532214, 312956904, 302025015, 315156281, 305150115, 305945600, 311060828, 310134867, 311242111, 290061461, 308742519, 311966383, 306218993, 309823232, 314167016, 316033619, 315881632, 306764249, 323959282, 321429664, 303379624, 316632452, 308705420, 311191397, 320940631, 320169999, 289945256, 307206165, 306182801, 303522339, 302693664, 305546352, 306441708, 313997211, 308791521, 303673466, 304469908, 311778209, 315530096, 291345311, 310641915, 312738335, 308147785, 308672588, 298732697];[852, 852, 852, 852, 852, 852, 852, 852, 852, 852, 852, 852, 852, 852, 852, 852, 852, 852, 852, 852, 852, 852, 852, 852, 852, 852, 852, 852, 852, 852, 852, 852, 852, 852, 852, 852, 852, 852, 852, 852, 852, 852, 852, 852, 852, 852, 852, 852, 852, 852];[2085, 2085, 2085, 2085, 2085, 2085, 2085, 2085, 2085, 2085, 2085, 2085, 2085, 2085, 2085, 2085, 2085, 2085, 2085, 2085, 2085, 2085, 2085, 2085, 2085, 2085, 2085, 2085, 2085, 2085, 2085, 2085, 2085, 2085, 2085, 2085, 2085, 2085, 2085, 2085, 2085, 2085, 2085, 2085, 2085, 2085, 2085, 2085, 2085, 2085];[575, 590, 579, 564, 590, 604, 586, 569, 597, 575, 577, 592, 581, 588, 542, 581, 588, 575, 582, 593, 596, 594, 579, 613, 603, 565, 594, 582, 591, 613, 602, 541, 575, 574, 571, 569, 574, 579, 591, 581, 569, 570, 584, 594, 542, 582, 582, 579, 577, 562];[1, 1, 1, 1, 1, 1, 1, 1, 1, 1, 1, 1, 1, 1, 1, 1, 1, 1, 1, 1, 1, 1, 1, 1, 1, 1, 1, 1, 1, 1, 1, 1, 1, 1, 1, 1, 1, 1, 1, 1, 1, 1, 1, 1, 1, 1, 1, 1, 1, 1]
T1000V1000_0.3;1000;1000;2;0.3;experiment_data/medium/T1000V1000_0.3_T.csv;experiment_data/medium/T1000V1000_0.3_V.csv;3690;2925;positive;MKPSI;1000;803;2887;[352759515, 382525784, 372575620, 367206891, 363120987, 370308182, 352049456, 374882662, 373218780, 354837800, 361620876, 364001737, 363510222, 362487039, 366328605, 354177416, 356912053, 347859595, 364887023, 351806741, 369837649, 351929633, 355968831, 366549176, 376271813, 364348790, 366928338, 367714534, 363348959, 361962414, 376842505, 356005585, 350066875, 363716009, 362332564, 368293684, 373000829, 361017489, 373165711, 359928039, 365858533, 349588419, 348434797, 370419899, 369584337, 355572130, 374952937, 360685180, 357001120, 360994009];[803, 803, 803, 803, 803, 803, 803, 803, 803, 803, 803, 803, 803, 803, 803, 803, 803, 803, 803, 803, 803, 803, 803, 803, 803, 803, 803, 803, 803, 803, 803, 803, 803, 803, 803, 803, 803, 803, 803, 803, 803, 803, 803, 803, 803, 803, 803, 803, 803, 803];[2887, 2887, 2887, 2887, 2887, 2887, 2887, 2887, 2887, 2887, 2887, 2887, 2887, 2887, 2887, 2887, 2887, 2887, 2887, 2887, 2887, 2887, 2887, 2887, 2887, 2887, 2887, 2887, 2887, 2887, 2887, 2887, 2887, 2887, 2887, 2887, 2887, 2887, 2887, 2887, 2887, 2887, 2887, 2887, 2887, 2887, 2887, 2887, 2887, 2887];[633, 692, 671, 665, 656, 670, 637, 678, 676, 646, 656, 665, 664, 661, 669, 646, 651, 635, 667, 639, 677, 637, 648, 668, 688, 668, 668, 665, 663, 658, 689, 647, 637, 661, 660, 668, 681, 655, 681, 655, 664, 632, 634, 675, 667, 643, 677, 652, 646, 656];[1, 1, 1, 1, 1, 1, 1, 1, 1, 1, 1, 1, 1, 1, 1, 1, 1, 1, 1, 1, 1, 1, 1, 1, 1, 1, 1, 1, 1, 1, 1, 1, 1, 1, 1, 1, 1, 1, 1, 1, 1, 1, 1, 1, 1, 1, 1, 1, 1, 1]
T1400V1000_0.7;1400;1000;2;0.7;experiment_data/medium/T1400V1000_0.7_T.csv;experiment_data/medium/T1400V1000_0.7_V.csv;5154;3558;positive;MKPSI;1400;2641;2513;[506201197, 513485606, 503746831, 489519455, 527226385, 509763571, 507765113, 505039857, 498896204, 507906952, 495213811, 512259211, 491981962, 499742458, 507077253, 501998397, 498094117, 494515550, 488242169, 507367936, 512839867, 496689905, 501723038, 511506083, 499158318, 492674786, 500695538, 495656764, 491244664, 509941006, 502589708, 506075005, 503355449, 495712297, 504987271, 497620359, 501552278, 491761053, 514577896, 516127055, 509811767, 521492045, 499675757, 505663224, 509083019, 504286373, 501154244, 492077542, 503447315, 510588550];[2641, 2641, 2641, 2641, 2641, 2641, 2641, 2641, 2641, 2641, 2641, 2641, 2641, 2641, 2641, 2641, 2641, 2641, 2641, 2641, 2641, 2641, 2641, 2641, 2641, 2641, 2641, 2641, 2641, 2641, 2641, 2641, 2641, 2641, 2641, 2641, 2641, 2641, 2641, 2641, 2641, 2641, 2641, 2641, 2641, 2641, 2641, 2641, 2641, 2641];[2513, 2513, 2513, 2513, 2513, 2513, 2513, 2513, 2513, 2513, 2513, 2513, 2513, 2513, 2513, 2513, 2513, 2513, 2513, 2513, 2513, 2513, 2513, 2513, 2513, 2513, 2513, 2513, 2513, 2513, 2513, 2513, 2513, 2513, 2513, 2513, 2513, 2513, 2513, 2513, 2513, 2513, 2513, 2513, 2513, 2513, 2513, 2513, 2513, 2513];[959, 965, 950, 923, 991, 971, 961, 957, 949, 968, 937, 975, 935, 944, 958, 949, 933, 936, 925, 960, 969, 937, 954, 968, 931, 926, 934, 930, 925, 968, 952, 963, 949, 934, 942, 932, 946, 927, 968, 976, 955, 980, 940, 950, 964, 945, 941, 925, 948, 969];[1, 1, 1, 1, 1, 1, 1, 1, 1, 1, 1, 1, 1, 1, 1, 1, 1, 1, 1, 1, 1, 1, 1, 1, 1, 1, 1, 1, 1, 1, 1, 1, 1, 1, 1, 1, 1, 1, 1, 1, 1, 1, 1, 1, 1, 1, 1, 1, 1, 1]
T600V1000_0.6;600;1000;2;0.6;experiment_data/medium/T600V1000_0.6_T.csv;experiment_data/medium/T600V1000_0.6_V.csv;2208;2998;positive;MKPSI;600;957;1251;[237657043, 223619258, 221524371, 230904366, 236386649, 230767300, 223844449, 233385945, 228589223, 245375888, 225666353, 233877143, 234909937, 238234604, 232525397, 228189806, 225887721, 238679042, 231263318, 230454710, 234304598, 222946244, 224730062, 237997566, 238611621, 231502555, 229957411, 232115058, 231506699, 230303543, 236811989, 233378834, 234992549, 239153516, 235636264, 228601734, 232781388, 225555988, 236194364, 239936729, 231977978, 223862278, 229768765, 225395328, 229846519, 226413106, 240586263, 236357409, 234055217, 228002257];[957, 957, 957, 957, 957, 957, 957, 957, 957, 957, 957, 957, 957, 957, 957, 957, 957, 957, 957, 957, 957, 957, 957, 957, 957, 957, 957, 957, 957, 957, 957, 957, 957, 957, 957, 957, 957, 957, 957, 957, 957, 957, 957, 957, 957, 957, 957, 957, 957, 957];[1251, 1251, 1251, 1251, 1251, 1251, 1251, 1251, 1251, 1251, 1251, 1251, 1251, 1251, 1251, 1251, 1251, 1251, 1251, 1251, 1251, 1251, 1251, 1251, 1251, 1251, 1251, 1251, 1251, 1251, 1251, 1251, 1251, 1251, 1251, 1251, 1251, 1251, 1251, 1251, 1251, 1251, 1251, 1251, 1251, 1251, 1251, 1251, 1251, 1251];[455, 426, 419, 442, 450, 443, 426, 446, 439, 474, 429, 447, 448, 458, 444, 434, 430, 458, 444, 441, 449, 425, 428, 455, 456, 441, 439, 445, 441, 436, 451, 445, 449, 457, 452, 437, 445, 429, 451, 459, 443, 426, 437, 429, 438, 432, 457, 450, 445, 434];[1, 1, 1, 1, 1, 1, 1, 1, 1, 1, 1, 1, 1, 1, 1, 1, 1, 1, 1, 1, 1, 1, 1, 1, 1, 1, 1, 1, 1, 1, 1, 1, 1, 1, 1, 1, 1, 1, 1, 1, 1, 1, 1, 1, 1, 1, 1, 1, 1, 1]
T1200V1000_0.9;1200;1000;2;0.9;experiment_data/medium/T1200V1000_0.9_T.csv;experiment_data/medium/T1200V1000_0.9_V.csv;4419;3611;positive;MKPSI;1200;2895;1524;[255942057, 259523898, 262708795, 267599202, 257569448, 260038187, 249769880, 255379097, 252703766, 253083158, 254819938, 257989089, 261157869, 258224400, 252623816, 249672934, 253629192, 262007151, 259080959, 250292408, 267506773, 253977489, 260597860, 258592162, 253483812, 250684140, 260316113, 267597521, 258323718, 260186746, 262258383, 264314623, 257415876, 250729574, 263733726, 250420166, 248762137, 255891119, 258839527, 255076662, 251779604, 265816127, 259494527, 249530921, 255856828, 259253257, 259276307, 258572530, 245484404, 247611293];[2895, 2895, 2895, 2895, 2895, 2895, 2895, 2895, 2895, 2895, 2895, 2895, 2895, 2895, 2895, 2895, 2895, 2895, 2895, 2895, 2895, 2895, 2895, 2895, 2895, 2895, 2895, 2895, 2895, 2895, 2895, 2895, 2895, 2895, 2895, 2895, 2895, 2895, 2895, 2895, 2895, 2895, 2895, 2895, 2895, 2895, 2895, 2895, 2895, 2895];[1524, 1524, 1524, 1524, 1524, 1524, 1524, 1524, 1524, 1524, 1524, 1524, 1524, 1524, 1524, 1524, 1524, 1524, 1524, 1524, 1524, 1524, 1524, 1524, 1524, 1524, 1524, 1524, 1524, 1524, 1524, 1524, 1524, 1524, 1524, 1524, 1524, 1524, 1524, 1524, 1524, 1524, 1524, 1524, 1524, 1524, 1524, 1524, 1524, 1524];[444, 446, 448, 461, 449, 452, 431, 444, 439, 441, 442, 449, 456, 451, 436, 433, 441, 457, 451, 432, 472, 443, 457, 450, 442, 436, 452, 469, 448, 446, 447, 451, 444, 434, 456, 435, 430, 445, 447, 444, 437, 463, 452, 430, 447, 447, 452, 450, 425, 430];[1, 1, 1, 1, 1, 1, 1, 1, 1, 1, 1, 1, 1, 1, 1, 1, 1, 1, 1, 1, 1, 1, 1, 1, 1, 1, 1, 1, 1, 1, 1, 1, 1, 1, 1, 1, 1, 1, 1, 1, 1, 1, 1, 1, 1, 1, 1, 1, 1, 1]
T700V1000_0.9;700;1000;2;0.9;experiment_data/medium/T700V1000_0.9_T.csv;experiment_data/medium/T700V1000_0.9_V.csv;2550;3233;positive;MKPSI;700;1660;890;[158234126, 158397326, 161027327, 163292956, 150456820, 154718312, 150544947, 143586599, 155964348, 157535080, 147813896, 158540153, 154707207, 150832997, 157400912, 156342506, 156976344, 145518074, 157323384, 155922603, 151175746, 161698989, 149739592, 149885251, 157193789, 153101452, 153592507, 153132555, 148227889, 150476725, 153227394, 155856118, 155058570, 158714734, 154139082, 159956608, 152454589, 153162337, 153355277, 157637112, 154306247, 161192505, 144104689, 154070696, 153657862, 164310898, 152958091, 157579784, 160114687, 154487486];[1660, 1660, 1660, 1660, 1660, 1660, 1660, 1660, 1660, 1660, 1660, 1660, 1660, 1660, 1660, 1660, 1660, 1660, 1660, 1660, 1660, 1660, 1660, 1660, 1660, 1660, 1660, 1660, 1660, 1660, 1660, 1660, 1660, 1660, 1660, 1660, 1660, 1660, 1660, 1660, 1660, 1660, 1660, 1660, 1660, 1660, 1660, 1660, 1660, 1660];[890, 890, 890, 890, 890, 890, 890, 890, 890, 890, 890, 890, 890, 890, 890, 890, 890, 890, 890, 890, 890, 890, 890, 890, 890, 890, 890, 890, 890, 890, 890, 890, 890, 890, 890, 890, 890, 890, 890, 890, 890, 890, 890, 890, 890, 890, 890, 890, 890, 890];[279, 278, 283, 286, 272, 280, 274, 259, 284, 286, 266, 289, 280, 274, 286, 283, 287, 263, 286, 282, 275, 299, 271, 274, 285, 277, 277, 277, 265, 272, 278, 282, 281, 291, 282, 293, 275, 279, 278, 288, 279, 294, 260, 282, 281, 302, 276, 287, 293, 276];[1, 1, 1, 1, 1, 1, 1, 1, 1, 1, 1, 1, 1, 1, 1, 1, 1, 1, 1, 1, 1, 1, 1, 1, 1, 1, 1, 1, 1, 1, 1, 1, 1, 1, 1, 1, 1, 1, 1, 1, 1, 1, 1, 1, 1, 1, 1, 1, 1, 1]
T1200V1000_1.0;1200;1000;2;1.0;experiment_data/medium/T1200V1000_1.0_T.csv;experiment_data/medium/T1200V1000_1.0_V.csv;4346;3697;positive;MKPSI;1200;3144;1202;[14035671, 15811772, 13468105, 14563708, 13859089, 14083902, 14924732, 15647261, 14781029, 13885099, 14250155, 13341733, 13812388, 14009082, 13403255, 14624009, 15793151, 14272874, 13864519, 13937001, 13435225, 13818569, 13936850, 13651988, 14878181, 13903189, 13396445, 14026061, 16408389, 13418814, 13768698, 13716557, 13741098, 15858042, 15509358, 15024813, 14103622, 14047691, 13834299, 13731638, 14020391, 14175723, 13847840, 14495407, 14113392, 14635038, 15263825, 15695952, 13811249, 17674083];[3144, 3144, 3144, 3144, 3144, 3144, 3144, 3144, 3144, 3144, 3144, 3144, 3144, 3144, 3144, 3144, 3144, 3144, 3144, 3144, 3144, 3144, 3144, 3144, 3144, 3144, 3144, 3144, 3144, 3144, 3144, 3144, 3144, 3144, 3144, 3144, 3144, 3144, 3144, 3144, 3144, 3144, 3144, 3144, 3144, 3144, 3144, 3144, 3144, 3144];[1202, 1202, 1202, 1202, 1202, 1202, 1202, 1202, 1202, 1202, 1202, 1202, 1202, 1202, 1202, 1202, 1202, 1202, 1202, 1202, 1202, 1202, 1202, 1202, 1202, 1202, 1202, 1202, 1202, 1202, 1202, 1202, 1202, 1202, 1202, 1202, 1202, 1202, 1202, 1202, 1202, 1202, 1202, 1202, 1202, 1202, 1202, 1202, 1202, 1202];[1, 1, 1, 1, 1, 1, 1, 1, 1, 1, 1, 1, 1, 1, 1, 1, 1, 1, 1, 1, 1, 1, 1, 1, 1, 1, 1, 1, 1, 1, 1, 1, 1, 1, 1, 1, 1, 1, 1, 1, 1, 1, 1, 1, 1, 1, 1, 1, 1, 1];[1, 1, 1, 1, 1, 1, 1, 1, 1, 1, 1, 1, 1, 1, 1, 1, 1, 1, 1, 1, 1, 1, 1, 1, 1, 1, 1, 1, 1, 1, 1, 1, 1, 1, 1, 1, 1, 1, 1, 1, 1, 1, 1, 1, 1, 1, 1, 1, 1, 1]
T700V1000_1.0;700;1000;2;1.0;experiment_data/medium/T700V1000_1.0_T.csv;experiment_data/medium/T700V1000_1.0_V.csv;2582;3286;positive;MKPSI;700;1880;702;[7181542, 7341094, 7154392, 7313723, 8690199, 7323234, 7544047, 7145972, 7100201, 7172734, 7109061, 7078752, 7248563, 7093202, 7095151, 7102261, 7050152, 7312815, 7015750, 7345454, 7107191, 7135702, 7048231, 7109791, 7106301, 7241133, 7142082, 7133732, 7209573, 7046601, 7498766, 7522996, 7284304, 7268943, 7140541, 7122171, 7939012, 7059331, 7013261, 7062652, 7258263, 7201882, 7049210, 7034212, 7082802, 7073561, 7022691, 7056140, 7242563, 6977169];[1880, 1880, 1880, 1880, 1880, 1880, 1880, 1880, 1880, 1880, 1880, 1880, 1880, 1880, 1880, 1880, 1880, 1880, 1880, 1880, 1880, 1880, 1880, 1880, 1880, 1880, 1880, 1880, 1880, 1880, 1880, 1880, 1880, 1880, 1880, 1880, 1880, 1880, 1880, 1880, 1880, 1880, 1880, 1880, 1880, 1880, 1880, 1880, 1880, 1880];[702, 702, 702, 702, 702, 702, 702, 702, 702, 702, 702, 702, 702, 702, 702, 702, 702, 702, 702, 702, 702, 702, 702, 702, 702, 702, 702, 702, 702, 702, 702, 702, 702, 702, 702, 702, 702, 702, 702, 702, 702, 702, 702, 702, 702, 702, 702, 702, 702, 702];[1, 1, 1, 1, 1, 1, 1, 1, 1, 1, 1, 1, 1, 1, 1, 1, 1, 1, 1, 1, 1, 1, 1, 1, 1, 1, 1, 1, 1, 1, 1, 1, 1, 1, 1, 1, 1, 1, 1, 1, 1, 1, 1, 1, 1, 1, 1, 1, 1, 1];[1, 1, 1, 1, 1, 1, 1, 1, 1, 1, 1, 1, 1, 1, 1, 1, 1, 1, 1, 1, 1, 1, 1, 1, 1, 1, 1, 1, 1, 1, 1, 1, 1, 1, 1, 1, 1, 1, 1, 1, 1, 1, 1, 1, 1, 1, 1, 1, 1, 1]
T800V1000_0.0;800;1000;2;0.0;experiment_data/medium/T800V1000_0.0_T.csv;experiment_data/medium/T800V1000_0.0_V.csv;2936;2679;positive;MKPSI;800;0;2936;[8215165, 10818404, 8047022, 8175464, 8096063, 8098614, 8152393, 8205675, 8101652, 8181864, 8031092, 8165444, 8113533, 8156504, 8059783, 9557130, 8300265, 8119804, 8145683, 8087283, 8052782, 8127544, 8274625, 10270948, 8063084, 8103264, 8145713, 8045612, 8201425, 8175193, 8137723, 8166134, 8108283, 8066294, 8110274, 8247125, 8062803, 8016992, 10623812, 8033951, 8127393, 8361475, 8153064, 8230015, 8079433, 8038724, 8067962, 7988682, 10343388, 10002386];[0, 0, 0, 0, 0, 0, 0, 0, 0, 0, 0, 0, 0, 0, 0, 0, 0, 0, 0, 0, 0, 0, 0, 0, 0, 0, 0, 0, 0, 0, 0, 0, 0, 0, 0, 0, 0, 0, 0, 0, 0, 0, 0, 0, 0, 0, 0, 0, 0, 0];[2936, 2936, 2936, 2936, 2936, 2936, 2936, 2936, 2936, 2936, 2936, 2936, 2936, 2936, 2936, 2936, 2936, 2936, 2936, 2936, 2936, 2936, 2936, 2936, 2936, 2936, 2936, 2936, 2936, 2936, 2936, 2936, 2936, 2936, 2936, 2936, 2936, 2936, 2936, 2936, 2936, 2936, 2936, 2936, 2936, 2936, 2936, 2936, 2936, 2936];[1, 1, 1, 1, 1, 1, 1, 1, 1, 1, 1, 1, 1, 1, 1, 1, 1, 1, 1, 1, 1, 1, 1, 1, 1, 1, 1, 1, 1, 1, 1, 1, 1, 1, 1, 1, 1, 1, 1, 1, 1, 1, 1, 1, 1, 1, 1, 1, 1, 1];[1, 1, 1, 1, 1, 1, 1, 1, 1, 1, 1, 1, 1, 1, 1, 1, 1, 1, 1, 1, 1, 1, 1, 1, 1, 1, 1, 1, 1, 1, 1, 1, 1, 1, 1, 1, 1, 1, 1, 1, 1, 1, 1, 1, 1, 1, 1, 1, 1, 1]
T700V1000_0.4;700;1000;2;0.4;experiment_data/medium/T700V1000_0.4_T.csv;experiment_data/medium/T700V1000_0.4_V.csv;2549;2903;positive;MKPSI;700;741;1808;[274212413, 276810248, 270535646, 262627248, 278831932, 268426903, 269165614, 277501289, 274608320, 270051227, 274948290, 262407274, 265546627, 251466753, 270356169, 270120879, 265779918, 270810210, 276593869, 278550888, 273865863, 263268347, 269413972, 273392247, 257315553, 282453404, 276846394, 261457180, 271065075, 277544012, 259706340, 267494189, 257810684, 257518464, 271562353, 262942567, 269537040, 263759095, 262193000, 268249633, 278632342, 273094343, 273041427, 262894571, 270218015, 263315541, 251940713, 261463775, 268076996, 255187438];[741, 741, 741, 741, 741, 741, 741, 741, 741, 741, 741, 741, 741, 741, 741, 741, 741, 741, 741, 741, 741, 741, 741, 741, 741, 741, 741, 741, 741, 741, 741, 741, 741, 741, 741, 741, 741, 741, 741, 741, 741, 741, 741, 741, 741, 741, 741, 741, 741, 741];[1808, 1808, 1808, 1808, 1808, 1808, 1808, 1808, 1808, 1808, 1808, 1808, 1808, 1808, 1808, 1808, 1808, 1808, 1808, 1808, 1808, 1808, 1808, 1808, 1808, 1808, 1808, 1808, 1808, 1808, 1808, 1808, 1808, 1808, 1808, 1808, 1808, 1808, 1808, 1808, 1808, 1808, 1808, 1808, 1808, 1808, 1808, 1808, 1808, 1808];[501, 507, 503, 499, 527, 511, 507, 528, 521, 509, 525, 496, 501, 474, 514, 510, 504, 510, 525, 529, 515, 497, 507, 518, 487, 538, 523, 494, 514, 526, 491, 505, 485, 487, 513, 498, 509, 496, 496, 505, 525, 512, 517, 494, 512, 502, 478, 493, 506, 481];[1, 1, 1, 1, 1, 1, 1, 1, 1, 1, 1, 1, 1, 1, 1, 1, 1, 1, 1, 1, 1, 1, 1, 1, 1, 1, 1, 1, 1, 1, 1, 1, 1, 1, 1, 1, 1, 1, 1, 1, 1, 1, 1, 1, 1, 1, 1, 1, 1, 1]
T1300V1000_0.0;1300;1000;2;0.0;experiment_data/medium/T1300V1000_0.0_T.csv;experiment_data/medium/T1300V1000_0.0_V.csv;4798;2646;positive;MKPSI;1300;0;4798;[14775740, 15254586, 14959712, 15093055, 16214546, 16754754, 15245746, 14814181, 16679522, 16382768, 15029643, 16971026, 13911500, 16198516, 14948831, 14735970, 16843774, 14098083, 18711766, 15081763, 15464338, 14834530, 14822670, 15006784, 14006042, 14843202, 16952976, 14901281, 15215305, 16677362, 15050134, 15071793, 15034303, 14864931, 14501317, 17011346, 15340536, 15006822, 14740860, 14911782, 14906781, 14224454, 15235724, 14770239, 14885212, 15141974, 14458556, 16986315, 16558670, 16815543];[0, 0, 0, 0, 0, 0, 0, 0, 0, 0, 0, 0, 0, 0, 0, 0, 0, 0, 0, 0, 0, 0, 0, 0, 0, 0, 0, 0, 0, 0, 0, 0, 0, 0, 0, 0, 0, 0, 0, 0, 0, 0, 0, 0, 0, 0, 0, 0, 0, 0];[4798, 4798, 4798, 4798, 4798, 4798, 4798, 4798, 4798, 4798, 4798, 4798, 4798, 4798, 4798, 4798, 4798, 4798, 4798, 4798, 4798, 4798, 4798, 4798, 4798, 4798, 4798, 4798, 4798, 4798, 4798, 4798, 4798, 4798, 4798, 4798, 4798, 4798, 4798, 4798, 4798, 4798, 4798, 4798, 4798, 4798, 4798, 4798, 4798, 4798];[1, 1, 1, 1, 1, 1, 1, 1, 1, 1, 1, 1, 1, 1, 1, 1, 1, 1, 1, 1, 1, 1, 1, 1, 1, 1, 1, 1, 1, 1, 1, 1, 1, 1, 1, 1, 1, 1, 1, 1, 1, 1, 1, 1, 1, 1, 1, 1, 1, 1];[1, 1, 1, 1, 1, 1, 1, 1, 1, 1, 1, 1, 1, 1, 1, 1, 1, 1, 1, 1, 1, 1, 1, 1, 1, 1, 1, 1, 1, 1, 1, 1, 1, 1, 1, 1, 1, 1, 1, 1, 1, 1, 1, 1, 1, 1, 1, 1, 1, 1]
T1200V1000_0.3;1200;1000;2;0.3;experiment_data/medium/T1200V1000_0.3_T.csv;experiment_data/medium/T1200V1000_0.3_V.csv;4391;2994;positive;MKPSI;1200;954;3437;[415418437, 432921316, 413068927, 430677296, 436164820, 442957288, 445877407, 437157150, 431768440, 415531997, 420846254, 428675817, 422397892, 422434150, 432619946, 436846446, 431025946, 427045548, 442639981, 435827025, 420989697, 420073698, 439454942, 437770130, 436222344, 441458314, 434166102, 435887640, 421808822, 425389813, 410747009, 437115300, 440815136, 431179396, 418552613, 432769556, 426353792, 438237624, 427184470, 441448230, 434601232, 420745911, 423976067, 429400993, 427299865, 435175843, 425161281, 421080566, 432089633, 416509250];[954, 954, 954, 954, 954, 954, 954, 954, 954, 954, 954, 954, 954, 954, 954, 954, 954, 954, 954, 954, 954, 954, 954, 954, 954, 954, 954, 954, 954, 954, 954, 954, 954, 954, 954, 954, 954, 954, 954, 954, 954, 954, 954, 954, 954, 954, 954, 954, 954, 954];[3437, 3437, 3437, 3437, 3437, 3437, 3437, 3437, 3437, 3437, 3437, 3437, 3437, 3437, 3437, 3437, 3437, 3437, 3437, 3437, 3437, 3437, 3437, 3437, 3437, 3437, 3437, 3437, 3437, 3437, 3437, 3437, 3437, 3437, 3437, 3437, 3437, 3437, 3437, 3437, 3437, 3437, 3437, 3437, 3437, 3437, 3437, 3437, 3437, 3437];[769, 802, 758, 803, 804, 820, 833, 816, 806, 768, 789, 800, 788, 785, 808, 816, 799, 791, 831, 818, 783, 782, 819, 822, 814, 825, 808, 812, 784, 790, 763, 815, 827, 802, 766, 801, 792, 805, 796, 817, 801, 778, 787, 803, 793, 810, 792, 783, 807, 776];[1, 1, 1, 1, 1, 1, 1, 1, 1, 1, 1, 1, 1, 1, 1, 1, 1, 1, 1, 1, 1, 1, 1, 1, 1, 1, 1, 1, 1, 1, 1, 1, 1, 1, 1, 1, 1, 1, 1, 1, 1, 1, 1, 1, 1, 1, 1, 1, 1, 1]
T500V1000_0.6;500;1000;2;0.6;experiment_data/medium/T500V1000_0.6_T.csv;experiment_data/medium/T500V1000_0.6_V.csv;1838;2935;positive;MKPSI;500;807;1031;[203361243, 197395576, 196227103, 186368749, 192879278, 200720785, 183804273, 188052516, 194347565, 192015749, 197471446, 210306545, 187773135, 199976655, 196279520, 190866369, 195013565, 195962985, 191116578, 193650169, 191858063, 199440891, 190398932, 199545448, 192206493, 199561914, 201349912, 202067564, 196665776, 195553216, 191804520, 202329059, 197007320, 189924363, 189889732, 195919184, 197591917, 192027473, 194252878, 192673134, 198714219, 187385356, 198451436, 190494811, 204034517, 195959808, 199283789, 202540365, 205592475, 195225935];[807, 807, 807, 807, 807, 807, 807, 807, 807, 807, 807, 807, 807, 807, 807, 807, 807, 807, 807, 807, 807, 807, 807, 807, 807, 807, 807, 807, 807, 807, 807, 807, 807, 807, 807, 807, 807, 807, 807, 807, 807, 807, 807, 807, 807, 807, 807, 807, 807, 807];[1031, 1031, 1031, 1031, 1031, 1031, 1031, 1031, 1031, 1031, 1031, 1031, 1031, 1031, 1031, 1031, 1031, 1031, 1031, 1031, 1031, 1031, 1031, 1031, 1031, 1031, 1031, 1031, 1031, 1031, 1031, 1031, 1031, 1031, 1031, 1031, 1031, 1031, 1031, 1031, 1031, 1031, 1031, 1031, 1031, 1031, 1031, 1031, 1031, 1031];[374, 359, 357, 339, 350, 366, 333, 341, 354, 350, 359, 382, 344, 364, 357, 347, 356, 356, 346, 352, 348, 362, 346, 363, 349, 362, 367, 368, 357, 356, 348, 368, 358, 345, 345, 356, 360, 348, 353, 349, 361, 339, 359, 346, 370, 356, 361, 368, 374, 354];[1, 1, 1, 1, 1, 1, 1, 1, 1, 1, 1, 1, 1, 1, 1, 1, 1, 1, 1, 1, 1, 1, 1, 1, 1, 1, 1, 1, 1, 1, 1, 1, 1, 1, 1, 1, 1, 1, 1, 1, 1, 1, 1, 1, 1, 1, 1, 1, 1, 1]
T900V1000_0.7;900;1000;2;0.7;experiment_data/medium/T900V1000_0.7_T.csv;experiment_data/medium/T900V1000_0.7_V.csv;3284;3202;positive;MKPSI;900;1667;1617;[324763894, 344466309, 336029026, 333191018, 321150819, 336945806, 338141719, 331546519, 331131102, 331531239, 326932681, 345145078, 320855863, 329692020, 331497276, 323743099, 338790774, 323008388, 334168539, 335479452, 336988082, 327319609, 331799719, 337159016, 336335099, 336738101, 330336588, 337393099, 336365751, 336044263, 337328239, 326104281, 337063760, 335579623, 332558699, 332144178, 328783968, 335668584, 340855271, 339787602, 336256874, 332072008, 336620920, 340955933, 334784044, 352134167, 340810273, 335101225, 325282182, 332888762];[1667, 1667, 1667, 1667, 1667, 1667, 1667, 1667, 1667, 1667, 1667, 1667, 1667, 1667, 1667, 1667, 1667, 1667, 1667, 1667, 1667, 1667, 1667, 1667, 1667, 1667, 1667, 1667, 1667, 1667, 1667, 1667, 1667, 1667, 1667, 1667, 1667, 1667, 1667, 1667, 1667, 1667, 1667, 1667, 1667, 1667, 1667, 1667, 1667, 1667];[1617, 1617, 1617, 1617, 1617, 1617, 1617, 1617, 1617, 1617, 1617, 1617, 1617, 1617, 1617, 1617, 1617, 1617, 1617, 1617, 1617, 1617, 1617, 1617, 1617, 1617, 1617, 1617, 1617, 1617, 1617, 1617, 1617, 1617, 1617, 1617, 1617, 1617, 1617, 1617, 1617, 1617, 1617, 1617, 1617, 1617, 1617, 1617, 1617, 1617];[581, 621, 606, 602, 572, 606, 617, 602, 599, 601, 592, 625, 581, 599, 599, 580, 615, 584, 608, 612, 608, 594, 599, 607, 606, 609, 598, 610, 608, 606, 606, 587, 608, 604, 603, 596, 595, 606, 619, 615, 608, 603, 610, 618, 603, 638, 617, 609, 585, 602];[1, 1, 1, 1, 1, 1, 1, 1, 1, 1, 1, 1, 1, 1, 1, 1, 1, 1, 1, 1, 1, 1, 1, 1, 1, 1, 1, 1, 1, 1, 1, 1, 1, 1, 1, 1, 1, 1, 1, 1, 1, 1, 1, 1, 1, 1, 1, 1, 1, 1]
T900V1000_0.3;900;1000;2;0.3;experiment_data/medium/T900V1000_0.3_T.csv;experiment_data/medium/T900V1000_0.3_V.csv;3265;2905;positive;MKPSI;900;705;2560;[338360114, 328741862, 330249250, 330077964, 325297244, 328821855, 330840297, 330241239, 328424285, 326523524, 330644873, 339417477, 319906990, 313956405, 330365418, 331231209, 340602159, 321490612, 325646021, 338219010, 336453688, 336359541, 333018227, 337401881, 322156204, 330516514, 324472317, 334512762, 330856523, 331064227, 318516825, 333993925, 330558209, 335919350, 343935990, 336206942, 329406427, 330197603, 331772019, 314645026, 328234811, 343307693, 332703300, 332272559, 328744896, 337335335, 328963698, 337101568, 345880349, 332821453];[705, 705, 705, 705, 705, 705, 705, 705, 705, 705, 705, 705, 705, 705, 705, 705, 705, 705, 705, 705, 705, 705, 705, 705, 705, 705, 705, 705, 705, 705, 705, 705, 705, 705, 705, 705, 705, 705, 705, 705, 705, 705, 705, 705, 705, 705, 705, 705, 705, 705];[2560, 2560, 2560, 2560, 2560, 2560, 2560, 2560, 2560, 2560, 2560, 2560, 2560, 2560, 2560, 2560, 2560, 2560, 2560, 2560, 2560, 2560, 2560, 2560, 2560, 2560, 2560, 2560, 2560, 2560, 2560, 2560, 2560, 2560, 2560, 2560, 2560, 2560, 2560, 2560, 2560, 2560, 2560, 2560, 2560, 2560, 2560, 2560, 2560, 2560];[608, 587, 587, 588, 581, 589, 596, 597, 588, 583, 591, 607, 570, 558, 591, 592, 608, 574, 588, 605, 603, 601, 595, 605, 579, 593, 580, 600, 592, 588, 566, 596, 592, 601, 612, 605, 595, 595, 597, 565, 589, 621, 598, 593, 590, 605, 586, 604, 621, 588];[1, 1, 1, 1, 1, 1, 1, 1, 1, 1, 1, 1, 1, 1, 1, 1, 1, 1, 1, 1, 1, 1, 1, 1, 1, 1, 1, 1, 1, 1, 1, 1, 1, 1, 1, 1, 1, 1, 1, 1, 1, 1, 1, 1, 1, 1, 1, 1, 1, 1]
T600V1000_0.7;600;1000;2;0.7;experiment_data/medium/T600V1000_0.7_T.csv;experiment_data/medium/T600V1000_0.7_V.csv;2187;3047;positive;MKPSI;600;1104;1083;[211354225, 214400591, 221200077, 212796551, 215642815, 212391412, 212699332, 219334505, 216032369, 222636733, 218523021, 219545864, 215098071, 218953096, 217237444, 222162222, 220400364, 216773386, 221882613, 223286911, 216649291, 223970066, 219674213, 224713730, 224169561, 218034796, 222429332, 206992608, 216047846, 216859840, 217424316, 215448177, 210155217, 225662390, 210345546, 221757988, 217682676, 218227634, 222253526, 217606569, 218195180, 219339802, 221554100, 219350780, 214911938, 216332631, 212405393, 214968660, 222675687, 214169922];[1104, 1104, 1104, 1104, 1104, 1104, 1104, 1104, 1104, 1104, 1104, 1104, 1104, 1104, 1104, 1104, 1104, 1104, 1104, 1104, 1104, 1104, 1104, 1104, 1104, 1104, 1104, 1104, 1104, 1104, 1104, 1104, 1104, 1104, 1104, 1104, 1104, 1104, 1104, 1104, 1104, 1104, 1104, 1104, 1104, 1104, 1104, 1104, 1104, 1104];[1083, 1083, 1083, 1083, 1083, 1083, 1083, 1083, 1083, 1083, 1083, 1083, 1083, 1083, 1083, 1083, 1083, 1083, 1083, 1083, 1083, 1083, 1083, 1083, 1083, 1083, 1083, 1083, 1083, 1083, 1083, 1083, 1083, 1083, 1083, 1083, 1083, 1083, 1083, 1083, 1083, 1083, 1083, 1083, 1083, 1083, 1083, 1083, 1083, 1083];[401, 403, 417, 399, 411, 404, 402, 415, 409, 423, 417, 416, 408, 414, 415, 420, 419, 414, 424, 426, 413, 429, 419, 428, 429, 415, 424, 394, 411, 412, 414, 411, 398, 431, 400, 422, 415, 415, 423, 413, 415, 418, 423, 418, 408, 411, 405, 410, 426, 407];[1, 1, 1, 1, 1, 1, 1, 1, 1, 1, 1, 1, 1, 1, 1, 1, 1, 1, 1, 1, 1, 1, 1, 1, 1, 1, 1, 1, 1, 1, 1, 1, 1, 1, 1, 1, 1, 1, 1, 1, 1, 1, 1, 1, 1, 1, 1, 1, 1, 1]
T800V1000_0.1;800;1000;2;0.1;experiment_data/medium/T800V1000_0.1_T.csv;experiment_data/medium/T800V1000_0.1_V.csv;2954;2712;positive;MKPSI;800;209;2745;[199657549, 195973097, 189869721, 193003228, 196378174, 202584655, 191801151, 196354775, 192899743, 196605053, 198525986, 185591579, 205783490, 190155042, 198800313, 185136727, 196308259, 192339594, 194113769, 193538257, 186831749, 199648969, 192499689, 190159381, 196469651, 195945991, 207562907, 197197817, 190367222, 201275010, 195138075, 193936115, 199210551, 206755068, 190573747, 199912967, 193310619, 202054238, 196841438, 188127573, 196045654, 203247480, 196392209, 205691125, 186451685, 191321280, 194603977, 190346381, 192391481, 190622289];[209, 209, 209, 209, 209, 209, 209, 209, 209, 209, 209, 209, 209, 209, 209, 209, 209, 209, 209, 209, 209, 209, 209, 209, 209, 209, 209, 209, 209, 209, 209, 209, 209, 209, 209, 209, 209, 209, 209, 209, 209, 209, 209, 209, 209, 209, 209, 209, 209, 209];[2745, 2745, 2745, 2745, 2745, 2745, 2745, 2745, 2745, 2745, 2745, 2745, 2745, 2745, 2745, 2745, 2745, 2745, 2745, 2745, 2745, 2745, 2745, 2745, 2745, 2745, 2745, 2745, 2745, 2745, 2745, 2745, 2745, 2745, 2745, 2745, 2745, 2745, 2745, 2745, 2745, 2745, 2745, 2745, 2745, 2745, 2745, 2745, 2745, 2745];[348, 344, 333, 340, 347, 355, 336, 341, 335, 344, 345, 322, 363, 328, 345, 318, 342, 339, 338, 336, 326, 353, 337, 333, 345, 338, 361, 343, 332, 352, 341, 340, 350, 363, 334, 352, 339, 356, 342, 330, 343, 354, 343, 358, 326, 335, 334, 335, 334, 334];[1, 1, 1, 1, 1, 1, 1, 1, 1, 1, 1, 1, 1, 1, 1, 1, 1, 1, 1, 1, 1, 1, 1, 1, 1, 1, 1, 1, 1, 1, 1, 1, 1, 1, 1, 1, 1, 1, 1, 1, 1, 1, 1, 1, 1, 1, 1, 1, 1, 1]
T1400V1000_0.3;1400;1000;2;0.3;experiment_data/medium/T1400V1000_0.3_T.csv;experiment_data/medium/T1400V1000_0.3_V.csv;5133;3045;positive;MKPSI;1400;1135;3998;[508111033, 520615618, 511435731, 521073276, 521657432, 537753699, 527618634, 514629394, 524393571, 511778500, 528007130, 515789726, 518821981, 531658505, 535958980, 505350742, 526265155, 513155360, 527257677, 522523974, 518409378, 524927586, 524542616, 541250019, 535688137, 526363902, 516023102, 546184888, 512808088, 515043587, 528086309, 519600685, 534394737, 516562787, 526000898, 525814223, 533351217, 534203664, 537459067, 521951708, 540014367, 532528427, 547067486, 528399634, 506112256, 507400633, 513184546, 497808915, 518854671, 495153218];[1135, 1135, 1135, 1135, 1135, 1135, 1135, 1135, 1135, 1135, 1135, 1135, 1135, 1135, 1135, 1135, 1135, 1135, 1135, 1135, 1135, 1135, 1135, 1135, 1135, 1135, 1135, 1135, 1135, 1135, 1135, 1135, 1135, 1135, 1135, 1135, 1135, 1135, 1135, 1135, 1135, 1135, 1135, 1135, 1135, 1135, 1135, 1135, 1135, 1135];[3998, 3998, 3998, 3998, 3998, 3998, 3998, 3998, 3998, 3998, 3998, 3998, 3998, 3998, 3998, 3998, 3998, 3998, 3998, 3998, 3998, 3998, 3998, 3998, 3998, 3998, 3998, 3998, 3998, 3998, 3998, 3998, 3998, 3998, 3998, 3998, 3998, 3998, 3998, 3998, 3998, 3998, 3998, 3998, 3998, 3998, 3998, 3998, 3998, 3998];[917, 937, 919, 939, 935, 968, 949, 922, 936, 918, 948, 932, 931, 946, 961, 903, 949, 920, 940, 929, 927, 941, 937, 974, 943, 940, 916, 973, 912, 914, 930, 928, 958, 930, 942, 938, 954, 958, 961, 936, 963, 953, 982, 946, 914, 943, 947, 922, 961, 921];[1, 1, 1, 1, 1, 1, 1, 1, 1, 1, 1, 1, 1, 1, 1, 1, 1, 1, 1, 1, 1, 1, 1, 1, 1, 1, 1, 1, 1, 1, 1, 1, 1, 1, 1, 1, 1, 1, 1, 1, 1, 1, 1, 1, 1, 1, 1, 1, 1, 1]
T1100V1000_0.2;1100;1000;2;0.2;experiment_data/medium/T1100V1000_0.2_T.csv;experiment_data/medium/T1100V1000_0.2_V.csv;4027;2862;positive;MKPSI;1100;586;3441;[335916814, 342639664, 343713405, 336224494, 337509442, 332628130, 350090206, 339031915, 337797262, 331308223, 334426919, 340743417, 336394372, 346000633, 326827948, 330523240, 334775267, 339829625, 336879087, 336006267, 325276958, 333745447, 339180492, 338256283, 329362646, 340518004, 337869269, 332202847, 334956195, 331151112, 336898635, 331114058, 333539542, 332851041, 339878850, 349188424, 341416802, 336009042, 342756381, 340225934, 335156540, 338919586, 332680235, 336374783, 329871205, 341106984, 324827291, 342538588, 327036129, 336251594];[586, 586, 586, 586, 586, 586, 586, 586, 586, 586, 586, 586, 586, 586, 586, 586, 586, 586, 586, 586, 586, 586, 586, 586, 586, 586, 586, 586, 586, 586, 586, 586, 586, 586, 586, 586, 586, 586, 586, 586, 586, 586, 586, 586, 586, 586, 586, 586, 586, 586];[3441, 3441, 3441, 3441, 3441, 3441, 3441, 3441, 3441, 3441, 3441, 3441, 3441, 3441, 3441, 3441, 3441, 3441, 3441, 3441, 3441, 3441, 3441, 3441, 3441, 3441, 3441, 3441, 3441, 3441, 3441, 3441, 3441, 3441, 3441, 3441, 3441, 3441, 3441, 3441, 3441, 3441, 3441, 3441, 3441, 3441, 3441, 3441, 3441, 3441];[619, 620, 623, 614, 616, 608, 635, 621, 616, 605, 610, 622, 619, 632, 593, 608, 610, 619, 615, 609, 585, 606, 618, 618, 596, 621, 616, 610, 614, 603, 619, 607, 610, 610, 619, 643, 624, 615, 632, 622, 618, 620, 605, 614, 598, 621, 592, 626, 595, 606];[1, 1, 1, 1, 1, 1, 1, 1, 1, 1, 1, 1, 1, 1, 1, 1, 1, 1, 1, 1, 1, 1, 1, 1, 1, 1, 1, 1, 1, 1, 1, 1, 1, 1, 1, 1, 1, 1, 1, 1, 1, 1, 1, 1, 1, 1, 1, 1, 1, 1]
T800V1000_0.5;800;1000;2;0.5;experiment_data/medium/T800V1000_0.5_T.csv;experiment_data/medium/T800V1000_0.5_V.csv;2927;3030;positive;MKPSI;800;1071;1856;[332839666, 323346463, 320320298, 332531429, 318186093, 319938847, 323885532, 322923835, 323829897, 323858515, 337058043, 327425805, 324433954, 319881328, 313809539, 322978298, 317191183, 319986753, 323113320, 329291417, 323734923, 321180860, 317520585, 325956671, 322500289, 331054851, 322264116, 324823477, 326544133, 338228501, 318065440, 314559225, 322301903, 325965739, 310547118, 326776899, 326450167, 326997444, 328980084, 317376362, 334570539, 325874294, 308884047, 317956305, 301615575, 317492880, 321414021, 323159180, 314505209, 323147129];[1071, 1071, 1071, 1071, 1071, 1071, 1071, 1071, 1071, 1071, 1071, 1071, 1071, 1071, 1071, 1071, 1071, 1071, 1071, 1071, 1071, 1071, 1071, 1071, 1071, 1071, 1071, 1071, 1071, 1071, 1071, 1071, 1071, 1071, 1071, 1071, 1071, 1071, 1071, 1071, 1071, 1071, 1071, 1071, 1071, 1071, 1071, 1071, 1071, 1071];[1856, 1856, 1856, 1856, 1856, 1856, 1856, 1856, 1856, 1856, 1856, 1856, 1856, 1856, 1856, 1856, 1856, 1856, 1856, 1856, 1856, 1856, 1856, 1856, 1856, 1856, 1856, 1856, 1856, 1856, 1856, 1856, 1856, 1856, 1856, 1856, 1856, 1856, 1856, 1856, 1856, 1856, 1856, 1856, 1856, 1856, 1856, 1856, 1856, 1856];[636, 617, 612, 638, 604, 608, 614, 615, 612, 618, 640, 620, 617, 609, 594, 615, 602, 610, 617, 626, 616, 614, 606, 621, 614, 629, 609, 615, 620, 642, 603, 597, 615, 621, 591, 625, 621, 622, 629, 602, 641, 625, 591, 608, 575, 608, 616, 621, 605, 621];[1, 1, 1, 1, 1, 1, 1, 1, 1, 1, 1, 1, 1, 1, 1, 1, 1, 1, 1, 1, 1, 1, 1, 1, 1, 1, 1, 1, 1, 1, 1, 1, 1, 1, 1, 1, 1, 1, 1, 1, 1, 1, 1, 1, 1, 1, 1, 1, 1, 1]
T700V1000_0.5;700;1000;2;0.5;experiment_data/medium/T700V1000_0.5_T.csv;experiment_data/medium/T700V1000_0.5_V.csv;2588;2975;positive;MKPSI;700;947;1641;[291482532, 302780218, 294422508, 301795533, 284891982, 293315891, 284871966, 280037121, 277806522, 286897308, 283352344, 283836952, 274610076, 285135871, 282872078, 287857699, 277289109, 279822221, 274703764, 284170737, 277069907, 283305119, 283297704, 280833579, 276416237, 285583999, 279427797, 290248240, 293473081, 278474079, 284221068, 279250303, 287397895, 286401788, 285532809, 288082059, 285113168, 296330711, 268861071, 286529164, 285309925, 290114878, 296930026, 283338936, 278775862, 275469059, 292998085, 282396300, 284126646, 288788011];[947, 947, 947, 947, 947, 947, 947, 947, 947, 947, 947, 947, 947, 947, 947, 947, 947, 947, 947, 947, 947, 947, 947, 947, 947, 947, 947, 947, 947, 947, 947, 947, 947, 947, 947, 947, 947, 947, 947, 947, 947, 947, 947, 947, 947, 947, 947, 947, 947, 947];[1641, 1641, 1641, 1641, 1641, 1641, 1641, 1641, 1641, 1641, 1641, 1641, 1641, 1641, 1641, 1641, 1641, 1641, 1641, 1641, 1641, 1641, 1641, 1641, 1641, 1641, 1641, 1641, 1641, 1641, 1641, 1641, 1641, 1641, 1641, 1641, 1641, 1641, 1641, 1641, 1641, 1641, 1641, 1641, 1641, 1641, 1641, 1641, 1641, 1641];[538, 558, 543, 555, 541, 563, 543, 532, 532, 546, 540, 541, 524, 550, 544, 554, 531, 536, 524, 544, 530, 544, 545, 541, 529, 548, 535, 558, 566, 534, 545, 537, 550, 552, 546, 553, 545, 571, 510, 548, 547, 556, 570, 542, 530, 528, 562, 540, 546, 553];[1, 1, 1, 1, 1, 1, 1, 1, 1, 1, 1, 1, 1, 1, 1, 1, 1, 1, 1, 1, 1, 1, 1, 1, 1, 1, 1, 1, 1, 1, 1, 1, 1, 1, 1, 1, 1, 1, 1, 1, 1, 1, 1, 1, 1, 1, 1, 1, 1, 1]
T1300V1000_0.1;1300;1000;2;0.1;experiment_data/medium/T1300V1000_0.1_T.csv;experiment_data/medium/T1300V1000_0.1_V.csv;4782;2773;positive;MKPSI;1300;341;4441;[283234705, 288340939, 277898709, 291612055, 284417736, 285682169, 280403669, 290700744, 293825836, 288817716, 285367305, 291320747, 290872294, 293244740, 283390397, 286400230, 283657580, 289166821, 279626935, 289687493, 282745590, 295797244, 298657931, 286770100, 300404601, 287625632, 284897425, 286054677, 286084016, 294532644, 276291241, 290716331, 282851707, 293504343, 285355006, 294195518, 292516446, 284332455, 278966114, 281451454, 288527381, 286638823, 294764071, 297632524, 295287818, 294552988, 300862414, 293271770, 284859236, 287409411];[341, 341, 341, 341, 341, 341, 341, 341, 341, 341, 341, 341, 341, 341, 341, 341, 341, 341, 341, 341, 341, 341, 341, 341, 341, 341, 341, 341, 341, 341, 341, 341, 341, 341, 341, 341, 341, 341, 341, 341, 341, 341, 341, 341, 341, 341, 341, 341, 341, 341];[4441, 4441, 4441, 4441, 4441, 4441, 4441, 4441, 4441, 4441, 4441, 4441, 4441, 4441, 4441, 4441, 4441, 4441, 4441, 4441, 4441, 4441, 4441, 4441, 4441, 4441, 4441, 4441, 4441, 4441, 4441, 4441, 4441, 4441, 4441, 4441, 4441, 4441, 4441, 4441, 4441, 4441, 4441, 4441, 4441, 4441, 4441, 4441, 4441, 4441];[482, 490, 471, 493, 483, 484, 474, 490, 501, 492, 482, 491, 493, 495, 484, 488, 481, 491, 475, 484, 480, 494, 499, 484, 509, 486, 478, 479, 479, 497, 459, 489, 474, 490, 480, 490, 482, 471, 469, 470, 490, 487, 502, 505, 504, 498, 505, 500, 485, 483];[1, 1, 1, 1, 1, 1, 1, 1, 1, 1, 1, 1, 1, 1, 1, 1, 1, 1, 1, 1, 1, 1, 1, 1, 1, 1, 1, 1, 1, 1, 1, 1, 1, 1, 1, 1, 1, 1, 1, 1, 1, 1, 1, 1, 1, 1, 1, 1, 1, 1]
T1000V1000_0.4;1000;1000;2;0.4;experiment_data/medium/T1000V1000_0.4_T.csv;experiment_data/medium/T1000V1000_0.4_V.csv;3696;3019;positive;MKPSI;1000;1078;2618;[386133757, 383036061, 387624642, 380137877, 398816225, 395104614, 383399494, 375132638, 381574642, 391232760, 390827395, 396604186, 381095580, 376511404, 387394285, 385151826, 382230472, 378473154, 381377720, 374129810, 364349743, 381627926, 374382735, 371643082, 362230668, 370672256, 378810834, 375429194, 389294941, 388349946, 370363584, 379196717, 367651033, 371717934, 363992875, 379363509, 374904895, 375874977, 380558243, 380907872, 377039937, 364548256, 390429887, 385174409, 376987314, 360939178, 376238545, 376087079, 368922330, 376716519];[1078, 1078, 1078, 1078, 1078, 1078, 1078, 1078, 1078, 1078, 1078, 1078, 1078, 1078, 1078, 1078, 1078, 1078, 1078, 1078, 1078, 1078, 1078, 1078, 1078, 1078, 1078, 1078, 1078, 1078, 1078, 1078, 1078, 1078, 1078, 1078, 1078, 1078, 1078, 1078, 1078, 1078, 1078, 1078, 1078, 1078, 1078, 1078, 1078, 1078];[2618, 2618, 2618, 2618, 2618, 2618, 2618, 2618, 2618, 2618, 2618, 2618, 2618, 2618, 2618, 2618, 2618, 2618, 2618, 2618, 2618, 2618, 2618, 2618, 2618, 2618, 2618, 2618, 2618, 2618, 2618, 2618, 2618, 2618, 2618, 2618, 2618, 2618, 2618, 2618, 2618, 2618, 2618, 2618, 2618, 2618, 2618, 2618, 2618, 2618];[710, 701, 709, 698, 738, 728, 706, 690, 698, 723, 715, 730, 726, 714, 741, 732, 730, 722, 725, 711, 693, 727, 713, 705, 692, 704, 721, 714, 742, 741, 703, 723, 697, 707, 693, 720, 718, 718, 721, 724, 719, 693, 746, 736, 719, 687, 718, 718, 700, 720];[1, 1, 1, 1, 1, 1, 1, 1, 1, 1, 1, 1, 1, 1, 1, 1, 1, 1, 1, 1, 1, 1, 1, 1, 1, 1, 1, 1, 1, 1, 1, 1, 1, 1, 1, 1, 1, 1, 1, 1, 1, 1, 1, 1, 1, 1, 1, 1, 1, 1]
T1100V1000_0.6;1100;1000;2;0.6;experiment_data/medium/T1100V1000_0.6_T.csv;experiment_data/medium/T1100V1000_0.6_V.csv;4062;3267;positive;MKPSI;1100;1773;2289;[415226689, 441728956, 411178568, 412624112, 463502383, 414978536, 423025391, 414314420, 410236031, 419608946, 425514247, 408721563, 418487790, 433510394, 429522923, 431426730, 413840413, 419658602, 426002532, 424975616, 419578477, 418340597, 421527129, 420362846, 426188000, 427406318, 410573082, 415161477, 428606013, 416970318, 434462416, 416761019, 415059200, 406359258, 418196400, 428311714, 427871291, 445614890, 420179229, 408462615, 418352807, 433166366, 429705394, 421016064, 419926087, 425771837, 417365445, 423076820, 420990898, 431835949];[1773, 1773, 1773, 1773, 1773, 1773, 1773, 1773, 1773, 1773, 1773, 1773, 1773, 1773, 1773, 1773, 1773, 1773, 1773, 1773, 1773, 1773, 1773, 1773, 1773, 1773, 1773, 1773, 1773, 1773, 1773, 1773, 1773, 1773, 1773, 1773, 1773, 1773, 1773, 1773, 1773, 1773, 1773, 1773, 1773, 1773, 1773, 1773, 1773, 1773];[2289, 2289, 2289, 2289, 2289, 2289, 2289, 2289, 2289, 2289, 2289, 2289, 2289, 2289, 2289, 2289, 2289, 2289, 2289, 2289, 2289, 2289, 2289, 2289, 2289, 2289, 2289, 2289, 2289, 2289, 2289, 2289, 2289, 2289, 2289, 2289, 2289, 2289, 2289, 2289, 2289, 2289, 2289, 2289, 2289, 2289, 2289, 2289, 2289, 2289];[780, 790, 765, 772, 784, 761, 788, 779, 773, 797, 802, 768, 786, 802, 808, 800, 780, 770, 785, 804, 791, 792, 785, 780, 769, 803, 773, 786, 783, 788, 808, 786, 783, 762, 783, 795, 792, 806, 785, 768, 781, 809, 793, 795, 784, 799, 784, 800, 779, 801];[1, 1, 1, 1, 1, 1, 1, 1, 1, 1, 1, 1, 1, 1, 1, 1, 1, 1, 1, 1, 1, 1, 1, 1, 1, 1, 1, 1, 1, 1, 1, 1, 1, 1, 1, 1, 1, 1, 1, 1, 1, 1, 1, 1, 1, 1, 1, 1, 1, 1]
T600V1000_0.8;600;1000;2;0.8;experiment_data/medium/T600V1000_0.8_T.csv;experiment_data/medium/T600V1000_0.8_V.csv;2199;3080;positive;MKPSI;600;1280;919;[187630614, 177990621, 180371742, 190608839, 175477990, 190108571, 188143681, 178297868, 191248109, 180786489, 183641210, 185173839, 188452766, 186016150, 186828339, 190704150, 185406816, 185727544, 184466412, 175088541, 183916133, 186143719, 190881866, 180462993, 178105770, 169064752, 183721547, 181618279, 177571529, 180589741, 189052730, 183818055, 177520559, 184498208, 181963448, 185168563, 183438502, 183129756, 181196888, 190263945, 189985541, 189191666, 190146989, 191206558, 185427538, 177420383, 191216152, 178194630, 180693366, 171041859];[1280, 1280, 1280, 1280, 1280, 1280, 1280, 1280, 1280, 1280, 1280, 1280, 1280, 1280, 1280, 1280, 1280, 1280, 1280, 1280, 1280, 1280, 1280, 1280, 1280, 1280, 1280, 1280, 1280, 1280, 1280, 1280, 1280, 1280, 1280, 1280, 1280, 1280, 1280, 1280, 1280, 1280, 1280, 1280, 1280, 1280, 1280, 1280, 1280, 1280];[919, 919, 919, 919, 919, 919, 919, 919, 919, 919, 919, 919, 919, 919, 919, 919, 919, 919, 919, 919, 919, 919, 919, 919, 919, 919, 919, 919, 919, 919, 919, 919, 919, 919, 919, 919, 919, 919, 919, 919, 919, 919, 919, 919, 919, 919, 919, 919, 919, 919];[354, 336, 343, 362, 330, 361, 355, 338, 363, 341, 346, 351, 357, 351, 354, 361, 351, 355, 348, 333, 350, 354, 364, 343, 337, 317, 349, 342, 336, 342, 361, 349, 337, 350, 345, 350, 347, 347, 344, 361, 360, 359, 361, 363, 350, 337, 362, 337, 342, 322];[1, 1, 1, 1, 1, 1, 1, 1, 1, 1, 1, 1, 1, 1, 1, 1, 1, 1, 1, 1, 1, 1, 1, 1, 1, 1, 1, 1, 1, 1, 1, 1, 1, 1, 1, 1, 1, 1, 1, 1, 1, 1, 1, 1, 1, 1, 1, 1, 1, 1]
T1300V1000_0.5;1300;1000;2;0.5;experiment_data/medium/T1300V1000_0.5_T.csv;experiment_data/medium/T1300V1000_0.5_V.csv;4807;3247;positive;MKPSI;1300;1756;3051;[535971017, 517213749, 495507630, 514173231, 502882698, 503798514, 505548008, 515880479, 508758637, 502351716, 502572045, 506798144, 494223338, 494674271, 513220048, 511550025, 517305235, 501009007, 503041758, 509031944, 506903864, 514485171, 503168298, 515761723, 513938080, 517541323, 512291490, 511766930, 512008883, 509532767, 509100761, 520373475, 522280564, 520570942, 515847167, 512311750, 521839342, 514933892, 504634749, 510176760, 519048288, 503047458, 519333106, 506473015, 502884328, 518819458, 535661069, 500286134, 509854036, 510595006];[1756, 1756, 1756, 1756, 1756, 1756, 1756, 1756, 1756, 1756, 1756, 1756, 1756, 1756, 1756, 1756, 1756, 1756, 1756, 1756, 1756, 1756, 1756, 1756, 1756, 1756, 1756, 1756, 1756, 1756, 1756, 1756, 1756, 1756, 1756, 1756, 1756, 1756, 1756, 1756, 1756, 1756, 1756, 1756, 1756, 1756, 1756, 1756, 1756, 1756];[3051, 3051, 3051, 3051, 3051, 3051, 3051, 3051, 3051, 3051, 3051, 3051, 3051, 3051, 3051, 3051, 3051, 3051, 3051, 3051, 3051, 3051, 3051, 3051, 3051, 3051, 3051, 3051, 3051, 3051, 3051, 3051, 3051, 3051, 3051, 3051, 3051, 3051, 3051, 3051, 3051, 3051, 3051, 3051, 3051, 3051, 3051, 3051, 3051, 3051];[972, 953, 937, 981, 947, 950, 949, 979, 957, 944, 932, 963, 931, 930, 965, 967, 973, 952, 951, 967, 956, 980, 954, 982, 976, 979, 974, 970, 973, 963, 967, 985, 993, 983, 980, 967, 983, 971, 953, 966, 983, 955, 986, 957, 949, 975, 1018, 945, 962, 976];[1, 1, 1, 1, 1, 1, 1, 1, 1, 1, 1, 1, 1, 1, 1, 1, 1, 1, 1, 1, 1, 1, 1, 1, 1, 1, 1, 1, 1, 1, 1, 1, 1, 1, 1, 1, 1, 1, 1, 1, 1, 1, 1, 1, 1, 1, 1, 1, 1, 1]
T900V1000_0.8;900;1000;2;0.8;experiment_data/medium/T900V1000_0.8_T.csv;experiment_data/medium/T900V1000_0.8_V.csv;3307;3300;positive;MKPSI;900;1919;1388;[282397322, 285190203, 275041218, 288600229, 280424181, 273327601, 280468159, 264498543, 290003891, 285999425, 282454877, 276884051, 292188063, 277087097, 270925734, 281202967, 262396509, 267323589, 276918975, 280438688, 282291044, 281983156, 279729075, 267618054, 274867908, 279578654, 290719836, 280488764, 267009250, 281123870, 281993153, 285038818, 259959375, 278716354, 271469258, 290131615, 270903510, 277560009, 269487314, 278146115, 282417008, 288638369, 274442921, 286479964, 279109221, 284215250, 281673797, 278936600, 274596069, 272460031];[1919, 1919, 1919, 1919, 1919, 1919, 1919, 1919, 1919, 1919, 1919, 1919, 1919, 1919, 1919, 1919, 1919, 1919, 1919, 1919, 1919, 1919, 1919, 1919, 1919, 1919, 1919, 1919, 1919, 1919, 1919, 1919, 1919, 1919, 1919, 1919, 1919, 1919, 1919, 1919, 1919, 1919, 1919, 1919, 1919, 1919, 1919, 1919, 1919, 1919];[1388, 1388, 1388, 1388, 1388, 1388, 1388, 1388, 1388, 1388, 1388, 1388, 1388, 1388, 1388, 1388, 1388, 1388, 1388, 1388, 1388, 1388, 1388, 1388, 1388, 1388, 1388, 1388, 1388, 1388, 1388, 1388, 1388, 1388, 1388, 1388, 1388, 1388, 1388, 1388, 1388, 1388, 1388, 1388, 1388, 1388, 1388, 1388, 1388, 1388];[504, 511, 490, 524, 506, 494, 507, 474, 522, 517, 509, 502, 528, 499, 490, 503, 474, 484, 505, 510, 516, 512, 510, 484, 499, 507, 533, 507, 483, 513, 515, 521, 469, 505, 491, 528, 489, 505, 489, 504, 515, 525, 499, 521, 507, 518, 513, 507, 498, 495];[1, 1, 1, 1, 1, 1, 1, 1, 1, 1, 1, 1, 1, 1, 1, 1, 1, 1, 1, 1, 1, 1, 1, 1, 1, 1, 1, 1, 1, 1, 1, 1, 1, 1, 1, 1, 1, 1, 1, 1, 1, 1, 1, 1, 1, 1, 1, 1, 1, 1]
T1400V1000_0.8;1400;1000;2;0.8;experiment_data/medium/T1400V1000_0.8_T.csv;experiment_data/medium/T1400V1000_0.8_V.csv;5115;3652;positive;MKPSI;1400;2960;2155;[417002507, 428512910, 425972009, 425436938, 418145818, 424175193, 423923465, 430696542, 416349577, 412242583, 416074638, 406169779, 431140727, 424805955, 415762016, 427030195, 401860729, 424785570, 424526081, 420391742, 425811463, 426856309, 415143328, 406960923, 419983254, 424028028, 423804428, 422360315, 412410291, 416215979, 414139179, 407627288, 421669173, 429777238, 419694773, 422999385, 417068592, 427000555, 417334612, 408778938, 415451495, 427316045, 426226670, 409587162, 428649020, 411917226, 426122378, 422701903, 425433925, 407814853];[2960, 2960, 2960, 2960, 2960, 2960, 2960, 2960, 2960, 2960, 2960, 2960, 2960, 2960, 2960, 2960, 2960, 2960, 2960, 2960, 2960, 2960, 2960, 2960, 2960, 2960, 2960, 2960, 2960, 2960, 2960, 2960, 2960, 2960, 2960, 2960, 2960, 2960, 2960, 2960, 2960, 2960, 2960, 2960, 2960, 2960, 2960, 2960, 2960, 2960];[2155, 2155, 2155, 2155, 2155, 2155, 2155, 2155, 2155, 2155, 2155, 2155, 2155, 2155, 2155, 2155, 2155, 2155, 2155, 2155, 2155, 2155, 2155, 2155, 2155, 2155, 2155, 2155, 2155, 2155, 2155, 2155, 2155, 2155, 2155, 2155, 2155, 2155, 2155, 2155, 2155, 2155, 2155, 2155, 2155, 2155, 2155, 2155, 2155, 2155];[773, 798, 785, 788, 770, 784, 783, 805, 776, 767, 777, 753, 808, 784, 774, 795, 750, 790, 787, 784, 796, 791, 774, 755, 781, 790, 798, 780, 771, 778, 765, 749, 775, 802, 783, 784, 777, 787, 776, 760, 773, 792, 786, 768, 801, 763, 794, 782, 788, 755];[1, 1, 1, 1, 1, 1, 1, 1, 1, 1, 1, 1, 1, 1, 1, 1, 1, 1, 1, 1, 1, 1, 1, 1, 1, 1, 1, 1, 1, 1, 1, 1, 1, 1, 1, 1, 1, 1, 1, 1, 1, 1, 1, 1, 1, 1, 1, 1, 1, 1]
T900V1000_0.4;900;1000;2;0.4;experiment_data/medium/T900V1000_0.4_T.csv;experiment_data/medium/T900V1000_0.4_V.csv;3299;2963;positive;MKPSI;900;960;2339;[354508557, 359434666, 353977939, 344637184, 371388786, 358441696, 351289300, 355862842, 354225367, 351469067, 347562641, 350633580, 360002987, 358937882, 356206068, 350925433, 349975036, 341845296, 356028160, 356051071, 352560498, 357965172, 353309655, 362312748, 359198639, 357507859, 356253328, 352835604, 360967724, 361078159, 372163532, 356502714, 346539257, 366296347, 360094446, 352908251, 355441796, 364687527, 359004345, 359547886, 356148636, 346907435, 362087402, 344587786, 372094614, 355132854, 349358400, 354172013, 360080513, 355447279];[960, 960, 960, 960, 960, 960, 960, 960, 960, 960, 960, 960, 960, 960, 960, 960, 960, 960, 960, 960, 960, 960, 960, 960, 960, 960, 960, 960, 960, 960, 960, 960, 960, 960, 960, 960, 960, 960, 960, 960, 960, 960, 960, 960, 960, 960, 960, 960, 960, 960];[2339, 2339, 2339, 2339, 2339, 2339, 2339, 2339, 2339, 2339, 2339, 2339, 2339, 2339, 2339, 2339, 2339, 2339, 2339, 2339, 2339, 2339, 2339, 2339, 2339, 2339, 2339, 2339, 2339, 2339, 2339, 2339, 2339, 2339, 2339, 2339, 2339, 2339, 2339, 2339, 2339, 2339, 2339, 2339, 2339, 2339, 2339, 2339, 2339, 2339];[638, 649, 640, 620, 667, 648, 632, 640, 638, 634, 626, 640, 654, 652, 642, 636, 636, 622, 648, 650, 638, 652, 643, 659, 654, 651, 647, 641, 657, 657, 679, 647, 629, 665, 655, 641, 648, 661, 649, 650, 646, 629, 660, 622, 677, 645, 635, 642, 655, 644];[1, 1, 1, 1, 1, 1, 1, 1, 1, 1, 1, 1, 1, 1, 1, 1, 1, 1, 1, 1, 1, 1, 1, 1, 1, 1, 1, 1, 1, 1, 1, 1, 1, 1, 1, 1, 1, 1, 1, 1, 1, 1, 1, 1, 1, 1, 1, 1, 1, 1]
T1200V1000_0.4;1200;1000;2;0.4;experiment_data/medium/T1200V1000_0.4_T.csv;experiment_data/medium/T1200V1000_0.4_V.csv;4380;3088;positive;MKPSI;1200;1267;3113;[454714270, 461556458, 454175432, 455665863, 473762755, 466992189, 456266263, 454260795, 465937099, 468161148, 459544324, 476309931, 469115595, 460160205, 449074888, 463421733, 461130616, 464409546, 467379789, 442606225, 465822652, 464283689, 458754533, 458920381, 467124748, 465788226, 472200568, 467408404, 451425503, 461280789, 461907439, 462989915, 461290307, 475035524, 454265998, 448135616, 467020187, 461121834, 460883266, 458712660, 448894670, 462385073, 454586872, 462551285, 469139954, 455144351, 463513132, 454560424, 452820054, 440408786];[1267, 1267, 1267, 1267, 1267, 1267, 1267, 1267, 1267, 1267, 1267, 1267, 1267, 1267, 1267, 1267, 1267, 1267, 1267, 1267, 1267, 1267, 1267, 1267, 1267, 1267, 1267, 1267, 1267, 1267, 1267, 1267, 1267, 1267, 1267, 1267, 1267, 1267, 1267, 1267, 1267, 1267, 1267, 1267, 1267, 1267, 1267, 1267, 1267, 1267];[3113, 3113, 3113, 3113, 3113, 3113, 3113, 3113, 3113, 3113, 3113, 3113, 3113, 3113, 3113, 3113, 3113, 3113, 3113, 3113, 3113, 3113, 3113, 3113, 3113, 3113, 3113, 3113, 3113, 3113, 3113, 3113, 3113, 3113, 3113, 3113, 3113, 3113, 3113, 3113, 3113, 3113, 3113, 3113, 3113, 3113, 3113, 3113, 3113, 3113];[852, 866, 845, 852, 885, 873, 849, 852, 870, 875, 853, 890, 874, 858, 830, 864, 858, 870, 876, 831, 871, 874, 860, 859, 873, 869, 878, 872, 833, 857, 862, 852, 852, 881, 844, 840, 869, 860, 856, 854, 844, 867, 849, 861, 875, 852, 859, 847, 839, 819];[1, 1, 1, 1, 1, 1, 1, 1, 1, 1, 1, 1, 1, 1, 1, 1, 1, 1, 1, 1, 1, 1, 1, 1, 1, 1, 1, 1, 1, 1, 1, 1, 1, 1, 1, 1, 1, 1, 1, 1, 1, 1, 1, 1, 1, 1, 1, 1, 1, 1]
T600V1000_0.9;600;1000;2;0.9;experiment_data/medium/T600V1000_0.9_T.csv;experiment_data/medium/T600V1000_0.9_V.csv;2211;3161;positive;MKPSI;600;1446;765;[132596489, 130493043, 142349848, 133712832, 139530343, 137779095, 133715992, 140588549, 140926129, 138552502, 141470541, 135409465, 132084607, 134120809, 142067882, 136257163, 136283870, 137006219, 135091521, 137711916, 135295788, 136081299, 142095558, 139301051, 129457722, 137694099, 137923570, 137284748, 137132910, 134403543, 131484513, 129316213, 132026689, 141958567, 128587311, 130486980, 135046210, 132205459, 136687838, 141357068, 139104607, 132083541, 130037818, 124301198, 137266284, 133996555, 135250208, 136032157, 139982715, 136042970];[1446, 1446, 1446, 1446, 1446, 1446, 1446, 1446, 1446, 1446, 1446, 1446, 1446, 1446, 1446, 1446, 1446, 1446, 1446, 1446, 1446, 1446, 1446, 1446, 1446, 1446, 1446, 1446, 1446, 1446, 1446, 1446, 1446, 1446, 1446, 1446, 1446, 1446, 1446, 1446, 1446, 1446, 1446, 1446, 1446, 1446, 1446, 1446, 1446, 1446];[765, 765, 765, 765, 765, 765, 765, 765, 765, 765, 765, 765, 765, 765, 765, 765, 765, 765, 765, 765, 765, 765, 765, 765, 765, 765, 765, 765, 765, 765, 765, 765, 765, 765, 765, 765, 765, 765, 765, 765, 765, 765, 765, 765, 765, 765, 765, 765, 765, 765];[242, 237, 260, 244, 254, 250, 243, 257, 256, 254, 259, 247, 241, 244, 260, 248, 249, 251, 246, 253, 247, 249, 261, 255, 236, 253, 252, 250, 249, 244, 238, 233, 239, 260, 232, 236, 246, 240, 249, 259, 254, 240, 234, 224, 250, 243, 246, 248, 255, 248];[1, 1, 1, 1, 1, 1, 1, 1, 1, 1, 1, 1, 1, 1, 1, 1, 1, 1, 1, 1, 1, 1, 1, 1, 1, 1, 1, 1, 1, 1, 1, 1, 1, 1, 1, 1, 1, 1, 1, 1, 1, 1, 1, 1, 1, 1, 1, 1, 1, 1]
T800V1000_0.6;800;1000;2;0.6;experiment_data/medium/T800V1000_0.6_T.csv;experiment_data/medium/T800V1000_0.6_V.csv;2936;3068;positive;MKPSI;800;1279;1657;[315253036, 317323464, 326267782, 319347249, 310007919, 322971543, 320990411, 310867202, 322134490, 306975371, 313436731, 325284327, 307411387, 319563300, 315370424, 315871277, 309230304, 314109438, 306661195, 313368066, 315131963, 318937007, 307546394, 314359275, 309800473, 301270844, 300797930, 314501912, 316289095, 319848772, 312501627, 308811056, 313324343, 321891914, 327710697, 307274797, 314544382, 311248513, 313057793, 311937228, 317574124, 321498986, 317309883, 306234318, 313041322, 301689441, 307575732, 311592412, 312522180, 314331281];[1279, 1279, 1279, 1279, 1279, 1279, 1279, 1279, 1279, 1279, 1279, 1279, 1279, 1279, 1279, 1279, 1279, 1279, 1279, 1279, 1279, 1279, 1279, 1279, 1279, 1279, 1279, 1279, 1279, 1279, 1279, 1279, 1279, 1279, 1279, 1279, 1279, 1279, 1279, 1279, 1279, 1279, 1279, 1279, 1279, 1279, 1279, 1279, 1279, 1279];[1657, 1657, 1657, 1657, 1657, 1657, 1657, 1657, 1657, 1657, 1657, 1657, 1657, 1657, 1657, 1657, 1657, 1657, 1657, 1657, 1657, 1657, 1657, 1657, 1657, 1657, 1657, 1657, 1657, 1657, 1657, 1657, 1657, 1657, 1657, 1657, 1657, 1657, 1657, 1657, 1657, 1657, 1657, 1657, 1657, 1657, 1657, 1657, 1657, 1657];[601, 604, 626, 608, 596, 617, 616, 592, 615, 583, 596, 627, 592, 615, 601, 603, 588, 599, 584, 596, 598, 609, 584, 598, 589, 573, 571, 600, 604, 611, 594, 589, 597, 617, 630, 587, 603, 594, 599, 596, 606, 617, 607, 584, 603, 580, 593, 600, 603, 602];[1, 1, 1, 1, 1, 1, 1, 1, 1, 1, 1, 1, 1, 1, 1, 1, 1, 1, 1, 1, 1, 1, 1, 1, 1, 1, 1, 1, 1, 1, 1, 1, 1, 1, 1, 1, 1, 1, 1, 1, 1, 1, 1, 1, 1, 1, 1, 1, 1, 1]
T900V1000_0.9;900;1000;2;0.9;experiment_data/medium/T900V1000_0.9_T.csv;experiment_data/medium/T900V1000_0.9_V.csv;3293;3395;positive;MKPSI;900;2154;1139;[198512771, 206702573, 204358720, 205225670, 200959009, 197379567, 197009892, 199817941, 204880374, 190808339, 199985863, 204663975, 206204342, 214554533, 209935241, 213540814, 198370319, 210924242, 202243342, 202475663, 207248093, 199148481, 203882578, 205641088, 201471681, 207536128, 195181516, 198280015, 201032990, 206286384, 200481327, 197038183, 209447128, 201160543, 195665484, 195089273, 197847655, 198258157, 207221722, 201068483, 199548181, 202603136, 202676615, 199870453, 207778744, 200251787, 191583582, 198558025, 207396792, 200984987];[2154, 2154, 2154, 2154, 2154, 2154, 2154, 2154, 2154, 2154, 2154, 2154, 2154, 2154, 2154, 2154, 2154, 2154, 2154, 2154, 2154, 2154, 2154, 2154, 2154, 2154, 2154, 2154, 2154, 2154, 2154, 2154, 2154, 2154, 2154, 2154, 2154, 2154, 2154, 2154, 2154, 2154, 2154, 2154, 2154, 2154, 2154, 2154, 2154, 2154];[1139, 1139, 1139, 1139, 1139, 1139, 1139, 1139, 1139, 1139, 1139, 1139, 1139, 1139, 1139, 1139, 1139, 1139, 1139, 1139, 1139, 1139, 1139, 1139, 1139, 1139, 1139, 1139, 1139, 1139, 1139, 1139, 1139, 1139, 1139, 1139, 1139, 1139, 1139, 1139, 1139, 1139, 1139, 1139, 1139, 1139, 1139, 1139, 1139, 1139];[348, 365, 360, 363, 353, 345, 345, 351, 361, 329, 351, 359, 362, 378, 369, 378, 343, 372, 358, 360, 369, 353, 363, 367, 356, 367, 344, 350, 355, 366, 355, 348, 372, 357, 345, 344, 348, 351, 367, 357, 352, 358, 358, 353, 368, 355, 335, 350, 366, 355];[1, 1, 1, 1, 1, 1, 1, 1, 1, 1, 1, 1, 1, 1, 1, 1, 1, 1, 1, 1, 1, 1, 1, 1, 1, 1, 1, 1, 1, 1, 1, 1, 1, 1, 1, 1, 1, 1, 1, 1, 1, 1, 1, 1, 1, 1, 1, 1, 1, 1]
T900V1000_1.0;900;1000;2;1.0;experiment_data/medium/T900V1000_1.0_T.csv;experiment_data/medium/T900V1000_1.0_V.csv;3317;3469;positive;MKPSI;900;2415;902;[9135414, 9051373, 9055044, 8994712, 9016822, 9059783, 9045163, 9010392, 9007243, 9032803, 8964612, 9004873, 9041863, 10519860, 8960952, 8998593, 9052453, 9008142, 8976913, 9061443, 9058314, 9001233, 9039413, 9019833, 9005573, 9003283, 9109944, 9330596, 8998643, 9038733, 8952792, 9030333, 10653721, 9020063, 9016843, 9109725, 9017253, 9146305, 8998052, 9001663, 9000063, 9020402, 9019674, 9009023, 9032593, 9071904, 9041274, 8994992, 9063013, 9051954];[2415, 2415, 2415, 2415, 2415, 2415, 2415, 2415, 2415, 2415, 2415, 2415, 2415, 2415, 2415, 2415, 2415, 2415, 2415, 2415, 2415, 2415, 2415, 2415, 2415, 2415, 2415, 2415, 2415, 2415, 2415, 2415, 2415, 2415, 2415, 2415, 2415, 2415, 2415, 2415, 2415, 2415, 2415, 2415, 2415, 2415, 2415, 2415, 2415, 2415];[902, 902, 902, 902, 902, 902, 902, 902, 902, 902, 902, 902, 902, 902, 902, 902, 902, 902, 902, 902, 902, 902, 902, 902, 902, 902, 902, 902, 902, 902, 902, 902, 902, 902, 902, 902, 902, 902, 902, 902, 902, 902, 902, 902, 902, 902, 902, 902, 902, 902];[1, 1, 1, 1, 1, 1, 1, 1, 1, 1, 1, 1, 1, 1, 1, 1, 1, 1, 1, 1, 1, 1, 1, 1, 1, 1, 1, 1, 1, 1, 1, 1, 1, 1, 1, 1, 1, 1, 1, 1, 1, 1, 1, 1, 1, 1, 1, 1, 1, 1];[1, 1, 1, 1, 1, 1, 1, 1, 1, 1, 1, 1, 1, 1, 1, 1, 1, 1, 1, 1, 1, 1, 1, 1, 1, 1, 1, 1, 1, 1, 1, 1, 1, 1, 1, 1, 1, 1, 1, 1, 1, 1, 1, 1, 1, 1, 1, 1, 1, 1]
T1100V1000_0.3;1100;1000;2;0.3;experiment_data/medium/T1100V1000_0.3_T.csv;experiment_data/medium/T1100V1000_0.3_V.csv;4029;2960;positive;MKPSI;1100;883;3146;[381228554, 391873373, 379057571, 386650914, 390198199, 386785321, 393161519, 373500094, 380262113, 390877230, 383952949, 393778044, 386009673, 385749616, 390521592, 383619076, 390537873, 394404146, 376659510, 390056657, 389614938, 376462085, 389308801, 388682238, 395577077, 373766680, 399897477, 396107832, 392541756, 385192225, 376996971, 390946299, 387458840, 379589515, 400155341, 380805432, 383884368, 384939896, 389687506, 381587002, 394028418, 382542558, 380391153, 377889857, 395129245, 395739152, 381997577, 394798956, 395780037, 390647854];[883, 883, 883, 883, 883, 883, 883, 883, 883, 883, 883, 883, 883, 883, 883, 883, 883, 883, 883, 883, 883, 883, 883, 883, 883, 883, 883, 883, 883, 883, 883, 883, 883, 883, 883, 883, 883, 883, 883, 883, 883, 883, 883, 883, 883, 883, 883, 883, 883, 883];[3146, 3146, 3146, 3146, 3146, 3146, 3146, 3146, 3146, 3146, 3146, 3146, 3146, 3146, 3146, 3146, 3146, 3146, 3146, 3146, 3146, 3146, 3146, 3146, 3146, 3146, 3146, 3146, 3146, 3146, 3146, 3146, 3146, 3146, 3146, 3146, 3146, 3146, 3146, 3146, 3146, 3146, 3146, 3146, 3146, 3146, 3146, 3146, 3146, 3146];[714, 737, 704, 725, 731, 726, 738, 699, 709, 731, 719, 733, 716, 715, 731, 723, 731, 737, 703, 735, 732, 706, 729, 729, 741, 701, 750, 740, 732, 719, 703, 732, 726, 710, 744, 708, 720, 722, 733, 715, 733, 718, 710, 702, 742, 737, 715, 735, 739, 729];[1, 1, 1, 1, 1, 1, 1, 1, 1, 1, 1, 1, 1, 1, 1, 1, 1, 1, 1, 1, 1, 1, 1, 1, 1, 1, 1, 1, 1, 1, 1, 1, 1, 1, 1, 1, 1, 1, 1, 1, 1, 1, 1, 1, 1, 1, 1, 1, 1, 1]
T1000V1000_0.0;1000;1000;2;0.0;experiment_data/medium/T1000V1000_0.0_T.csv;experiment_data/medium/T1000V1000_0.0_V.csv;3672;2694;positive;MKPSI;1000;0;3672;[11450011, 9908573, 10009025, 10582211, 10065796, 9817302, 9800912, 9863192, 9785782, 13041239, 9828552, 9838602, 9794922, 9819802, 9768001, 9811651, 9854513, 9772762, 9850404, 9798511, 9715391, 9840741, 9696761, 9753172, 9798862, 11325419, 9780922, 9915553, 9825262, 9860313, 9819212, 9848403, 9830912, 11284259, 9847793, 9822053, 9774802, 9862962, 10405589, 10545681, 9838662, 9795942, 11265389, 9924523, 9739022, 9828992, 9735602, 9882683, 9825082, 9839322];[0, 0, 0, 0, 0, 0, 0, 0, 0, 0, 0, 0, 0, 0, 0, 0, 0, 0, 0, 0, 0, 0, 0, 0, 0, 0, 0, 0, 0, 0, 0, 0, 0, 0, 0, 0, 0, 0, 0, 0, 0, 0, 0, 0, 0, 0, 0, 0, 0, 0];[3672, 3672, 3672, 3672, 3672, 3672, 3672, 3672, 3672, 3672, 3672, 3672, 3672, 3672, 3672, 3672, 3672, 3672, 3672, 3672, 3672, 3672, 3672, 3672, 3672, 3672, 3672, 3672, 3672, 3672, 3672, 3672, 3672, 3672, 3672, 3672, 3672, 3672, 3672, 3672, 3672, 3672, 3672, 3672, 3672, 3672, 3672, 3672, 3672, 3672];[1, 1, 1, 1, 1, 1, 1, 1, 1, 1, 1, 1, 1, 1, 1, 1, 1, 1, 1, 1, 1, 1, 1, 1, 1, 1, 1, 1, 1, 1, 1, 1, 1, 1, 1, 1, 1, 1, 1, 1, 1, 1, 1, 1, 1, 1, 1, 1, 1, 1];[1, 1, 1, 1, 1, 1, 1, 1, 1, 1, 1, 1, 1, 1, 1, 1, 1, 1, 1, 1, 1, 1, 1, 1, 1, 1, 1, 1, 1, 1, 1, 1, 1, 1, 1, 1, 1, 1, 1, 1, 1, 1, 1, 1, 1, 1, 1, 1, 1, 1]
T1000V1000_0.5;1000;1000;2;0.5;experiment_data/medium/T1000V1000_0.5_T.csv;experiment_data/medium/T1000V1000_0.5_V.csv;3623;3118;positive;MKPSI;1000;1318;2305;[386131680, 381491824, 381040548, 382179948, 389513778, 382877908, 373668542, 383151850, 377133589, 373178975, 377484463, 383020293, 380880241, 382498036, 394062253, 385032214, 387373097, 374215945, 374614249, 394931344, 388060069, 386783646, 396690405, 385499879, 393451593, 376716863, 385830877, 392085898, 381064083, 375035476, 386752630, 385742269, 381172438, 382726936, 389634005, 393392459, 373437029, 394697063, 382739204, 381526100, 388398210, 383756240, 371442594, 384540524, 376618649, 374398084, 385597235, 380404966, 384100131, 381220864];[1318, 1318, 1318, 1318, 1318, 1318, 1318, 1318, 1318, 1318, 1318, 1318, 1318, 1318, 1318, 1318, 1318, 1318, 1318, 1318, 1318, 1318, 1318, 1318, 1318, 1318, 1318, 1318, 1318, 1318, 1318, 1318, 1318, 1318, 1318, 1318, 1318, 1318, 1318, 1318, 1318, 1318, 1318, 1318, 1318, 1318, 1318, 1318, 1318, 1318];[2305, 2305, 2305, 2305, 2305, 2305, 2305, 2305, 2305, 2305, 2305, 2305, 2305, 2305, 2305, 2305, 2305, 2305, 2305, 2305, 2305, 2305, 2305, 2305, 2305, 2305, 2305, 2305, 2305, 2305, 2305, 2305, 2305, 2305, 2305, 2305, 2305, 2305, 2305, 2305, 2305, 2305, 2305, 2305, 2305, 2305, 2305, 2305, 2305, 2305];[734, 726, 731, 730, 747, 731, 712, 736, 717, 715, 725, 736, 734, 739, 757, 740, 741, 718, 720, 758, 745, 740, 755, 742, 752, 723, 738, 753, 725, 719, 741, 739, 731, 736, 746, 755, 713, 760, 734, 737, 751, 743, 715, 748, 727, 724, 744, 738, 741, 738];[1, 1, 1, 1, 1, 1, 1, 1, 1, 1, 1, 1, 1, 1, 1, 1, 1, 1, 1, 1, 1, 1, 1, 1, 1, 1, 1, 1, 1, 1, 1, 1, 1, 1, 1, 1, 1, 1, 1, 1, 1, 1, 1, 1, 1, 1, 1, 1, 1, 1]
T1100V1000_0.7;1100;1000;2;0.7;experiment_data/medium/T1100V1000_0.7_T.csv;experiment_data/medium/T1100V1000_0.7_V.csv;4006;3330;positive;MKPSI;1100;2032;1974;[445008112, 440830924, 373610097, 433559278, 390840675, 385173555, 387639885, 399849021, 409769900, 387258400, 394609272, 373650127, 387178939, 419263081, 426629676, 385649807, 396468385, 395089593, 379491903, 378048007, 388928389, 429254115, 386944073, 381142513, 400310829, 388803398, 392863138, 376242467, 443192656, 398536033, 383440151, 391437235, 415693213, 443169184, 379588221, 401875294, 380160060, 388260921, 399080209, 379896299, 396968955, 379590366, 387584460, 392752131, 387852595, 374425244, 384010556, 402857315, 404653314, 395059301];[2032, 2032, 2032, 2032, 2032, 2032, 2032, 2032, 2032, 2032, 2032, 2032, 2032, 2032, 2032, 2032, 2032, 2032, 2032, 2032, 2032, 2032, 2032, 2032, 2032, 2032, 2032, 2032, 2032, 2032, 2032, 2032, 2032, 2032, 2032, 2032, 2032, 2032, 2032, 2032, 2032, 2032, 2032, 2032, 2032, 2032, 2032, 2032, 2032, 2032];[1974, 1974, 1974, 1974, 1974, 1974, 1974, 1974, 1974, 1974, 1974, 1974, 1974, 1974, 1974, 1974, 1974, 1974, 1974, 1974, 1974, 1974, 1974, 1974, 1974, 1974, 1974, 1974, 1974, 1974, 1974, 1974, 1974, 1974, 1974, 1974, 1974, 1974, 1974, 1974, 1974, 1974, 1974, 1974, 1974, 1974, 1974, 1974, 1974, 1974];[728, 716, 699, 740, 735, 721, 726, 739, 713, 727, 741, 708, 725, 741, 737, 719, 734, 741, 710, 709, 705, 748, 733, 712, 733, 733, 737, 704, 720, 751, 723, 724, 735, 722, 715, 751, 717, 733, 741, 727, 743, 718, 737, 734, 715, 706, 728, 743, 744, 711];[1, 1, 1, 1, 1, 1, 1, 1, 1, 1, 1, 1, 1, 1, 1, 1, 1, 1, 1, 1, 1, 1, 1, 1, 1, 1, 1, 1, 1, 1, 1, 1, 1, 1, 1, 1, 1, 1, 1, 1, 1, 1, 1, 1, 1, 1, 1, 1, 1, 1]
T1400V1000_0.9;1400;1000;2;0.9;experiment_data/medium/T1400V1000_0.9_T.csv;experiment_data/medium/T1400V1000_0.9_V.csv;5005;3754;positive;MKPSI;1400;3236;1769;[324529185, 310383149, 315455287, 325878670, 322102530, 310819245, 313132035, 309774074, 314566573, 318364535, 317027076, 313624490, 317987600, 324296077, 318795939, 326081415, 322113726, 313893324, 305824722, 322277884, 314381023, 321174825, 307825739, 322991971, 313492505, 309695247, 304967741, 317920876, 322315735, 324591498, 324354459, 323566202, 327786316, 315569181, 322686552, 317827242, 308988514, 315096509, 317197065, 319069072, 300629641, 314268068, 323738829, 303900087, 318834608, 327240927, 320716641, 320414090, 320167139, 314959504];[3236, 3236, 3236, 3236, 3236, 3236, 3236, 3236, 3236, 3236, 3236, 3236, 3236, 3236, 3236, 3236, 3236, 3236, 3236, 3236, 3236, 3236, 3236, 3236, 3236, 3236, 3236, 3236, 3236, 3236, 3236, 3236, 3236, 3236, 3236, 3236, 3236, 3236, 3236, 3236, 3236, 3236, 3236, 3236, 3236, 3236, 3236, 3236, 3236, 3236];[1769, 1769, 1769, 1769, 1769, 1769, 1769, 1769, 1769, 1769, 1769, 1769, 1769, 1769, 1769, 1769, 1769, 1769, 1769, 1769, 1769, 1769, 1769, 1769, 1769, 1769, 1769, 1769, 1769, 1769, 1769, 1769, 1769, 1769, 1769, 1769, 1769, 1769, 1769, 1769, 1769, 1769, 1769, 1769, 1769, 1769, 1769, 1769, 1769, 1769];[578, 554, 566, 583, 584, 557, 563, 557, 561, 573, 571, 566, 579, 582, 581, 592, 586, 565, 552, 582, 564, 583, 552, 578, 563, 555, 548, 570, 582, 586, 583, 584, 587, 570, 581, 571, 556, 567, 570, 578, 537, 562, 580, 546, 572, 593, 577, 569, 572, 566];[1, 1, 1, 1, 1, 1, 1, 1, 1, 1, 1, 1, 1, 1, 1, 1, 1, 1, 1, 1, 1, 1, 1, 1, 1, 1, 1, 1, 1, 1, 1, 1, 1, 1, 1, 1, 1, 1, 1, 1, 1, 1, 1, 1, 1, 1, 1, 1, 1, 1]
T1300V1000_0.2;1300;1000;2;0.2;experiment_data/medium/T1300V1000_0.2_T.csv;experiment_data/medium/T1300V1000_0.2_V.csv;4786;2900;positive;MKPSI;1300;713;4073;[424955080, 432039905, 436955628, 430170196, 404791233, 422662077, 417148587, 427870103, 435029897, 422690072, 426394543, 399477436, 412491938, 417403443, 437017044, 421632068, 425258460, 417434671, 415229599, 419181702, 423745306, 420110994, 426689943, 430204748, 412372543, 416083622, 424682352, 436415973, 417166401, 427746204, 426839524, 416877770, 424401608, 426551547, 431098514, 420400608, 432742768, 422381518, 423029326, 418335670, 412261942, 432783209, 425536012, 412729629, 423224959, 439554470, 425215943, 436482834, 408130375, 435209014];[713, 713, 713, 713, 713, 713, 713, 713, 713, 713, 713, 713, 713, 713, 713, 713, 713, 713, 713, 713, 713, 713, 713, 713, 713, 713, 713, 713, 713, 713, 713, 713, 713, 713, 713, 713, 713, 713, 713, 713, 713, 713, 713, 713, 713, 713, 713, 713, 713, 713];[4073, 4073, 4073, 4073, 4073, 4073, 4073, 4073, 4073, 4073, 4073, 4073, 4073, 4073, 4073, 4073, 4073, 4073, 4073, 4073, 4073, 4073, 4073, 4073, 4073, 4073, 4073, 4073, 4073, 4073, 4073, 4073, 4073, 4073, 4073, 4073, 4073, 4073, 4073, 4073, 4073, 4073, 4073, 4073, 4073, 4073, 4073, 4073, 4073, 4073];[748, 766, 766, 761, 710, 737, 725, 755, 758, 739, 751, 700, 730, 735, 772, 743, 752, 734, 730, 739, 744, 739, 751, 759, 723, 726, 746, 765, 730, 749, 746, 729, 743, 751, 754, 740, 764, 739, 742, 730, 719, 757, 747, 723, 744, 772, 743, 763, 712, 760];[1, 1, 1, 1, 1, 1, 1, 1, 1, 1, 1, 1, 1, 1, 1, 1, 1, 1, 1, 1, 1, 1, 1, 1, 1, 1, 1, 1, 1, 1, 1, 1, 1, 1, 1, 1, 1, 1, 1, 1, 1, 1, 1, 1, 1, 1, 1, 1, 1, 1]
T1400V1000_1.0;1400;1000;2;1.0;experiment_data/medium/T1400V1000_1.0_T.csv;experiment_data/medium/T1400V1000_1.0_V.csv;4864;3825;positive;MKPSI;1400;3462;1402;[16301616, 19989800, 15943292, 15438798, 15930183, 16520219, 15889803, 16386468, 15686430, 16115024, 15954514, 15949613, 15893462, 15902962, 15834571, 15686440, 16068094, 17903396, 17339129, 16177785, 15682949, 15788751, 16254597, 19469002, 15987053, 15937963, 16040234, 15565758, 15901682, 15970543, 16992855, 19071168, 15672030, 16651411, 16841734, 15991183, 16200885, 15902551, 16012613, 15885673, 17681353, 17875064, 16029634, 15902952, 15518888, 15926613, 16017073, 16178696, 16046804, 15674409];[3462, 3462, 3462, 3462, 3462, 3462, 3462, 3462, 3462, 3462, 3462, 3462, 3462, 3462, 3462, 3462, 3462, 3462, 3462, 3462, 3462, 3462, 3462, 3462, 3462, 3462, 3462, 3462, 3462, 3462, 3462, 3462, 3462, 3462, 3462, 3462, 3462, 3462, 3462, 3462, 3462, 3462, 3462, 3462, 3462, 3462, 3462, 3462, 3462, 3462];[1402, 1402, 1402, 1402, 1402, 1402, 1402, 1402, 1402, 1402, 1402, 1402, 1402, 1402, 1402, 1402, 1402, 1402, 1402, 1402, 1402, 1402, 1402, 1402, 1402, 1402, 1402, 1402, 1402, 1402, 1402, 1402, 1402, 1402, 1402, 1402, 1402, 1402, 1402, 1402, 1402, 1402, 1402, 1402, 1402, 1402, 1402, 1402, 1402, 1402];[1, 1, 1, 1, 1, 1, 1, 1, 1, 1, 1, 1, 1, 1, 1, 1, 1, 1, 1, 1, 1, 1, 1, 1, 1, 1, 1, 1, 1, 1, 1, 1, 1, 1, 1, 1, 1, 1, 1, 1, 1, 1, 1, 1, 1, 1, 1, 1, 1, 1];[1, 1, 1, 1, 1, 1, 1, 1, 1, 1, 1, 1, 1, 1, 1, 1, 1, 1, 1, 1, 1, 1, 1, 1, 1, 1, 1, 1, 1, 1, 1, 1, 1, 1, 1, 1, 1, 1, 1, 1, 1, 1, 1, 1, 1, 1, 1, 1, 1, 1]
T1400V1000_0.4;1400;1000;2;0.4;experiment_data/medium/T1400V1000_0.4_T.csv;experiment_data/medium/T1400V1000_0.4_V.csv;5135;3181;positive;MKPSI;1400;1495;3640;[558796315, 560852800, 574869761, 589481142, 565029436, 590445112, 564644794, 593210139, 573312341, 563517065, 566484022, 553015710, 544558028, 559020215, 555283114, 563675035, 562269165, 557490367, 559396616, 560453569, 558273921, 561728494, 541006914, 552836174, 563630767, 542728922, 555069164, 546586400, 552381705, 547495908, 559070018, 557501141, 550539330, 556059252, 549439640, 539714286, 564820086, 549083642, 565935485, 547934584, 558158109, 565055141, 538344518, 554359723, 545452435, 558106808, 532817657, 561260794, 559120854, 549471119];[1495, 1495, 1495, 1495, 1495, 1495, 1495, 1495, 1495, 1495, 1495, 1495, 1495, 1495, 1495, 1495, 1495, 1495, 1495, 1495, 1495, 1495, 1495, 1495, 1495, 1495, 1495, 1495, 1495, 1495, 1495, 1495, 1495, 1495, 1495, 1495, 1495, 1495, 1495, 1495, 1495, 1495, 1495, 1495, 1495, 1495, 1495, 1495, 1495, 1495];[3640, 3640, 3640, 3640, 3640, 3640, 3640, 3640, 3640, 3640, 3640, 3640, 3640, 3640, 3640, 3640, 3640, 3640, 3640, 3640, 3640, 3640, 3640, 3640, 3640, 3640, 3640, 3640, 3640, 3640, 3640, 3640, 3640, 3640, 3640, 3640, 3640, 3640, 3640, 3640, 3640, 3640, 3640, 3640, 3640, 3640, 3640, 3640, 3640, 3640];[1009, 1011, 1038, 1066, 1021, 1066, 1012, 1057, 1036, 1021, 1027, 1029, 1007, 1044, 1028, 1051, 1058, 1046, 1045, 1053, 1044, 1055, 1005, 1035, 1054, 1014, 1042, 1022, 1034, 1024, 1045, 1045, 1032, 1038, 1029, 1006, 1056, 1024, 1060, 1026, 1047, 1062, 1011, 1042, 1022, 1040, 996, 1045, 1040, 1015];[1, 1, 1, 1, 1, 1, 1, 1, 1, 1, 1, 1, 1, 1, 1, 1, 1, 1, 1, 1, 1, 1, 1, 1, 1, 1, 1, 1, 1, 1, 1, 1, 1, 1, 1, 1, 1, 1, 1, 1, 1, 1, 1, 1, 1, 1, 1, 1, 1, 1]
T1500V1000_0.0;1500;1000;2;0.0;experiment_data/medium/T1500V1000_0.0_T.csv;experiment_data/medium/T1500V1000_0.0_V.csv;5539;2656;positive;MKPSI;1500;0;5539;[17268918, 17974655, 17532570, 16845793, 16899033, 16952344, 16965945, 16824443, 16910404, 17035965, 16817813, 16954904, 18252229, 18192089, 20386354, 21454815, 18732174, 19524543, 19582724, 18267289, 16226165, 18016497, 18979338, 20498755, 18310290, 17761823, 18403560, 18421031, 18756715, 19890157, 18736375, 18690863, 16276267, 18574442, 19759167, 18603443, 18570923, 18534313, 17928375, 18097777, 17735653, 18113089, 16467938, 17987626, 17934205, 18116348, 17858454, 18122197, 17964157, 15993794];[0, 0, 0, 0, 0, 0, 0, 0, 0, 0, 0, 0, 0, 0, 0, 0, 0, 0, 0, 0, 0, 0, 0, 0, 0, 0, 0, 0, 0, 0, 0, 0, 0, 0, 0, 0, 0, 0, 0, 0, 0, 0, 0, 0, 0, 0, 0, 0, 0, 0];[5539, 5539, 5539, 5539, 5539, 5539, 5539, 5539, 5539, 5539, 5539, 5539, 5539, 5539, 5539, 5539, 5539, 5539, 5539, 5539, 5539, 5539, 5539, 5539, 5539, 5539, 5539, 5539, 5539, 5539, 5539, 5539, 5539, 5539, 5539, 5539, 5539, 5539, 5539, 5539, 5539, 5539, 5539, 5539, 5539, 5539, 5539, 5539, 5539, 5539];[1, 1, 1, 1, 1, 1, 1, 1, 1, 1, 1, 1, 1, 1, 1, 1, 1, 1, 1, 1, 1, 1, 1, 1, 1, 1, 1, 1, 1, 1, 1, 1, 1, 1, 1, 1, 1, 1, 1, 1, 1, 1, 1, 1, 1, 1, 1, 1, 1, 1];[1, 1, 1, 1, 1, 1, 1, 1, 1, 1, 1, 1, 1, 1, 1, 1, 1, 1, 1, 1, 1, 1, 1, 1, 1, 1, 1, 1, 1, 1, 1, 1, 1, 1, 1, 1, 1, 1, 1, 1, 1, 1, 1, 1, 1, 1, 1, 1, 1, 1]
T1300V1000_0.6;1300;1000;2;0.6;experiment_data/medium/T1300V1000_0.6_T.csv;experiment_data/medium/T1300V1000_0.6_V.csv;4792;3344;positive;MKPSI;1300;2086;2706;[531622990, 521866274, 521054237, 506100046, 529826452, 526148205, 520695989, 502308591, 515035275, 503925936, 518070876, 508335974, 512805515, 520349532, 508022322, 502526095, 511559660, 513572497, 507777158, 510686544, 519706561, 504525663, 520975383, 518299163, 511430970, 507859304, 503004003, 492866150, 496789816, 497218830, 506367735, 499948881, 488498567, 492356228, 502575677, 494601957, 492124594, 500344724, 511993775, 490999905, 491087533, 491465808, 494519459, 496818034, 506254338, 497009413, 483372582, 495090448, 474356404, 491589963];[2086, 2086, 2086, 2086, 2086, 2086, 2086, 2086, 2086, 2086, 2086, 2086, 2086, 2086, 2086, 2086, 2086, 2086, 2086, 2086, 2086, 2086, 2086, 2086, 2086, 2086, 2086, 2086, 2086, 2086, 2086, 2086, 2086, 2086, 2086, 2086, 2086, 2086, 2086, 2086, 2086, 2086, 2086, 2086, 2086, 2086, 2086, 2086, 2086, 2086];[2706, 2706, 2706, 2706, 2706, 2706, 2706, 2706, 2706, 2706, 2706, 2706, 2706, 2706, 2706, 2706, 2706, 2706, 2706, 2706, 2706, 2706, 2706, 2706, 2706, 2706, 2706, 2706, 2706, 2706, 2706, 2706, 2706, 2706, 2706, 2706, 2706, 2706, 2706, 2706, 2706, 2706, 2706, 2706, 2706, 2706, 2706, 2706, 2706, 2706];[967, 943, 947, 923, 951, 955, 946, 911, 936, 919, 944, 923, 931, 948, 926, 912, 931, 935, 927, 927, 943, 921, 948, 949, 932, 928, 948, 930, 938, 942, 963, 941, 922, 932, 950, 935, 930, 949, 971, 925, 922, 924, 923, 930, 959, 944, 922, 940, 901, 933];[1, 1, 1, 1, 1, 1, 1, 1, 1, 1, 1, 1, 1, 1, 1, 1, 1, 1, 1, 1, 1, 1, 1, 1, 1, 1, 1, 1, 1, 1, 1, 1, 1, 1, 1, 1, 1, 1, 1, 1, 1, 1, 1, 1, 1, 1, 1, 1, 1, 1]
T800V1000_0.7;800;1000;2;0.7;experiment_data/medium/T800V1000_0.7_T.csv;experiment_data/medium/T800V1000_0.7_V.csv;2931;3156;positive;MKPSI;800;1486;1445;[286005564, 288120403, 286788553, 289346027, 290213617, 291676112, 302177378, 294214099, 301204609, 288712356, 287806696, 306616719, 306131073, 297673826, 292809584, 283539382, 295033760, 295737750, 294387611, 290309064, 296694474, 306143317, 301290365, 294684038, 285721260, 296458269, 293639243, 291687692, 292952491, 297530037, 286054729, 294328611, 305025429, 294584905, 297738240, 283379581, 299603367, 282947107, 297576516, 293182183, 294331053, 291163795, 291394071, 308285891, 301545611, 295201077, 300572972, 301442155, 292491442, 296815554];[1486, 1486, 1486, 1486, 1486, 1486, 1486, 1486, 1486, 1486, 1486, 1486, 1486, 1486, 1486, 1486, 1486, 1486, 1486, 1486, 1486, 1486, 1486, 1486, 1486, 1486, 1486, 1486, 1486, 1486, 1486, 1486, 1486, 1486, 1486, 1486, 1486, 1486, 1486, 1486, 1486, 1486, 1486, 1486, 1486, 1486, 1486, 1486, 1486, 1486];[1445, 1445, 1445, 1445, 1445, 1445, 1445, 1445, 1445, 1445, 1445, 1445, 1445, 1445, 1445, 1445, 1445, 1445, 1445, 1445, 1445, 1445, 1445, 1445, 1445, 1445, 1445, 1445, 1445, 1445, 1445, 1445, 1445, 1445, 1445, 1445, 1445, 1445, 1445, 1445, 1445, 1445, 1445, 1445, 1445, 1445, 1445, 1445, 1445, 1445];[547, 554, 549, 554, 554, 559, 582, 566, 579, 552, 551, 593, 590, 572, 563, 544, 569, 567, 570, 559, 570, 589, 580, 566, 546, 566, 559, 554, 557, 566, 546, 562, 580, 558, 569, 539, 573, 539, 569, 559, 564, 556, 556, 587, 574, 562, 574, 575, 556, 563];[1, 1, 1, 1, 1, 1, 1, 1, 1, 1, 1, 1, 1, 1, 1, 1, 1, 1, 1, 1, 1, 1, 1, 1, 1, 1, 1, 1, 1, 1, 1, 1, 1, 1, 1, 1, 1, 1, 1, 1, 1, 1, 1, 1, 1, 1, 1, 1, 1, 1]
T1200V1000_0.5;1200;1000;2;0.5;experiment_data/medium/T1200V1000_0.5_T.csv;experiment_data/medium/T1200V1000_0.5_V.csv;4410;3202;positive;MKPSI;1200;1620;2790;[471298097, 490575657, 474171934, 474107560, 465834108, 482121745, 479657989, 472442654, 464869539, 476940555, 465668492, 471258961, 461784553, 469019083, 461402382, 458007577, 466008758, 462269408, 457902693, 460173797, 469952573, 471267140, 449784111, 486230879, 469638655, 465952653, 470857642, 462054533, 478210390, 475271631, 459778628, 475131475, 474116764, 464420697, 481803516, 471332788, 480986837, 481744626, 457605304, 467152065, 469202716, 471789279, 473926545, 477351872, 471971289, 447317334, 468861038, 467897106, 469515927, 464768325];[1620, 1620, 1620, 1620, 1620, 1620, 1620, 1620, 1620, 1620, 1620, 1620, 1620, 1620, 1620, 1620, 1620, 1620, 1620, 1620, 1620, 1620, 1620, 1620, 1620, 1620, 1620, 1620, 1620, 1620, 1620, 1620, 1620, 1620, 1620, 1620, 1620, 1620, 1620, 1620, 1620, 1620, 1620, 1620, 1620, 1620, 1620, 1620, 1620, 1620];[2790, 2790, 2790, 2790, 2790, 2790, 2790, 2790, 2790, 2790, 2790, 2790, 2790, 2790, 2790, 2790, 2790, 2790, 2790, 2790, 2790, 2790, 2790, 2790, 2790, 2790, 2790, 2790, 2790, 2790, 2790, 2790, 2790, 2790, 2790, 2790, 2790, 2790, 2790, 2790, 2790, 2790, 2790, 2790, 2790, 2790, 2790, 2790, 2790, 2790];[891, 921, 889, 896, 870, 910, 906, 888, 877, 900, 875, 887, 871, 888, 882, 867, 882, 874, 867, 871, 894, 896, 854, 916, 881, 876, 884, 867, 900, 894, 861, 899, 898, 878, 909, 890, 908, 909, 863, 883, 886, 892, 891, 902, 898, 850, 881, 892, 888, 882];[1, 1, 1, 1, 1, 1, 1, 1, 1, 1, 1, 1, 1, 1, 1, 1, 1, 1, 1, 1, 1, 1, 1, 1, 1, 1, 1, 1, 1, 1, 1, 1, 1, 1, 1, 1, 1, 1, 1, 1, 1, 1, 1, 1, 1, 1, 1, 1, 1, 1]
T1100V1000_0.8;1100;1000;2;0.8;experiment_data/medium/T1100V1000_0.8_T.csv;experiment_data/medium/T1100V1000_0.8_V.csv;4035;3445;positive;MKPSI;1100;2353;1682;[330474348, 352920336, 357189704, 326483080, 354883188, 320483578, 368459069, 334347901, 332028605, 351700986, 332281935, 319876814, 320156239, 325997375, 327769426, 332616978, 317987911, 336933206, 325039418, 341946813, 316456167, 327960722, 323973071, 319020717, 321407715, 313354982, 330895698, 327176531, 336394071, 339720216, 338051071, 328193163, 331929405, 319717796, 324791071, 312352743, 330950754, 316278500, 330164722, 355815204, 319470114, 313644913, 326754303, 321552744, 311849524, 323557391, 320206937, 327591506, 321197919, 336638525];[2353, 2353, 2353, 2353, 2353, 2353, 2353, 2353, 2353, 2353, 2353, 2353, 2353, 2353, 2353, 2353, 2353, 2353, 2353, 2353, 2353, 2353, 2353, 2353, 2353, 2353, 2353, 2353, 2353, 2353, 2353, 2353, 2353, 2353, 2353, 2353, 2353, 2353, 2353, 2353, 2353, 2353, 2353, 2353, 2353, 2353, 2353, 2353, 2353, 2353];[1682, 1682, 1682, 1682, 1682, 1682, 1682, 1682, 1682, 1682, 1682, 1682, 1682, 1682, 1682, 1682, 1682, 1682, 1682, 1682, 1682, 1682, 1682, 1682, 1682, 1682, 1682, 1682, 1682, 1682, 1682, 1682, 1682, 1682, 1682, 1682, 1682, 1682, 1682, 1682, 1682, 1682, 1682, 1682, 1682, 1682, 1682, 1682, 1682, 1682];[614, 635, 611, 601, 621, 589, 621, 622, 611, 596, 594, 572, 585, 597, 609, 615, 590, 591, 601, 610, 587, 606, 602, 594, 594, 576, 594, 590, 609, 599, 600, 588, 611, 596, 603, 564, 613, 572, 604, 630, 589, 581, 574, 597, 571, 599, 592, 603, 595, 588];[1, 1, 1, 1, 1, 1, 1, 1, 1, 1, 1, 1, 1, 1, 1, 1, 1, 1, 1, 1, 1, 1, 1, 1, 1, 1, 1, 1, 1, 1, 1, 1, 1, 1, 1, 1, 1, 1, 1, 1, 1, 1, 1, 1, 1, 1, 1, 1, 1, 1]
T1000V1000_0.6;1000;1000;2;0.6;experiment_data/medium/T1000V1000_0.6_T.csv;experiment_data/medium/T1000V1000_0.6_V.csv;3677;3169;positive;MKPSI;1000;1600;2077;[385192899, 383901617, 373716324, 385194287, 387817777, 385540057, 369075027, 390710328, 395388560, 379197733, 383512289, 383329674, 375637948, 384099905, 378019480, 383481576, 391090914, 384087687, 387780963, 389184595, 388959069, 385782923, 370323350, 381364390, 374147934, 379672374, 387934401, 370881365, 381514537, 384187122, 376699565, 397532230, 390108218, 390824554, 383907164, 384863545, 386793367, 374837376, 394299658, 378430942, 381984956, 374821971, 385607573, 364287162, 376189874, 380625259, 388327121, 386537064, 395964360, 374866844];[1600, 1600, 1600, 1600, 1600, 1600, 1600, 1600, 1600, 1600, 1600, 1600, 1600, 1600, 1600, 1600, 1600, 1600, 1600, 1600, 1600, 1600, 1600, 1600, 1600, 1600, 1600, 1600, 1600, 1600, 1600, 1600, 1600, 1600, 1600, 1600, 1600, 1600, 1600, 1600, 1600, 1600, 1600, 1600, 1600, 1600, 1600, 1600, 1600, 1600];[2077, 2077, 2077, 2077, 2077, 2077, 2077, 2077, 2077, 2077, 2077, 2077, 2077, 2077, 2077, 2077, 2077, 2077, 2077, 2077, 2077, 2077, 2077, 2077, 2077, 2077, 2077, 2077, 2077, 2077, 2077, 2077, 2077, 2077, 2077, 2077, 2077, 2077, 2077, 2077, 2077, 2077, 2077, 2077, 2077, 2077, 2077, 2077, 2077, 2077];[715, 702, 685, 710, 718, 713, 682, 719, 728, 702, 708, 708, 699, 710, 697, 714, 724, 712, 716, 720, 722, 717, 684, 704, 694, 703, 717, 685, 705, 712, 697, 738, 720, 722, 707, 711, 717, 694, 730, 699, 710, 693, 719, 672, 696, 701, 716, 715, 734, 691];[1, 1, 1, 1, 1, 1, 1, 1, 1, 1, 1, 1, 1, 1, 1, 1, 1, 1, 1, 1, 1, 1, 1, 1, 1, 1, 1, 1, 1, 1, 1, 1, 1, 1, 1, 1, 1, 1, 1, 1, 1, 1, 1, 1, 1, 1, 1, 1, 1, 1]
T800V1000_0.8;800;1000;2;0.8;experiment_data/medium/T800V1000_0.8_T.csv;experiment_data/medium/T800V1000_0.8_V.csv;2959;3274;positive;MKPSI;800;1730;1229;[234748764, 242442202, 244105333, 223068331, 222851817, 232798339, 238473581, 231936342, 229171994, 228049791, 231221409, 240677464, 241853640, 228596970, 244425350, 239706073, 231307930, 229034924, 224087502, 240383180, 231577690, 225732873, 237198376, 238529350, 231314199, 222906277, 236341686, 239044612, 239356252, 229848441, 233810599, 232839191, 237640475, 236432033, 240601338, 231053358, 242805293, 235858156, 229111748, 240903227, 237547088, 233678566, 228408476, 245872916, 237851169, 236701303, 233766112, 244459602, 227154059, 236187263];[1730, 1730, 1730, 1730, 1730, 1730, 1730, 1730, 1730, 1730, 1730, 1730, 1730, 1730, 1730, 1730, 1730, 1730, 1730, 1730, 1730, 1730, 1730, 1730, 1730, 1730, 1730, 1730, 1730, 1730, 1730, 1730, 1730, 1730, 1730, 1730, 1730, 1730, 1730, 1730, 1730, 1730, 1730, 1730, 1730, 1730, 1730, 1730, 1730, 1730];[1229, 1229, 1229, 1229, 1229, 1229, 1229, 1229, 1229, 1229, 1229, 1229, 1229, 1229, 1229, 1229, 1229, 1229, 1229, 1229, 1229, 1229, 1229, 1229, 1229, 1229, 1229, 1229, 1229, 1229, 1229, 1229, 1229, 1229, 1229, 1229, 1229, 1229, 1229, 1229, 1229, 1229, 1229, 1229, 1229, 1229, 1229, 1229, 1229, 1229];[444, 461, 465, 423, 420, 443, 456, 440, 434, 432, 438, 456, 460, 433, 466, 455, 438, 433, 423, 455, 440, 427, 451, 451, 437, 419, 447, 454, 454, 434, 443, 441, 451, 448, 455, 438, 461, 446, 432, 455, 449, 438, 428, 465, 449, 443, 441, 465, 429, 448];[1, 1, 1, 1, 1, 1, 1, 1, 1, 1, 1, 1, 1, 1, 1, 1, 1, 1, 1, 1, 1, 1, 1, 1, 1, 1, 1, 1, 1, 1, 1, 1, 1, 1, 1, 1, 1, 1, 1, 1, 1, 1, 1, 1, 1, 1, 1, 1, 1, 1]
T1500V1000_0.1;1500;1000;2;0.1;experiment_data/medium/T1500V1000_0.1_T.csv;experiment_data/medium/T1500V1000_0.1_V.csv;5524;2813;positive;MKPSI;1500;413;5111;[315341687, 318040889, 323088738, 325362929, 321338021, 314553408, 334801081, 317216857, 319087000, 320915344, 328483996, 326631448, 322158268, 325012814, 319481938, 313259496, 316134196, 308961162, 310188821, 311309649, 312278393, 313722872, 333807286, 305517378, 324028428, 316501345, 317453542, 325116710, 321270979, 325252372, 329735628, 325930001, 333836424, 325842496, 320001975, 321877160, 325505543, 320788318, 320196816, 324634245, 315534784, 325678680, 311851913, 321370694, 304439377, 324277550, 328951348, 311485966, 331586077, 316049101];[413, 413, 413, 413, 413, 413, 413, 413, 413, 413, 413, 413, 413, 413, 413, 413, 413, 413, 413, 413, 413, 413, 413, 413, 413, 413, 413, 413, 413, 413, 413, 413, 413, 413, 413, 413, 413, 413, 413, 413, 413, 413, 413, 413, 413, 413, 413, 413, 413, 413];[5111, 5111, 5111, 5111, 5111, 5111, 5111, 5111, 5111, 5111, 5111, 5111, 5111, 5111, 5111, 5111, 5111, 5111, 5111, 5111, 5111, 5111, 5111, 5111, 5111, 5111, 5111, 5111, 5111, 5111, 5111, 5111, 5111, 5111, 5111, 5111, 5111, 5111, 5111, 5111, 5111, 5111, 5111, 5111, 5111, 5111, 5111, 5111, 5111, 5111];[555, 556, 571, 573, 563, 558, 590, 553, 563, 560, 568, 567, 559, 571, 556, 552, 546, 542, 538, 546, 546, 552, 586, 535, 569, 558, 560, 573, 566, 568, 578, 575, 588, 572, 560, 567, 567, 558, 559, 573, 548, 578, 543, 566, 528, 564, 577, 546, 584, 553];[1, 1, 1, 1, 1, 1, 1, 1, 1, 1, 1, 1, 1, 1, 1, 1, 1, 1, 1, 1, 1, 1, 1, 1, 1, 1, 1, 1, 1, 1, 1, 1, 1, 1, 1, 1, 1, 1, 1, 1, 1, 1, 1, 1, 1, 1, 1, 1, 1, 1]
T1100V1000_0.9;1100;1000;2;0.9;experiment_data/medium/T1100V1000_0.9_T.csv;experiment_data/medium/T1100V1000_0.9_V.csv;4056;3558;positive;MKPSI;1100;2658;1398;[241583349, 236879908, 229955592, 228971456, 227540868, 213425813, 229412620, 235272148, 227984507, 217387912, 229109706, 228213143, 222626417, 224310267, 221147411, 234473614, 249103717, 251444364, 224037197, 235103442, 232442262, 218400308, 217430410, 233826728, 229346100, 227633968, 214687645, 228314690, 237767626, 229632453, 233424315, 225701229, 233382900, 226760744, 218001903, 224038669, 229954429, 225222872, 234724687, 229886566, 233002845, 241297115, 233293673, 230991809, 232936553, 222989475, 233786593, 234065424, 218780825, 230631546];[2658, 2658, 2658, 2658, 2658, 2658, 2658, 2658, 2658, 2658, 2658, 2658, 2658, 2658, 2658, 2658, 2658, 2658, 2658, 2658, 2658, 2658, 2658, 2658, 2658, 2658, 2658, 2658, 2658, 2658, 2658, 2658, 2658, 2658, 2658, 2658, 2658, 2658, 2658, 2658, 2658, 2658, 2658, 2658, 2658, 2658, 2658, 2658, 2658, 2658];[1398, 1398, 1398, 1398, 1398, 1398, 1398, 1398, 1398, 1398, 1398, 1398, 1398, 1398, 1398, 1398, 1398, 1398, 1398, 1398, 1398, 1398, 1398, 1398, 1398, 1398, 1398, 1398, 1398, 1398, 1398, 1398, 1398, 1398, 1398, 1398, 1398, 1398, 1398, 1398, 1398, 1398, 1398, 1398, 1398, 1398, 1398, 1398, 1398, 1398];[413, 418, 409, 408, 406, 382, 401, 416, 405, 386, 407, 387, 389, 379, 389, 412, 408, 407, 400, 417, 405, 394, 384, 420, 405, 406, 380, 408, 425, 409, 421, 402, 399, 412, 392, 404, 408, 392, 407, 409, 416, 419, 421, 419, 421, 400, 421, 419, 392, 415];[1, 1, 1, 1, 1, 1, 1, 1, 1, 1, 1, 1, 1, 1, 1, 1, 1, 1, 1, 1, 1, 1, 1, 1, 1, 1, 1, 1, 1, 1, 1, 1, 1, 1, 1, 1, 1, 1, 1, 1, 1, 1, 1, 1, 1, 1, 1, 1, 1, 1]
T1100V1000_1.0;1100;1000;2;1.0;experiment_data/medium/T1100V1000_1.0_T.csv;experiment_data/medium/T1100V1000_1.0_V.csv;4042;3630;positive;MKPSI;1100;2940;1102;[11802335, 11872896, 11913726, 11880016, 11804915, 11736494, 11866296, 11798674, 11793414, 11795254, 11717734, 11680054, 11679163, 11715673, 11577233, 12646504, 12889378, 13792858, 12579804, 11729015, 11705983, 11770214, 14397923, 11749945, 11626762, 11859466, 11760675, 11639443, 11852125, 15013491, 11596582, 12486152, 11453180, 12211458, 11651093, 11762534, 11689853, 11721054, 11602013, 11953416, 11762774, 11608352, 11890315, 11752354, 11672173, 11674153, 11706993, 11643892, 11776914, 11711494];[2940, 2940, 2940, 2940, 2940, 2940, 2940, 2940, 2940, 2940, 2940, 2940, 2940, 2940, 2940, 2940, 2940, 2940, 2940, 2940, 2940, 2940, 2940, 2940, 2940, 2940, 2940, 2940, 2940, 2940, 2940, 2940, 2940, 2940, 2940, 2940, 2940, 2940, 2940, 2940, 2940, 2940, 2940, 2940, 2940, 2940, 2940, 2940, 2940, 2940];[1102, 1102, 1102, 1102, 1102, 1102, 1102, 1102, 1102, 1102, 1102, 1102, 1102, 1102, 1102, 1102, 1102, 1102, 1102, 1102, 1102, 1102, 1102, 1102, 1102, 1102, 1102, 1102, 1102, 1102, 1102, 1102, 1102, 1102, 1102, 1102, 1102, 1102, 1102, 1102, 1102, 1102, 1102, 1102, 1102, 1102, 1102, 1102, 1102, 1102];[1, 1, 1, 1, 1, 1, 1, 1, 1, 1, 1, 1, 1, 1, 1, 1, 1, 1, 1, 1, 1, 1, 1, 1, 1, 1, 1, 1, 1, 1, 1, 1, 1, 1, 1, 1, 1, 1, 1, 1, 1, 1, 1, 1, 1, 1, 1, 1, 1, 1];[1, 1, 1, 1, 1, 1, 1, 1, 1, 1, 1, 1, 1, 1, 1, 1, 1, 1, 1, 1, 1, 1, 1, 1, 1, 1, 1, 1, 1, 1, 1, 1, 1, 1, 1, 1, 1, 1, 1, 1, 1, 1, 1, 1, 1, 1, 1, 1, 1, 1]
T1300V1000_0.7;1300;1000;2;0.7;experiment_data/medium/T1300V1000_0.7_T.csv;experiment_data/medium/T1300V1000_0.7_V.csv;4793;3484;positive;MKPSI;1300;2445;2348;[472492985, 469120965, 479335383, 481999778, 473809198, 469520856, 482098788, 478627678, 476696003, 463016942, 469831640, 475014145, 469677003, 456112821, 475860867, 471251389, 463814760, 469735566, 468473985, 481446337, 494734479, 467568585, 484283563, 459637916, 458957757, 454950816, 457682375, 458689065, 451070779, 453246673, 461803720, 445915284, 467154415, 451475271, 449293695, 453072889, 457988043, 462076760, 456270325, 459605102, 461736803, 450557641, 444260656, 464190225, 461593400, 451579737, 447093223, 455272326, 452568919, 442105561];[2445, 2445, 2445, 2445, 2445, 2445, 2445, 2445, 2445, 2445, 2445, 2445, 2445, 2445, 2445, 2445, 2445, 2445, 2445, 2445, 2445, 2445, 2445, 2445, 2445, 2445, 2445, 2445, 2445, 2445, 2445, 2445, 2445, 2445, 2445, 2445, 2445, 2445, 2445, 2445, 2445, 2445, 2445, 2445, 2445, 2445, 2445, 2445, 2445, 2445];[2348, 2348, 2348, 2348, 2348, 2348, 2348, 2348, 2348, 2348, 2348, 2348, 2348, 2348, 2348, 2348, 2348, 2348, 2348, 2348, 2348, 2348, 2348, 2348, 2348, 2348, 2348, 2348, 2348, 2348, 2348, 2348, 2348, 2348, 2348, 2348, 2348, 2348, 2348, 2348, 2348, 2348, 2348, 2348, 2348, 2348, 2348, 2348, 2348, 2348];[853, 847, 878, 874, 858, 852, 877, 870, 864, 839, 850, 863, 850, 832, 863, 864, 843, 863, 861, 878, 903, 845, 883, 862, 864, 851, 855, 854, 842, 851, 871, 842, 895, 848, 849, 855, 863, 864, 860, 864, 872, 851, 837, 881, 866, 846, 847, 860, 861, 837];[1, 1, 1, 1, 1, 1, 1, 1, 1, 1, 1, 1, 1, 1, 1, 1, 1, 1, 1, 1, 1, 1, 1, 1, 1, 1, 1, 1, 1, 1, 1, 1, 1, 1, 1, 1, 1, 1, 1, 1, 1, 1, 1, 1, 1, 1, 1, 1, 1, 1]
T1400V1000_0.5;1400;1000;2;0.5;experiment_data/medium/T1400V1000_0.5_T.csv;experiment_data/medium/T1400V1000_0.5_V.csv;5125;3293;positive;MKPSI;1400;1849;3276;[569141481, 569554302, 573106456, 569377211, 555821748, 572454040, 554564175, 565073468, 552320319, 553073596, 552385825, 539514662, 556473961, 569092992, 552115552, 558545999, 561416219, 563308247, 557798770, 532310475, 532232039, 561357101, 563449973, 544679394, 530024338, 543041331, 565199761, 547784497, 560805996, 560759399, 567871848, 565432089, 555113350, 560533649, 546724622, 557591720, 555611279, 560231364, 550235067, 532328240, 544983892, 549958884, 560073027, 565808667, 556305126, 570250709, 556745075, 534441655, 538434490, 559283161];[1849, 1849, 1849, 1849, 1849, 1849, 1849, 1849, 1849, 1849, 1849, 1849, 1849, 1849, 1849, 1849, 1849, 1849, 1849, 1849, 1849, 1849, 1849, 1849, 1849, 1849, 1849, 1849, 1849, 1849, 1849, 1849, 1849, 1849, 1849, 1849, 1849, 1849, 1849, 1849, 1849, 1849, 1849, 1849, 1849, 1849, 1849, 1849, 1849, 1849];[3276, 3276, 3276, 3276, 3276, 3276, 3276, 3276, 3276, 3276, 3276, 3276, 3276, 3276, 3276, 3276, 3276, 3276, 3276, 3276, 3276, 3276, 3276, 3276, 3276, 3276, 3276, 3276, 3276, 3276, 3276, 3276, 3276, 3276, 3276, 3276, 3276, 3276, 3276, 3276, 3276, 3276, 3276, 3276, 3276, 3276, 3276, 3276, 3276, 3276];[1031, 1042, 1043, 1040, 1013, 1042, 1018, 1059, 1044, 1043, 1046, 1018, 1057, 1080, 1051, 1061, 1060, 1068, 1056, 1004, 1007, 1062, 1073, 1027, 1003, 1028, 1074, 1033, 1065, 1058, 1069, 1055, 1044, 1058, 1037, 1046, 1052, 1064, 1037, 1003, 1030, 1038, 1058, 1070, 1056, 1080, 1050, 1008, 1021, 1051];[1, 1, 1, 1, 1, 1, 1, 1, 1, 1, 1, 1, 1, 1, 1, 1, 1, 1, 1, 1, 1, 1, 1, 1, 1, 1, 1, 1, 1, 1, 1, 1, 1, 1, 1, 1, 1, 1, 1, 1, 1, 1, 1, 1, 1, 1, 1, 1, 1, 1]
T1200V1000_0.6;1200;1000;2;0.6;experiment_data/medium/T1200V1000_0.6_T.csv;experiment_data/medium/T1200V1000_0.6_V.csv;4415;3293;positive;MKPSI;1200;1940;2475;[455064054, 450704411, 441448410, 456101201, 460072103, 460844714, 455065428, 439613729, 458615635, 465370323, 448279526, 444352188, 450308984, 461519998, 452258166, 448136537, 454673793, 464729858, 438342452, 440244912, 461364624, 456586287, 448657512, 446571069, 435086410, 450092313, 445556059, 456252857, 455163053, 459487540, 449946946, 463059214, 453793712, 449010265, 440967263, 443657028, 454951941, 426549626, 464779589, 447445238, 449718309, 448254058, 449413864, 463802643, 462948371, 441718011, 456651007, 466849340, 462628329, 435603257];[1940, 1940, 1940, 1940, 1940, 1940, 1940, 1940, 1940, 1940, 1940, 1940, 1940, 1940, 1940, 1940, 1940, 1940, 1940, 1940, 1940, 1940, 1940, 1940, 1940, 1940, 1940, 1940, 1940, 1940, 1940, 1940, 1940, 1940, 1940, 1940, 1940, 1940, 1940, 1940, 1940, 1940, 1940, 1940, 1940, 1940, 1940, 1940, 1940, 1940];[2475, 2475, 2475, 2475, 2475, 2475, 2475, 2475, 2475, 2475, 2475, 2475, 2475, 2475, 2475, 2475, 2475, 2475, 2475, 2475, 2475, 2475, 2475, 2475, 2475, 2475, 2475, 2475, 2475, 2475, 2475, 2475, 2475, 2475, 2475, 2475, 2475, 2475, 2475, 2475, 2475, 2475, 2475, 2475, 2475, 2475, 2475, 2475, 2475, 2475];[861, 854, 836, 866, 867, 885, 861, 833, 870, 877, 849, 844, 856, 878, 858, 850, 862, 884, 837, 832, 878, 863, 849, 849, 821, 855, 845, 864, 863, 871, 859, 886, 869, 849, 836, 839, 864, 809, 889, 862, 859, 857, 858, 888, 889, 846, 875, 899, 885, 832];[1, 1, 1, 1, 1, 1, 1, 1, 1, 1, 1, 1, 1, 1, 1, 1, 1, 1, 1, 1, 1, 1, 1, 1, 1, 1, 1, 1, 1, 1, 1, 1, 1, 1, 1, 1, 1, 1, 1, 1, 1, 1, 1, 1, 1, 1, 1, 1, 1, 1]
T1000V1000_0.7;1000;1000;2;0.7;experiment_data/medium/T1000V1000_0.7_T.csv;experiment_data/medium/T1000V1000_0.7_V.csv;3690;3301;positive;MKPSI;1000;1884;1806;[351178336, 349782945, 353967443, 349060758, 346671867, 363096422, 357886254, 338268505, 344525291, 352467062, 366225904, 355897828, 357134139, 356363290, 360708415, 361686446, 344336172, 373685478, 349707859, 349521757, 342131923, 345996874, 344913284, 342428076, 356614486, 353618326, 362213619, 357572480, 354397110, 353114943, 362098867, 342305629, 349459811, 353088480, 351607777, 346347781, 353199496, 348712805, 345492736, 343792226, 344378209, 348176303, 343079916, 355582031, 353652754, 340938151, 346348102, 354899163, 355310806, 349702866];[1884, 1884, 1884, 1884, 1884, 1884, 1884, 1884, 1884, 1884, 1884, 1884, 1884, 1884, 1884, 1884, 1884, 1884, 1884, 1884, 1884, 1884, 1884, 1884, 1884, 1884, 1884, 1884, 1884, 1884, 1884, 1884, 1884, 1884, 1884, 1884, 1884, 1884, 1884, 1884, 1884, 1884, 1884, 1884, 1884, 1884, 1884, 1884, 1884, 1884];[1806, 1806, 1806, 1806, 1806, 1806, 1806, 1806, 1806, 1806, 1806, 1806, 1806, 1806, 1806, 1806, 1806, 1806, 1806, 1806, 1806, 1806, 1806, 1806, 1806, 1806, 1806, 1806, 1806, 1806, 1806, 1806, 1806, 1806, 1806, 1806, 1806, 1806, 1806, 1806, 1806, 1806, 1806, 1806, 1806, 1806, 1806, 1806, 1806, 1806];[653, 648, 657, 643, 643, 671, 665, 624, 635, 650, 679, 659, 662, 659, 666, 668, 636, 692, 648, 645, 628, 636, 634, 632, 661, 652, 668, 659, 652, 648, 667, 636, 649, 653, 654, 643, 659, 644, 643, 638, 641, 649, 632, 662, 660, 633, 642, 661, 663, 653];[1, 1, 1, 1, 1, 1, 1, 1, 1, 1, 1, 1, 1, 1, 1, 1, 1, 1, 1, 1, 1, 1, 1, 1, 1, 1, 1, 1, 1, 1, 1, 1, 1, 1, 1, 1, 1, 1, 1, 1, 1, 1, 1, 1, 1, 1, 1, 1, 1, 1]
T1500V1000_0.2;1500;1000;2;0.2;experiment_data/medium/T1500V1000_0.2_T.csv;experiment_data/medium/T1500V1000_0.2_V.csv;5483;2896;positive;MKPSI;1500;783;4700;[448260479, 461184637, 448972215, 459240947, 456166816, 459141285, 465230066, 452453272, 453326281, 437925783, 454640096, 443719211, 455583930, 453744373, 439196802, 450369735, 451798322, 454519437, 455765976, 473192956, 455068645, 468005078, 446040615, 436172577, 433741761, 439659161, 450863614, 437918394, 466376118, 445907774, 443764987, 449298671, 446201912, 445229805, 451952332, 451673727, 457254143, 446072739, 454313458, 446687537, 434902508, 453574889, 446215363, 449183290, 451919248, 455646907, 445441191, 442790465, 441179231, 424860289];[783, 783, 783, 783, 783, 783, 783, 783, 783, 783, 783, 783, 783, 783, 783, 783, 783, 783, 783, 783, 783, 783, 783, 783, 783, 783, 783, 783, 783, 783, 783, 783, 783, 783, 783, 783, 783, 783, 783, 783, 783, 783, 783, 783, 783, 783, 783, 783, 783, 783];[4700, 4700, 4700, 4700, 4700, 4700, 4700, 4700, 4700, 4700, 4700, 4700, 4700, 4700, 4700, 4700, 4700, 4700, 4700, 4700, 4700, 4700, 4700, 4700, 4700, 4700, 4700, 4700, 4700, 4700, 4700, 4700, 4700, 4700, 4700, 4700, 4700, 4700, 4700, 4700, 4700, 4700, 4700, 4700, 4700, 4700, 4700, 4700, 4700, 4700];[821, 844, 826, 841, 836, 844, 855, 830, 832, 805, 830, 809, 836, 833, 800, 826, 829, 834, 838, 869, 835, 851, 822, 805, 801, 815, 837, 812, 859, 831, 814, 833, 826, 827, 837, 838, 849, 828, 841, 828, 805, 839, 826, 831, 837, 847, 821, 822, 814, 786];[1, 1, 1, 1, 1, 1, 1, 1, 1, 1, 1, 1, 1, 1, 1, 1, 1, 1, 1, 1, 1, 1, 1, 1, 1, 1, 1, 1, 1, 1, 1, 1, 1, 1, 1, 1, 1, 1, 1, 1, 1, 1, 1, 1, 1, 1, 1, 1, 1, 1]
T1300V1000_0.8;1300;1000;2;0.8;experiment_data/medium/T1300V1000_0.8_T.csv;experiment_data/medium/T1300V1000_0.8_V.csv;4800;3596;positive;MKPSI;1300;2798;2002;[404778528, 398888322, 403023083, 394758148, 389124861, 393888022, 400127673, 391019466, 405712633, 404847268, 404621892, 396094533, 400818638, 398306747, 393462446, 386972042, 398259565, 395280298, 396157099, 388895513, 396805233, 392500970, 390434918, 384485705, 400273662, 377562253, 400794165, 391851311, 381482331, 390810520, 374494843, 383813531, 385437974, 388565913, 392539435, 384949662, 383337781, 383496123, 381891523, 388642297, 386459177, 397088817, 376211388, 387844421, 380263447, 387178708, 377277390, 381436157, 392993513, 376516414];[2798, 2798, 2798, 2798, 2798, 2798, 2798, 2798, 2798, 2798, 2798, 2798, 2798, 2798, 2798, 2798, 2798, 2798, 2798, 2798, 2798, 2798, 2798, 2798, 2798, 2798, 2798, 2798, 2798, 2798, 2798, 2798, 2798, 2798, 2798, 2798, 2798, 2798, 2798, 2798, 2798, 2798, 2798, 2798, 2798, 2798, 2798, 2798, 2798, 2798];[2002, 2002, 2002, 2002, 2002, 2002, 2002, 2002, 2002, 2002, 2002, 2002, 2002, 2002, 2002, 2002, 2002, 2002, 2002, 2002, 2002, 2002, 2002, 2002, 2002, 2002, 2002, 2002, 2002, 2002, 2002, 2002, 2002, 2002, 2002, 2002, 2002, 2002, 2002, 2002, 2002, 2002, 2002, 2002, 2002, 2002, 2002, 2002, 2002, 2002];[737, 720, 735, 719, 707, 717, 728, 714, 740, 747, 740, 721, 733, 737, 725, 711, 731, 721, 727, 713, 733, 724, 714, 709, 730, 701, 762, 743, 720, 749, 713, 727, 726, 727, 743, 726, 725, 723, 722, 739, 734, 761, 712, 738, 727, 736, 720, 721, 745, 711];[1, 1, 1, 1, 1, 1, 1, 1, 1, 1, 1, 1, 1, 1, 1, 1, 1, 1, 1, 1, 1, 1, 1, 1, 1, 1, 1, 1, 1, 1, 1, 1, 1, 1, 1, 1, 1, 1, 1, 1, 1, 1, 1, 1, 1, 1, 1, 1, 1, 1]
T1300V1000_0.9;1300;1000;2;0.9;experiment_data/medium/T1300V1000_0.9_T.csv;experiment_data/medium/T1300V1000_0.9_V.csv;4696;3670;positive;MKPSI;1300;3050;1646;[282741270, 275055277, 272059780, 266394307, 278452388, 282696093, 287421396, 275315999, 280596096, 278784614, 276164878, 282357398, 276429241, 275062928, 275518634, 289577480, 277004124, 278740812, 280505016, 278761182, 267509620, 274002726, 288283795, 283190886, 286458213, 281364623, 269624735, 284395441, 279006250, 286213472, 280435061, 275809285, 286380361, 276330973, 283787723, 276993300, 274398056, 269618438, 274241469, 275724966, 264549614, 288538493, 278726258, 275914315, 266626359, 269906891, 268645148, 272125944, 286212854, 273288740];[3050, 3050, 3050, 3050, 3050, 3050, 3050, 3050, 3050, 3050, 3050, 3050, 3050, 3050, 3050, 3050, 3050, 3050, 3050, 3050, 3050, 3050, 3050, 3050, 3050, 3050, 3050, 3050, 3050, 3050, 3050, 3050, 3050, 3050, 3050, 3050, 3050, 3050, 3050, 3050, 3050, 3050, 3050, 3050, 3050, 3050, 3050, 3050, 3050, 3050];[1646, 1646, 1646, 1646, 1646, 1646, 1646, 1646, 1646, 1646, 1646, 1646, 1646, 1646, 1646, 1646, 1646, 1646, 1646, 1646, 1646, 1646, 1646, 1646, 1646, 1646, 1646, 1646, 1646, 1646, 1646, 1646, 1646, 1646, 1646, 1646, 1646, 1646, 1646, 1646, 1646, 1646, 1646, 1646, 1646, 1646, 1646, 1646, 1646, 1646];[497, 484, 475, 464, 489, 496, 509, 482, 497, 490, 484, 499, 487, 485, 486, 512, 487, 491, 494, 493, 473, 485, 506, 502, 506, 496, 473, 502, 490, 505, 494, 484, 506, 483, 495, 485, 485, 470, 479, 484, 463, 505, 493, 488, 467, 477, 474, 477, 508, 482];[1, 1, 1, 1, 1, 1, 1, 1, 1, 1, 1, 1, 1, 1, 1, 1, 1, 1, 1, 1, 1, 1, 1, 1, 1, 1, 1, 1, 1, 1, 1, 1, 1, 1, 1, 1, 1, 1, 1, 1, 1, 1, 1, 1, 1, 1, 1, 1, 1, 1]
T1500V1000_0.3;1500;1000;2;0.3;experiment_data/medium/T1500V1000_0.3_T.csv;experiment_data/medium/T1500V1000_0.3_V.csv;5512;3048;positive;MKPSI;1500;1208;4304;[539406454, 541162680, 533796531, 528442702, 519064570, 525957233, 537172159, 526352196, 532130177, 535180858, 526648335, 528982783, 532558914, 533106127, 522577791, 535692762, 529308829, 535187664, 523881055, 522507346, 548536271, 528354472, 534508245, 530347212, 531685330, 535220490, 515574642, 526567899, 543199178, 532444986, 514125421, 539952676, 545089398, 541396361, 536364762, 517874715, 531178850, 535348941, 531886194, 515233682, 528027953, 528608533, 550390884, 537997766, 527809851, 531102648, 538609388, 524480700, 538316337, 525045330];[1208, 1208, 1208, 1208, 1208, 1208, 1208, 1208, 1208, 1208, 1208, 1208, 1208, 1208, 1208, 1208, 1208, 1208, 1208, 1208, 1208, 1208, 1208, 1208, 1208, 1208, 1208, 1208, 1208, 1208, 1208, 1208, 1208, 1208, 1208, 1208, 1208, 1208, 1208, 1208, 1208, 1208, 1208, 1208, 1208, 1208, 1208, 1208, 1208, 1208];[4304, 4304, 4304, 4304, 4304, 4304, 4304, 4304, 4304, 4304, 4304, 4304, 4304, 4304, 4304, 4304, 4304, 4304, 4304, 4304, 4304, 4304, 4304, 4304, 4304, 4304, 4304, 4304, 4304, 4304, 4304, 4304, 4304, 4304, 4304, 4304, 4304, 4304, 4304, 4304, 4304, 4304, 4304, 4304, 4304, 4304, 4304, 4304, 4304, 4304];[1026, 1021, 1007, 998, 981, 993, 1016, 984, 1007, 1011, 991, 1000, 1000, 1002, 986, 1010, 998, 1013, 987, 985, 1043, 994, 1010, 1000, 1002, 1011, 969, 996, 1031, 1007, 966, 1021, 1030, 1020, 1004, 978, 1003, 1012, 1007, 977, 1002, 1002, 1044, 1017, 996, 1003, 1017, 988, 1019, 988];[1, 1, 1, 1, 1, 1, 1, 1, 1, 1, 1, 1, 1, 1, 1, 1, 1, 1, 1, 1, 1, 1, 1, 1, 1, 1, 1, 1, 1, 1, 1, 1, 1, 1, 1, 1, 1, 1, 1, 1, 1, 1, 1, 1, 1, 1, 1, 1, 1, 1]
T1500V1000_0.4;1500;1000;2;0.4;experiment_data/medium/T1500V1000_0.4_T.csv;experiment_data/medium/T1500V1000_0.4_V.csv;5518;3233;positive;MKPSI;1500;1619;3899;[586439052, 576676278, 572627899, 580438068, 580947285, 584386104, 584097217, 574316211, 571425651, 581956621, 584991614, 589641449, 591334099, 564657185, 573422846, 570747260, 576344263, 576680318, 567357445, 565391173, 546278111, 574811768, 576251040, 573647184, 573368289, 566499753, 577987999, 569676904, 582461219, 572413022, 555261985, 572384716, 566191416, 578971422, 564112972, 586293408, 577457401, 588554096, 569711011, 556412175, 574590071, 582896023, 573211642, 581367551, 563665492, 564217528, 579307759, 561816870, 577483516, 578182114];[1619, 1619, 1619, 1619, 1619, 1619, 1619, 1619, 1619, 1619, 1619, 1619, 1619, 1619, 1619, 1619, 1619, 1619, 1619, 1619, 1619, 1619, 1619, 1619, 1619, 1619, 1619, 1619, 1619, 1619, 1619, 1619, 1619, 1619, 1619, 1619, 1619, 1619, 1619, 1619, 1619, 1619, 1619, 1619, 1619, 1619, 1619, 1619, 1619, 1619];[3899, 3899, 3899, 3899, 3899, 3899, 3899, 3899, 3899, 3899, 3899, 3899, 3899, 3899, 3899, 3899, 3899, 3899, 3899, 3899, 3899, 3899, 3899, 3899, 3899, 3899, 3899, 3899, 3899, 3899, 3899, 3899, 3899, 3899, 3899, 3899, 3899, 3899, 3899, 3899, 3899, 3899, 3899, 3899, 3899, 3899, 3899, 3899, 3899, 3899];[1121, 1099, 1093, 1114, 1113, 1112, 1131, 1093, 1100, 1119, 1115, 1118, 1128, 1075, 1088, 1084, 1094, 1097, 1083, 1071, 1049, 1092, 1096, 1090, 1090, 1079, 1114, 1080, 1110, 1088, 1060, 1088, 1077, 1102, 1069, 1117, 1109, 1116, 1081, 1055, 1088, 1109, 1102, 1105, 1073, 1076, 1105, 1076, 1109, 1103];[1, 1, 1, 1, 1, 1, 1, 1, 1, 1, 1, 1, 1, 1, 1, 1, 1, 1, 1, 1, 1, 1, 1, 1, 1, 1, 1, 1, 1, 1, 1, 1, 1, 1, 1, 1, 1, 1, 1, 1, 1, 1, 1, 1, 1, 1, 1, 1, 1, 1]
T1500V1000_0.5;1500;1000;2;0.5;experiment_data/medium/T1500V1000_0.5_T.csv;experiment_data/medium/T1500V1000_0.5_V.csv;5489;3341;positive;MKPSI;1500;1997;3492;[581456907, 584718144, 590910477, 584787881, 582298210, 582288418, 573401834, 592629069, 592156478, 581107956, 597108419, 593762125, 589014649, 602685734, 598972367, 588156114, 580022234, 557498850, 590328786, 575092157, 590207626, 589744850, 571958397, 567080950, 584850146, 576194234, 588156764, 595949482, 582142826, 585661041, 591971864, 592285569, 608142358, 599943976, 594005316, 595959018, 595791679, 587163744, 582903174, 595669095, 585936133, 579232956, 597859293, 595109275, 597308029, 610924557, 611198504, 580471742, 587247405, 582373629];[1997, 1997, 1997, 1997, 1997, 1997, 1997, 1997, 1997, 1997, 1997, 1997, 1997, 1997, 1997, 1997, 1997, 1997, 1997, 1997, 1997, 1997, 1997, 1997, 1997, 1997, 1997, 1997, 1997, 1997, 1997, 1997, 1997, 1997, 1997, 1997, 1997, 1997, 1997, 1997, 1997, 1997, 1997, 1997, 1997, 1997, 1997, 1997, 1997, 1997];[3492, 3492, 3492, 3492, 3492, 3492, 3492, 3492, 3492, 3492, 3492, 3492, 3492, 3492, 3492, 3492, 3492, 3492, 3492, 3492, 3492, 3492, 3492, 3492, 3492, 3492, 3492, 3492, 3492, 3492, 3492, 3492, 3492, 3492, 3492, 3492, 3492, 3492, 3492, 3492, 3492, 3492, 3492, 3492, 3492, 3492, 3492, 3492, 3492, 3492];[1124, 1128, 1140, 1129, 1122, 1121, 1106, 1136, 1141, 1119, 1150, 1145, 1135, 1159, 1156, 1131, 1117, 1073, 1144, 1109, 1139, 1136, 1103, 1089, 1128, 1108, 1138, 1146, 1125, 1128, 1149, 1138, 1131, 1151, 1144, 1146, 1154, 1129, 1125, 1143, 1127, 1108, 1150, 1146, 1153, 1179, 1175, 1115, 1131, 1106];[1, 1, 1, 1, 1, 1, 1, 1, 1, 1, 1, 1, 1, 1, 1, 1, 1, 1, 1, 1, 1, 1, 1, 1, 1, 1, 1, 1, 1, 1, 1, 1, 1, 1, 1, 1, 1, 1, 1, 1, 1, 1, 1, 1, 1, 1, 1, 1, 1, 1]
T1500V1000_0.6;1500;1000;2;0.6;experiment_data/medium/T1500V1000_0.6_T.csv;experiment_data/medium/T1500V1000_0.6_V.csv;5481;3466;positive;MKPSI;1500;2396;3085;[577298127, 560785745, 561566301, 548968314, 563072721, 568766213, 562059380, 564556189, 580576077, 568582767, 571352841, 550934529, 553428958, 549966266, 551897119, 572091308, 580301298, 551412724, 566439563, 573086507, 572609770, 564817757, 589970620, 572174046, 561417483, 583197122, 553677724, 568302950, 578103437, 572369834, 565562548, 563822229, 560358690, 568943073, 570500437, 573275763, 568481965, 574369182, 580067815, 579950333, 568313000, 562789812, 572728074, 554916933, 567002614, 570728159, 564166315, 554049315, 566623449, 576483821];[2396, 2396, 2396, 2396, 2396, 2396, 2396, 2396, 2396, 2396, 2396, 2396, 2396, 2396, 2396, 2396, 2396, 2396, 2396, 2396, 2396, 2396, 2396, 2396, 2396, 2396, 2396, 2396, 2396, 2396, 2396, 2396, 2396, 2396, 2396, 2396, 2396, 2396, 2396, 2396, 2396, 2396, 2396, 2396, 2396, 2396, 2396, 2396, 2396, 2396];[3085, 3085, 3085, 3085, 3085, 3085, 3085, 3085, 3085, 3085, 3085, 3085, 3085, 3085, 3085, 3085, 3085, 3085, 3085, 3085, 3085, 3085, 3085, 3085, 3085, 3085, 3085, 3085, 3085, 3085, 3085, 3085, 3085, 3085, 3085, 3085, 3085, 3085, 3085, 3085, 3085, 3085, 3085, 3085, 3085, 3085, 3085, 3085, 3085, 3085];[1113, 1080, 1085, 1056, 1084, 1099, 1084, 1088, 1124, 1097, 1101, 1056, 1065, 1060, 1062, 1102, 1116, 1062, 1092, 1105, 1104, 1087, 1143, 1102, 1075, 1124, 1064, 1090, 1115, 1102, 1088, 1084, 1073, 1093, 1100, 1105, 1095, 1107, 1121, 1113, 1091, 1081, 1104, 1066, 1091, 1097, 1082, 1064, 1088, 1107];[1, 1, 1, 1, 1, 1, 1, 1, 1, 1, 1, 1, 1, 1, 1, 1, 1, 1, 1, 1, 1, 1, 1, 1, 1, 1, 1, 1, 1, 1, 1, 1, 1, 1, 1, 1, 1, 1, 1, 1, 1, 1, 1, 1, 1, 1, 1, 1, 1, 1]
T1500V1000_0.7;1500;1000;2;0.7;experiment_data/medium/T1500V1000_0.7_T.csv;experiment_data/medium/T1500V1000_0.7_V.csv;5549;3613;positive;MKPSI;1500;2834;2715;[523256032, 527381279, 528771739, 526142768, 521729450, 516056041, 530045241, 519860203, 513069882, 535972456, 517661469, 522744478, 516392726, 526224828, 527214223, 521812382, 511970571, 527353339, 536849932, 533917559, 522005230, 523334344, 524209683, 516490952, 518653811, 516444444, 522993822, 536433096, 535685914, 531180067, 524385629, 532276288, 530364676, 520688975, 513780939, 522814963, 522597137, 512995193, 530147484, 517080534, 505677626, 522590266, 530326189, 525698265, 508441151, 536820703, 523346994, 525276236, 512320612, 520718977];[2834, 2834, 2834, 2834, 2834, 2834, 2834, 2834, 2834, 2834, 2834, 2834, 2834, 2834, 2834, 2834, 2834, 2834, 2834, 2834, 2834, 2834, 2834, 2834, 2834, 2834, 2834, 2834, 2834, 2834, 2834, 2834, 2834, 2834, 2834, 2834, 2834, 2834, 2834, 2834, 2834, 2834, 2834, 2834, 2834, 2834, 2834, 2834, 2834, 2834];[2715, 2715, 2715, 2715, 2715, 2715, 2715, 2715, 2715, 2715, 2715, 2715, 2715, 2715, 2715, 2715, 2715, 2715, 2715, 2715, 2715, 2715, 2715, 2715, 2715, 2715, 2715, 2715, 2715, 2715, 2715, 2715, 2715, 2715, 2715, 2715, 2715, 2715, 2715, 2715, 2715, 2715, 2715, 2715, 2715, 2715, 2715, 2715, 2715, 2715];[1015, 1020, 1025, 1024, 1012, 1000, 1029, 1004, 993, 1036, 1007, 1012, 996, 1018, 1030, 1020, 998, 1020, 1037, 1034, 1019, 1009, 1022, 1007, 1010, 996, 1018, 1049, 1039, 1028, 1022, 1040, 1032, 1005, 1003, 1011, 1016, 988, 1029, 994, 980, 1008, 1023, 1018, 983, 1029, 1011, 1024, 999, 1003];[1, 1, 1, 1, 1, 1, 1, 1, 1, 1, 1, 1, 1, 1, 1, 1, 1, 1, 1, 1, 1, 1, 1, 1, 1, 1, 1, 1, 1, 1, 1, 1, 1, 1, 1, 1, 1, 1, 1, 1, 1, 1, 1, 1, 1, 1, 1, 1, 1, 1]
T1500V1000_0.8;1500;1000;2;0.8;experiment_data/medium/T1500V1000_0.8_T.csv;experiment_data/medium/T1500V1000_0.8_V.csv;5444;3723;positive;MKPSI;1500;3135;2309;[429647405, 435818302, 427693615, 434427072, 431237241, 444936524, 443416066, 433709478, 429448291, 423137341, 439218399, 433248248, 441606230, 433627088, 421928750, 447991792, 447136047, 428742032, 430431319, 428475211, 436647577, 441527055, 441264182, 434064617, 434120131, 429561299, 429289365, 438558933, 424040784, 433208663, 430482792, 437194802, 430735803, 429275923, 432279123, 431168284, 428253657, 427628012, 442367735, 440733174, 440121031, 436921077, 429251808, 428157913, 433713980, 436905717, 449692306, 432977928, 441336321, 437177636];[3135, 3135, 3135, 3135, 3135, 3135, 3135, 3135, 3135, 3135, 3135, 3135, 3135, 3135, 3135, 3135, 3135, 3135, 3135, 3135, 3135, 3135, 3135, 3135, 3135, 3135, 3135, 3135, 3135, 3135, 3135, 3135, 3135, 3135, 3135, 3135, 3135, 3135, 3135, 3135, 3135, 3135, 3135, 3135, 3135, 3135, 3135, 3135, 3135, 3135];[2309, 2309, 2309, 2309, 2309, 2309, 2309, 2309, 2309, 2309, 2309, 2309, 2309, 2309, 2309, 2309, 2309, 2309, 2309, 2309, 2309, 2309, 2309, 2309, 2309, 2309, 2309, 2309, 2309, 2309, 2309, 2309, 2309, 2309, 2309, 2309, 2309, 2309, 2309, 2309, 2309, 2309, 2309, 2309, 2309, 2309, 2309, 2309, 2309, 2309];[819, 822, 811, 828, 817, 844, 845, 830, 825, 807, 839, 826, 845, 824, 800, 860, 856, 817, 821, 817, 832, 844, 841, 830, 831, 819, 819, 837, 808, 829, 819, 835, 822, 815, 822, 825, 809, 813, 839, 840, 838, 831, 815, 816, 825, 830, 856, 825, 841, 833];[1, 1, 1, 1, 1, 1, 1, 1, 1, 1, 1, 1, 1, 1, 1, 1, 1, 1, 1, 1, 1, 1, 1, 1, 1, 1, 1, 1, 1, 1, 1, 1, 1, 1, 1, 1, 1, 1, 1, 1, 1, 1, 1, 1, 1, 1, 1, 1, 1, 1]
T1500V1000_0.9;1500;1000;2;0.9;experiment_data/medium/T1500V1000_0.9_T.csv;experiment_data/medium/T1500V1000_0.9_V.csv;5303;3790;positive;MKPSI;1500;3389;1914;[319118217, 324363409, 316992019, 333543523, 315724467, 329844693, 321573120, 320351174, 322011694, 324356667, 310229602, 316986051, 319610272, 315256764, 326224446, 324765997, 313432596, 319486749, 315398476, 328050739, 322769078, 313633585, 316996858, 314453372, 319335219, 324140603, 315655091, 324975410, 309608355, 318510410, 327489837, 323286869, 316729130, 316315003, 311470463, 320456319, 315682071, 310291038, 316847314, 315875028, 328333286, 313458841, 325525741, 314656837, 314920024, 320624975, 299566221, 319933446, 322439843, 319445241];[3389, 3389, 3389, 3389, 3389, 3389, 3389, 3389, 3389, 3389, 3389, 3389, 3389, 3389, 3389, 3389, 3389, 3389, 3389, 3389, 3389, 3389, 3389, 3389, 3389, 3389, 3389, 3389, 3389, 3389, 3389, 3389, 3389, 3389, 3389, 3389, 3389, 3389, 3389, 3389, 3389, 3389, 3389, 3389, 3389, 3389, 3389, 3389, 3389, 3389];[1914, 1914, 1914, 1914, 1914, 1914, 1914, 1914, 1914, 1914, 1914, 1914, 1914, 1914, 1914, 1914, 1914, 1914, 1914, 1914, 1914, 1914, 1914, 1914, 1914, 1914, 1914, 1914, 1914, 1914, 1914, 1914, 1914, 1914, 1914, 1914, 1914, 1914, 1914, 1914, 1914, 1914, 1914, 1914, 1914, 1914, 1914, 1914, 1914, 1914];[594, 599, 585, 617, 580, 607, 593, 593, 595, 599, 569, 581, 593, 582, 604, 603, 577, 590, 581, 607, 597, 575, 585, 578, 583, 595, 580, 599, 565, 585, 608, 594, 585, 580, 574, 590, 579, 569, 584, 580, 606, 574, 601, 575, 576, 586, 545, 588, 589, 587];[1, 1, 1, 1, 1, 1, 1, 1, 1, 1, 1, 1, 1, 1, 1, 1, 1, 1, 1, 1, 1, 1, 1, 1, 1, 1, 1, 1, 1, 1, 1, 1, 1, 1, 1, 1, 1, 1, 1, 1, 1, 1, 1, 1, 1, 1, 1, 1, 1, 1]
T1500V1000_1.0;1500;1000;2;1.0;experiment_data/medium/T1500V1000_1.0_T.csv;experiment_data/medium/T1500V1000_1.0_V.csv;5105;3861;positive;MKPSI;1500;3603;1502;[15543583, 16059218, 15628565, 15753535, 15586582, 15901938, 15965946, 15780825, 15428931, 15517672, 15566573, 15598733, 15592074, 15466682, 15537093, 15534952, 15498953, 15489442, 15701424, 15537192, 15417021, 15475582, 16760097, 15528353, 15492432, 15717715, 15564893, 15477461, 15488502, 15515383, 17079449, 15532334, 15468712, 15717555, 15527423, 15481132, 15538243, 15496082, 18268603, 15610143, 15810526, 15528843, 15558052, 15541904, 15526023, 15550384, 15581664, 15764795, 15519852, 15414722];[3603, 3603, 3603, 3603, 3603, 3603, 3603, 3603, 3603, 3603, 3603, 3603, 3603, 3603, 3603, 3603, 3603, 3603, 3603, 3603, 3603, 3603, 3603, 3603, 3603, 3603, 3603, 3603, 3603, 3603, 3603, 3603, 3603, 3603, 3603, 3603, 3603, 3603, 3603, 3603, 3603, 3603, 3603, 3603, 3603, 3603, 3603, 3603, 3603, 3603];[1502, 1502, 1502, 1502, 1502, 1502, 1502, 1502, 1502, 1502, 1502, 1502, 1502, 1502, 1502, 1502, 1502, 1502, 1502, 1502, 1502, 1502, 1502, 1502, 1502, 1502, 1502, 1502, 1502, 1502, 1502, 1502, 1502, 1502, 1502, 1502, 1502, 1502, 1502, 1502, 1502, 1502, 1502, 1502, 1502, 1502, 1502, 1502, 1502, 1502];[1, 1, 1, 1, 1, 1, 1, 1, 1, 1, 1, 1, 1, 1, 1, 1, 1, 1, 1, 1, 1, 1, 1, 1, 1, 1, 1, 1, 1, 1, 1, 1, 1, 1, 1, 1, 1, 1, 1, 1, 1, 1, 1, 1, 1, 1, 1, 1, 1, 1];[1, 1, 1, 1, 1, 1, 1, 1, 1, 1, 1, 1, 1, 1, 1, 1, 1, 1, 1, 1, 1, 1, 1, 1, 1, 1, 1, 1, 1, 1, 1, 1, 1, 1, 1, 1, 1, 1, 1, 1, 1, 1, 1, 1, 1, 1, 1, 1, 1, 1]
