experiment;len_T;len_V;max_V_match_fraction;len_pos_true;len_neg_true;time_all;attack_name;success;len_pos_recovered;len_neg_recovered
T50000V100000_0.0;50000;100000;0.0;0;50000;[9788902, 11799294, 9779891, 13135819, 9736161, 11817294, 13542014, 14267042, 9733670, 11015646, 12548712, 11047245, 10300907, 10984145, 13355672, 11773554, 12538293, 11517432, 10810143, 48878845, 13152071, 12715625, 10879394, 14604886, 14032869, 12564212, 12982987, 11925015, 11148007, 11508221, 9778711, 16194194, 12993009, 10565689, 14743538, 11965546, 13058390, 11534830, 11158777, 10916794, 13680036, 14623306, 11095366, 11358139, 12346221, 12409590, 9271035, 12682454, 11844365, 11275178];PSU;[1, 1, 1, 1, 1, 1, 1, 1, 1, 1, 1, 1, 1, 1, 1, 1, 1, 1, 1, 1, 1, 1, 1, 1, 1, 1, 1, 1, 1, 1, 1, 1, 1, 1, 1, 1, 1, 1, 1, 1, 1, 1, 1, 1, 1, 1, 1, 1, 1, 1];[0, 0, 0, 0, 0, 0, 0, 0, 0, 0, 0, 0, 0, 0, 0, 0, 0, 0, 0, 0, 0, 0, 0, 0, 0, 0, 0, 0, 0, 0, 0, 0, 0, 0, 0, 0, 0, 0, 0, 0, 0, 0, 0, 0, 0, 0, 0, 0, 0, 0];[50000, 50000, 50000, 50000, 50000, 50000, 50000, 50000, 50000, 50000, 50000, 50000, 50000, 50000, 50000, 50000, 50000, 50000, 50000, 50000, 50000, 50000, 50000, 50000, 50000, 50000, 50000, 50000, 50000, 50000, 50000, 50000, 50000, 50000, 50000, 50000, 50000, 50000, 50000, 50000, 50000, 50000, 50000, 50000, 50000, 50000, 50000, 50000, 50000, 50000]
T60000V100000_0.0;60000;100000;0.0;0;60000;[10490749, 12623444, 13281442, 11560531, 15170592, 16280585, 16177744, 12436141, 10429848, 11173607, 12648344, 13892507, 14788448, 14787957, 14587236, 13670445, 9927634, 12553302, 15670589, 44564216, 18006385, 17129844, 13365663, 10744643, 15263624, 13004328, 15165172, 16064162, 14199922, 12530142, 11044825, 13537843, 12341771, 15862671, 12648114, 17832483, 16368456, 13258361, 11002115, 11121045, 15212352, 14003729, 14272332, 12841206, 12639914, 12256489, 11196097, 14866129, 16587789, 12675424];PSU;[1, 1, 1, 1, 1, 1, 1, 1, 1, 1, 1, 1, 1, 1, 1, 1, 1, 1, 1, 1, 1, 1, 1, 1, 1, 1, 1, 1, 1, 1, 1, 1, 1, 1, 1, 1, 1, 1, 1, 1, 1, 1, 1, 1, 1, 1, 1, 1, 1, 1];[0, 0, 0, 0, 0, 0, 0, 0, 0, 0, 0, 0, 0, 0, 0, 0, 0, 0, 0, 0, 0, 0, 0, 0, 0, 0, 0, 0, 0, 0, 0, 0, 0, 0, 0, 0, 0, 0, 0, 0, 0, 0, 0, 0, 0, 0, 0, 0, 0, 0];[60000, 60000, 60000, 60000, 60000, 60000, 60000, 60000, 60000, 60000, 60000, 60000, 60000, 60000, 60000, 60000, 60000, 60000, 60000, 60000, 60000, 60000, 60000, 60000, 60000, 60000, 60000, 60000, 60000, 60000, 60000, 60000, 60000, 60000, 60000, 60000, 60000, 60000, 60000, 60000, 60000, 60000, 60000, 60000, 60000, 60000, 60000, 60000, 60000, 60000]
T70000V100000_0.0;70000;100000;0.0;0;70000;[11015496, 11926956, 13581744, 14925789, 14477064, 12806266, 14382653, 13727837, 11604322, 15236903, 13286711, 13906009, 10493690, 12686455, 17501240, 16013262, 14438874, 15208522, 16364936, 49580812, 13848177, 11795325, 14459184, 16801592, 12305800, 14547887, 12256539, 12325071, 14148891, 13305501, 13254320, 12851635, 14624465, 14308472, 17098854, 15599797, 15389905, 11710634, 10078474, 13535145, 14167891, 14466284, 14033809, 12408231, 16094823, 13025469, 12901666, 13663396, 10515970, 11394560];PSU;[1, 1, 1, 1, 1, 1, 1, 1, 1, 1, 1, 1, 1, 1, 1, 1, 1, 1, 1, 1, 1, 1, 1, 1, 1, 1, 1, 1, 1, 1, 1, 1, 1, 1, 1, 1, 1, 1, 1, 1, 1, 1, 1, 1, 1, 1, 1, 1, 1, 1];[0, 0, 0, 0, 0, 0, 0, 0, 0, 0, 0, 0, 0, 0, 0, 0, 0, 0, 0, 0, 0, 0, 0, 0, 0, 0, 0, 0, 0, 0, 0, 0, 0, 0, 0, 0, 0, 0, 0, 0, 0, 0, 0, 0, 0, 0, 0, 0, 0, 0];[70000, 70000, 70000, 70000, 70000, 70000, 70000, 70000, 70000, 70000, 70000, 70000, 70000, 70000, 70000, 70000, 70000, 70000, 70000, 70000, 70000, 70000, 70000, 70000, 70000, 70000, 70000, 70000, 70000, 70000, 70000, 70000, 70000, 70000, 70000, 70000, 70000, 70000, 70000, 70000, 70000, 70000, 70000, 70000, 70000, 70000, 70000, 70000, 70000, 70000]
T80000V100000_0.0;80000;100000;0.0;0;80000;[13574894, 16182213, 13500574, 17093185, 16176793, 16132182, 14246252, 14245112, 13926578, 13778565, 14850569, 15182393, 17972004, 18916486, 16770520, 16069213, 13267489, 14843269, 18878024, 59078832, 20305760, 17139866, 17861273, 15962761, 14047329, 13206730, 16679529, 16663999, 14381793, 16045922, 15630059, 15806880, 13363232, 14544656, 13477223, 13805988, 16775090, 15469526, 14800968, 18780294, 13656425, 13025968, 14213982, 15068642, 15251574, 14775038, 15236053, 15472546, 14958860, 14070430];PSU;[1, 1, 1, 1, 1, 1, 1, 1, 1, 1, 1, 1, 1, 1, 1, 1, 1, 1, 1, 1, 1, 1, 1, 1, 1, 1, 1, 1, 1, 1, 1, 1, 1, 1, 1, 1, 1, 1, 1, 1, 1, 1, 1, 1, 1, 1, 1, 1, 1, 1];[0, 0, 0, 0, 0, 0, 0, 0, 0, 0, 0, 0, 0, 0, 0, 0, 0, 0, 0, 0, 0, 0, 0, 0, 0, 0, 0, 0, 0, 0, 0, 0, 0, 0, 0, 0, 0, 0, 0, 0, 0, 0, 0, 0, 0, 0, 0, 0, 0, 0];[80000, 80000, 80000, 80000, 80000, 80000, 80000, 80000, 80000, 80000, 80000, 80000, 80000, 80000, 80000, 80000, 80000, 80000, 80000, 80000, 80000, 80000, 80000, 80000, 80000, 80000, 80000, 80000, 80000, 80000, 80000, 80000, 80000, 80000, 80000, 80000, 80000, 80000, 80000, 80000, 80000, 80000, 80000, 80000, 80000, 80000, 80000, 80000, 80000, 80000]
T90000V100000_0.0;90000;100000;0.0;0;90000;[12528722, 19622674, 17082443, 15127043, 13032739, 14349893, 15769369, 19248269, 16434946, 16077432, 20468482, 16410537, 14497705, 14392124, 17026643, 18131986, 16740320, 15981153, 15884231, 50482774, 12752684, 16654889, 20671295, 16975352, 13268660, 14284562, 14786668, 15185582, 17780572, 17460088, 15390185, 19191408, 15158322, 17662871, 17308497, 15902130, 11063306, 13361641, 19618223, 18242288, 16821662, 17624359, 15483676, 17696741, 18331479, 17593429, 14093901, 14675958, 17099783, 14587276];PSU;[1, 1, 1, 1, 1, 1, 1, 1, 1, 1, 1, 1, 1, 1, 1, 1, 1, 1, 1, 1, 1, 1, 1, 1, 1, 1, 1, 1, 1, 1, 1, 1, 1, 1, 1, 1, 1, 1, 1, 1, 1, 1, 1, 1, 1, 1, 1, 1, 1, 1];[0, 0, 0, 0, 0, 0, 0, 0, 0, 0, 0, 0, 0, 0, 0, 0, 0, 0, 0, 0, 0, 0, 0, 0, 0, 0, 0, 0, 0, 0, 0, 0, 0, 0, 0, 0, 0, 0, 0, 0, 0, 0, 0, 0, 0, 0, 0, 0, 0, 0];[90000, 90000, 90000, 90000, 90000, 90000, 90000, 90000, 90000, 90000, 90000, 90000, 90000, 90000, 90000, 90000, 90000, 90000, 90000, 90000, 90000, 90000, 90000, 90000, 90000, 90000, 90000, 90000, 90000, 90000, 90000, 90000, 90000, 90000, 90000, 90000, 90000, 90000, 90000, 90000, 90000, 90000, 90000, 90000, 90000, 90000, 90000, 90000, 90000, 90000]
T100000V100000_0.0;100000;100000;0.0;0;100000;[15697098, 16670369, 15580627, 19045806, 21166320, 19875266, 19539902, 20082328, 21364962, 19622203, 21920959, 18362178, 16393666, 20310860, 19022036, 18089367, 21376233, 20922798, 19424631, 52964362, 19788774, 20709756, 21575646, 20166189, 17983365, 20374801, 20195649, 18368269, 23047242, 21342723, 16194813, 17358607, 21068309, 22715627, 24329277, 19870396, 18660672, 22078320, 18015926, 15993912, 19300089, 19678852, 19206088, 17569280, 18523240, 17891793, 20274610, 24574119, 20913498, 18134097];PSU;[1, 1, 1, 1, 1, 1, 1, 1, 1, 1, 1, 1, 1, 1, 1, 1, 1, 1, 1, 1, 1, 1, 1, 1, 1, 1, 1, 1, 1, 1, 1, 1, 1, 1, 1, 1, 1, 1, 1, 1, 1, 1, 1, 1, 1, 1, 1, 1, 1, 1];[0, 0, 0, 0, 0, 0, 0, 0, 0, 0, 0, 0, 0, 0, 0, 0, 0, 0, 0, 0, 0, 0, 0, 0, 0, 0, 0, 0, 0, 0, 0, 0, 0, 0, 0, 0, 0, 0, 0, 0, 0, 0, 0, 0, 0, 0, 0, 0, 0, 0];[100000, 100000, 100000, 100000, 100000, 100000, 100000, 100000, 100000, 100000, 100000, 100000, 100000, 100000, 100000, 100000, 100000, 100000, 100000, 100000, 100000, 100000, 100000, 100000, 100000, 100000, 100000, 100000, 100000, 100000, 100000, 100000, 100000, 100000, 100000, 100000, 100000, 100000, 100000, 100000, 100000, 100000, 100000, 100000, 100000, 100000, 100000, 100000, 100000, 100000]
T110000V100000_0.0;110000;100000;0.0;0;110000;[21338222, 20528104, 18375619, 19757474, 18615371, 17296556, 23056272, 21313892, 21373623, 21624416, 20485014, 23176223, 21644836, 17078594, 19439151, 16632828, 21732977, 23579509, 20429472, 68880553, 24204606, 18920165, 20370491, 18663712, 17270547, 19628012, 19739165, 20820537, 18575331, 22571027, 24142144, 25122385, 21418513, 21704317, 16687321, 19157947, 24178545, 21831759, 17690600, 17267727, 18195466, 19731484, 19761685, 21583215, 20628835, 22399494, 22510706, 23887162, 24271045, 21501334];PSU;[1, 1, 1, 1, 1, 1, 1, 1, 1, 1, 1, 1, 1, 1, 1, 1, 1, 1, 1, 1, 1, 1, 1, 1, 1, 1, 1, 1, 1, 1, 1, 1, 1, 1, 1, 1, 1, 1, 1, 1, 1, 1, 1, 1, 1, 1, 1, 1, 1, 1];[0, 0, 0, 0, 0, 0, 0, 0, 0, 0, 0, 0, 0, 0, 0, 0, 0, 0, 0, 0, 0, 0, 0, 0, 0, 0, 0, 0, 0, 0, 0, 0, 0, 0, 0, 0, 0, 0, 0, 0, 0, 0, 0, 0, 0, 0, 0, 0, 0, 0];[110000, 110000, 110000, 110000, 110000, 110000, 110000, 110000, 110000, 110000, 110000, 110000, 110000, 110000, 110000, 110000, 110000, 110000, 110000, 110000, 110000, 110000, 110000, 110000, 110000, 110000, 110000, 110000, 110000, 110000, 110000, 110000, 110000, 110000, 110000, 110000, 110000, 110000, 110000, 110000, 110000, 110000, 110000, 110000, 110000, 110000, 110000, 110000, 110000, 110000]
T130000V100000_0.0;130000;100000;0.0;0;130000;[19095796, 20137389, 20078758, 19539322, 23171773, 21323373, 23607768, 17695740, 18117435, 20409092, 19338359, 22264333, 23246324, 25057705, 24860771, 20913367, 22944030, 20558074, 20759546, 65369573, 21865849, 20434412, 23242684, 20083557, 21085450, 21319433, 21111310, 17635660, 19613962, 20110479, 21253642, 23363435, 20215080, 20837017, 18628992, 18697982, 20094509, 18561041, 20929679, 22878320, 24208824, 27890317, 23534817, 23449196, 22914540, 22656598, 24964144, 21456324, 20954308, 22434174];PSU;[1, 1, 1, 1, 1, 1, 1, 1, 1, 1, 1, 1, 1, 1, 1, 1, 1, 1, 1, 1, 1, 1, 1, 1, 1, 1, 1, 1, 1, 1, 1, 1, 1, 1, 1, 1, 1, 1, 1, 1, 1, 1, 1, 1, 1, 1, 1, 1, 1, 1];[0, 0, 0, 0, 0, 0, 0, 0, 0, 0, 0, 0, 0, 0, 0, 0, 0, 0, 0, 0, 0, 0, 0, 0, 0, 0, 0, 0, 0, 0, 0, 0, 0, 0, 0, 0, 0, 0, 0, 0, 0, 0, 0, 0, 0, 0, 0, 0, 0, 0];[130000, 130000, 130000, 130000, 130000, 130000, 130000, 130000, 130000, 130000, 130000, 130000, 130000, 130000, 130000, 130000, 130000, 130000, 130000, 130000, 130000, 130000, 130000, 130000, 130000, 130000, 130000, 130000, 130000, 130000, 130000, 130000, 130000, 130000, 130000, 130000, 130000, 130000, 130000, 130000, 130000, 130000, 130000, 130000, 130000, 130000, 130000, 130000, 130000, 130000]
T120000V100000_0.0;120000;100000;0.0;0;120000;[22056311, 19064948, 22389895, 21043430, 21077020, 19379571, 20987248, 22393286, 25366159, 20124449, 22044251, 20342742, 18226587, 20596903, 19234049, 21192491, 20592465, 22294813, 21004569, 60160394, 22842000, 19780405, 25635200, 18972285, 16169644, 19043967, 23790600, 22901730, 25497979, 26922726, 24615008, 17251625, 20159639, 22487866, 20486444, 19452641, 20281601, 21233082, 23979462, 24441127, 24987053, 22209222, 22393585, 22981691, 21811138, 22757179, 21452645, 20812966, 20673485, 19365731];PSU;[1, 1, 1, 1, 1, 1, 1, 1, 1, 1, 1, 1, 1, 1, 1, 1, 1, 1, 1, 1, 1, 1, 1, 1, 1, 1, 1, 1, 1, 1, 1, 1, 1, 1, 1, 1, 1, 1, 1, 1, 1, 1, 1, 1, 1, 1, 1, 1, 1, 1];[0, 0, 0, 0, 0, 0, 0, 0, 0, 0, 0, 0, 0, 0, 0, 0, 0, 0, 0, 0, 0, 0, 0, 0, 0, 0, 0, 0, 0, 0, 0, 0, 0, 0, 0, 0, 0, 0, 0, 0, 0, 0, 0, 0, 0, 0, 0, 0, 0, 0];[120000, 120000, 120000, 120000, 120000, 120000, 120000, 120000, 120000, 120000, 120000, 120000, 120000, 120000, 120000, 120000, 120000, 120000, 120000, 120000, 120000, 120000, 120000, 120000, 120000, 120000, 120000, 120000, 120000, 120000, 120000, 120000, 120000, 120000, 120000, 120000, 120000, 120000, 120000, 120000, 120000, 120000, 120000, 120000, 120000, 120000, 120000, 120000, 120000, 120000]
T140000V100000_0.0;140000;100000;0.0;0;140000;[20443423, 18144146, 17117414, 15704029, 16488648, 18433429, 18420829, 19615303, 17568420, 22311804, 19512691, 21944169, 22411825, 22837020, 20036768, 19857656, 21721057, 20904777, 19916266, 66089761, 19923957, 17447838, 21455103, 23361685, 19306281, 20262960, 19584694, 18433369, 16477458, 17398758, 19019096, 16402656, 19372190, 21689095, 18789624, 21072359, 22791589, 21564076, 22560097, 22338403, 21979911, 21353742, 21275431, 21627256, 21108371, 21115729, 20292580, 19402420, 17249246, 17950574];PSU;[1, 1, 1, 1, 1, 1, 1, 1, 1, 1, 1, 1, 1, 1, 1, 1, 1, 1, 1, 1, 1, 1, 1, 1, 1, 1, 1, 1, 1, 1, 1, 1, 1, 1, 1, 1, 1, 1, 1, 1, 1, 1, 1, 1, 1, 1, 1, 1, 1, 1];[0, 0, 0, 0, 0, 0, 0, 0, 0, 0, 0, 0, 0, 0, 0, 0, 0, 0, 0, 0, 0, 0, 0, 0, 0, 0, 0, 0, 0, 0, 0, 0, 0, 0, 0, 0, 0, 0, 0, 0, 0, 0, 0, 0, 0, 0, 0, 0, 0, 0];[140000, 140000, 140000, 140000, 140000, 140000, 140000, 140000, 140000, 140000, 140000, 140000, 140000, 140000, 140000, 140000, 140000, 140000, 140000, 140000, 140000, 140000, 140000, 140000, 140000, 140000, 140000, 140000, 140000, 140000, 140000, 140000, 140000, 140000, 140000, 140000, 140000, 140000, 140000, 140000, 140000, 140000, 140000, 140000, 140000, 140000, 140000, 140000, 140000, 140000]
T150000V100000_0.0;150000;100000;0.0;0;150000;[18391910, 21805857, 22847130, 22539037, 22677568, 22536667, 21784348, 22406985, 23221033, 20520883, 23841432, 25455219, 22986541, 19715495, 23464317, 18885934, 20171359, 16646470, 19607062, 79561434, 25083535, 23482067, 19693034, 23350706, 22150151, 24182135, 22336424, 21548095, 21253561, 18429169, 20808597, 24159614, 21395684, 25469639, 25934035, 23318555, 21168371, 18983175, 19851835, 15565296, 17038284, 18504330, 19722073, 20920188, 20841187, 20167499, 19598292, 20054877, 21163202, 19490322];PSU;[1, 1, 1, 1, 1, 1, 1, 1, 1, 1, 1, 1, 1, 1, 1, 1, 1, 1, 1, 1, 1, 1, 1, 1, 1, 1, 1, 1, 1, 1, 1, 1, 1, 1, 1, 1, 1, 1, 1, 1, 1, 1, 1, 1, 1, 1, 1, 1, 1, 1];[0, 0, 0, 0, 0, 0, 0, 0, 0, 0, 0, 0, 0, 0, 0, 0, 0, 0, 0, 0, 0, 0, 0, 0, 0, 0, 0, 0, 0, 0, 0, 0, 0, 0, 0, 0, 0, 0, 0, 0, 0, 0, 0, 0, 0, 0, 0, 0, 0, 0];[150000, 150000, 150000, 150000, 150000, 150000, 150000, 150000, 150000, 150000, 150000, 150000, 150000, 150000, 150000, 150000, 150000, 150000, 150000, 150000, 150000, 150000, 150000, 150000, 150000, 150000, 150000, 150000, 150000, 150000, 150000, 150000, 150000, 150000, 150000, 150000, 150000, 150000, 150000, 150000, 150000, 150000, 150000, 150000, 150000, 150000, 150000, 150000, 150000, 150000]
T50000V100000_0.1;50000;100000;0.1;5000;45000;[16632440, 16602488, 19657394, 19779196, 25977236, 16143193, 22454215, 16991353, 18246097, 22017261, 20688216, 21186541, 19265639, 15132112, 18828493, 22727138, 19177927, 18614153, 13955859, 20331241, 20474833, 19029156, 23871152, 15353685, 22483275, 21544465, 16561788, 17916004, 15892710, 20893268, 22921782, 16872502, 21871958, 19539502, 17706251, 21801979, 17162655, 16962383, 22719078, 18660424, 19341870, 16611899, 20574865, 17308476, 21294892, 17555150, 18241296, 16571028, 21433713, 20814466];PSU;[1, 1, 1, 1, 1, 1, 1, 1, 1, 1, 1, 1, 1, 1, 1, 1, 1, 1, 1, 1, 1, 1, 1, 1, 1, 1, 1, 1, 1, 1, 1, 1, 1, 1, 1, 1, 1, 1, 1, 1, 1, 1, 1, 1, 1, 1, 1, 1, 1, 1];[5000, 5000, 5000, 5000, 5000, 5000, 5000, 5000, 5000, 5000, 5000, 5000, 5000, 5000, 5000, 5000, 5000, 5000, 5000, 5000, 5000, 5000, 5000, 5000, 5000, 5000, 5000, 5000, 5000, 5000, 5000, 5000, 5000, 5000, 5000, 5000, 5000, 5000, 5000, 5000, 5000, 5000, 5000, 5000, 5000, 5000, 5000, 5000, 5000, 5000];[45000, 45000, 45000, 45000, 45000, 45000, 45000, 45000, 45000, 45000, 45000, 45000, 45000, 45000, 45000, 45000, 45000, 45000, 45000, 45000, 45000, 45000, 45000, 45000, 45000, 45000, 45000, 45000, 45000, 45000, 45000, 45000, 45000, 45000, 45000, 45000, 45000, 45000, 45000, 45000, 45000, 45000, 45000, 45000, 45000, 45000, 45000, 45000, 45000, 45000]
T60000V100000_0.1;60000;100000;0.1;6000;54000;[22454455, 16164504, 21356122, 22471715, 23973863, 23404836, 24722141, 20256290, 19185127, 19856726, 18725524, 19270359, 24785741, 20370441, 22392604, 27416681, 18874765, 18637312, 20573543, 19673282, 20436022, 26672703, 22407994, 19120397, 24226225, 24622280, 18193927, 18521751, 26106357, 21111920, 23526747, 21055751, 19027357, 22375935, 20326552, 18661752, 22177612, 20133600, 25785413, 21729337, 15130492, 18763984, 19068937, 21327743, 20058999, 20198599, 21952459, 18691642, 23158383, 16838641];PSU;[1, 1, 1, 1, 1, 1, 1, 1, 1, 1, 1, 1, 1, 1, 1, 1, 1, 1, 1, 1, 1, 1, 1, 1, 1, 1, 1, 1, 1, 1, 1, 1, 1, 1, 1, 1, 1, 1, 1, 1, 1, 1, 1, 1, 1, 1, 1, 1, 1, 1];[6000, 6000, 6000, 6000, 6000, 6000, 6000, 6000, 6000, 6000, 6000, 6000, 6000, 6000, 6000, 6000, 6000, 6000, 6000, 6000, 6000, 6000, 6000, 6000, 6000, 6000, 6000, 6000, 6000, 6000, 6000, 6000, 6000, 6000, 6000, 6000, 6000, 6000, 6000, 6000, 6000, 6000, 6000, 6000, 6000, 6000, 6000, 6000, 6000, 6000];[54000, 54000, 54000, 54000, 54000, 54000, 54000, 54000, 54000, 54000, 54000, 54000, 54000, 54000, 54000, 54000, 54000, 54000, 54000, 54000, 54000, 54000, 54000, 54000, 54000, 54000, 54000, 54000, 54000, 54000, 54000, 54000, 54000, 54000, 54000, 54000, 54000, 54000, 54000, 54000, 54000, 54000, 54000, 54000, 54000, 54000, 54000, 54000, 54000, 54000]
T70000V100000_0.1;70000;100000;0.1;7000;63000;[25518690, 26029936, 21595916, 20679375, 23750560, 22720618, 15961441, 19697905, 27651794, 24650901, 19648313, 21789258, 24483528, 21012198, 20043848, 17656271, 19973357, 20662394, 27148569, 23804921, 18223307, 19047476, 20385221, 18554601, 21384823, 22433614, 19951845, 19971646, 20682244, 19920596, 18914254, 22541446, 20537452, 20954577, 19459131, 15716918, 22263893, 21461974, 19893357, 20656675, 22492795, 19463181, 18182296, 20697216, 20811267, 19226399, 21078381, 26528482, 17909044, 17155124];PSU;[1, 1, 1, 1, 1, 1, 1, 1, 1, 1, 1, 1, 1, 1, 1, 1, 1, 1, 1, 1, 1, 1, 1, 1, 1, 1, 1, 1, 1, 1, 1, 1, 1, 1, 1, 1, 1, 1, 1, 1, 1, 1, 1, 1, 1, 1, 1, 1, 1, 1];[7000, 7000, 7000, 7000, 7000, 7000, 7000, 7000, 7000, 7000, 7000, 7000, 7000, 7000, 7000, 7000, 7000, 7000, 7000, 7000, 7000, 7000, 7000, 7000, 7000, 7000, 7000, 7000, 7000, 7000, 7000, 7000, 7000, 7000, 7000, 7000, 7000, 7000, 7000, 7000, 7000, 7000, 7000, 7000, 7000, 7000, 7000, 7000, 7000, 7000];[63000, 63000, 63000, 63000, 63000, 63000, 63000, 63000, 63000, 63000, 63000, 63000, 63000, 63000, 63000, 63000, 63000, 63000, 63000, 63000, 63000, 63000, 63000, 63000, 63000, 63000, 63000, 63000, 63000, 63000, 63000, 63000, 63000, 63000, 63000, 63000, 63000, 63000, 63000, 63000, 63000, 63000, 63000, 63000, 63000, 63000, 63000, 63000, 63000, 63000]
T80000V100000_0.1;80000;100000;0.1;8000;72000;[29402515, 29801230, 26473990, 23030631, 22753158, 23982062, 23392307, 24124753, 26722483, 28649375, 25108225, 25146666, 24406928, 22504145, 24711541, 24502448, 27264959, 22458915, 21562205, 28939750, 26886136, 23479518, 23090382, 24138364, 24435938, 21766528, 21452914, 24130644, 24765741, 21229161, 22050820, 23339634, 21268852, 24680280, 24539309, 22039251, 22062011, 25876634, 25201817, 20839567, 21895110, 23884832, 24567299, 25542682, 23718861, 21807938, 24279406, 28760206, 24425508, 21030139];PSU;[1, 1, 1, 1, 1, 1, 1, 1, 1, 1, 1, 1, 1, 1, 1, 1, 1, 1, 1, 1, 1, 1, 1, 1, 1, 1, 1, 1, 1, 1, 1, 1, 1, 1, 1, 1, 1, 1, 1, 1, 1, 1, 1, 1, 1, 1, 1, 1, 1, 1];[8000, 8000, 8000, 8000, 8000, 8000, 8000, 8000, 8000, 8000, 8000, 8000, 8000, 8000, 8000, 8000, 8000, 8000, 8000, 8000, 8000, 8000, 8000, 8000, 8000, 8000, 8000, 8000, 8000, 8000, 8000, 8000, 8000, 8000, 8000, 8000, 8000, 8000, 8000, 8000, 8000, 8000, 8000, 8000, 8000, 8000, 8000, 8000, 8000, 8000];[72000, 72000, 72000, 72000, 72000, 72000, 72000, 72000, 72000, 72000, 72000, 72000, 72000, 72000, 72000, 72000, 72000, 72000, 72000, 72000, 72000, 72000, 72000, 72000, 72000, 72000, 72000, 72000, 72000, 72000, 72000, 72000, 72000, 72000, 72000, 72000, 72000, 72000, 72000, 72000, 72000, 72000, 72000, 72000, 72000, 72000, 72000, 72000, 72000, 72000]
T90000V100000_0.1;90000;100000;0.1;9000;81000;[16156374, 21587506, 21427974, 23089942, 23449607, 24897074, 25607571, 25935976, 27272340, 26027256, 19839326, 20948608, 24435727, 24435068, 23841331, 21247522, 20647745, 23496356, 23801440, 22925690, 21920519, 22929220, 24675189, 21492345, 19256538, 20461092, 23749420, 22539796, 22593687, 22890380, 20604634, 22951370, 26541012, 25231207, 22182103, 19113177, 19742375, 24537968, 24468318, 22435325, 20264921, 20783365, 23137743, 28526734, 23978633, 20770856, 21359613, 22394875, 21353442, 20196400];PSU;[1, 1, 1, 1, 1, 1, 1, 1, 1, 1, 1, 1, 1, 1, 1, 1, 1, 1, 1, 1, 1, 1, 1, 1, 1, 1, 1, 1, 1, 1, 1, 1, 1, 1, 1, 1, 1, 1, 1, 1, 1, 1, 1, 1, 1, 1, 1, 1, 1, 1];[9000, 9000, 9000, 9000, 9000, 9000, 9000, 9000, 9000, 9000, 9000, 9000, 9000, 9000, 9000, 9000, 9000, 9000, 9000, 9000, 9000, 9000, 9000, 9000, 9000, 9000, 9000, 9000, 9000, 9000, 9000, 9000, 9000, 9000, 9000, 9000, 9000, 9000, 9000, 9000, 9000, 9000, 9000, 9000, 9000, 9000, 9000, 9000, 9000, 9000];[81000, 81000, 81000, 81000, 81000, 81000, 81000, 81000, 81000, 81000, 81000, 81000, 81000, 81000, 81000, 81000, 81000, 81000, 81000, 81000, 81000, 81000, 81000, 81000, 81000, 81000, 81000, 81000, 81000, 81000, 81000, 81000, 81000, 81000, 81000, 81000, 81000, 81000, 81000, 81000, 81000, 81000, 81000, 81000, 81000, 81000, 81000, 81000, 81000, 81000]
T50000V100000_0.2;50000;100000;0.2;10000;40000;[22938651, 21215231, 24242635, 19145498, 20526314, 18914016, 20050588, 22789149, 19305159, 19781965, 19090487, 20421033, 19678624, 21242221, 19398851, 22609757, 20721965, 24679681, 18342808, 21357772, 24424898, 20485743, 18489910, 18101855, 19143718, 22384445, 20759536, 22168921, 22848169, 20321261, 25751493, 17083215, 23016751, 20271070, 21252171, 19908496, 18667862, 23637649, 18671813, 23581979, 21072810, 22758119, 19915347, 19118217, 24581869, 20380311, 20531853, 20751397, 18457749, 24147025];PSU;[1, 1, 1, 1, 1, 1, 1, 1, 1, 1, 1, 1, 1, 1, 1, 1, 1, 1, 1, 1, 1, 1, 1, 1, 1, 1, 1, 1, 1, 1, 1, 1, 1, 1, 1, 1, 1, 1, 1, 1, 1, 1, 1, 1, 1, 1, 1, 1, 1, 1];[10000, 10000, 10000, 10000, 10000, 10000, 10000, 10000, 10000, 10000, 10000, 10000, 10000, 10000, 10000, 10000, 10000, 10000, 10000, 10000, 10000, 10000, 10000, 10000, 10000, 10000, 10000, 10000, 10000, 10000, 10000, 10000, 10000, 10000, 10000, 10000, 10000, 10000, 10000, 10000, 10000, 10000, 10000, 10000, 10000, 10000, 10000, 10000, 10000, 10000];[40000, 40000, 40000, 40000, 40000, 40000, 40000, 40000, 40000, 40000, 40000, 40000, 40000, 40000, 40000, 40000, 40000, 40000, 40000, 40000, 40000, 40000, 40000, 40000, 40000, 40000, 40000, 40000, 40000, 40000, 40000, 40000, 40000, 40000, 40000, 40000, 40000, 40000, 40000, 40000, 40000, 40000, 40000, 40000, 40000, 40000, 40000, 40000, 40000, 40000]
T100000V100000_0.1;100000;100000;0.1;10000;90000;[30210533, 30505527, 27992508, 31495868, 31707710, 26063526, 22461056, 23784379, 26515781, 29042011, 32557070, 31521898, 29265242, 26365130, 26843246, 29441366, 28132429, 31373816, 31142733, 24811322, 24917594, 30803500, 27525344, 26026875, 27523552, 26551871, 29443176, 28519664, 25809974, 25507110, 26880237, 24834573, 24820192, 25861144, 29106191, 29057580, 28691936, 26746013, 23839890, 23377446, 25188626, 26573822, 27865527, 26774474, 28616675, 25604450, 23190574, 22541536, 25413069, 28027668];PSU;[1, 1, 1, 1, 1, 1, 1, 1, 1, 1, 1, 1, 1, 1, 1, 1, 1, 1, 1, 1, 1, 1, 1, 1, 1, 1, 1, 1, 1, 1, 1, 1, 1, 1, 1, 1, 1, 1, 1, 1, 1, 1, 1, 1, 1, 1, 1, 1, 1, 1];[10000, 10000, 10000, 10000, 10000, 10000, 10000, 10000, 10000, 10000, 10000, 10000, 10000, 10000, 10000, 10000, 10000, 10000, 10000, 10000, 10000, 10000, 10000, 10000, 10000, 10000, 10000, 10000, 10000, 10000, 10000, 10000, 10000, 10000, 10000, 10000, 10000, 10000, 10000, 10000, 10000, 10000, 10000, 10000, 10000, 10000, 10000, 10000, 10000, 10000];[90000, 90000, 90000, 90000, 90000, 90000, 90000, 90000, 90000, 90000, 90000, 90000, 90000, 90000, 90000, 90000, 90000, 90000, 90000, 90000, 90000, 90000, 90000, 90000, 90000, 90000, 90000, 90000, 90000, 90000, 90000, 90000, 90000, 90000, 90000, 90000, 90000, 90000, 90000, 90000, 90000, 90000, 90000, 90000, 90000, 90000, 90000, 90000, 90000, 90000]
T60000V100000_0.2;60000;100000;0.2;12000;48000;[22370644, 25811453, 24077874, 24127974, 23907732, 23818641, 27750484, 21919208, 20887978, 25464270, 22276703, 22100161, 24843593, 24667541, 20506353, 22755178, 22332854, 22748479, 29932780, 21614255, 20255160, 25603062, 22951500, 23729960, 23037481, 20794137, 26051847, 24391317, 22360244, 24271276, 21914519, 21739287, 25864615, 23635589, 21501695, 26202139, 23104783, 23169033, 25286217, 21269562, 21122190, 23933122, 29315653, 22372184, 23311165, 23333506, 19700034, 27918417, 21318583, 22703358];PSU;[1, 1, 1, 1, 1, 1, 1, 1, 1, 1, 1, 1, 1, 1, 1, 1, 1, 1, 1, 1, 1, 1, 1, 1, 1, 1, 1, 1, 1, 1, 1, 1, 1, 1, 1, 1, 1, 1, 1, 1, 1, 1, 1, 1, 1, 1, 1, 1, 1, 1];[12000, 12000, 12000, 12000, 12000, 12000, 12000, 12000, 12000, 12000, 12000, 12000, 12000, 12000, 12000, 12000, 12000, 12000, 12000, 12000, 12000, 12000, 12000, 12000, 12000, 12000, 12000, 12000, 12000, 12000, 12000, 12000, 12000, 12000, 12000, 12000, 12000, 12000, 12000, 12000, 12000, 12000, 12000, 12000, 12000, 12000, 12000, 12000, 12000, 12000];[48000, 48000, 48000, 48000, 48000, 48000, 48000, 48000, 48000, 48000, 48000, 48000, 48000, 48000, 48000, 48000, 48000, 48000, 48000, 48000, 48000, 48000, 48000, 48000, 48000, 48000, 48000, 48000, 48000, 48000, 48000, 48000, 48000, 48000, 48000, 48000, 48000, 48000, 48000, 48000, 48000, 48000, 48000, 48000, 48000, 48000, 48000, 48000, 48000, 48000]
T110000V100000_0.1;110000;100000;0.1;11000;99000;[28366502, 27402622, 27583474, 31374146, 30427566, 29856690, 30968992, 27815676, 28711737, 28458244, 23782451, 24552279, 28251442, 27765546, 28836648, 26064676, 25769212, 26827015, 29473926, 35164769, 30361406, 29080151, 29027190, 29357023, 29905980, 27630284, 29902210, 31762421, 29227662, 30204602, 27106968, 24219004, 24877012, 27801317, 27608754, 26831946, 26022406, 26675132, 26498701, 30610158, 32019365, 31550629, 26554983, 29820418, 27401201, 31779121, 30634779, 29596345, 28208791, 24056923];PSU;[1, 1, 1, 1, 1, 1, 1, 1, 1, 1, 1, 1, 1, 1, 1, 1, 1, 1, 1, 1, 1, 1, 1, 1, 1, 1, 1, 1, 1, 1, 1, 1, 1, 1, 1, 1, 1, 1, 1, 1, 1, 1, 1, 1, 1, 1, 1, 1, 1, 1];[11000, 11000, 11000, 11000, 11000, 11000, 11000, 11000, 11000, 11000, 11000, 11000, 11000, 11000, 11000, 11000, 11000, 11000, 11000, 11000, 11000, 11000, 11000, 11000, 11000, 11000, 11000, 11000, 11000, 11000, 11000, 11000, 11000, 11000, 11000, 11000, 11000, 11000, 11000, 11000, 11000, 11000, 11000, 11000, 11000, 11000, 11000, 11000, 11000, 11000];[99000, 99000, 99000, 99000, 99000, 99000, 99000, 99000, 99000, 99000, 99000, 99000, 99000, 99000, 99000, 99000, 99000, 99000, 99000, 99000, 99000, 99000, 99000, 99000, 99000, 99000, 99000, 99000, 99000, 99000, 99000, 99000, 99000, 99000, 99000, 99000, 99000, 99000, 99000, 99000, 99000, 99000, 99000, 99000, 99000, 99000, 99000, 99000, 99000, 99000]
T130000V100000_0.1;130000;100000;0.1;13000;117000;[29456155, 32234457, 27599844, 33028146, 29238783, 27666814, 29893331, 30849411, 29981521, 29557765, 28117530, 25000505, 26754455, 27263549, 29268972, 29499165, 32315358, 32150986, 29637437, 28408933, 27963509, 26268448, 27862666, 30987233, 30102783, 32001783, 31575578, 28385053, 29913990, 29999841, 25543660, 28373694, 28959699, 30126473, 30494957, 29616897, 29054310, 29358584, 26291850, 26634952, 26690855, 27870197, 28572105, 30053862, 30854341, 28754036, 28780518, 29268182, 25472389, 27287701];PSU;[1, 1, 1, 1, 1, 1, 1, 1, 1, 1, 1, 1, 1, 1, 1, 1, 1, 1, 1, 1, 1, 1, 1, 1, 1, 1, 1, 1, 1, 1, 1, 1, 1, 1, 1, 1, 1, 1, 1, 1, 1, 1, 1, 1, 1, 1, 1, 1, 1, 1];[13000, 13000, 13000, 13000, 13000, 13000, 13000, 13000, 13000, 13000, 13000, 13000, 13000, 13000, 13000, 13000, 13000, 13000, 13000, 13000, 13000, 13000, 13000, 13000, 13000, 13000, 13000, 13000, 13000, 13000, 13000, 13000, 13000, 13000, 13000, 13000, 13000, 13000, 13000, 13000, 13000, 13000, 13000, 13000, 13000, 13000, 13000, 13000, 13000, 13000];[117000, 117000, 117000, 117000, 117000, 117000, 117000, 117000, 117000, 117000, 117000, 117000, 117000, 117000, 117000, 117000, 117000, 117000, 117000, 117000, 117000, 117000, 117000, 117000, 117000, 117000, 117000, 117000, 117000, 117000, 117000, 117000, 117000, 117000, 117000, 117000, 117000, 117000, 117000, 117000, 117000, 117000, 117000, 117000, 117000, 117000, 117000, 117000, 117000, 117000]
T120000V100000_0.1;120000;100000;0.1;12000;108000;[27581714, 26890255, 29153441, 27667525, 24701881, 23705660, 27948688, 28459263, 28360572, 27688455, 27818637, 25707613, 25904494, 26077186, 26894506, 31068313, 30728539, 27822416, 27020567, 29546436, 24772901, 26275969, 28716086, 26858795, 29080041, 27163829, 25788554, 27437782, 28572344, 24977174, 26665863, 26483121, 27725706, 26391439, 28333762, 25732332, 29304633, 25805933, 27663185, 26903136, 29200232, 31723911, 31219775, 29104880, 29036431, 26682794, 24769462, 26765295, 25525791, 26170218];PSU;[1, 1, 1, 1, 1, 1, 1, 1, 1, 1, 1, 1, 1, 1, 1, 1, 1, 1, 1, 1, 1, 1, 1, 1, 1, 1, 1, 1, 1, 1, 1, 1, 1, 1, 1, 1, 1, 1, 1, 1, 1, 1, 1, 1, 1, 1, 1, 1, 1, 1];[12000, 12000, 12000, 12000, 12000, 12000, 12000, 12000, 12000, 12000, 12000, 12000, 12000, 12000, 12000, 12000, 12000, 12000, 12000, 12000, 12000, 12000, 12000, 12000, 12000, 12000, 12000, 12000, 12000, 12000, 12000, 12000, 12000, 12000, 12000, 12000, 12000, 12000, 12000, 12000, 12000, 12000, 12000, 12000, 12000, 12000, 12000, 12000, 12000, 12000];[108000, 108000, 108000, 108000, 108000, 108000, 108000, 108000, 108000, 108000, 108000, 108000, 108000, 108000, 108000, 108000, 108000, 108000, 108000, 108000, 108000, 108000, 108000, 108000, 108000, 108000, 108000, 108000, 108000, 108000, 108000, 108000, 108000, 108000, 108000, 108000, 108000, 108000, 108000, 108000, 108000, 108000, 108000, 108000, 108000, 108000, 108000, 108000, 108000, 108000]
T140000V100000_0.1;140000;100000;0.1;14000;126000;[26252318, 26749314, 22934310, 23695850, 24298456, 24940833, 24702760, 26804585, 25119416, 25614721, 24609619, 25294927, 24825102, 22050911, 23021271, 25306687, 24935823, 25252208, 26947886, 26395710, 29132011, 30235285, 26866805, 27712045, 26727024, 29137341, 26490160, 24372597, 23873811, 24737661, 22337544, 20996879, 22269794, 21213891, 23427516, 27087398, 28399903, 27129918, 27384592, 28426303, 26961277, 26690603, 25300258, 26069767, 23564988, 25059606, 21826108, 22773380, 25036004, 23764410];PSU;[1, 1, 1, 1, 1, 1, 1, 1, 1, 1, 1, 1, 1, 1, 1, 1, 1, 1, 1, 1, 1, 1, 1, 1, 1, 1, 1, 1, 1, 1, 1, 1, 1, 1, 1, 1, 1, 1, 1, 1, 1, 1, 1, 1, 1, 1, 1, 1, 1, 1];[14000, 14000, 14000, 14000, 14000, 14000, 14000, 14000, 14000, 14000, 14000, 14000, 14000, 14000, 14000, 14000, 14000, 14000, 14000, 14000, 14000, 14000, 14000, 14000, 14000, 14000, 14000, 14000, 14000, 14000, 14000, 14000, 14000, 14000, 14000, 14000, 14000, 14000, 14000, 14000, 14000, 14000, 14000, 14000, 14000, 14000, 14000, 14000, 14000, 14000];[126000, 126000, 126000, 126000, 126000, 126000, 126000, 126000, 126000, 126000, 126000, 126000, 126000, 126000, 126000, 126000, 126000, 126000, 126000, 126000, 126000, 126000, 126000, 126000, 126000, 126000, 126000, 126000, 126000, 126000, 126000, 126000, 126000, 126000, 126000, 126000, 126000, 126000, 126000, 126000, 126000, 126000, 126000, 126000, 126000, 126000, 126000, 126000, 126000, 126000]
T70000V100000_0.2;70000;100000;0.2;14000;56000;[25528289, 24092654, 24814401, 27788256, 25453049, 21752448, 18122626, 26902965, 22500826, 20514334, 23420357, 26533022, 22825420, 22954041, 21954120, 25844634, 23546407, 21446283, 22943321, 27381781, 21158840, 22261413, 22251874, 23424827, 25764693, 26615834, 20504223, 24521229, 24678799, 23931951, 17286416, 30694068, 23581308, 24356856, 20867507, 24827203, 24077434, 23915442, 19400071, 22054621, 22758319, 23071112, 22648218, 26277548, 24118524, 22082642, 25856224, 25490899, 19049657, 24108914];PSU;[1, 1, 1, 1, 1, 1, 1, 1, 1, 1, 1, 1, 1, 1, 1, 1, 1, 1, 1, 1, 1, 1, 1, 1, 1, 1, 1, 1, 1, 1, 1, 1, 1, 1, 1, 1, 1, 1, 1, 1, 1, 1, 1, 1, 1, 1, 1, 1, 1, 1];[14000, 14000, 14000, 14000, 14000, 14000, 14000, 14000, 14000, 14000, 14000, 14000, 14000, 14000, 14000, 14000, 14000, 14000, 14000, 14000, 14000, 14000, 14000, 14000, 14000, 14000, 14000, 14000, 14000, 14000, 14000, 14000, 14000, 14000, 14000, 14000, 14000, 14000, 14000, 14000, 14000, 14000, 14000, 14000, 14000, 14000, 14000, 14000, 14000, 14000];[56000, 56000, 56000, 56000, 56000, 56000, 56000, 56000, 56000, 56000, 56000, 56000, 56000, 56000, 56000, 56000, 56000, 56000, 56000, 56000, 56000, 56000, 56000, 56000, 56000, 56000, 56000, 56000, 56000, 56000, 56000, 56000, 56000, 56000, 56000, 56000, 56000, 56000, 56000, 56000, 56000, 56000, 56000, 56000, 56000, 56000, 56000, 56000, 56000, 56000]
T150000V100000_0.1;150000;100000;0.1;15000;135000;[28202061, 27746556, 34111908, 27839697, 25813144, 27392391, 28376293, 31071153, 26532631, 30084673, 26940327, 25236046, 28995689, 24934003, 28097359, 27170788, 31612489, 34109638, 30638008, 28692677, 27333081, 26415160, 27422461, 24943885, 28376743, 27872327, 29629047, 31260915, 25675312, 25337558, 29002960, 28919968, 35161200, 29362303, 27710944, 23398006, 24271636, 28597325, 24003953, 24100644, 26245759, 27009257, 31112293, 23836632, 27748415, 28555084, 29129910, 31379497, 29931841, 28581305];PSU;[1, 1, 1, 1, 1, 1, 1, 1, 1, 1, 1, 1, 1, 1, 1, 1, 1, 1, 1, 1, 1, 1, 1, 1, 1, 1, 1, 1, 1, 1, 1, 1, 1, 1, 1, 1, 1, 1, 1, 1, 1, 1, 1, 1, 1, 1, 1, 1, 1, 1];[15000, 15000, 15000, 15000, 15000, 15000, 15000, 15000, 15000, 15000, 15000, 15000, 15000, 15000, 15000, 15000, 15000, 15000, 15000, 15000, 15000, 15000, 15000, 15000, 15000, 15000, 15000, 15000, 15000, 15000, 15000, 15000, 15000, 15000, 15000, 15000, 15000, 15000, 15000, 15000, 15000, 15000, 15000, 15000, 15000, 15000, 15000, 15000, 15000, 15000];[135000, 135000, 135000, 135000, 135000, 135000, 135000, 135000, 135000, 135000, 135000, 135000, 135000, 135000, 135000, 135000, 135000, 135000, 135000, 135000, 135000, 135000, 135000, 135000, 135000, 135000, 135000, 135000, 135000, 135000, 135000, 135000, 135000, 135000, 135000, 135000, 135000, 135000, 135000, 135000, 135000, 135000, 135000, 135000, 135000, 135000, 135000, 135000, 135000, 135000]
T50000V100000_0.3;50000;100000;0.3;15000;35000;[21868639, 18035845, 18648273, 23655309, 24336107, 18138655, 23304755, 19419650, 21009440, 19631824, 22134201, 21779758, 19526763, 21702747, 18047145, 20788817, 18693843, 17924144, 22907100, 21696127, 17089813, 21209471, 19183308, 19784546, 20201800, 21548445, 15802119, 21376994, 23199024, 18061875, 19860505, 22030791, 19790135, 19113908, 21967400, 16327936, 19928167, 19214529, 21748047, 19944737, 22858579, 18028224, 20603005, 16797350, 18894825, 21363522, 23364106, 16521129, 23219433, 24010523];PSU;[1, 1, 1, 1, 1, 1, 1, 1, 1, 1, 1, 1, 1, 1, 1, 1, 1, 1, 1, 1, 1, 1, 1, 1, 1, 1, 1, 1, 1, 1, 1, 1, 1, 1, 1, 1, 1, 1, 1, 1, 1, 1, 1, 1, 1, 1, 1, 1, 1, 1];[15000, 15000, 15000, 15000, 15000, 15000, 15000, 15000, 15000, 15000, 15000, 15000, 15000, 15000, 15000, 15000, 15000, 15000, 15000, 15000, 15000, 15000, 15000, 15000, 15000, 15000, 15000, 15000, 15000, 15000, 15000, 15000, 15000, 15000, 15000, 15000, 15000, 15000, 15000, 15000, 15000, 15000, 15000, 15000, 15000, 15000, 15000, 15000, 15000, 15000];[35000, 35000, 35000, 35000, 35000, 35000, 35000, 35000, 35000, 35000, 35000, 35000, 35000, 35000, 35000, 35000, 35000, 35000, 35000, 35000, 35000, 35000, 35000, 35000, 35000, 35000, 35000, 35000, 35000, 35000, 35000, 35000, 35000, 35000, 35000, 35000, 35000, 35000, 35000, 35000, 35000, 35000, 35000, 35000, 35000, 35000, 35000, 35000, 35000, 35000]
T80000V100000_0.2;80000;100000;0.2;16000;64000;[29840259, 27346911, 25179796, 26985496, 25528030, 31457088, 27455212, 28750406, 23555468, 26248488, 27564933, 26443611, 32772382, 27294921, 27284510, 25396519, 25041094, 27792646, 30222563, 29308643, 25911564, 27066808, 27782695, 23408626, 27025786, 30274135, 25166116, 24447257, 25910865, 27078307, 28490795, 26136337, 31323377, 28307951, 27650485, 24032583, 26168327, 30646898, 25772522, 24820853, 26793944, 28513805, 26076018, 24695692, 30087822, 29648727, 26093947, 28388212, 26140877, 25185496];PSU;[1, 1, 1, 1, 1, 1, 1, 1, 1, 1, 1, 1, 1, 1, 1, 1, 1, 1, 1, 1, 1, 1, 1, 1, 1, 1, 1, 1, 1, 1, 1, 1, 1, 1, 1, 1, 1, 1, 1, 1, 1, 1, 1, 1, 1, 1, 1, 1, 1, 1];[16000, 16000, 16000, 16000, 16000, 16000, 16000, 16000, 16000, 16000, 16000, 16000, 16000, 16000, 16000, 16000, 16000, 16000, 16000, 16000, 16000, 16000, 16000, 16000, 16000, 16000, 16000, 16000, 16000, 16000, 16000, 16000, 16000, 16000, 16000, 16000, 16000, 16000, 16000, 16000, 16000, 16000, 16000, 16000, 16000, 16000, 16000, 16000, 16000, 16000];[64000, 64000, 64000, 64000, 64000, 64000, 64000, 64000, 64000, 64000, 64000, 64000, 64000, 64000, 64000, 64000, 64000, 64000, 64000, 64000, 64000, 64000, 64000, 64000, 64000, 64000, 64000, 64000, 64000, 64000, 64000, 64000, 64000, 64000, 64000, 64000, 64000, 64000, 64000, 64000, 64000, 64000, 64000, 64000, 64000, 64000, 64000, 64000, 64000, 64000]
T90000V100000_0.2;90000;100000;0.2;18000;72000;[28021029, 26646753, 27206640, 32716651, 28648196, 29042311, 27679015, 29136450, 28701406, 23883771, 23393005, 26825324, 30050502, 33853044, 30558497, 27812357, 26383691, 26181578, 26169117, 27053658, 24510179, 24627879, 29173492, 29550135, 29345853, 25913555, 30381115, 30047492, 29538795, 27433102, 27554723, 26763114, 30829410, 29130281, 26545802, 28525824, 29259743, 32263097, 31158244, 27605444, 28812548, 26821605, 25028315, 25876394, 30577367, 28674747, 27976218, 26255619, 27707025, 30169172];PSU;[1, 1, 1, 1, 1, 1, 1, 1, 1, 1, 1, 1, 1, 1, 1, 1, 1, 1, 1, 1, 1, 1, 1, 1, 1, 1, 1, 1, 1, 1, 1, 1, 1, 1, 1, 1, 1, 1, 1, 1, 1, 1, 1, 1, 1, 1, 1, 1, 1, 1];[18000, 18000, 18000, 18000, 18000, 18000, 18000, 18000, 18000, 18000, 18000, 18000, 18000, 18000, 18000, 18000, 18000, 18000, 18000, 18000, 18000, 18000, 18000, 18000, 18000, 18000, 18000, 18000, 18000, 18000, 18000, 18000, 18000, 18000, 18000, 18000, 18000, 18000, 18000, 18000, 18000, 18000, 18000, 18000, 18000, 18000, 18000, 18000, 18000, 18000];[72000, 72000, 72000, 72000, 72000, 72000, 72000, 72000, 72000, 72000, 72000, 72000, 72000, 72000, 72000, 72000, 72000, 72000, 72000, 72000, 72000, 72000, 72000, 72000, 72000, 72000, 72000, 72000, 72000, 72000, 72000, 72000, 72000, 72000, 72000, 72000, 72000, 72000, 72000, 72000, 72000, 72000, 72000, 72000, 72000, 72000, 72000, 72000, 72000, 72000]
T60000V100000_0.3;60000;100000;0.3;18000;42000;[24153054, 22574457, 25846923, 24820862, 22379415, 23715301, 20779397, 21735307, 21684267, 23391116, 26059066, 23630000, 23780540, 23084563, 18615882, 24804803, 22288723, 20913147, 23042922, 24401737, 25240608, 21973920, 22587596, 21045258, 22909781, 25120076, 20534723, 25487870, 22280942, 19851906, 25647641, 23893901, 21302761, 23735980, 23170693, 19939118, 24038512, 21823827, 22209572, 24562410, 23482157, 20429883, 23247575, 27963358, 21585785, 22025610, 22804689, 20782327, 23285115, 25382879];PSU;[1, 1, 1, 1, 1, 1, 1, 1, 1, 1, 1, 1, 1, 1, 1, 1, 1, 1, 1, 1, 1, 1, 1, 1, 1, 1, 1, 1, 1, 1, 1, 1, 1, 1, 1, 1, 1, 1, 1, 1, 1, 1, 1, 1, 1, 1, 1, 1, 1, 1];[18000, 18000, 18000, 18000, 18000, 18000, 18000, 18000, 18000, 18000, 18000, 18000, 18000, 18000, 18000, 18000, 18000, 18000, 18000, 18000, 18000, 18000, 18000, 18000, 18000, 18000, 18000, 18000, 18000, 18000, 18000, 18000, 18000, 18000, 18000, 18000, 18000, 18000, 18000, 18000, 18000, 18000, 18000, 18000, 18000, 18000, 18000, 18000, 18000, 18000];[42000, 42000, 42000, 42000, 42000, 42000, 42000, 42000, 42000, 42000, 42000, 42000, 42000, 42000, 42000, 42000, 42000, 42000, 42000, 42000, 42000, 42000, 42000, 42000, 42000, 42000, 42000, 42000, 42000, 42000, 42000, 42000, 42000, 42000, 42000, 42000, 42000, 42000, 42000, 42000, 42000, 42000, 42000, 42000, 42000, 42000, 42000, 42000, 42000, 42000]
T100000V100000_0.2;100000;100000;0.2;20000;80000;[28549734, 32770713, 34444232, 35143419, 37673929, 33345329, 31572218, 31931354, 33334869, 32884044, 32727682, 32442559, 32391728, 31738581, 32276308, 30402516, 32208586, 31420958, 31952633, 32224067, 32663102, 31156715, 30533917, 30205503, 29470924, 36247352, 36811587, 35202320, 30076702, 32687972, 32678141, 32744263, 30345464, 29708097, 30498976, 30799280, 28973159, 33508860, 32279127, 35326381, 33865844, 28339302, 31185304, 33511210, 33457000, 33019005, 32384529, 30452396, 29240783, 29349344];PSU;[1, 1, 1, 1, 1, 1, 1, 1, 1, 1, 1, 1, 1, 1, 1, 1, 1, 1, 1, 1, 1, 1, 1, 1, 1, 1, 1, 1, 1, 1, 1, 1, 1, 1, 1, 1, 1, 1, 1, 1, 1, 1, 1, 1, 1, 1, 1, 1, 1, 1];[20000, 20000, 20000, 20000, 20000, 20000, 20000, 20000, 20000, 20000, 20000, 20000, 20000, 20000, 20000, 20000, 20000, 20000, 20000, 20000, 20000, 20000, 20000, 20000, 20000, 20000, 20000, 20000, 20000, 20000, 20000, 20000, 20000, 20000, 20000, 20000, 20000, 20000, 20000, 20000, 20000, 20000, 20000, 20000, 20000, 20000, 20000, 20000, 20000, 20000];[80000, 80000, 80000, 80000, 80000, 80000, 80000, 80000, 80000, 80000, 80000, 80000, 80000, 80000, 80000, 80000, 80000, 80000, 80000, 80000, 80000, 80000, 80000, 80000, 80000, 80000, 80000, 80000, 80000, 80000, 80000, 80000, 80000, 80000, 80000, 80000, 80000, 80000, 80000, 80000, 80000, 80000, 80000, 80000, 80000, 80000, 80000, 80000, 80000, 80000]
T50000V100000_0.4;50000;100000;0.4;20000;30000;[21488274, 20987679, 23714569, 19516852, 18096786, 18494181, 21300482, 21901609, 20432362, 19422271, 20274399, 23121023, 18958825, 20777637, 20082278, 20294411, 20417841, 18748492, 22118821, 18819863, 22006840, 20247350, 18305978, 20531044, 24682451, 19068796, 22548196, 20434942, 22382265, 19881476, 21364674, 18431340, 20857347, 22056181, 19720474, 19334491, 21584576, 21878988, 18749923, 21164951, 21359953, 18724523, 21926920, 20801227, 19576462, 24652571, 19956226, 21944641, 19006276, 22351114];PSU;[1, 1, 1, 1, 1, 1, 1, 1, 1, 1, 1, 1, 1, 1, 1, 1, 1, 1, 1, 1, 1, 1, 1, 1, 1, 1, 1, 1, 1, 1, 1, 1, 1, 1, 1, 1, 1, 1, 1, 1, 1, 1, 1, 1, 1, 1, 1, 1, 1, 1];[20000, 20000, 20000, 20000, 20000, 20000, 20000, 20000, 20000, 20000, 20000, 20000, 20000, 20000, 20000, 20000, 20000, 20000, 20000, 20000, 20000, 20000, 20000, 20000, 20000, 20000, 20000, 20000, 20000, 20000, 20000, 20000, 20000, 20000, 20000, 20000, 20000, 20000, 20000, 20000, 20000, 20000, 20000, 20000, 20000, 20000, 20000, 20000, 20000, 20000];[30000, 30000, 30000, 30000, 30000, 30000, 30000, 30000, 30000, 30000, 30000, 30000, 30000, 30000, 30000, 30000, 30000, 30000, 30000, 30000, 30000, 30000, 30000, 30000, 30000, 30000, 30000, 30000, 30000, 30000, 30000, 30000, 30000, 30000, 30000, 30000, 30000, 30000, 30000, 30000, 30000, 30000, 30000, 30000, 30000, 30000, 30000, 30000, 30000, 30000]
T70000V100000_0.3;70000;100000;0.3;21000;49000;[23707490, 23856641, 20918828, 25015704, 25042535, 24085704, 23544808, 28917769, 28184990, 25121036, 21657666, 23403436, 26176547, 24833212, 23603388, 28672267, 23076542, 24052712, 25054405, 27994639, 27100957, 23010261, 22719498, 27053507, 25207007, 21658306, 25889015, 24291956, 24391787, 30029022, 24215925, 25426069, 26179057, 25790883, 21837619, 26171597, 29840709, 26777234, 26491451, 27209988, 23334435, 21888559, 24390128, 26288819, 26283930, 28549045, 22924390, 23481797, 26407891, 24561070];PSU;[1, 1, 1, 1, 1, 1, 1, 1, 1, 1, 1, 1, 1, 1, 1, 1, 1, 1, 1, 1, 1, 1, 1, 1, 1, 1, 1, 1, 1, 1, 1, 1, 1, 1, 1, 1, 1, 1, 1, 1, 1, 1, 1, 1, 1, 1, 1, 1, 1, 1];[21000, 21000, 21000, 21000, 21000, 21000, 21000, 21000, 21000, 21000, 21000, 21000, 21000, 21000, 21000, 21000, 21000, 21000, 21000, 21000, 21000, 21000, 21000, 21000, 21000, 21000, 21000, 21000, 21000, 21000, 21000, 21000, 21000, 21000, 21000, 21000, 21000, 21000, 21000, 21000, 21000, 21000, 21000, 21000, 21000, 21000, 21000, 21000, 21000, 21000];[49000, 49000, 49000, 49000, 49000, 49000, 49000, 49000, 49000, 49000, 49000, 49000, 49000, 49000, 49000, 49000, 49000, 49000, 49000, 49000, 49000, 49000, 49000, 49000, 49000, 49000, 49000, 49000, 49000, 49000, 49000, 49000, 49000, 49000, 49000, 49000, 49000, 49000, 49000, 49000, 49000, 49000, 49000, 49000, 49000, 49000, 49000, 49000, 49000, 49000]
T110000V100000_0.2;110000;100000;0.2;22000;88000;[32250946, 29981811, 30568197, 31748591, 31993353, 33767094, 35573034, 32150676, 30133283, 29266582, 30512887, 32139205, 32186795, 31961623, 33480931, 34462222, 34972887, 35586674, 35883867, 31208705, 31248315, 35507543, 33016976, 34896216, 34846886, 33066896, 34394421, 34424861, 31689010, 34703823, 35304732, 32384658, 31474889, 30989642, 31335376, 31991254, 35201601, 35375352, 34696264, 27116507, 30102022, 34281469, 33224968, 33920416, 35086029, 34578463, 31437216, 37693908, 34405521, 33702262];PSU;[1, 1, 1, 1, 1, 1, 1, 1, 1, 1, 1, 1, 1, 1, 1, 1, 1, 1, 1, 1, 1, 1, 1, 1, 1, 1, 1, 1, 1, 1, 1, 1, 1, 1, 1, 1, 1, 1, 1, 1, 1, 1, 1, 1, 1, 1, 1, 1, 1, 1];[22000, 22000, 22000, 22000, 22000, 22000, 22000, 22000, 22000, 22000, 22000, 22000, 22000, 22000, 22000, 22000, 22000, 22000, 22000, 22000, 22000, 22000, 22000, 22000, 22000, 22000, 22000, 22000, 22000, 22000, 22000, 22000, 22000, 22000, 22000, 22000, 22000, 22000, 22000, 22000, 22000, 22000, 22000, 22000, 22000, 22000, 22000, 22000, 22000, 22000];[88000, 88000, 88000, 88000, 88000, 88000, 88000, 88000, 88000, 88000, 88000, 88000, 88000, 88000, 88000, 88000, 88000, 88000, 88000, 88000, 88000, 88000, 88000, 88000, 88000, 88000, 88000, 88000, 88000, 88000, 88000, 88000, 88000, 88000, 88000, 88000, 88000, 88000, 88000, 88000, 88000, 88000, 88000, 88000, 88000, 88000, 88000, 88000, 88000, 88000]
T130000V100000_0.2;130000;100000;0.2;26000;104000;[30848891, 28943570, 28906199, 36131010, 36297693, 40110546, 34472801, 35290380, 38015282, 31571849, 40657643, 35018668, 36421083, 35013748, 32634891, 36714437, 31581209, 29935741, 31726980, 33948386, 38948094, 32818583, 31930262, 29205892, 31332017, 36371663, 35335853, 35291781, 36432264, 35897429, 40777793, 33729233, 35670705, 34150887, 32294416, 40277578, 35361392, 34596134, 34140828, 32958654, 39278026, 31282136, 28910119, 29267173, 32680661, 39760642, 35675256, 37151442, 34627164, 32034713];PSU;[1, 1, 1, 1, 1, 1, 1, 1, 1, 1, 1, 1, 1, 1, 1, 1, 1, 1, 1, 1, 1, 1, 1, 1, 1, 1, 1, 1, 1, 1, 1, 1, 1, 1, 1, 1, 1, 1, 1, 1, 1, 1, 1, 1, 1, 1, 1, 1, 1, 1];[26000, 26000, 26000, 26000, 26000, 26000, 26000, 26000, 26000, 26000, 26000, 26000, 26000, 26000, 26000, 26000, 26000, 26000, 26000, 26000, 26000, 26000, 26000, 26000, 26000, 26000, 26000, 26000, 26000, 26000, 26000, 26000, 26000, 26000, 26000, 26000, 26000, 26000, 26000, 26000, 26000, 26000, 26000, 26000, 26000, 26000, 26000, 26000, 26000, 26000];[104000, 104000, 104000, 104000, 104000, 104000, 104000, 104000, 104000, 104000, 104000, 104000, 104000, 104000, 104000, 104000, 104000, 104000, 104000, 104000, 104000, 104000, 104000, 104000, 104000, 104000, 104000, 104000, 104000, 104000, 104000, 104000, 104000, 104000, 104000, 104000, 104000, 104000, 104000, 104000, 104000, 104000, 104000, 104000, 104000, 104000, 104000, 104000, 104000, 104000]
T120000V100000_0.2;120000;100000;0.2;24000;96000;[31656289, 27904907, 31133393, 37072861, 36144931, 32939135, 34342720, 37878600, 33341398, 34128218, 32650341, 31146054, 34518232, 33948935, 36110501, 35422213, 34368021, 35136199, 35623355, 34513973, 38069482, 35586514, 34630744, 35385911, 33442720, 34599394, 31724942, 33900155, 34867377, 32239587, 31601959, 31879293, 36021429, 32429348, 31951743, 31641209, 33015535, 33981967, 34772665, 33586952, 37543858, 36305823, 35151189, 31515378, 34116878, 35250650, 34386361, 30917612, 35376422, 36444824];PSU;[1, 1, 1, 1, 1, 1, 1, 1, 1, 1, 1, 1, 1, 1, 1, 1, 1, 1, 1, 1, 1, 1, 1, 1, 1, 1, 1, 1, 1, 1, 1, 1, 1, 1, 1, 1, 1, 1, 1, 1, 1, 1, 1, 1, 1, 1, 1, 1, 1, 1];[24000, 24000, 24000, 24000, 24000, 24000, 24000, 24000, 24000, 24000, 24000, 24000, 24000, 24000, 24000, 24000, 24000, 24000, 24000, 24000, 24000, 24000, 24000, 24000, 24000, 24000, 24000, 24000, 24000, 24000, 24000, 24000, 24000, 24000, 24000, 24000, 24000, 24000, 24000, 24000, 24000, 24000, 24000, 24000, 24000, 24000, 24000, 24000, 24000, 24000];[96000, 96000, 96000, 96000, 96000, 96000, 96000, 96000, 96000, 96000, 96000, 96000, 96000, 96000, 96000, 96000, 96000, 96000, 96000, 96000, 96000, 96000, 96000, 96000, 96000, 96000, 96000, 96000, 96000, 96000, 96000, 96000, 96000, 96000, 96000, 96000, 96000, 96000, 96000, 96000, 96000, 96000, 96000, 96000, 96000, 96000, 96000, 96000, 96000, 96000]
T140000V100000_0.2;140000;100000;0.2;28000;112000;[32670001, 34206738, 33054716, 32148086, 31914203, 31460537, 29037700, 32956325, 31998853, 31256915, 32524020, 32876173, 32682291, 33814274, 30432695, 29271292, 31283376, 32084545, 33038516, 32076784, 33680013, 32851143, 34382232, 33763844, 34726906, 35103568, 35269591, 33785054, 36018399, 32823173, 29790679, 29024190, 28471113, 32851823, 35987379, 35346862, 33650513, 32702732, 31056843, 31610230, 30748779, 28469713, 31723530, 31890313, 30094682, 30427747, 33812824, 35881218, 34736634, 36209671];PSU;[1, 1, 1, 1, 1, 1, 1, 1, 1, 1, 1, 1, 1, 1, 1, 1, 1, 1, 1, 1, 1, 1, 1, 1, 1, 1, 1, 1, 1, 1, 1, 1, 1, 1, 1, 1, 1, 1, 1, 1, 1, 1, 1, 1, 1, 1, 1, 1, 1, 1];[28000, 28000, 28000, 28000, 28000, 28000, 28000, 28000, 28000, 28000, 28000, 28000, 28000, 28000, 28000, 28000, 28000, 28000, 28000, 28000, 28000, 28000, 28000, 28000, 28000, 28000, 28000, 28000, 28000, 28000, 28000, 28000, 28000, 28000, 28000, 28000, 28000, 28000, 28000, 28000, 28000, 28000, 28000, 28000, 28000, 28000, 28000, 28000, 28000, 28000];[112000, 112000, 112000, 112000, 112000, 112000, 112000, 112000, 112000, 112000, 112000, 112000, 112000, 112000, 112000, 112000, 112000, 112000, 112000, 112000, 112000, 112000, 112000, 112000, 112000, 112000, 112000, 112000, 112000, 112000, 112000, 112000, 112000, 112000, 112000, 112000, 112000, 112000, 112000, 112000, 112000, 112000, 112000, 112000, 112000, 112000, 112000, 112000, 112000, 112000]
T60000V100000_0.4;60000;100000;0.4;24000;36000;[22466795, 25665122, 22753840, 22759870, 24589519, 22075901, 25237127, 24098644, 22366533, 24200615, 22707198, 20719055, 23100753, 23741030, 25221717, 23776590, 20983638, 24134315, 22894841, 21324003, 23446617, 27565454, 22980571, 25194396, 23162503, 21166520, 23181093, 20753917, 21879748, 22572576, 23181463, 22899630, 24397028, 21125820, 25127696, 28036349, 24854322, 22043630, 23290824, 23586239, 21097859, 21458064, 24326547, 29870959, 23194214, 23751500, 22681797, 22125620, 24301387, 21056789];PSU;[1, 1, 1, 1, 1, 1, 1, 1, 1, 1, 1, 1, 1, 1, 1, 1, 1, 1, 1, 1, 1, 1, 1, 1, 1, 1, 1, 1, 1, 1, 1, 1, 1, 1, 1, 1, 1, 1, 1, 1, 1, 1, 1, 1, 1, 1, 1, 1, 1, 1];[24000, 24000, 24000, 24000, 24000, 24000, 24000, 24000, 24000, 24000, 24000, 24000, 24000, 24000, 24000, 24000, 24000, 24000, 24000, 24000, 24000, 24000, 24000, 24000, 24000, 24000, 24000, 24000, 24000, 24000, 24000, 24000, 24000, 24000, 24000, 24000, 24000, 24000, 24000, 24000, 24000, 24000, 24000, 24000, 24000, 24000, 24000, 24000, 24000, 24000];[36000, 36000, 36000, 36000, 36000, 36000, 36000, 36000, 36000, 36000, 36000, 36000, 36000, 36000, 36000, 36000, 36000, 36000, 36000, 36000, 36000, 36000, 36000, 36000, 36000, 36000, 36000, 36000, 36000, 36000, 36000, 36000, 36000, 36000, 36000, 36000, 36000, 36000, 36000, 36000, 36000, 36000, 36000, 36000, 36000, 36000, 36000, 36000, 36000, 36000]
T80000V100000_0.3;80000;100000;0.3;24000;56000;[28200620, 28433013, 29795959, 31053634, 30351205, 28824729, 30133033, 26907296, 27123408, 28512264, 27220060, 30685769, 31151644, 29686039, 27359000, 28117389, 31746040, 31462298, 32175016, 29533586, 29559436, 26892046, 29029141, 29057311, 29163891, 29175792, 31567268, 29365894, 25899094, 30830511, 28305981, 27804096, 28198381, 29187972, 27342311, 29095311, 30588608, 30575467, 28262620, 27688445, 29515425, 29062571, 30345154, 37170942, 28200980, 26136348, 27593284, 30707158, 28274181, 27579273];PSU;[1, 1, 1, 1, 1, 1, 1, 1, 1, 1, 1, 1, 1, 1, 1, 1, 1, 1, 1, 1, 1, 1, 1, 1, 1, 1, 1, 1, 1, 1, 1, 1, 1, 1, 1, 1, 1, 1, 1, 1, 1, 1, 1, 1, 1, 1, 1, 1, 1, 1];[24000, 24000, 24000, 24000, 24000, 24000, 24000, 24000, 24000, 24000, 24000, 24000, 24000, 24000, 24000, 24000, 24000, 24000, 24000, 24000, 24000, 24000, 24000, 24000, 24000, 24000, 24000, 24000, 24000, 24000, 24000, 24000, 24000, 24000, 24000, 24000, 24000, 24000, 24000, 24000, 24000, 24000, 24000, 24000, 24000, 24000, 24000, 24000, 24000, 24000];[56000, 56000, 56000, 56000, 56000, 56000, 56000, 56000, 56000, 56000, 56000, 56000, 56000, 56000, 56000, 56000, 56000, 56000, 56000, 56000, 56000, 56000, 56000, 56000, 56000, 56000, 56000, 56000, 56000, 56000, 56000, 56000, 56000, 56000, 56000, 56000, 56000, 56000, 56000, 56000, 56000, 56000, 56000, 56000, 56000, 56000, 56000, 56000, 56000, 56000]
T90000V100000_0.3;90000;100000;0.3;27000;63000;[28547175, 28596445, 30508526, 32479959, 31111284, 27868186, 31414666, 30993572, 30462406, 29355544, 31271185, 29213122, 30817410, 27496963, 31112214, 30124083, 31523279, 31080834, 28741006, 32763413, 31487197, 26416420, 26863776, 29171421, 30542887, 30858551, 30170482, 32552371, 32759732, 29727828, 28657216, 30476426, 31490618, 30925222, 28974470, 30979542, 30552407, 25093725, 27256350, 28610466, 32148766, 31839522, 31679020, 28006868, 30957122, 32178936, 36950109, 32481779, 27688014, 28574295];PSU;[1, 1, 1, 1, 1, 1, 1, 1, 1, 1, 1, 1, 1, 1, 1, 1, 1, 1, 1, 1, 1, 1, 1, 1, 1, 1, 1, 1, 1, 1, 1, 1, 1, 1, 1, 1, 1, 1, 1, 1, 1, 1, 1, 1, 1, 1, 1, 1, 1, 1];[27000, 27000, 27000, 27000, 27000, 27000, 27000, 27000, 27000, 27000, 27000, 27000, 27000, 27000, 27000, 27000, 27000, 27000, 27000, 27000, 27000, 27000, 27000, 27000, 27000, 27000, 27000, 27000, 27000, 27000, 27000, 27000, 27000, 27000, 27000, 27000, 27000, 27000, 27000, 27000, 27000, 27000, 27000, 27000, 27000, 27000, 27000, 27000, 27000, 27000];[63000, 63000, 63000, 63000, 63000, 63000, 63000, 63000, 63000, 63000, 63000, 63000, 63000, 63000, 63000, 63000, 63000, 63000, 63000, 63000, 63000, 63000, 63000, 63000, 63000, 63000, 63000, 63000, 63000, 63000, 63000, 63000, 63000, 63000, 63000, 63000, 63000, 63000, 63000, 63000, 63000, 63000, 63000, 63000, 63000, 63000, 63000, 63000, 63000, 63000]
T150000V100000_0.2;150000;100000;0.2;30000;120000;[37774490, 38083833, 33725874, 42283231, 34645934, 34060538, 36713317, 34693424, 38600178, 33018075, 34171258, 37788761, 34001596, 39811392, 36188771, 36379194, 35267701, 32047354, 36099801, 32981644, 33912435, 34898207, 34523952, 41242189, 35718346, 37145172, 37195722, 37211713, 38899493, 33212359, 35154380, 38209195, 35264131, 39433929, 34608752, 33757253, 34734135, 36822999, 44396625, 37711099, 35622716, 31664230, 32260666, 37634638, 33285599, 33051325, 31969144, 33669783, 38746240, 34388401];PSU;[1, 1, 1, 1, 1, 1, 1, 1, 1, 1, 1, 1, 1, 1, 1, 1, 1, 1, 1, 1, 1, 1, 1, 1, 1, 1, 1, 1, 1, 1, 1, 1, 1, 1, 1, 1, 1, 1, 1, 1, 1, 1, 1, 1, 1, 1, 1, 1, 1, 1];[30000, 30000, 30000, 30000, 30000, 30000, 30000, 30000, 30000, 30000, 30000, 30000, 30000, 30000, 30000, 30000, 30000, 30000, 30000, 30000, 30000, 30000, 30000, 30000, 30000, 30000, 30000, 30000, 30000, 30000, 30000, 30000, 30000, 30000, 30000, 30000, 30000, 30000, 30000, 30000, 30000, 30000, 30000, 30000, 30000, 30000, 30000, 30000, 30000, 30000];[120000, 120000, 120000, 120000, 120000, 120000, 120000, 120000, 120000, 120000, 120000, 120000, 120000, 120000, 120000, 120000, 120000, 120000, 120000, 120000, 120000, 120000, 120000, 120000, 120000, 120000, 120000, 120000, 120000, 120000, 120000, 120000, 120000, 120000, 120000, 120000, 120000, 120000, 120000, 120000, 120000, 120000, 120000, 120000, 120000, 120000, 120000, 120000, 120000, 120000]
T50000V100000_0.5;50000;100000;0.5;25000;25000;[20459682, 20158509, 21147271, 18883895, 20918588, 23144052, 19006646, 22650707, 25281277, 18418300, 20255411, 21604665, 17016873, 21342952, 19657813, 16691059, 21189041, 23581977, 20055897, 21671807, 18669763, 21340322, 17560489, 22562596, 20447401, 17363719, 22255603, 16946883, 20187850, 19575622, 20236750, 21393133, 22253413, 19163528, 23679809, 18805754, 23125353, 21043159, 18026015, 17027313, 20811236, 22357504, 21336302, 21375874, 21381683, 19301620, 21992501, 21594805, 18964895, 22025621];PSU;[1, 1, 1, 1, 1, 1, 1, 1, 1, 1, 1, 1, 1, 1, 1, 1, 1, 1, 1, 1, 1, 1, 1, 1, 1, 1, 1, 1, 1, 1, 1, 1, 1, 1, 1, 1, 1, 1, 1, 1, 1, 1, 1, 1, 1, 1, 1, 1, 1, 1];[25000, 25000, 25000, 25000, 25000, 25000, 25000, 25000, 25000, 25000, 25000, 25000, 25000, 25000, 25000, 25000, 25000, 25000, 25000, 25000, 25000, 25000, 25000, 25000, 25000, 25000, 25000, 25000, 25000, 25000, 25000, 25000, 25000, 25000, 25000, 25000, 25000, 25000, 25000, 25000, 25000, 25000, 25000, 25000, 25000, 25000, 25000, 25000, 25000, 25000];[25000, 25000, 25000, 25000, 25000, 25000, 25000, 25000, 25000, 25000, 25000, 25000, 25000, 25000, 25000, 25000, 25000, 25000, 25000, 25000, 25000, 25000, 25000, 25000, 25000, 25000, 25000, 25000, 25000, 25000, 25000, 25000, 25000, 25000, 25000, 25000, 25000, 25000, 25000, 25000, 25000, 25000, 25000, 25000, 25000, 25000, 25000, 25000, 25000, 25000]
T70000V100000_0.4;70000;100000;0.4;28000;42000;[22110602, 23176003, 22499626, 22560906, 24200655, 26926276, 23944422, 24605359, 19155738, 23203794, 23446297, 24393327, 24362877, 22279973, 23493606, 24828953, 20282290, 21787748, 27776325, 22372874, 20330181, 22696229, 23470306, 24317866, 23916502, 18646011, 22514067, 25684793, 24905513, 23340716, 23665759, 23906732, 20515273, 21575235, 25196797, 22439676, 24380847, 25657102, 20864027, 25538530, 24991523, 22778249, 26113187, 22176861, 23151035, 24830582, 21589475, 22223442, 25824223, 24704171];PSU;[1, 1, 1, 1, 1, 1, 1, 1, 1, 1, 1, 1, 1, 1, 1, 1, 1, 1, 1, 1, 1, 1, 1, 1, 1, 1, 1, 1, 1, 1, 1, 1, 1, 1, 1, 1, 1, 1, 1, 1, 1, 1, 1, 1, 1, 1, 1, 1, 1, 1];[28000, 28000, 28000, 28000, 28000, 28000, 28000, 28000, 28000, 28000, 28000, 28000, 28000, 28000, 28000, 28000, 28000, 28000, 28000, 28000, 28000, 28000, 28000, 28000, 28000, 28000, 28000, 28000, 28000, 28000, 28000, 28000, 28000, 28000, 28000, 28000, 28000, 28000, 28000, 28000, 28000, 28000, 28000, 28000, 28000, 28000, 28000, 28000, 28000, 28000];[42000, 42000, 42000, 42000, 42000, 42000, 42000, 42000, 42000, 42000, 42000, 42000, 42000, 42000, 42000, 42000, 42000, 42000, 42000, 42000, 42000, 42000, 42000, 42000, 42000, 42000, 42000, 42000, 42000, 42000, 42000, 42000, 42000, 42000, 42000, 42000, 42000, 42000, 42000, 42000, 42000, 42000, 42000, 42000, 42000, 42000, 42000, 42000, 42000, 42000]
T100000V100000_0.3;100000;100000;0.3;30000;70000;[33297319, 33328960, 35598485, 34047477, 32761933, 32987675, 36452613, 33901315, 32820943, 29436075, 31867422, 32347517, 31687890, 31458046, 33420030, 31200825, 34472781, 33322498, 33113406, 30808130, 31724290, 31692610, 36061900, 35260181, 33866466, 34115717, 30531528, 30430626, 30919291, 33707772, 34353191, 35727075, 32378998, 33498720, 32854354, 27877888, 31646510, 32993745, 34727425, 36515555, 37247454, 35706986, 30964072, 28739148, 33344198, 29850760, 33202037, 32526360, 33844244, 31020073];PSU;[1, 1, 1, 1, 1, 1, 1, 1, 1, 1, 1, 1, 1, 1, 1, 1, 1, 1, 1, 1, 1, 1, 1, 1, 1, 1, 1, 1, 1, 1, 1, 1, 1, 1, 1, 1, 1, 1, 1, 1, 1, 1, 1, 1, 1, 1, 1, 1, 1, 1];[30000, 30000, 30000, 30000, 30000, 30000, 30000, 30000, 30000, 30000, 30000, 30000, 30000, 30000, 30000, 30000, 30000, 30000, 30000, 30000, 30000, 30000, 30000, 30000, 30000, 30000, 30000, 30000, 30000, 30000, 30000, 30000, 30000, 30000, 30000, 30000, 30000, 30000, 30000, 30000, 30000, 30000, 30000, 30000, 30000, 30000, 30000, 30000, 30000, 30000];[70000, 70000, 70000, 70000, 70000, 70000, 70000, 70000, 70000, 70000, 70000, 70000, 70000, 70000, 70000, 70000, 70000, 70000, 70000, 70000, 70000, 70000, 70000, 70000, 70000, 70000, 70000, 70000, 70000, 70000, 70000, 70000, 70000, 70000, 70000, 70000, 70000, 70000, 70000, 70000, 70000, 70000, 70000, 70000, 70000, 70000, 70000, 70000, 70000, 70000]
T60000V100000_0.5;60000;100000;0.5;30000;30000;[17954965, 25177516, 22099952, 21007888, 23614807, 23754790, 25416299, 23114293, 20850717, 23098172, 23625788, 22865450, 22176152, 22794749, 24144004, 22536536, 22757068, 21298222, 24427897, 23965292, 22112622, 21568905, 18415669, 23124333, 22202532, 26395720, 22736518, 20162649, 24705580, 21579255, 23406236, 23609029, 20764697, 23521578, 23560117, 22765699, 25079614, 17680191, 21786098, 21310763, 24184057, 24591399, 21482064, 24457807, 24610019, 18635402, 24964983, 22550646, 21448233, 24815601];PSU;[1, 1, 1, 1, 1, 1, 1, 1, 1, 1, 1, 1, 1, 1, 1, 1, 1, 1, 1, 1, 1, 1, 1, 1, 1, 1, 1, 1, 1, 1, 1, 1, 1, 1, 1, 1, 1, 1, 1, 1, 1, 1, 1, 1, 1, 1, 1, 1, 1, 1];[30000, 30000, 30000, 30000, 30000, 30000, 30000, 30000, 30000, 30000, 30000, 30000, 30000, 30000, 30000, 30000, 30000, 30000, 30000, 30000, 30000, 30000, 30000, 30000, 30000, 30000, 30000, 30000, 30000, 30000, 30000, 30000, 30000, 30000, 30000, 30000, 30000, 30000, 30000, 30000, 30000, 30000, 30000, 30000, 30000, 30000, 30000, 30000, 30000, 30000];[30000, 30000, 30000, 30000, 30000, 30000, 30000, 30000, 30000, 30000, 30000, 30000, 30000, 30000, 30000, 30000, 30000, 30000, 30000, 30000, 30000, 30000, 30000, 30000, 30000, 30000, 30000, 30000, 30000, 30000, 30000, 30000, 30000, 30000, 30000, 30000, 30000, 30000, 30000, 30000, 30000, 30000, 30000, 30000, 30000, 30000, 30000, 30000, 30000, 30000]
T110000V100000_0.3;110000;100000;0.3;33000;77000;[33119807, 34155289, 36694128, 32638230, 34903106, 30363495, 32685061, 35568593, 33843694, 33589581, 38191815, 36360922, 35621305, 36531516, 35347132, 32808783, 34827486, 34768805, 34547472, 36218232, 34436692, 35416313, 31591198, 33456630, 31859242, 33525451, 32648911, 31475317, 36995741, 38768080, 38082302, 36647917, 35499053, 34310580, 36910079, 35965899, 34890676, 34533522, 34554503, 38039043, 36989670, 35325730, 38181324, 35733626, 39644690, 35345641, 35973049, 34571412, 32585571, 30863410];PSU;[1, 1, 1, 1, 1, 1, 1, 1, 1, 1, 1, 1, 1, 1, 1, 1, 1, 1, 1, 1, 1, 1, 1, 1, 1, 1, 1, 1, 1, 1, 1, 1, 1, 1, 1, 1, 1, 1, 1, 1, 1, 1, 1, 1, 1, 1, 1, 1, 1, 1];[33000, 33000, 33000, 33000, 33000, 33000, 33000, 33000, 33000, 33000, 33000, 33000, 33000, 33000, 33000, 33000, 33000, 33000, 33000, 33000, 33000, 33000, 33000, 33000, 33000, 33000, 33000, 33000, 33000, 33000, 33000, 33000, 33000, 33000, 33000, 33000, 33000, 33000, 33000, 33000, 33000, 33000, 33000, 33000, 33000, 33000, 33000, 33000, 33000, 33000];[77000, 77000, 77000, 77000, 77000, 77000, 77000, 77000, 77000, 77000, 77000, 77000, 77000, 77000, 77000, 77000, 77000, 77000, 77000, 77000, 77000, 77000, 77000, 77000, 77000, 77000, 77000, 77000, 77000, 77000, 77000, 77000, 77000, 77000, 77000, 77000, 77000, 77000, 77000, 77000, 77000, 77000, 77000, 77000, 77000, 77000, 77000, 77000, 77000, 77000]
T80000V100000_0.4;80000;100000;0.4;32000;48000;[26584822, 24287485, 26024957, 26315459, 31091604, 27245989, 27185379, 24588269, 24260375, 24736051, 28971960, 25705483, 27572234, 24435798, 24202545, 28433783, 28265892, 25293528, 26671354, 23871642, 25059025, 24119434, 25598050, 27584553, 27771866, 24928954, 23171653, 26981146, 28484104, 25787803, 26078557, 26375110, 27592203, 27235030, 22857200, 23214563, 27606554, 27853587, 22443655, 28020459, 29914440, 26222839, 26729024, 28828988, 29211832, 25218777, 25690372, 28103740, 24312026, 24776083];PSU;[1, 1, 1, 1, 1, 1, 1, 1, 1, 1, 1, 1, 1, 1, 1, 1, 1, 1, 1, 1, 1, 1, 1, 1, 1, 1, 1, 1, 1, 1, 1, 1, 1, 1, 1, 1, 1, 1, 1, 1, 1, 1, 1, 1, 1, 1, 1, 1, 1, 1];[32000, 32000, 32000, 32000, 32000, 32000, 32000, 32000, 32000, 32000, 32000, 32000, 32000, 32000, 32000, 32000, 32000, 32000, 32000, 32000, 32000, 32000, 32000, 32000, 32000, 32000, 32000, 32000, 32000, 32000, 32000, 32000, 32000, 32000, 32000, 32000, 32000, 32000, 32000, 32000, 32000, 32000, 32000, 32000, 32000, 32000, 32000, 32000, 32000, 32000];[48000, 48000, 48000, 48000, 48000, 48000, 48000, 48000, 48000, 48000, 48000, 48000, 48000, 48000, 48000, 48000, 48000, 48000, 48000, 48000, 48000, 48000, 48000, 48000, 48000, 48000, 48000, 48000, 48000, 48000, 48000, 48000, 48000, 48000, 48000, 48000, 48000, 48000, 48000, 48000, 48000, 48000, 48000, 48000, 48000, 48000, 48000, 48000, 48000, 48000]
T50000V100000_0.6;50000;100000;0.6;30000;20000;[21550795, 20506593, 20144399, 21920829, 20797246, 21936300, 21198271, 19574092, 20920598, 19738915, 22178741, 20384071, 22146631, 21671926, 21806278, 20448652, 19437731, 23622839, 18949605, 20304481, 20339962, 23668559, 19639014, 22931300, 21462884, 20832567, 22641988, 18493911, 23373436, 18895535, 24158884, 17729831, 20656425, 19328410, 24026752, 18257517, 20915557, 21202892, 23486037, 17850652, 23486606, 17889514, 23249423, 16994813, 22822560, 21847379, 25579711, 19705754, 21297981, 19530832];PSU;[1, 1, 1, 1, 1, 1, 1, 1, 1, 1, 1, 1, 1, 1, 1, 1, 1, 1, 1, 1, 1, 1, 1, 1, 1, 1, 1, 1, 1, 1, 1, 1, 1, 1, 1, 1, 1, 1, 1, 1, 1, 1, 1, 1, 1, 1, 1, 1, 1, 1];[30000, 30000, 30000, 30000, 30000, 30000, 30000, 30000, 30000, 30000, 30000, 30000, 30000, 30000, 30000, 30000, 30000, 30000, 30000, 30000, 30000, 30000, 30000, 30000, 30000, 30000, 30000, 30000, 30000, 30000, 30000, 30000, 30000, 30000, 30000, 30000, 30000, 30000, 30000, 30000, 30000, 30000, 30000, 30000, 30000, 30000, 30000, 30000, 30000, 30000];[20000, 20000, 20000, 20000, 20000, 20000, 20000, 20000, 20000, 20000, 20000, 20000, 20000, 20000, 20000, 20000, 20000, 20000, 20000, 20000, 20000, 20000, 20000, 20000, 20000, 20000, 20000, 20000, 20000, 20000, 20000, 20000, 20000, 20000, 20000, 20000, 20000, 20000, 20000, 20000, 20000, 20000, 20000, 20000, 20000, 20000, 20000, 20000, 20000, 20000]
T130000V100000_0.3;130000;100000;0.3;39000;91000;[34476302, 38021621, 35772856, 38622300, 35136419, 37660478, 37088922, 35941049, 35579435, 35722886, 37593788, 37618208, 34207019, 35539394, 35925599, 34502882, 33123246, 38510438, 36910430, 38519067, 37223382, 34283310, 35384172, 34584973, 35921668, 34227459, 34381921, 36010180, 36175091, 34963948, 36978801, 37434496, 36567086, 36949920, 32227266, 35097429, 34698054, 37931062, 37729090, 34932548, 38830341, 38884542, 37396345, 37265363, 35448634, 33196966, 35152260, 37467336, 35439793, 38309615];PSU;[1, 1, 1, 1, 1, 1, 1, 1, 1, 1, 1, 1, 1, 1, 1, 1, 1, 1, 1, 1, 1, 1, 1, 1, 1, 1, 1, 1, 1, 1, 1, 1, 1, 1, 1, 1, 1, 1, 1, 1, 1, 1, 1, 1, 1, 1, 1, 1, 1, 1];[39000, 39000, 39000, 39000, 39000, 39000, 39000, 39000, 39000, 39000, 39000, 39000, 39000, 39000, 39000, 39000, 39000, 39000, 39000, 39000, 39000, 39000, 39000, 39000, 39000, 39000, 39000, 39000, 39000, 39000, 39000, 39000, 39000, 39000, 39000, 39000, 39000, 39000, 39000, 39000, 39000, 39000, 39000, 39000, 39000, 39000, 39000, 39000, 39000, 39000];[91000, 91000, 91000, 91000, 91000, 91000, 91000, 91000, 91000, 91000, 91000, 91000, 91000, 91000, 91000, 91000, 91000, 91000, 91000, 91000, 91000, 91000, 91000, 91000, 91000, 91000, 91000, 91000, 91000, 91000, 91000, 91000, 91000, 91000, 91000, 91000, 91000, 91000, 91000, 91000, 91000, 91000, 91000, 91000, 91000, 91000, 91000, 91000, 91000, 91000]
T120000V100000_0.3;120000;100000;0.3;36000;84000;[32932334, 32045984, 33129687, 34660094, 33844354, 33385730, 31939053, 32722723, 35823925, 36491544, 36641136, 35172140, 33491321, 34573653, 32811142, 36410515, 34145798, 37106252, 40293039, 39712581, 36262483, 36739027, 35633715, 36647267, 36037589, 35931488, 37962002, 36849059, 37150922, 35289592, 37594627, 37144733, 37100202, 35909517, 31934822, 35155289, 34512623, 37092412, 36636947, 34059917, 38603389, 37444705, 39086113, 37734879, 34778025, 33597012, 34454861, 37972511, 35683415, 39652020];PSU;[1, 1, 1, 1, 1, 1, 1, 1, 1, 1, 1, 1, 1, 1, 1, 1, 1, 1, 1, 1, 1, 1, 1, 1, 1, 1, 1, 1, 1, 1, 1, 1, 1, 1, 1, 1, 1, 1, 1, 1, 1, 1, 1, 1, 1, 1, 1, 1, 1, 1];[36000, 36000, 36000, 36000, 36000, 36000, 36000, 36000, 36000, 36000, 36000, 36000, 36000, 36000, 36000, 36000, 36000, 36000, 36000, 36000, 36000, 36000, 36000, 36000, 36000, 36000, 36000, 36000, 36000, 36000, 36000, 36000, 36000, 36000, 36000, 36000, 36000, 36000, 36000, 36000, 36000, 36000, 36000, 36000, 36000, 36000, 36000, 36000, 36000, 36000];[84000, 84000, 84000, 84000, 84000, 84000, 84000, 84000, 84000, 84000, 84000, 84000, 84000, 84000, 84000, 84000, 84000, 84000, 84000, 84000, 84000, 84000, 84000, 84000, 84000, 84000, 84000, 84000, 84000, 84000, 84000, 84000, 84000, 84000, 84000, 84000, 84000, 84000, 84000, 84000, 84000, 84000, 84000, 84000, 84000, 84000, 84000, 84000, 84000, 84000]
T90000V100000_0.4;90000;100000;0.4;36000;54000;[29360933, 25799053, 25201677, 32968165, 33361959, 31361826, 29191921, 27795976, 31729110, 30445356, 28822947, 27743535, 26144008, 26073456, 30552177, 30390146, 32715862, 29256482, 26007706, 30934032, 31729550, 31212156, 31801531, 31713990, 27031007, 26243129, 30648779, 33355869, 31118834, 26467240, 26650043, 29663557, 31360617, 29381594, 29570336, 30736369, 29387763, 29946430, 32567720, 30346325, 24552779, 27925396, 28316683, 30267434, 31439398, 29360614, 30220394, 29324043, 29755568, 29682387];PSU;[1, 1, 1, 1, 1, 1, 1, 1, 1, 1, 1, 1, 1, 1, 1, 1, 1, 1, 1, 1, 1, 1, 1, 1, 1, 1, 1, 1, 1, 1, 1, 1, 1, 1, 1, 1, 1, 1, 1, 1, 1, 1, 1, 1, 1, 1, 1, 1, 1, 1];[36000, 36000, 36000, 36000, 36000, 36000, 36000, 36000, 36000, 36000, 36000, 36000, 36000, 36000, 36000, 36000, 36000, 36000, 36000, 36000, 36000, 36000, 36000, 36000, 36000, 36000, 36000, 36000, 36000, 36000, 36000, 36000, 36000, 36000, 36000, 36000, 36000, 36000, 36000, 36000, 36000, 36000, 36000, 36000, 36000, 36000, 36000, 36000, 36000, 36000];[54000, 54000, 54000, 54000, 54000, 54000, 54000, 54000, 54000, 54000, 54000, 54000, 54000, 54000, 54000, 54000, 54000, 54000, 54000, 54000, 54000, 54000, 54000, 54000, 54000, 54000, 54000, 54000, 54000, 54000, 54000, 54000, 54000, 54000, 54000, 54000, 54000, 54000, 54000, 54000, 54000, 54000, 54000, 54000, 54000, 54000, 54000, 54000, 54000, 54000]
T140000V100000_0.3;140000;100000;0.3;42000;98000;[34187518, 34560593, 36002790, 35862807, 36388935, 35388542, 34227660, 33299228, 33566501, 33176298, 34652875, 33333209, 32821672, 31736131, 33822864, 35623115, 35518065, 32569700, 32564900, 31750990, 31967564, 29947091, 33845714, 33108057, 32142146, 34141239, 35437203, 35200400, 35459833, 33252167, 35546363, 36378334, 34691195, 37522187, 35477103, 36593577, 34856107, 37845589, 34109158, 33047406, 31926114, 29828138, 32728962, 28434053, 31069883, 32675141, 34612533, 33510831, 34503082, 34328310];PSU;[1, 1, 1, 1, 1, 1, 1, 1, 1, 1, 1, 1, 1, 1, 1, 1, 1, 1, 1, 1, 1, 1, 1, 1, 1, 1, 1, 1, 1, 1, 1, 1, 1, 1, 1, 1, 1, 1, 1, 1, 1, 1, 1, 1, 1, 1, 1, 1, 1, 1];[42000, 42000, 42000, 42000, 42000, 42000, 42000, 42000, 42000, 42000, 42000, 42000, 42000, 42000, 42000, 42000, 42000, 42000, 42000, 42000, 42000, 42000, 42000, 42000, 42000, 42000, 42000, 42000, 42000, 42000, 42000, 42000, 42000, 42000, 42000, 42000, 42000, 42000, 42000, 42000, 42000, 42000, 42000, 42000, 42000, 42000, 42000, 42000, 42000, 42000];[98000, 98000, 98000, 98000, 98000, 98000, 98000, 98000, 98000, 98000, 98000, 98000, 98000, 98000, 98000, 98000, 98000, 98000, 98000, 98000, 98000, 98000, 98000, 98000, 98000, 98000, 98000, 98000, 98000, 98000, 98000, 98000, 98000, 98000, 98000, 98000, 98000, 98000, 98000, 98000, 98000, 98000, 98000, 98000, 98000, 98000, 98000, 98000, 98000, 98000]
T70000V100000_0.5;70000;100000;0.5;35000;35000;[26597952, 26748474, 22358114, 29011779, 26000425, 23661098, 23755180, 26787625, 27016477, 26525373, 20693525, 24570799, 24393257, 23227744, 27316470, 26953795, 24853742, 28446714, 27302180, 22595017, 25806954, 29186612, 23808731, 26863586, 26362199, 23970202, 23050934, 26189837, 25521640, 23496968, 27449973, 27049458, 27951457, 23633839, 22039110, 23935793, 26616842, 25594582, 26913725, 28374002, 22453176, 24969044, 28987109, 25496590, 23528497, 24158645, 23536707, 26246078, 26627563, 25270727];PSU;[1, 1, 1, 1, 1, 1, 1, 1, 1, 1, 1, 1, 1, 1, 1, 1, 1, 1, 1, 1, 1, 1, 1, 1, 1, 1, 1, 1, 1, 1, 1, 1, 1, 1, 1, 1, 1, 1, 1, 1, 1, 1, 1, 1, 1, 1, 1, 1, 1, 1];[35000, 35000, 35000, 35000, 35000, 35000, 35000, 35000, 35000, 35000, 35000, 35000, 35000, 35000, 35000, 35000, 35000, 35000, 35000, 35000, 35000, 35000, 35000, 35000, 35000, 35000, 35000, 35000, 35000, 35000, 35000, 35000, 35000, 35000, 35000, 35000, 35000, 35000, 35000, 35000, 35000, 35000, 35000, 35000, 35000, 35000, 35000, 35000, 35000, 35000];[35000, 35000, 35000, 35000, 35000, 35000, 35000, 35000, 35000, 35000, 35000, 35000, 35000, 35000, 35000, 35000, 35000, 35000, 35000, 35000, 35000, 35000, 35000, 35000, 35000, 35000, 35000, 35000, 35000, 35000, 35000, 35000, 35000, 35000, 35000, 35000, 35000, 35000, 35000, 35000, 35000, 35000, 35000, 35000, 35000, 35000, 35000, 35000, 35000, 35000]
T60000V100000_0.6;60000;100000;0.6;36000;24000;[20470482, 22912340, 26590733, 23721200, 25729032, 19622823, 22955730, 21989570, 22725108, 26070106, 22129742, 24890822, 22940591, 21756538, 22820990, 18713133, 25030183, 23317535, 22527036, 18881184, 21703436, 23561447, 23879201, 20773726, 23108792, 24581119, 22971342, 22705879, 22510307, 24266007, 21578205, 22268014, 22077820, 20843397, 26167998, 21878188, 21967819, 24568290, 21781627, 22340255, 23711050, 23646549, 24376227, 22366354, 20451313, 20485603, 23899781, 24446508, 21401633, 25632793];PSU;[1, 1, 1, 1, 1, 1, 1, 1, 1, 1, 1, 1, 1, 1, 1, 1, 1, 1, 1, 1, 1, 1, 1, 1, 1, 1, 1, 1, 1, 1, 1, 1, 1, 1, 1, 1, 1, 1, 1, 1, 1, 1, 1, 1, 1, 1, 1, 1, 1, 1];[36000, 36000, 36000, 36000, 36000, 36000, 36000, 36000, 36000, 36000, 36000, 36000, 36000, 36000, 36000, 36000, 36000, 36000, 36000, 36000, 36000, 36000, 36000, 36000, 36000, 36000, 36000, 36000, 36000, 36000, 36000, 36000, 36000, 36000, 36000, 36000, 36000, 36000, 36000, 36000, 36000, 36000, 36000, 36000, 36000, 36000, 36000, 36000, 36000, 36000];[24000, 24000, 24000, 24000, 24000, 24000, 24000, 24000, 24000, 24000, 24000, 24000, 24000, 24000, 24000, 24000, 24000, 24000, 24000, 24000, 24000, 24000, 24000, 24000, 24000, 24000, 24000, 24000, 24000, 24000, 24000, 24000, 24000, 24000, 24000, 24000, 24000, 24000, 24000, 24000, 24000, 24000, 24000, 24000, 24000, 24000, 24000, 24000, 24000, 24000]
T150000V100000_0.3;150000;100000;0.3;45000;105000;[34647824, 35387793, 38952963, 36637597, 36586395, 35652716, 34664414, 35580183, 36026569, 34573443, 36994730, 35345521, 37987453, 34765445, 33211367, 35077968, 37217793, 37767360, 37471715, 38665369, 38200094, 38813600, 35554264, 35188609, 34655054, 33741313, 30688589, 31468167, 37087612, 35876678, 35128749, 36434175, 35128989, 36188582, 36160032, 36282262, 35404023, 35215780, 38239694, 35549973, 35641244, 38071533, 34011356, 33662503, 36828829, 37888771, 34872646, 37261333, 39101275, 40552791];PSU;[1, 1, 1, 1, 1, 1, 1, 1, 1, 1, 1, 1, 1, 1, 1, 1, 1, 1, 1, 1, 1, 1, 1, 1, 1, 1, 1, 1, 1, 1, 1, 1, 1, 1, 1, 1, 1, 1, 1, 1, 1, 1, 1, 1, 1, 1, 1, 1, 1, 1];[45000, 45000, 45000, 45000, 45000, 45000, 45000, 45000, 45000, 45000, 45000, 45000, 45000, 45000, 45000, 45000, 45000, 45000, 45000, 45000, 45000, 45000, 45000, 45000, 45000, 45000, 45000, 45000, 45000, 45000, 45000, 45000, 45000, 45000, 45000, 45000, 45000, 45000, 45000, 45000, 45000, 45000, 45000, 45000, 45000, 45000, 45000, 45000, 45000, 45000];[105000, 105000, 105000, 105000, 105000, 105000, 105000, 105000, 105000, 105000, 105000, 105000, 105000, 105000, 105000, 105000, 105000, 105000, 105000, 105000, 105000, 105000, 105000, 105000, 105000, 105000, 105000, 105000, 105000, 105000, 105000, 105000, 105000, 105000, 105000, 105000, 105000, 105000, 105000, 105000, 105000, 105000, 105000, 105000, 105000, 105000, 105000, 105000, 105000, 105000]
T100000V100000_0.4;100000;100000;0.4;40000;60000;[31480688, 32696381, 32338687, 35144699, 35515784, 35447823, 36496024, 34644964, 28975509, 29158652, 29417924, 35956690, 36585486, 36576655, 34288259, 33159176, 33318458, 32350457, 28715907, 28982999, 32724692, 33362300, 36069530, 31969593, 35899108, 32726782, 34877806, 33230618, 33310988, 30256064, 33593521, 30826591, 37279484, 34458462, 36483185, 33073595, 33807285, 31881182, 33585421, 34247480, 34522181, 34258440, 35153920, 30792279, 31547508, 28001589, 31627049, 31477537, 35852238, 37469106];PSU;[1, 1, 1, 1, 1, 1, 1, 1, 1, 1, 1, 1, 1, 1, 1, 1, 1, 1, 1, 1, 1, 1, 1, 1, 1, 1, 1, 1, 1, 1, 1, 1, 1, 1, 1, 1, 1, 1, 1, 1, 1, 1, 1, 1, 1, 1, 1, 1, 1, 1];[40000, 40000, 40000, 40000, 40000, 40000, 40000, 40000, 40000, 40000, 40000, 40000, 40000, 40000, 40000, 40000, 40000, 40000, 40000, 40000, 40000, 40000, 40000, 40000, 40000, 40000, 40000, 40000, 40000, 40000, 40000, 40000, 40000, 40000, 40000, 40000, 40000, 40000, 40000, 40000, 40000, 40000, 40000, 40000, 40000, 40000, 40000, 40000, 40000, 40000];[60000, 60000, 60000, 60000, 60000, 60000, 60000, 60000, 60000, 60000, 60000, 60000, 60000, 60000, 60000, 60000, 60000, 60000, 60000, 60000, 60000, 60000, 60000, 60000, 60000, 60000, 60000, 60000, 60000, 60000, 60000, 60000, 60000, 60000, 60000, 60000, 60000, 60000, 60000, 60000, 60000, 60000, 60000, 60000, 60000, 60000, 60000, 60000, 60000, 60000]
T50000V100000_0.7;50000;100000;0.7;35000;15000;[19489331, 19349389, 19855715, 24035073, 16174215, 18988475, 23562587, 19809346, 21712467, 18810914, 19471451, 21259191, 23953822, 20179360, 21481663, 20588844, 21550945, 20436952, 19221959, 23123252, 18737032, 20707694, 19165608, 20391741, 20941107, 19787305, 21697497, 19502401, 22461326, 20319471, 19438931, 22013370, 20257329, 17967935, 20655635, 19277529, 22444885, 18967845, 19286849, 17752462, 22496995, 17375347, 23644228, 19120937, 23212744, 18441140, 22841420, 17942134, 23267374, 22245122];PSU;[1, 1, 1, 1, 1, 1, 1, 1, 1, 1, 1, 1, 1, 1, 1, 1, 1, 1, 1, 1, 1, 1, 1, 1, 1, 1, 1, 1, 1, 1, 1, 1, 1, 1, 1, 1, 1, 1, 1, 1, 1, 1, 1, 1, 1, 1, 1, 1, 1, 1];[35000, 35000, 35000, 35000, 35000, 35000, 35000, 35000, 35000, 35000, 35000, 35000, 35000, 35000, 35000, 35000, 35000, 35000, 35000, 35000, 35000, 35000, 35000, 35000, 35000, 35000, 35000, 35000, 35000, 35000, 35000, 35000, 35000, 35000, 35000, 35000, 35000, 35000, 35000, 35000, 35000, 35000, 35000, 35000, 35000, 35000, 35000, 35000, 35000, 35000];[15000, 15000, 15000, 15000, 15000, 15000, 15000, 15000, 15000, 15000, 15000, 15000, 15000, 15000, 15000, 15000, 15000, 15000, 15000, 15000, 15000, 15000, 15000, 15000, 15000, 15000, 15000, 15000, 15000, 15000, 15000, 15000, 15000, 15000, 15000, 15000, 15000, 15000, 15000, 15000, 15000, 15000, 15000, 15000, 15000, 15000, 15000, 15000, 15000, 15000]
T80000V100000_0.5;80000;100000;0.5;40000;40000;[32302347, 29007420, 26634283, 30021692, 29389993, 29631726, 28647136, 27399422, 27223940, 33445460, 27842906, 30286784, 26453780, 25837034, 27908866, 33511631, 28447264, 27916597, 28076078, 28233101, 28199331, 30946811, 28196561, 27620233, 28968649, 30154803, 29571655, 28898700, 30541788, 29766528, 26279928, 26483271, 30857971, 32531509, 31989063, 23978602, 27114808, 29575597, 29061631, 27133129, 26621221, 28370293, 29800430, 27951048, 29684628, 30088862, 28004419, 30785579, 29203471, 27219778];PSU;[1, 1, 1, 1, 1, 1, 1, 1, 1, 1, 1, 1, 1, 1, 1, 1, 1, 1, 1, 1, 1, 1, 1, 1, 1, 1, 1, 1, 1, 1, 1, 1, 1, 1, 1, 1, 1, 1, 1, 1, 1, 1, 1, 1, 1, 1, 1, 1, 1, 1];[40000, 40000, 40000, 40000, 40000, 40000, 40000, 40000, 40000, 40000, 40000, 40000, 40000, 40000, 40000, 40000, 40000, 40000, 40000, 40000, 40000, 40000, 40000, 40000, 40000, 40000, 40000, 40000, 40000, 40000, 40000, 40000, 40000, 40000, 40000, 40000, 40000, 40000, 40000, 40000, 40000, 40000, 40000, 40000, 40000, 40000, 40000, 40000, 40000, 40000];[40000, 40000, 40000, 40000, 40000, 40000, 40000, 40000, 40000, 40000, 40000, 40000, 40000, 40000, 40000, 40000, 40000, 40000, 40000, 40000, 40000, 40000, 40000, 40000, 40000, 40000, 40000, 40000, 40000, 40000, 40000, 40000, 40000, 40000, 40000, 40000, 40000, 40000, 40000, 40000, 40000, 40000, 40000, 40000, 40000, 40000, 40000, 40000, 40000, 40000]
T110000V100000_0.4;110000;100000;0.4;44000;66000;[33543281, 37484726, 37763059, 35357722, 37004951, 34110677, 36648916, 34913036, 33978267, 34476512, 32948315, 30939532, 34649054, 33043565, 34599854, 35275872, 35906807, 37030191, 36036439, 34806376, 34864627, 32686920, 31037673, 30969341, 32366968, 31605709, 38345236, 32895003, 32578270, 37636858, 36874559, 39306587, 33377700, 38025623, 34727684, 37324364, 37570866, 34716355, 35738325, 35735896, 35195490, 33928015, 34482622, 32906934, 33693972, 33674204, 35014797, 32912184, 32507129, 31817622];PSU;[1, 1, 1, 1, 1, 1, 1, 1, 1, 1, 1, 1, 1, 1, 1, 1, 1, 1, 1, 1, 1, 1, 1, 1, 1, 1, 1, 1, 1, 1, 1, 1, 1, 1, 1, 1, 1, 1, 1, 1, 1, 1, 1, 1, 1, 1, 1, 1, 1, 1];[44000, 44000, 44000, 44000, 44000, 44000, 44000, 44000, 44000, 44000, 44000, 44000, 44000, 44000, 44000, 44000, 44000, 44000, 44000, 44000, 44000, 44000, 44000, 44000, 44000, 44000, 44000, 44000, 44000, 44000, 44000, 44000, 44000, 44000, 44000, 44000, 44000, 44000, 44000, 44000, 44000, 44000, 44000, 44000, 44000, 44000, 44000, 44000, 44000, 44000];[66000, 66000, 66000, 66000, 66000, 66000, 66000, 66000, 66000, 66000, 66000, 66000, 66000, 66000, 66000, 66000, 66000, 66000, 66000, 66000, 66000, 66000, 66000, 66000, 66000, 66000, 66000, 66000, 66000, 66000, 66000, 66000, 66000, 66000, 66000, 66000, 66000, 66000, 66000, 66000, 66000, 66000, 66000, 66000, 66000, 66000, 66000, 66000, 66000, 66000]
T60000V100000_0.7;60000;100000;0.7;42000;18000;[20855726, 21596476, 24395157, 18706592, 25110095, 21785098, 24440227, 25807394, 18374759, 17207835, 19986898, 25806335, 23113713, 22816609, 26693843, 19193019, 25175357, 19121408, 21800208, 25673201, 23791279, 19182977, 24087224, 23531067, 23789780, 18466620, 22722089, 20848106, 24676491, 22899241, 22091951, 26221498, 21635576, 19849216, 21372853, 23047562, 22794720, 24501139, 23874872, 20496093, 21385293, 22329434, 23487196, 21597804, 25759513, 22040061, 23940672, 21977190, 20233501, 23192984];PSU;[1, 1, 1, 1, 1, 1, 1, 1, 1, 1, 1, 1, 1, 1, 1, 1, 1, 1, 1, 1, 1, 1, 1, 1, 1, 1, 1, 1, 1, 1, 1, 1, 1, 1, 1, 1, 1, 1, 1, 1, 1, 1, 1, 1, 1, 1, 1, 1, 1, 1];[42000, 42000, 42000, 42000, 42000, 42000, 42000, 42000, 42000, 42000, 42000, 42000, 42000, 42000, 42000, 42000, 42000, 42000, 42000, 42000, 42000, 42000, 42000, 42000, 42000, 42000, 42000, 42000, 42000, 42000, 42000, 42000, 42000, 42000, 42000, 42000, 42000, 42000, 42000, 42000, 42000, 42000, 42000, 42000, 42000, 42000, 42000, 42000, 42000, 42000];[18000, 18000, 18000, 18000, 18000, 18000, 18000, 18000, 18000, 18000, 18000, 18000, 18000, 18000, 18000, 18000, 18000, 18000, 18000, 18000, 18000, 18000, 18000, 18000, 18000, 18000, 18000, 18000, 18000, 18000, 18000, 18000, 18000, 18000, 18000, 18000, 18000, 18000, 18000, 18000, 18000, 18000, 18000, 18000, 18000, 18000, 18000, 18000, 18000, 18000]
T70000V100000_0.6;70000;100000;0.6;42000;28000;[24385498, 23536678, 22636687, 25249347, 23282075, 24579929, 25505500, 23194174, 21719787, 25016254, 23734510, 20719465, 26807334, 24925862, 19059508, 24612910, 24529908, 22135961, 26640883, 24416877, 21444144, 25412439, 24353537, 24386007, 23500888, 22249513, 21625256, 24616910, 25891884, 22403014, 25538411, 24203206, 21513654, 22434695, 23787531, 23134453, 22933651, 24206325, 25734223, 24226466, 22342485, 23468897, 21849879, 21993621, 26579732, 26330090, 23220854, 24981074, 24662890, 20037797];PSU;[1, 1, 1, 1, 1, 1, 1, 1, 1, 1, 1, 1, 1, 1, 1, 1, 1, 1, 1, 1, 1, 1, 1, 1, 1, 1, 1, 1, 1, 1, 1, 1, 1, 1, 1, 1, 1, 1, 1, 1, 1, 1, 1, 1, 1, 1, 1, 1, 1, 1];[42000, 42000, 42000, 42000, 42000, 42000, 42000, 42000, 42000, 42000, 42000, 42000, 42000, 42000, 42000, 42000, 42000, 42000, 42000, 42000, 42000, 42000, 42000, 42000, 42000, 42000, 42000, 42000, 42000, 42000, 42000, 42000, 42000, 42000, 42000, 42000, 42000, 42000, 42000, 42000, 42000, 42000, 42000, 42000, 42000, 42000, 42000, 42000, 42000, 42000];[28000, 28000, 28000, 28000, 28000, 28000, 28000, 28000, 28000, 28000, 28000, 28000, 28000, 28000, 28000, 28000, 28000, 28000, 28000, 28000, 28000, 28000, 28000, 28000, 28000, 28000, 28000, 28000, 28000, 28000, 28000, 28000, 28000, 28000, 28000, 28000, 28000, 28000, 28000, 28000, 28000, 28000, 28000, 28000, 28000, 28000, 28000, 28000, 28000, 28000]
T90000V100000_0.5;90000;100000;0.5;45000;45000;[27337000, 29108881, 29969621, 32018635, 30247713, 31505169, 31300196, 30694750, 30898651, 30265723, 31789461, 29785939, 29951100, 31732961, 33448410, 31806252, 28298702, 25457209, 28715136, 29473725, 31209884, 27887677, 27676654, 28449393, 33402910, 32418288, 31333156, 33037744, 28532134, 30536007, 29380884, 32318128, 30056362, 26642673, 29445324, 30426036, 32038335, 30885851, 30895061, 32241057, 29928960, 30059782, 30183622, 32171416, 33695184, 32224776, 28182790, 26780445, 28570415, 28892958];PSU;[1, 1, 1, 1, 1, 1, 1, 1, 1, 1, 1, 1, 1, 1, 1, 1, 1, 1, 1, 1, 1, 1, 1, 1, 1, 1, 1, 1, 1, 1, 1, 1, 1, 1, 1, 1, 1, 1, 1, 1, 1, 1, 1, 1, 1, 1, 1, 1, 1, 1];[45000, 45000, 45000, 45000, 45000, 45000, 45000, 45000, 45000, 45000, 45000, 45000, 45000, 45000, 45000, 45000, 45000, 45000, 45000, 45000, 45000, 45000, 45000, 45000, 45000, 45000, 45000, 45000, 45000, 45000, 45000, 45000, 45000, 45000, 45000, 45000, 45000, 45000, 45000, 45000, 45000, 45000, 45000, 45000, 45000, 45000, 45000, 45000, 45000, 45000];[45000, 45000, 45000, 45000, 45000, 45000, 45000, 45000, 45000, 45000, 45000, 45000, 45000, 45000, 45000, 45000, 45000, 45000, 45000, 45000, 45000, 45000, 45000, 45000, 45000, 45000, 45000, 45000, 45000, 45000, 45000, 45000, 45000, 45000, 45000, 45000, 45000, 45000, 45000, 45000, 45000, 45000, 45000, 45000, 45000, 45000, 45000, 45000, 45000, 45000]
T120000V100000_0.4;120000;100000;0.4;48000;72000;[35815856, 34172170, 35530723, 37133652, 37022391, 33225638, 34896217, 35428923, 35399163, 32938254, 32503310, 33489871, 32711702, 35378592, 35641496, 36390574, 36803508, 37133663, 39335367, 37961440, 35042358, 42753916, 33928186, 38738521, 36347353, 40064715, 38104182, 37762769, 36629196, 34107208, 33112936, 35154570, 35800007, 34538482, 34258699, 33163087, 34532483, 34309180, 35036328, 32022344, 32112775, 36993880, 38133813, 40043795, 35285421, 36812229, 37456096, 33758234, 33140726, 37187593];PSU;[1, 1, 1, 1, 1, 1, 1, 1, 1, 1, 1, 1, 1, 1, 1, 1, 1, 1, 1, 1, 1, 1, 1, 1, 1, 1, 1, 1, 1, 1, 1, 1, 1, 1, 1, 1, 1, 1, 1, 1, 1, 1, 1, 1, 1, 1, 1, 1, 1, 1];[48000, 48000, 48000, 48000, 48000, 48000, 48000, 48000, 48000, 48000, 48000, 48000, 48000, 48000, 48000, 48000, 48000, 48000, 48000, 48000, 48000, 48000, 48000, 48000, 48000, 48000, 48000, 48000, 48000, 48000, 48000, 48000, 48000, 48000, 48000, 48000, 48000, 48000, 48000, 48000, 48000, 48000, 48000, 48000, 48000, 48000, 48000, 48000, 48000, 48000];[72000, 72000, 72000, 72000, 72000, 72000, 72000, 72000, 72000, 72000, 72000, 72000, 72000, 72000, 72000, 72000, 72000, 72000, 72000, 72000, 72000, 72000, 72000, 72000, 72000, 72000, 72000, 72000, 72000, 72000, 72000, 72000, 72000, 72000, 72000, 72000, 72000, 72000, 72000, 72000, 72000, 72000, 72000, 72000, 72000, 72000, 72000, 72000, 72000, 72000]
T130000V100000_0.4;130000;100000;0.4;52000;78000;[39077924, 34223829, 38429148, 33343040, 34184098, 34987767, 34524603, 40326948, 35634956, 34017126, 39239977, 34214119, 40566481, 34175158, 32177066, 32714012, 33607992, 43692287, 38624458, 38293715, 39180696, 38514528, 39816153, 37912841, 37051581, 41308910, 37327726, 41777014, 32898234, 33592632, 37510167, 34731826, 41630643, 35911779, 35696846, 39565840, 36940129, 39075034, 33244489, 32794272, 35954069, 35517104, 39682422, 30735949, 35152419, 36151161, 31683800, 35289121, 32911714, 34815316];PSU;[1, 1, 1, 1, 1, 1, 1, 1, 1, 1, 1, 1, 1, 1, 1, 1, 1, 1, 1, 1, 1, 1, 1, 1, 1, 1, 1, 1, 1, 1, 1, 1, 1, 1, 1, 1, 1, 1, 1, 1, 1, 1, 1, 1, 1, 1, 1, 1, 1, 1];[52000, 52000, 52000, 52000, 52000, 52000, 52000, 52000, 52000, 52000, 52000, 52000, 52000, 52000, 52000, 52000, 52000, 52000, 52000, 52000, 52000, 52000, 52000, 52000, 52000, 52000, 52000, 52000, 52000, 52000, 52000, 52000, 52000, 52000, 52000, 52000, 52000, 52000, 52000, 52000, 52000, 52000, 52000, 52000, 52000, 52000, 52000, 52000, 52000, 52000];[78000, 78000, 78000, 78000, 78000, 78000, 78000, 78000, 78000, 78000, 78000, 78000, 78000, 78000, 78000, 78000, 78000, 78000, 78000, 78000, 78000, 78000, 78000, 78000, 78000, 78000, 78000, 78000, 78000, 78000, 78000, 78000, 78000, 78000, 78000, 78000, 78000, 78000, 78000, 78000, 78000, 78000, 78000, 78000, 78000, 78000, 78000, 78000, 78000, 78000]
T50000V100000_0.8;50000;100000;0.8;40000;10000;[17868443, 21619375, 18956066, 21852798, 19121067, 20893277, 20284750, 22433925, 19935176, 16240334, 23363285, 20558014, 21782469, 21228872, 20327942, 17748972, 21267192, 19159518, 18537570, 20722885, 21783899, 18627161, 22893940, 20536754, 21376252, 21605016, 20608974, 16463877, 20935768, 23172623, 20639154, 19095827, 20272021, 19642822, 18538001, 22130793, 18760304, 22435265, 22064611, 20503774, 20711595, 19551003, 21233052, 18424860, 20366592, 17190116, 21736956, 20735517, 21326792, 18177547];PSU;[1, 1, 1, 1, 1, 1, 1, 1, 1, 1, 1, 1, 1, 1, 1, 1, 1, 1, 1, 1, 1, 1, 1, 1, 1, 1, 1, 1, 1, 1, 1, 1, 1, 1, 1, 1, 1, 1, 1, 1, 1, 1, 1, 1, 1, 1, 1, 1, 1, 1];[40000, 40000, 40000, 40000, 40000, 40000, 40000, 40000, 40000, 40000, 40000, 40000, 40000, 40000, 40000, 40000, 40000, 40000, 40000, 40000, 40000, 40000, 40000, 40000, 40000, 40000, 40000, 40000, 40000, 40000, 40000, 40000, 40000, 40000, 40000, 40000, 40000, 40000, 40000, 40000, 40000, 40000, 40000, 40000, 40000, 40000, 40000, 40000, 40000, 40000];[10000, 10000, 10000, 10000, 10000, 10000, 10000, 10000, 10000, 10000, 10000, 10000, 10000, 10000, 10000, 10000, 10000, 10000, 10000, 10000, 10000, 10000, 10000, 10000, 10000, 10000, 10000, 10000, 10000, 10000, 10000, 10000, 10000, 10000, 10000, 10000, 10000, 10000, 10000, 10000, 10000, 10000, 10000, 10000, 10000, 10000, 10000, 10000, 10000, 10000]
T140000V100000_0.4;140000;100000;0.4;56000;84000;[31388556, 31409137, 32842404, 33807194, 31612949, 32461149, 33003315, 35787097, 34779655, 34449233, 36973111, 35957029, 35472983, 37717780, 35236301, 36317772, 37956890, 34844496, 35518863, 32572610, 32881424, 34194219, 34221739, 32265547, 32336067, 34790545, 35275272, 35064008, 34864376, 34778175, 35185290, 33757084, 31570950, 31592639, 31317596, 31731080, 34015316, 34274548, 32058275, 31538929, 36661387, 30863330, 32710641, 31713681, 34017957, 31779671, 32278287, 33807124, 31338286, 33007305];PSU;[1, 1, 1, 1, 1, 1, 1, 1, 1, 1, 1, 1, 1, 1, 1, 1, 1, 1, 1, 1, 1, 1, 1, 1, 1, 1, 1, 1, 1, 1, 1, 1, 1, 1, 1, 1, 1, 1, 1, 1, 1, 1, 1, 1, 1, 1, 1, 1, 1, 1];[56000, 56000, 56000, 56000, 56000, 56000, 56000, 56000, 56000, 56000, 56000, 56000, 56000, 56000, 56000, 56000, 56000, 56000, 56000, 56000, 56000, 56000, 56000, 56000, 56000, 56000, 56000, 56000, 56000, 56000, 56000, 56000, 56000, 56000, 56000, 56000, 56000, 56000, 56000, 56000, 56000, 56000, 56000, 56000, 56000, 56000, 56000, 56000, 56000, 56000];[84000, 84000, 84000, 84000, 84000, 84000, 84000, 84000, 84000, 84000, 84000, 84000, 84000, 84000, 84000, 84000, 84000, 84000, 84000, 84000, 84000, 84000, 84000, 84000, 84000, 84000, 84000, 84000, 84000, 84000, 84000, 84000, 84000, 84000, 84000, 84000, 84000, 84000, 84000, 84000, 84000, 84000, 84000, 84000, 84000, 84000, 84000, 84000, 84000, 84000]
T100000V100000_0.5;100000;100000;0.5;50000;50000;[30450536, 33319648, 34532572, 35593624, 34711345, 34909707, 34740266, 34361841, 31474218, 30369496, 30149912, 34611593, 31275946, 35097750, 31294535, 30376756, 32708221, 35040449, 32399079, 31556768, 29303703, 30366285, 33204837, 35358771, 36054800, 35475733, 33895205, 33218827, 31264845, 30074681, 28276791, 29177892, 29451715, 31080752, 34556433, 36149391, 33408899, 34147068, 35003498, 36196441, 31516958, 34031738, 33933765, 31535519, 29979160, 32378199, 31779552, 32279016, 34747314, 35009527];PSU;[1, 1, 1, 1, 1, 1, 1, 1, 1, 1, 1, 1, 1, 1, 1, 1, 1, 1, 1, 1, 1, 1, 1, 1, 1, 1, 1, 1, 1, 1, 1, 1, 1, 1, 1, 1, 1, 1, 1, 1, 1, 1, 1, 1, 1, 1, 1, 1, 1, 1];[50000, 50000, 50000, 50000, 50000, 50000, 50000, 50000, 50000, 50000, 50000, 50000, 50000, 50000, 50000, 50000, 50000, 50000, 50000, 50000, 50000, 50000, 50000, 50000, 50000, 50000, 50000, 50000, 50000, 50000, 50000, 50000, 50000, 50000, 50000, 50000, 50000, 50000, 50000, 50000, 50000, 50000, 50000, 50000, 50000, 50000, 50000, 50000, 50000, 50000];[50000, 50000, 50000, 50000, 50000, 50000, 50000, 50000, 50000, 50000, 50000, 50000, 50000, 50000, 50000, 50000, 50000, 50000, 50000, 50000, 50000, 50000, 50000, 50000, 50000, 50000, 50000, 50000, 50000, 50000, 50000, 50000, 50000, 50000, 50000, 50000, 50000, 50000, 50000, 50000, 50000, 50000, 50000, 50000, 50000, 50000, 50000, 50000, 50000, 50000]
T80000V100000_0.6;80000;100000;0.6;48000;32000;[25802062, 26025995, 26286848, 28346463, 31094874, 28146880, 26824026, 27579452, 29470756, 29131000, 29512366, 26461390, 27424732, 28763886, 28799276, 25364888, 25990955, 28834608, 27926148, 27654904, 26458830, 27870347, 28509704, 28902879, 30812100, 30932141, 28602745, 26454651, 26402950, 28902648, 25671681, 29338344, 30136742, 28500574, 27092278, 30953022, 25732992, 26190688, 28495524, 28211201, 29005319, 28663315, 27606054, 30834571, 25596081, 26920066, 26557321, 28674166, 27438432, 29124252];PSU;[1, 1, 1, 1, 1, 1, 1, 1, 1, 1, 1, 1, 1, 1, 1, 1, 1, 1, 1, 1, 1, 1, 1, 1, 1, 1, 1, 1, 1, 1, 1, 1, 1, 1, 1, 1, 1, 1, 1, 1, 1, 1, 1, 1, 1, 1, 1, 1, 1, 1];[48000, 48000, 48000, 48000, 48000, 48000, 48000, 48000, 48000, 48000, 48000, 48000, 48000, 48000, 48000, 48000, 48000, 48000, 48000, 48000, 48000, 48000, 48000, 48000, 48000, 48000, 48000, 48000, 48000, 48000, 48000, 48000, 48000, 48000, 48000, 48000, 48000, 48000, 48000, 48000, 48000, 48000, 48000, 48000, 48000, 48000, 48000, 48000, 48000, 48000];[32000, 32000, 32000, 32000, 32000, 32000, 32000, 32000, 32000, 32000, 32000, 32000, 32000, 32000, 32000, 32000, 32000, 32000, 32000, 32000, 32000, 32000, 32000, 32000, 32000, 32000, 32000, 32000, 32000, 32000, 32000, 32000, 32000, 32000, 32000, 32000, 32000, 32000, 32000, 32000, 32000, 32000, 32000, 32000, 32000, 32000, 32000, 32000, 32000, 32000]
T150000V100000_0.4;150000;100000;0.4;60000;90000;[42110029, 43000389, 36308212, 35388081, 36184421, 33057815, 39072434, 35625696, 33954546, 40518971, 35474804, 40377268, 36348594, 36600975, 38147063, 35913428, 38157014, 36545974, 37112032, 35389452, 33365789, 37589547, 34942717, 34397371, 39222765, 33192617, 40175867, 36858149, 33780305, 37719208, 35776937, 42103539, 34150229, 35097578, 41095688, 37952871, 41449032, 38744161, 34215640, 37710779, 36199342, 36783929, 35171559, 33821826, 37092522, 35215961, 39049835, 35814067, 36083111, 38990423];PSU;[1, 1, 1, 1, 1, 1, 1, 1, 1, 1, 1, 1, 1, 1, 1, 1, 1, 1, 1, 1, 1, 1, 1, 1, 1, 1, 1, 1, 1, 1, 1, 1, 1, 1, 1, 1, 1, 1, 1, 1, 1, 1, 1, 1, 1, 1, 1, 1, 1, 1];[60000, 60000, 60000, 60000, 60000, 60000, 60000, 60000, 60000, 60000, 60000, 60000, 60000, 60000, 60000, 60000, 60000, 60000, 60000, 60000, 60000, 60000, 60000, 60000, 60000, 60000, 60000, 60000, 60000, 60000, 60000, 60000, 60000, 60000, 60000, 60000, 60000, 60000, 60000, 60000, 60000, 60000, 60000, 60000, 60000, 60000, 60000, 60000, 60000, 60000];[90000, 90000, 90000, 90000, 90000, 90000, 90000, 90000, 90000, 90000, 90000, 90000, 90000, 90000, 90000, 90000, 90000, 90000, 90000, 90000, 90000, 90000, 90000, 90000, 90000, 90000, 90000, 90000, 90000, 90000, 90000, 90000, 90000, 90000, 90000, 90000, 90000, 90000, 90000, 90000, 90000, 90000, 90000, 90000, 90000, 90000, 90000, 90000, 90000, 90000]
T60000V100000_0.8;60000;100000;0.8;48000;12000;[23756969, 23153284, 28275961, 20329570, 19621843, 22545256, 22570966, 23395116, 22958911, 23078482, 23136282, 23287066, 21896919, 26164997, 20853178, 24790222, 21483664, 20879617, 23299185, 24166234, 23460796, 22351344, 25597011, 21119220, 21170530, 22946010, 25107906, 24024073, 23472676, 23029532, 23586998, 22019770, 21161661, 25602491, 23552548, 24080203, 21804678, 23775289, 21769908, 22398174, 23384175, 23208144, 23188243, 23852922, 21362593, 25668822, 21079059, 25928965, 22042940, 19917676];PSU;[1, 1, 1, 1, 1, 1, 1, 1, 1, 1, 1, 1, 1, 1, 1, 1, 1, 1, 1, 1, 1, 1, 1, 1, 1, 1, 1, 1, 1, 1, 1, 1, 1, 1, 1, 1, 1, 1, 1, 1, 1, 1, 1, 1, 1, 1, 1, 1, 1, 1];[48000, 48000, 48000, 48000, 48000, 48000, 48000, 48000, 48000, 48000, 48000, 48000, 48000, 48000, 48000, 48000, 48000, 48000, 48000, 48000, 48000, 48000, 48000, 48000, 48000, 48000, 48000, 48000, 48000, 48000, 48000, 48000, 48000, 48000, 48000, 48000, 48000, 48000, 48000, 48000, 48000, 48000, 48000, 48000, 48000, 48000, 48000, 48000, 48000, 48000];[12000, 12000, 12000, 12000, 12000, 12000, 12000, 12000, 12000, 12000, 12000, 12000, 12000, 12000, 12000, 12000, 12000, 12000, 12000, 12000, 12000, 12000, 12000, 12000, 12000, 12000, 12000, 12000, 12000, 12000, 12000, 12000, 12000, 12000, 12000, 12000, 12000, 12000, 12000, 12000, 12000, 12000, 12000, 12000, 12000, 12000, 12000, 12000, 12000, 12000]
T50000V100000_0.9;50000;100000;0.9;45000;5000;[18962816, 19889457, 19372691, 18611691, 22323465, 22198672, 20237280, 22766300, 23197553, 17020433, 21468604, 18973006, 21908359, 20989609, 21773567, 19531821, 21974190, 22108391, 21057459, 20417172, 21817948, 19256680, 18315628, 23763890, 21488474, 21519665, 20690356, 18832734, 18488620, 22699377, 19081266, 19825986, 22031691, 23186353, 19199237, 24409907, 19566172, 23290166, 22112951, 17179875, 21556425, 22897491, 22883280, 19632483, 22817769, 16662779, 19889246, 16655360, 22828709, 21330192];PSU;[1, 1, 1, 1, 1, 1, 1, 1, 1, 1, 1, 1, 1, 1, 1, 1, 1, 1, 1, 1, 1, 1, 1, 1, 1, 1, 1, 1, 1, 1, 1, 1, 1, 1, 1, 1, 1, 1, 1, 1, 1, 1, 1, 1, 1, 1, 1, 1, 1, 1];[45000, 45000, 45000, 45000, 45000, 45000, 45000, 45000, 45000, 45000, 45000, 45000, 45000, 45000, 45000, 45000, 45000, 45000, 45000, 45000, 45000, 45000, 45000, 45000, 45000, 45000, 45000, 45000, 45000, 45000, 45000, 45000, 45000, 45000, 45000, 45000, 45000, 45000, 45000, 45000, 45000, 45000, 45000, 45000, 45000, 45000, 45000, 45000, 45000, 45000];[5000, 5000, 5000, 5000, 5000, 5000, 5000, 5000, 5000, 5000, 5000, 5000, 5000, 5000, 5000, 5000, 5000, 5000, 5000, 5000, 5000, 5000, 5000, 5000, 5000, 5000, 5000, 5000, 5000, 5000, 5000, 5000, 5000, 5000, 5000, 5000, 5000, 5000, 5000, 5000, 5000, 5000, 5000, 5000, 5000, 5000, 5000, 5000, 5000, 5000]
T70000V100000_0.7;70000;100000;0.7;49000;21000;[25893355, 24353246, 21913830, 23172954, 22719738, 26710114, 25627532, 24690151, 25688922, 27759985, 25997426, 23484337, 25878133, 26606122, 25934395, 24978734, 23841991, 23505487, 28050940, 27108727, 25180346, 27492603, 25577941, 24853013, 24690180, 24287855, 25610920, 27963477, 24880882, 27504522, 24330607, 24483048, 24744041, 26746925, 25201406, 23648669, 27306650, 26387170, 23765400, 29543666, 24307376, 24691301, 22631317, 24323767, 26227918, 22215663, 22972341, 26947676, 28818108, 27188229];PSU;[1, 1, 1, 1, 1, 1, 1, 1, 1, 1, 1, 1, 1, 1, 1, 1, 1, 1, 1, 1, 1, 1, 1, 1, 1, 1, 1, 1, 1, 1, 1, 1, 1, 1, 1, 1, 1, 1, 1, 1, 1, 1, 1, 1, 1, 1, 1, 1, 1, 1];[49000, 49000, 49000, 49000, 49000, 49000, 49000, 49000, 49000, 49000, 49000, 49000, 49000, 49000, 49000, 49000, 49000, 49000, 49000, 49000, 49000, 49000, 49000, 49000, 49000, 49000, 49000, 49000, 49000, 49000, 49000, 49000, 49000, 49000, 49000, 49000, 49000, 49000, 49000, 49000, 49000, 49000, 49000, 49000, 49000, 49000, 49000, 49000, 49000, 49000];[21000, 21000, 21000, 21000, 21000, 21000, 21000, 21000, 21000, 21000, 21000, 21000, 21000, 21000, 21000, 21000, 21000, 21000, 21000, 21000, 21000, 21000, 21000, 21000, 21000, 21000, 21000, 21000, 21000, 21000, 21000, 21000, 21000, 21000, 21000, 21000, 21000, 21000, 21000, 21000, 21000, 21000, 21000, 21000, 21000, 21000, 21000, 21000, 21000, 21000]
T110000V100000_0.5;110000;100000;0.5;55000;55000;[37706767, 36570865, 38583898, 34628473, 34628414, 35406923, 34380940, 33579072, 35050808, 31832762, 34335110, 35670505, 34772686, 33650733, 37536756, 35807458, 36397085, 36416114, 34270491, 33592322, 30214065, 31234155, 33780394, 35860968, 37478845, 31333926, 33504122, 34368600, 33432060, 35959119, 32173475, 32821213, 32215556, 34028426, 34278750, 36924269, 36583497, 37957382, 29821609, 34641124, 34201909, 35678306, 35752407, 32200365, 34580883, 35033007, 37374695, 35379833, 33949447, 35939249];PSU;[1, 1, 1, 1, 1, 1, 1, 1, 1, 1, 1, 1, 1, 1, 1, 1, 1, 1, 1, 1, 1, 1, 1, 1, 1, 1, 1, 1, 1, 1, 1, 1, 1, 1, 1, 1, 1, 1, 1, 1, 1, 1, 1, 1, 1, 1, 1, 1, 1, 1];[55000, 55000, 55000, 55000, 55000, 55000, 55000, 55000, 55000, 55000, 55000, 55000, 55000, 55000, 55000, 55000, 55000, 55000, 55000, 55000, 55000, 55000, 55000, 55000, 55000, 55000, 55000, 55000, 55000, 55000, 55000, 55000, 55000, 55000, 55000, 55000, 55000, 55000, 55000, 55000, 55000, 55000, 55000, 55000, 55000, 55000, 55000, 55000, 55000, 55000];[55000, 55000, 55000, 55000, 55000, 55000, 55000, 55000, 55000, 55000, 55000, 55000, 55000, 55000, 55000, 55000, 55000, 55000, 55000, 55000, 55000, 55000, 55000, 55000, 55000, 55000, 55000, 55000, 55000, 55000, 55000, 55000, 55000, 55000, 55000, 55000, 55000, 55000, 55000, 55000, 55000, 55000, 55000, 55000, 55000, 55000, 55000, 55000, 55000, 55000]
T90000V100000_0.6;90000;100000;0.6;54000;36000;[28021089, 25417499, 27391631, 30322295, 29191302, 27725606, 25154396, 24727121, 31090723, 31250496, 31958553, 29775829, 29802589, 28248122, 31456607, 29416834, 29851238, 31645500, 27919577, 28448623, 29416654, 31161573, 31478178, 29274803, 30177254, 30417876, 31645940, 29921211, 30121713, 28769936, 27948138, 29420954, 31816171, 31020742, 26143736, 26841395, 26901725, 31268875, 31728160, 30364564, 32960505, 29481675, 30352146, 26923866, 28533944, 33008916, 30681440, 31962094, 25008844, 30921162];PSU;[1, 1, 1, 1, 1, 1, 1, 1, 1, 1, 1, 1, 1, 1, 1, 1, 1, 1, 1, 1, 1, 1, 1, 1, 1, 1, 1, 1, 1, 1, 1, 1, 1, 1, 1, 1, 1, 1, 1, 1, 1, 1, 1, 1, 1, 1, 1, 1, 1, 1];[54000, 54000, 54000, 54000, 54000, 54000, 54000, 54000, 54000, 54000, 54000, 54000, 54000, 54000, 54000, 54000, 54000, 54000, 54000, 54000, 54000, 54000, 54000, 54000, 54000, 54000, 54000, 54000, 54000, 54000, 54000, 54000, 54000, 54000, 54000, 54000, 54000, 54000, 54000, 54000, 54000, 54000, 54000, 54000, 54000, 54000, 54000, 54000, 54000, 54000];[36000, 36000, 36000, 36000, 36000, 36000, 36000, 36000, 36000, 36000, 36000, 36000, 36000, 36000, 36000, 36000, 36000, 36000, 36000, 36000, 36000, 36000, 36000, 36000, 36000, 36000, 36000, 36000, 36000, 36000, 36000, 36000, 36000, 36000, 36000, 36000, 36000, 36000, 36000, 36000, 36000, 36000, 36000, 36000, 36000, 36000, 36000, 36000, 36000, 36000]
T120000V100000_0.5;120000;100000;0.5;60000;60000;[36010430, 35381692, 35038548, 38734161, 36377083, 38293945, 36506384, 35225841, 35311190, 33246797, 34565153, 34532543, 31087604, 35146770, 35565144, 37059301, 34658345, 33412859, 36419134, 35732225, 36512264, 34208719, 34473671, 37537947, 36783519, 40713513, 31596909, 38061502, 38981472, 36750938, 33516091, 32399878, 30075372, 32789063, 35329632, 35783837, 35216260, 36219951, 35578195, 33991416, 34831216, 33968736, 35567184, 37323854, 34233789, 36159191, 35937109, 35474413, 33176657, 33722954];PSU;[1, 1, 1, 1, 1, 1, 1, 1, 1, 1, 1, 1, 1, 1, 1, 1, 1, 1, 1, 1, 1, 1, 1, 1, 1, 1, 1, 1, 1, 1, 1, 1, 1, 1, 1, 1, 1, 1, 1, 1, 1, 1, 1, 1, 1, 1, 1, 1, 1, 1];[60000, 60000, 60000, 60000, 60000, 60000, 60000, 60000, 60000, 60000, 60000, 60000, 60000, 60000, 60000, 60000, 60000, 60000, 60000, 60000, 60000, 60000, 60000, 60000, 60000, 60000, 60000, 60000, 60000, 60000, 60000, 60000, 60000, 60000, 60000, 60000, 60000, 60000, 60000, 60000, 60000, 60000, 60000, 60000, 60000, 60000, 60000, 60000, 60000, 60000];[60000, 60000, 60000, 60000, 60000, 60000, 60000, 60000, 60000, 60000, 60000, 60000, 60000, 60000, 60000, 60000, 60000, 60000, 60000, 60000, 60000, 60000, 60000, 60000, 60000, 60000, 60000, 60000, 60000, 60000, 60000, 60000, 60000, 60000, 60000, 60000, 60000, 60000, 60000, 60000, 60000, 60000, 60000, 60000, 60000, 60000, 60000, 60000, 60000, 60000]
T130000V100000_0.5;130000;100000;0.5;65000;65000;[34621264, 35629226, 33611942, 39082823, 33121647, 33004106, 37730660, 33072226, 38905793, 35804677, 34088758, 36299712, 36251781, 36874839, 31031683, 31964914, 36516654, 35634696, 37606527, 33384480, 33239878, 35408862, 32529320, 35884497, 33090816, 35934938, 35036848, 33330789, 36160461, 34261760, 37201814, 38443297, 37014752, 39017183, 34575942, 32685411, 37904731, 32669482, 34361520, 34997018, 34813675, 37660507, 34265719, 40714472, 34595324, 32536100, 37698008, 35796917, 39968395, 33308099];PSU;[1, 1, 1, 1, 1, 1, 1, 1, 1, 1, 1, 1, 1, 1, 1, 1, 1, 1, 1, 1, 1, 1, 1, 1, 1, 1, 1, 1, 1, 1, 1, 1, 1, 1, 1, 1, 1, 1, 1, 1, 1, 1, 1, 1, 1, 1, 1, 1, 1, 1];[65000, 65000, 65000, 65000, 65000, 65000, 65000, 65000, 65000, 65000, 65000, 65000, 65000, 65000, 65000, 65000, 65000, 65000, 65000, 65000, 65000, 65000, 65000, 65000, 65000, 65000, 65000, 65000, 65000, 65000, 65000, 65000, 65000, 65000, 65000, 65000, 65000, 65000, 65000, 65000, 65000, 65000, 65000, 65000, 65000, 65000, 65000, 65000, 65000, 65000];[65000, 65000, 65000, 65000, 65000, 65000, 65000, 65000, 65000, 65000, 65000, 65000, 65000, 65000, 65000, 65000, 65000, 65000, 65000, 65000, 65000, 65000, 65000, 65000, 65000, 65000, 65000, 65000, 65000, 65000, 65000, 65000, 65000, 65000, 65000, 65000, 65000, 65000, 65000, 65000, 65000, 65000, 65000, 65000, 65000, 65000, 65000, 65000, 65000, 65000]
T50000V100000_1.0;50000;100000;1.0;50000;0;[24346557, 20913349, 22635778, 21047060, 19138837, 21655146, 18970486, 19362900, 23471497, 19146758, 20476493, 20984298, 21245102, 21238731, 19932846, 21025029, 20174079, 21479725, 18864636, 19718443, 19992917, 21364222, 18259368, 20519754, 21649786, 22270353, 20388991, 20531343, 20434612, 20974729, 20150498, 19807786, 24977284, 18937296, 21007919, 20626005, 21517845, 18847615, 19148898, 22592676, 20396702, 22546747, 18315019, 21979150, 20207250, 18772665, 18236547, 23694740, 20243311, 23041822];PSU;[1, 1, 1, 1, 1, 1, 1, 1, 1, 1, 1, 1, 1, 1, 1, 1, 1, 1, 1, 1, 1, 1, 1, 1, 1, 1, 1, 1, 1, 1, 1, 1, 1, 1, 1, 1, 1, 1, 1, 1, 1, 1, 1, 1, 1, 1, 1, 1, 1, 1];[50000, 50000, 50000, 50000, 50000, 50000, 50000, 50000, 50000, 50000, 50000, 50000, 50000, 50000, 50000, 50000, 50000, 50000, 50000, 50000, 50000, 50000, 50000, 50000, 50000, 50000, 50000, 50000, 50000, 50000, 50000, 50000, 50000, 50000, 50000, 50000, 50000, 50000, 50000, 50000, 50000, 50000, 50000, 50000, 50000, 50000, 50000, 50000, 50000, 50000];[0, 0, 0, 0, 0, 0, 0, 0, 0, 0, 0, 0, 0, 0, 0, 0, 0, 0, 0, 0, 0, 0, 0, 0, 0, 0, 0, 0, 0, 0, 0, 0, 0, 0, 0, 0, 0, 0, 0, 0, 0, 0, 0, 0, 0, 0, 0, 0, 0, 0]
T60000V100000_0.9;60000;100000;0.9;54000;6000;[25465620, 24164495, 24071974, 20545553, 22350924, 20511043, 24621550, 24502677, 21653676, 21663137, 20996959, 23014791, 20790906, 23994942, 22640627, 21492384, 24405577, 19619584, 21215582, 23555008, 23926842, 21270151, 24559709, 23896902, 22710109, 22475466, 21053140, 21469874, 25923205, 21953059, 23448456, 21232861, 23688859, 21697958, 22035181, 23093981, 25923114, 21532925, 19311340, 19809275, 26791755, 22168191, 23005852, 26053427, 20408692, 19874556, 20182719, 22368425, 21323602, 19952836];PSU;[1, 1, 1, 1, 1, 1, 1, 1, 1, 1, 1, 1, 1, 1, 1, 1, 1, 1, 1, 1, 1, 1, 1, 1, 1, 1, 1, 1, 1, 1, 1, 1, 1, 1, 1, 1, 1, 1, 1, 1, 1, 1, 1, 1, 1, 1, 1, 1, 1, 1];[54000, 54000, 54000, 54000, 54000, 54000, 54000, 54000, 54000, 54000, 54000, 54000, 54000, 54000, 54000, 54000, 54000, 54000, 54000, 54000, 54000, 54000, 54000, 54000, 54000, 54000, 54000, 54000, 54000, 54000, 54000, 54000, 54000, 54000, 54000, 54000, 54000, 54000, 54000, 54000, 54000, 54000, 54000, 54000, 54000, 54000, 54000, 54000, 54000, 54000];[6000, 6000, 6000, 6000, 6000, 6000, 6000, 6000, 6000, 6000, 6000, 6000, 6000, 6000, 6000, 6000, 6000, 6000, 6000, 6000, 6000, 6000, 6000, 6000, 6000, 6000, 6000, 6000, 6000, 6000, 6000, 6000, 6000, 6000, 6000, 6000, 6000, 6000, 6000, 6000, 6000, 6000, 6000, 6000, 6000, 6000, 6000, 6000, 6000, 6000]
T140000V100000_0.5;140000;100000;0.5;70000;70000;[35839097, 34642255, 34781225, 33582421, 32355928, 33971586, 34127318, 30363046, 29840789, 31052363, 34112979, 32550230, 35631455, 32563740, 33173888, 34139167, 30989553, 32770492, 33840525, 34611814, 36876430, 37004801, 35351082, 36536835, 36338413, 35607115, 33661383, 33280899, 32199487, 33401589, 32918555, 30729739, 28161420, 31932682, 31993384, 31456017, 33895306, 36889980, 31415828, 33749473, 33891826, 36068161, 32520509, 32323817, 32677212, 30684219, 33668953, 33686913, 31867403, 31959133];PSU;[1, 1, 1, 1, 1, 1, 1, 1, 1, 1, 1, 1, 1, 1, 1, 1, 1, 1, 1, 1, 1, 1, 1, 1, 1, 1, 1, 1, 1, 1, 1, 1, 1, 1, 1, 1, 1, 1, 1, 1, 1, 1, 1, 1, 1, 1, 1, 1, 1, 1];[70000, 70000, 70000, 70000, 70000, 70000, 70000, 70000, 70000, 70000, 70000, 70000, 70000, 70000, 70000, 70000, 70000, 70000, 70000, 70000, 70000, 70000, 70000, 70000, 70000, 70000, 70000, 70000, 70000, 70000, 70000, 70000, 70000, 70000, 70000, 70000, 70000, 70000, 70000, 70000, 70000, 70000, 70000, 70000, 70000, 70000, 70000, 70000, 70000, 70000];[70000, 70000, 70000, 70000, 70000, 70000, 70000, 70000, 70000, 70000, 70000, 70000, 70000, 70000, 70000, 70000, 70000, 70000, 70000, 70000, 70000, 70000, 70000, 70000, 70000, 70000, 70000, 70000, 70000, 70000, 70000, 70000, 70000, 70000, 70000, 70000, 70000, 70000, 70000, 70000, 70000, 70000, 70000, 70000, 70000, 70000, 70000, 70000, 70000, 70000]
T100000V100000_0.6;100000;100000;0.6;60000;40000;[34615594, 31596769, 29494935, 32429579, 30922922, 30038302, 26760594, 28372953, 30590426, 29640927, 33113348, 30898381, 32965715, 32009494, 35006589, 31405607, 33404400, 32723822, 29185910, 29318973, 34024536, 32859543, 30331834, 28429273, 32043245, 30489046, 32050224, 32498669, 32900354, 32707392, 32579140, 30343465, 31697840, 32871854, 32955964, 32343408, 28787097, 28708556, 32941665, 35246421, 33092066, 29154161, 29473404, 28721156, 30361224, 31812942, 29905329, 29119381, 30690958, 30666599];PSU;[1, 1, 1, 1, 1, 1, 1, 1, 1, 1, 1, 1, 1, 1, 1, 1, 1, 1, 1, 1, 1, 1, 1, 1, 1, 1, 1, 1, 1, 1, 1, 1, 1, 1, 1, 1, 1, 1, 1, 1, 1, 1, 1, 1, 1, 1, 1, 1, 1, 1];[60000, 60000, 60000, 60000, 60000, 60000, 60000, 60000, 60000, 60000, 60000, 60000, 60000, 60000, 60000, 60000, 60000, 60000, 60000, 60000, 60000, 60000, 60000, 60000, 60000, 60000, 60000, 60000, 60000, 60000, 60000, 60000, 60000, 60000, 60000, 60000, 60000, 60000, 60000, 60000, 60000, 60000, 60000, 60000, 60000, 60000, 60000, 60000, 60000, 60000];[40000, 40000, 40000, 40000, 40000, 40000, 40000, 40000, 40000, 40000, 40000, 40000, 40000, 40000, 40000, 40000, 40000, 40000, 40000, 40000, 40000, 40000, 40000, 40000, 40000, 40000, 40000, 40000, 40000, 40000, 40000, 40000, 40000, 40000, 40000, 40000, 40000, 40000, 40000, 40000, 40000, 40000, 40000, 40000, 40000, 40000, 40000, 40000, 40000, 40000]
T80000V100000_0.7;80000;100000;0.7;56000;24000;[29946461, 26764734, 25579781, 25919835, 29517334, 30792959, 30795091, 31561168, 33912595, 22934220, 28773418, 29731128, 26807775, 25613420, 28682556, 30814250, 27478853, 27955698, 27374360, 24655661, 27186179, 27359440, 27597034, 28678426, 30717809, 28679206, 27694664, 27891378, 26468850, 28946309, 32139845, 29670668, 25812804, 28337812, 28904509, 28985080, 25216057, 25411439, 28444483, 26674073, 26175987, 26354179, 25166905, 24134135, 27370312, 25039594, 26035476, 28332982, 25771443, 25926594];PSU;[1, 1, 1, 1, 1, 1, 1, 1, 1, 1, 1, 1, 1, 1, 1, 1, 1, 1, 1, 1, 1, 1, 1, 1, 1, 1, 1, 1, 1, 1, 1, 1, 1, 1, 1, 1, 1, 1, 1, 1, 1, 1, 1, 1, 1, 1, 1, 1, 1, 1];[56000, 56000, 56000, 56000, 56000, 56000, 56000, 56000, 56000, 56000, 56000, 56000, 56000, 56000, 56000, 56000, 56000, 56000, 56000, 56000, 56000, 56000, 56000, 56000, 56000, 56000, 56000, 56000, 56000, 56000, 56000, 56000, 56000, 56000, 56000, 56000, 56000, 56000, 56000, 56000, 56000, 56000, 56000, 56000, 56000, 56000, 56000, 56000, 56000, 56000];[24000, 24000, 24000, 24000, 24000, 24000, 24000, 24000, 24000, 24000, 24000, 24000, 24000, 24000, 24000, 24000, 24000, 24000, 24000, 24000, 24000, 24000, 24000, 24000, 24000, 24000, 24000, 24000, 24000, 24000, 24000, 24000, 24000, 24000, 24000, 24000, 24000, 24000, 24000, 24000, 24000, 24000, 24000, 24000, 24000, 24000, 24000, 24000, 24000, 24000]
T70000V100000_0.8;70000;100000;0.8;56000;14000;[23788190, 24340277, 24090494, 24189645, 25819314, 28510334, 21901498, 28820648, 25241708, 26104347, 26103976, 24939513, 22808569, 24697801, 26253189, 29719418, 22132292, 26374470, 24933024, 25374068, 24266155, 24852773, 24161744, 27299271, 22412525, 25831853, 25906064, 23022982, 23118123, 20865677, 21735988, 25782623, 24290077, 25812993, 20066478, 23374306, 21549964, 22434905, 21291052, 25129915, 22072301, 25473178, 20917117, 23541506, 22114972, 25825423, 19165828, 21662825, 22688308, 23104663];PSU;[1, 1, 1, 1, 1, 1, 1, 1, 1, 1, 1, 1, 1, 1, 1, 1, 1, 1, 1, 1, 1, 1, 1, 1, 1, 1, 1, 1, 1, 1, 1, 1, 1, 1, 1, 1, 1, 1, 1, 1, 1, 1, 1, 1, 1, 1, 1, 1, 1, 1];[56000, 56000, 56000, 56000, 56000, 56000, 56000, 56000, 56000, 56000, 56000, 56000, 56000, 56000, 56000, 56000, 56000, 56000, 56000, 56000, 56000, 56000, 56000, 56000, 56000, 56000, 56000, 56000, 56000, 56000, 56000, 56000, 56000, 56000, 56000, 56000, 56000, 56000, 56000, 56000, 56000, 56000, 56000, 56000, 56000, 56000, 56000, 56000, 56000, 56000];[14000, 14000, 14000, 14000, 14000, 14000, 14000, 14000, 14000, 14000, 14000, 14000, 14000, 14000, 14000, 14000, 14000, 14000, 14000, 14000, 14000, 14000, 14000, 14000, 14000, 14000, 14000, 14000, 14000, 14000, 14000, 14000, 14000, 14000, 14000, 14000, 14000, 14000, 14000, 14000, 14000, 14000, 14000, 14000, 14000, 14000, 14000, 14000, 14000, 14000]
T90000V100000_0.7;90000;100000;0.7;62999;27001;[30375765, 30958091, 29440245, 30091453, 29078990, 27067568, 29376574, 29974541, 29092261, 30620808, 32801582, 32138905, 27160709, 26144556, 34716634, 34472911, 26840115, 25763494, 28681567, 28087210, 27828156, 27579654, 29589937, 30411825, 31263046, 26416809, 28486634, 26928957, 26512421, 28554844, 30928022, 30057011, 28742217, 27264710, 30026631, 30906142, 30242474, 28949659, 27750725, 25337048, 28195620, 30730770, 29760758, 28612095, 29434745, 32485260, 31324116, 25869734, 25998986, 29680297];PSU;[1, 1, 1, 1, 1, 1, 1, 1, 1, 1, 1, 1, 1, 1, 1, 1, 1, 1, 1, 1, 1, 1, 1, 1, 1, 1, 1, 1, 1, 1, 1, 1, 1, 1, 1, 1, 1, 1, 1, 1, 1, 1, 1, 1, 1, 1, 1, 1, 1, 1];[62999, 62999, 62999, 62999, 62999, 62999, 62999, 62999, 62999, 62999, 62999, 62999, 62999, 62999, 62999, 62999, 62999, 62999, 62999, 62999, 62999, 62999, 62999, 62999, 62999, 62999, 62999, 62999, 62999, 62999, 62999, 62999, 62999, 62999, 62999, 62999, 62999, 62999, 62999, 62999, 62999, 62999, 62999, 62999, 62999, 62999, 62999, 62999, 62999, 62999];[27001, 27001, 27001, 27001, 27001, 27001, 27001, 27001, 27001, 27001, 27001, 27001, 27001, 27001, 27001, 27001, 27001, 27001, 27001, 27001, 27001, 27001, 27001, 27001, 27001, 27001, 27001, 27001, 27001, 27001, 27001, 27001, 27001, 27001, 27001, 27001, 27001, 27001, 27001, 27001, 27001, 27001, 27001, 27001, 27001, 27001, 27001, 27001, 27001, 27001]
T150000V100000_0.5;150000;100000;0.5;75000;75000;[36500534, 33424530, 35349062, 36112490, 37226674, 38807491, 38038233, 35817877, 34945318, 34988179, 34061658, 35039808, 34290190, 36448025, 36403293, 35784777, 36249042, 33673844, 36870419, 36927651, 35694706, 38972163, 35926218, 34329260, 34848546, 32821003, 33261188, 32265017, 32301537, 32445129, 34444342, 32413819, 35659795, 35417642, 36818549, 33165077, 34012685, 30922611, 32012394, 33801464, 33491761, 35312182, 34591544, 35905778, 37424705, 34256149, 33127396, 35157789, 33365920, 31762511];PSU;[1, 1, 1, 1, 1, 1, 1, 1, 1, 1, 1, 1, 1, 1, 1, 1, 1, 1, 1, 1, 1, 1, 1, 1, 1, 1, 1, 1, 1, 1, 1, 1, 1, 1, 1, 1, 1, 1, 1, 1, 1, 1, 1, 1, 1, 1, 1, 1, 1, 1];[75000, 75000, 75000, 75000, 75000, 75000, 75000, 75000, 75000, 75000, 75000, 75000, 75000, 75000, 75000, 75000, 75000, 75000, 75000, 75000, 75000, 75000, 75000, 75000, 75000, 75000, 75000, 75000, 75000, 75000, 75000, 75000, 75000, 75000, 75000, 75000, 75000, 75000, 75000, 75000, 75000, 75000, 75000, 75000, 75000, 75000, 75000, 75000, 75000, 75000];[75000, 75000, 75000, 75000, 75000, 75000, 75000, 75000, 75000, 75000, 75000, 75000, 75000, 75000, 75000, 75000, 75000, 75000, 75000, 75000, 75000, 75000, 75000, 75000, 75000, 75000, 75000, 75000, 75000, 75000, 75000, 75000, 75000, 75000, 75000, 75000, 75000, 75000, 75000, 75000, 75000, 75000, 75000, 75000, 75000, 75000, 75000, 75000, 75000, 75000]
T60000V100000_1.0;60000;100000;1.0;60000;0;[21073859, 20286631, 20193350, 21942089, 19584263, 17790762, 22443626, 21273312, 19743984, 18165896, 20281910, 18617541, 21438884, 18498070, 22475066, 19058378, 21294091, 19203907, 20776865, 20239440, 21613396, 17799483, 22985132, 20832517, 21683097, 22816010, 20804926, 20089778, 17020643, 22974111, 20562764, 21709107, 19244249, 19951546, 20978859, 22830279, 20033318, 25572851, 18236538, 18468090, 20923468, 23807050, 19274299, 21650965, 19166907, 22266853, 19504322, 22827619, 24436738, 19624784];PSU;[1, 1, 1, 1, 1, 1, 1, 1, 1, 1, 1, 1, 1, 1, 1, 1, 1, 1, 1, 1, 1, 1, 1, 1, 1, 1, 1, 1, 1, 1, 1, 1, 1, 1, 1, 1, 1, 1, 1, 1, 1, 1, 1, 1, 1, 1, 1, 1, 1, 1];[60000, 60000, 60000, 60000, 60000, 60000, 60000, 60000, 60000, 60000, 60000, 60000, 60000, 60000, 60000, 60000, 60000, 60000, 60000, 60000, 60000, 60000, 60000, 60000, 60000, 60000, 60000, 60000, 60000, 60000, 60000, 60000, 60000, 60000, 60000, 60000, 60000, 60000, 60000, 60000, 60000, 60000, 60000, 60000, 60000, 60000, 60000, 60000, 60000, 60000];[0, 0, 0, 0, 0, 0, 0, 0, 0, 0, 0, 0, 0, 0, 0, 0, 0, 0, 0, 0, 0, 0, 0, 0, 0, 0, 0, 0, 0, 0, 0, 0, 0, 0, 0, 0, 0, 0, 0, 0, 0, 0, 0, 0, 0, 0, 0, 0, 0, 0]
T110000V100000_0.6;110000;100000;0.6;66000;44000;[31006402, 33928087, 34412000, 36614656, 34464952, 31831961, 33615902, 33493680, 32417488, 32731612, 31419467, 32155255, 33433729, 34144878, 38371225, 33906896, 31095004, 31301475, 28649516, 31661800, 33281977, 30541057, 30392446, 32068855, 27127778, 30545637, 32469199, 36550115, 30618788, 31113854, 31525409, 34496632, 36110121, 30254204, 31934153, 33838064, 32952315, 32387399, 30419305, 31989644, 28807907, 30744849, 35981879, 32664462, 30927122, 31166795, 34405422, 31333546, 31178073, 29659358];PSU;[1, 1, 1, 1, 1, 1, 1, 1, 1, 1, 1, 1, 1, 1, 1, 1, 1, 1, 1, 1, 1, 1, 1, 1, 1, 1, 1, 1, 1, 1, 1, 1, 1, 1, 1, 1, 1, 1, 1, 1, 1, 1, 1, 1, 1, 1, 1, 1, 1, 1];[66000, 66000, 66000, 66000, 66000, 66000, 66000, 66000, 66000, 66000, 66000, 66000, 66000, 66000, 66000, 66000, 66000, 66000, 66000, 66000, 66000, 66000, 66000, 66000, 66000, 66000, 66000, 66000, 66000, 66000, 66000, 66000, 66000, 66000, 66000, 66000, 66000, 66000, 66000, 66000, 66000, 66000, 66000, 66000, 66000, 66000, 66000, 66000, 66000, 66000];[44000, 44000, 44000, 44000, 44000, 44000, 44000, 44000, 44000, 44000, 44000, 44000, 44000, 44000, 44000, 44000, 44000, 44000, 44000, 44000, 44000, 44000, 44000, 44000, 44000, 44000, 44000, 44000, 44000, 44000, 44000, 44000, 44000, 44000, 44000, 44000, 44000, 44000, 44000, 44000, 44000, 44000, 44000, 44000, 44000, 44000, 44000, 44000, 44000, 44000]
T70000V100000_0.9;70000;100000;0.9;63000;7000;[25645232, 23199494, 21589466, 24066873, 22091461, 23248164, 22359195, 24374656, 22937032, 25440949, 20407052, 22828240, 21645346, 22350024, 27946958, 23485897, 21476265, 23879461, 20376201, 25240187, 20032968, 23877361, 24860022, 28119441, 20446752, 21978620, 21631946, 19411291, 16930933, 19201129, 19704445, 21863729, 22016320, 22713479, 18581720, 18671971, 14755598, 23037042, 21833089, 21374224, 21597366, 22599086, 19183599, 20473513, 19279570, 19809665, 21601464, 21033809, 23644818, 20646165];PSU;[1, 1, 1, 1, 1, 1, 1, 1, 1, 1, 1, 1, 1, 1, 1, 1, 1, 1, 1, 1, 1, 1, 1, 1, 1, 1, 1, 1, 1, 1, 1, 1, 1, 1, 1, 1, 1, 1, 1, 1, 1, 1, 1, 1, 1, 1, 1, 1, 1, 1];[63000, 63000, 63000, 63000, 63000, 63000, 63000, 63000, 63000, 63000, 63000, 63000, 63000, 63000, 63000, 63000, 63000, 63000, 63000, 63000, 63000, 63000, 63000, 63000, 63000, 63000, 63000, 63000, 63000, 63000, 63000, 63000, 63000, 63000, 63000, 63000, 63000, 63000, 63000, 63000, 63000, 63000, 63000, 63000, 63000, 63000, 63000, 63000, 63000, 63000];[7000, 7000, 7000, 7000, 7000, 7000, 7000, 7000, 7000, 7000, 7000, 7000, 7000, 7000, 7000, 7000, 7000, 7000, 7000, 7000, 7000, 7000, 7000, 7000, 7000, 7000, 7000, 7000, 7000, 7000, 7000, 7000, 7000, 7000, 7000, 7000, 7000, 7000, 7000, 7000, 7000, 7000, 7000, 7000, 7000, 7000, 7000, 7000, 7000, 7000]
T80000V100000_0.8;80000;100000;0.8;64000;16000;[28201951, 24012422, 26453390, 24238847, 25719892, 27678584, 28885808, 24444538, 26928737, 26558082, 27550303, 29021309, 26731104, 25521771, 26965016, 24618059, 26298159, 31298536, 27701866, 25308008, 25624641, 25614100, 25098357, 25473260, 28295992, 29921369, 23941192, 24284706, 23224064, 22091021, 25046905, 23607478, 24491909, 25045846, 25702363, 22167493, 23103392, 24945804, 22813609, 25498109, 26229518, 25150786, 22747220, 22037280, 26479091, 23792510, 24380147, 27038197, 25808283, 20779846];PSU;[1, 1, 1, 1, 1, 1, 1, 1, 1, 1, 1, 1, 1, 1, 1, 1, 1, 1, 1, 1, 1, 1, 1, 1, 1, 1, 1, 1, 1, 1, 1, 1, 1, 1, 1, 1, 1, 1, 1, 1, 1, 1, 1, 1, 1, 1, 1, 1, 1, 1];[64000, 64000, 64000, 64000, 64000, 64000, 64000, 64000, 64000, 64000, 64000, 64000, 64000, 64000, 64000, 64000, 64000, 64000, 64000, 64000, 64000, 64000, 64000, 64000, 64000, 64000, 64000, 64000, 64000, 64000, 64000, 64000, 64000, 64000, 64000, 64000, 64000, 64000, 64000, 64000, 64000, 64000, 64000, 64000, 64000, 64000, 64000, 64000, 64000, 64000];[16000, 16000, 16000, 16000, 16000, 16000, 16000, 16000, 16000, 16000, 16000, 16000, 16000, 16000, 16000, 16000, 16000, 16000, 16000, 16000, 16000, 16000, 16000, 16000, 16000, 16000, 16000, 16000, 16000, 16000, 16000, 16000, 16000, 16000, 16000, 16000, 16000, 16000, 16000, 16000, 16000, 16000, 16000, 16000, 16000, 16000, 16000, 16000, 16000, 16000]
T120000V100000_0.6;120000;100000;0.6;72000;48000;[36626657, 38027582, 34814456, 32520729, 31012084, 30305495, 30694579, 29960150, 30346795, 32526410, 31499668, 30873520, 28789507, 28820958, 30259694, 30481366, 32027354, 31235555, 29974601, 28500943, 30870352, 30398086, 30878711, 30370095, 35814006, 33950345, 32985774, 31903152, 33463090, 33403530, 32886203, 34737434, 32325257, 32546930, 30145523, 28732317, 29987931, 31485308, 31921912, 32000583, 32503109, 32414338, 33014286, 29686317, 29818919, 28954369, 30326414, 29066510, 29234202, 29715218];PSU;[1, 1, 1, 1, 1, 1, 1, 1, 1, 1, 1, 1, 1, 1, 1, 1, 1, 1, 1, 1, 1, 1, 1, 1, 1, 1, 1, 1, 1, 1, 1, 1, 1, 1, 1, 1, 1, 1, 1, 1, 1, 1, 1, 1, 1, 1, 1, 1, 1, 1];[72000, 72000, 72000, 72000, 72000, 72000, 72000, 72000, 72000, 72000, 72000, 72000, 72000, 72000, 72000, 72000, 72000, 72000, 72000, 72000, 72000, 72000, 72000, 72000, 72000, 72000, 72000, 72000, 72000, 72000, 72000, 72000, 72000, 72000, 72000, 72000, 72000, 72000, 72000, 72000, 72000, 72000, 72000, 72000, 72000, 72000, 72000, 72000, 72000, 72000];[48000, 48000, 48000, 48000, 48000, 48000, 48000, 48000, 48000, 48000, 48000, 48000, 48000, 48000, 48000, 48000, 48000, 48000, 48000, 48000, 48000, 48000, 48000, 48000, 48000, 48000, 48000, 48000, 48000, 48000, 48000, 48000, 48000, 48000, 48000, 48000, 48000, 48000, 48000, 48000, 48000, 48000, 48000, 48000, 48000, 48000, 48000, 48000, 48000, 48000]
T130000V100000_0.6;130000;100000;0.6;78000;52000;[30581278, 30041372, 31589689, 31779862, 33678063, 30990163, 31998523, 32393309, 30841181, 31482708, 27754786, 32769962, 33611302, 34392981, 32916424, 32370578, 31676450, 33480802, 31056472, 30559396, 31892403, 34008177, 34247099, 31393006, 31383117, 30269074, 30443635, 27944007, 30572178, 29640687, 31151654, 31238626, 27968058, 27926787, 30341675, 28828517, 30630597, 30741259, 28544585, 27761805, 28495295, 28486783, 31714281, 32913414, 31797991, 33572182, 34436481, 31982724, 31615699, 29670777];PSU;[1, 1, 1, 1, 1, 1, 1, 1, 1, 1, 1, 1, 1, 1, 1, 1, 1, 1, 1, 1, 1, 1, 1, 1, 1, 1, 1, 1, 1, 1, 1, 1, 1, 1, 1, 1, 1, 1, 1, 1, 1, 1, 1, 1, 1, 1, 1, 1, 1, 1];[78000, 78000, 78000, 78000, 78000, 78000, 78000, 78000, 78000, 78000, 78000, 78000, 78000, 78000, 78000, 78000, 78000, 78000, 78000, 78000, 78000, 78000, 78000, 78000, 78000, 78000, 78000, 78000, 78000, 78000, 78000, 78000, 78000, 78000, 78000, 78000, 78000, 78000, 78000, 78000, 78000, 78000, 78000, 78000, 78000, 78000, 78000, 78000, 78000, 78000];[52000, 52000, 52000, 52000, 52000, 52000, 52000, 52000, 52000, 52000, 52000, 52000, 52000, 52000, 52000, 52000, 52000, 52000, 52000, 52000, 52000, 52000, 52000, 52000, 52000, 52000, 52000, 52000, 52000, 52000, 52000, 52000, 52000, 52000, 52000, 52000, 52000, 52000, 52000, 52000, 52000, 52000, 52000, 52000, 52000, 52000, 52000, 52000, 52000, 52000]
T100000V100000_0.7;100000;100000;0.7;70000;30000;[31596780, 31491118, 28730846, 29992520, 29282123, 30984362, 32676181, 31314446, 29020690, 31318676, 30851572, 28978150, 30714329, 30194704, 31673410, 35569336, 33152387, 34237778, 28769847, 27163779, 28646306, 31960573, 30525857, 30235023, 30946572, 27814096, 27099437, 28043160, 27580593, 29619027, 30757250, 31837422, 31672841, 30797910, 30761839, 28688196, 31350777, 30766319, 29249713, 29979290, 26462101, 29242573, 27479702, 28636504, 27861856, 31737721, 31244055, 31104353, 28774697, 28804797];PSU;[1, 1, 1, 1, 1, 1, 1, 1, 1, 1, 1, 1, 1, 1, 1, 1, 1, 1, 1, 1, 1, 1, 1, 1, 1, 1, 1, 1, 1, 1, 1, 1, 1, 1, 1, 1, 1, 1, 1, 1, 1, 1, 1, 1, 1, 1, 1, 1, 1, 1];[70000, 70000, 70000, 70000, 70000, 70000, 70000, 70000, 70000, 70000, 70000, 70000, 70000, 70000, 70000, 70000, 70000, 70000, 70000, 70000, 70000, 70000, 70000, 70000, 70000, 70000, 70000, 70000, 70000, 70000, 70000, 70000, 70000, 70000, 70000, 70000, 70000, 70000, 70000, 70000, 70000, 70000, 70000, 70000, 70000, 70000, 70000, 70000, 70000, 70000];[30000, 30000, 30000, 30000, 30000, 30000, 30000, 30000, 30000, 30000, 30000, 30000, 30000, 30000, 30000, 30000, 30000, 30000, 30000, 30000, 30000, 30000, 30000, 30000, 30000, 30000, 30000, 30000, 30000, 30000, 30000, 30000, 30000, 30000, 30000, 30000, 30000, 30000, 30000, 30000, 30000, 30000, 30000, 30000, 30000, 30000, 30000, 30000, 30000, 30000]
T140000V100000_0.6;140000;100000;0.6;84000;56000;[35629095, 37232623, 33859386, 33023115, 34285270, 34660635, 33014775, 31832101, 31010272, 31803861, 31413337, 34355880, 33833385, 34306041, 32674672, 32841775, 32518740, 29627598, 29467906, 31203224, 31308276, 28824288, 26551652, 26711463, 29356213, 28701336, 30029531, 31614160, 31483899, 30375326, 31426168, 31729751, 31553319, 31263105, 31763880, 30746609, 29214611, 26886336, 29994521, 29148532, 29193243, 29418965, 32373789, 29991792, 32464609, 31786501, 36762268, 34598363, 32579130, 32467138];PSU;[1, 1, 1, 1, 1, 1, 1, 1, 1, 1, 1, 1, 1, 1, 1, 1, 1, 1, 1, 1, 1, 1, 1, 1, 1, 1, 1, 1, 1, 1, 1, 1, 1, 1, 1, 1, 1, 1, 1, 1, 1, 1, 1, 1, 1, 1, 1, 1, 1, 1];[84000, 84000, 84000, 84000, 84000, 84000, 84000, 84000, 84000, 84000, 84000, 84000, 84000, 84000, 84000, 84000, 84000, 84000, 84000, 84000, 84000, 84000, 84000, 84000, 84000, 84000, 84000, 84000, 84000, 84000, 84000, 84000, 84000, 84000, 84000, 84000, 84000, 84000, 84000, 84000, 84000, 84000, 84000, 84000, 84000, 84000, 84000, 84000, 84000, 84000];[56000, 56000, 56000, 56000, 56000, 56000, 56000, 56000, 56000, 56000, 56000, 56000, 56000, 56000, 56000, 56000, 56000, 56000, 56000, 56000, 56000, 56000, 56000, 56000, 56000, 56000, 56000, 56000, 56000, 56000, 56000, 56000, 56000, 56000, 56000, 56000, 56000, 56000, 56000, 56000, 56000, 56000, 56000, 56000, 56000, 56000, 56000, 56000, 56000, 56000]
T90000V100000_0.8;90000;100000;0.8;72000;18000;[29016590, 27605903, 28723597, 27170469, 25591270, 25537401, 24461289, 26706485, 29509075, 24683700, 24494259, 26869145, 29291593, 27235259, 27515554, 25941665, 26009086, 24424228, 26311589, 28000269, 28323742, 25924525, 26887405, 24530799, 26319719, 28990999, 33104206, 29869769, 23770239, 23652948, 26134277, 26277219, 26506121, 28535744, 29439365, 27492892, 22598297, 24238236, 29596817, 26671584, 27742615, 27987929, 28979289, 22066481, 23614788, 28545323, 28915689, 27570394, 27267880, 24780512];PSU;[1, 1, 1, 1, 1, 1, 1, 1, 1, 1, 1, 1, 1, 1, 1, 1, 1, 1, 1, 1, 1, 1, 1, 1, 1, 1, 1, 1, 1, 1, 1, 1, 1, 1, 1, 1, 1, 1, 1, 1, 1, 1, 1, 1, 1, 1, 1, 1, 1, 1];[72000, 72000, 72000, 72000, 72000, 72000, 72000, 72000, 72000, 72000, 72000, 72000, 72000, 72000, 72000, 72000, 72000, 72000, 72000, 72000, 72000, 72000, 72000, 72000, 72000, 72000, 72000, 72000, 72000, 72000, 72000, 72000, 72000, 72000, 72000, 72000, 72000, 72000, 72000, 72000, 72000, 72000, 72000, 72000, 72000, 72000, 72000, 72000, 72000, 72000];[18000, 18000, 18000, 18000, 18000, 18000, 18000, 18000, 18000, 18000, 18000, 18000, 18000, 18000, 18000, 18000, 18000, 18000, 18000, 18000, 18000, 18000, 18000, 18000, 18000, 18000, 18000, 18000, 18000, 18000, 18000, 18000, 18000, 18000, 18000, 18000, 18000, 18000, 18000, 18000, 18000, 18000, 18000, 18000, 18000, 18000, 18000, 18000, 18000, 18000]
T70000V100000_1.0;70000;100000;1.0;70000;0;[16712180, 19864495, 22238664, 18701373, 19426312, 20116738, 18228027, 16314106, 19951496, 19730414, 21869139, 21381153, 18416999, 17551389, 17179715, 16770711, 23460156, 19525692, 20901368, 21036009, 17212955, 18170298, 16207775, 22831539, 20551723, 19583423, 19182758, 20222849, 16108663, 19108627, 17735932, 23357015, 18389319, 19188778, 20530734, 16377575, 18915494, 21213861, 20481662, 22051180, 17892633, 20498363, 19404051, 17137614, 16987954, 21071100, 21861139, 21310903, 20148889, 18539561];PSU;[1, 1, 1, 1, 1, 1, 1, 1, 1, 1, 1, 1, 1, 1, 1, 1, 1, 1, 1, 1, 1, 1, 1, 1, 1, 1, 1, 1, 1, 1, 1, 1, 1, 1, 1, 1, 1, 1, 1, 1, 1, 1, 1, 1, 1, 1, 1, 1, 1, 1];[70000, 70000, 70000, 70000, 70000, 70000, 70000, 70000, 70000, 70000, 70000, 70000, 70000, 70000, 70000, 70000, 70000, 70000, 70000, 70000, 70000, 70000, 70000, 70000, 70000, 70000, 70000, 70000, 70000, 70000, 70000, 70000, 70000, 70000, 70000, 70000, 70000, 70000, 70000, 70000, 70000, 70000, 70000, 70000, 70000, 70000, 70000, 70000, 70000, 70000];[0, 0, 0, 0, 0, 0, 0, 0, 0, 0, 0, 0, 0, 0, 0, 0, 0, 0, 0, 0, 0, 0, 0, 0, 0, 0, 0, 0, 0, 0, 0, 0, 0, 0, 0, 0, 0, 0, 0, 0, 0, 0, 0, 0, 0, 0, 0, 0, 0, 0]
T80000V100000_0.9;80000;100000;0.9;72000;8000;[25172346, 23957883, 24056883, 24109775, 25154445, 24859913, 22252893, 27425631, 26391970, 25560420, 22355464, 23329486, 26483290, 25224176, 25219767, 29423574, 21014458, 23074522, 26594593, 25786113, 25182546, 23835090, 24017613, 24440028, 25174506, 28040309, 25351428, 22150533, 23729691, 23689550, 24946554, 25301588, 27091338, 25280508, 21475044, 23859551, 25978266, 25096556, 26852865, 26185188, 25285128, 20878908, 23062152, 18307268, 23088882, 19921456, 19525832, 21896589, 20684396, 20267270];PSU;[1, 1, 1, 1, 1, 1, 1, 1, 1, 1, 1, 1, 1, 1, 1, 1, 1, 1, 1, 1, 1, 1, 1, 1, 1, 1, 1, 1, 1, 1, 1, 1, 1, 1, 1, 1, 1, 1, 1, 1, 1, 1, 1, 1, 1, 1, 1, 1, 1, 1];[72000, 72000, 72000, 72000, 72000, 72000, 72000, 72000, 72000, 72000, 72000, 72000, 72000, 72000, 72000, 72000, 72000, 72000, 72000, 72000, 72000, 72000, 72000, 72000, 72000, 72000, 72000, 72000, 72000, 72000, 72000, 72000, 72000, 72000, 72000, 72000, 72000, 72000, 72000, 72000, 72000, 72000, 72000, 72000, 72000, 72000, 72000, 72000, 72000, 72000];[8000, 8000, 8000, 8000, 8000, 8000, 8000, 8000, 8000, 8000, 8000, 8000, 8000, 8000, 8000, 8000, 8000, 8000, 8000, 8000, 8000, 8000, 8000, 8000, 8000, 8000, 8000, 8000, 8000, 8000, 8000, 8000, 8000, 8000, 8000, 8000, 8000, 8000, 8000, 8000, 8000, 8000, 8000, 8000, 8000, 8000, 8000, 8000, 8000, 8000]
T110000V100000_0.7;110000;100000;0.7;77000;33000;[29002929, 28160590, 31504338, 31978913, 32842833, 31173644, 27037057, 28029489, 29198131, 30191172, 30628769, 33363379, 28768926, 27093358, 27157939, 30921312, 34752706, 31764121, 30552857, 27938078, 28948289, 29138961, 29454305, 34394031, 32293347, 33923916, 33567692, 28593536, 30840561, 32565520, 31748940, 33516541, 32679162, 31833562, 30500226, 27980258, 31139624, 29331443, 32321406, 32812484, 28260131, 31575489, 33010025, 30229514, 30173172, 30748499, 30216764, 27918708, 25538510, 27852537];PSU;[1, 1, 1, 1, 1, 1, 1, 1, 1, 1, 1, 1, 1, 1, 1, 1, 1, 1, 1, 1, 1, 1, 1, 1, 1, 1, 1, 1, 1, 1, 1, 1, 1, 1, 1, 1, 1, 1, 1, 1, 1, 1, 1, 1, 1, 1, 1, 1, 1, 1];[77000, 77000, 77000, 77000, 77000, 77000, 77000, 77000, 77000, 77000, 77000, 77000, 77000, 77000, 77000, 77000, 77000, 77000, 77000, 77000, 77000, 77000, 77000, 77000, 77000, 77000, 77000, 77000, 77000, 77000, 77000, 77000, 77000, 77000, 77000, 77000, 77000, 77000, 77000, 77000, 77000, 77000, 77000, 77000, 77000, 77000, 77000, 77000, 77000, 77000];[33000, 33000, 33000, 33000, 33000, 33000, 33000, 33000, 33000, 33000, 33000, 33000, 33000, 33000, 33000, 33000, 33000, 33000, 33000, 33000, 33000, 33000, 33000, 33000, 33000, 33000, 33000, 33000, 33000, 33000, 33000, 33000, 33000, 33000, 33000, 33000, 33000, 33000, 33000, 33000, 33000, 33000, 33000, 33000, 33000, 33000, 33000, 33000, 33000, 33000]
T150000V100000_0.6;150000;100000;0.6;90000;60000;[33065416, 32741313, 32829433, 37507466, 30994493, 38761662, 35261221, 31670080, 38714092, 34022987, 38409307, 33040355, 29436754, 34279491, 29612576, 34827625, 34792976, 33809035, 40956585, 32622302, 35479743, 36055579, 38803092, 38753470, 33331809, 31935884, 31127913, 32762663, 39889994, 37636158, 39705051, 31601590, 33293089, 37820870, 33095396, 37675088, 31143464, 31681371, 38895743, 34340190, 40831255, 31800432, 31870593, 32777942, 29363814, 34170029, 32635410, 33271769, 37750509, 33866214];PSU;[1, 1, 1, 1, 1, 1, 1, 1, 1, 1, 1, 1, 1, 1, 1, 1, 1, 1, 1, 1, 1, 1, 1, 1, 1, 1, 1, 1, 1, 1, 1, 1, 1, 1, 1, 1, 1, 1, 1, 1, 1, 1, 1, 1, 1, 1, 1, 1, 1, 1];[90000, 90000, 90000, 90000, 90000, 90000, 90000, 90000, 90000, 90000, 90000, 90000, 90000, 90000, 90000, 90000, 90000, 90000, 90000, 90000, 90000, 90000, 90000, 90000, 90000, 90000, 90000, 90000, 90000, 90000, 90000, 90000, 90000, 90000, 90000, 90000, 90000, 90000, 90000, 90000, 90000, 90000, 90000, 90000, 90000, 90000, 90000, 90000, 90000, 90000];[60000, 60000, 60000, 60000, 60000, 60000, 60000, 60000, 60000, 60000, 60000, 60000, 60000, 60000, 60000, 60000, 60000, 60000, 60000, 60000, 60000, 60000, 60000, 60000, 60000, 60000, 60000, 60000, 60000, 60000, 60000, 60000, 60000, 60000, 60000, 60000, 60000, 60000, 60000, 60000, 60000, 60000, 60000, 60000, 60000, 60000, 60000, 60000, 60000, 60000]
T120000V100000_0.7;120000;100000;0.7;84000;36000;[33502801, 37594558, 31741000, 30349675, 27338100, 28047899, 27948308, 29410394, 31953634, 30837621, 32641191, 32289166, 29560446, 28975189, 29658647, 32636161, 34728175, 33567012, 30398285, 30646989, 29688558, 31169595, 33093546, 30448437, 28632427, 29225822, 30555648, 31883012, 31474089, 32163025, 32829643, 27876187, 27266749, 27466222, 28339582, 27222108, 28351132, 28192440, 26821105, 22849920, 28241682, 29078970, 29434975, 29318724, 29013900, 29382684, 28562605, 26548142, 28902239, 30111632];PSU;[1, 1, 1, 1, 1, 1, 1, 1, 1, 1, 1, 1, 1, 1, 1, 1, 1, 1, 1, 1, 1, 1, 1, 1, 1, 1, 1, 1, 1, 1, 1, 1, 1, 1, 1, 1, 1, 1, 1, 1, 1, 1, 1, 1, 1, 1, 1, 1, 1, 1];[84000, 84000, 84000, 84000, 84000, 84000, 84000, 84000, 84000, 84000, 84000, 84000, 84000, 84000, 84000, 84000, 84000, 84000, 84000, 84000, 84000, 84000, 84000, 84000, 84000, 84000, 84000, 84000, 84000, 84000, 84000, 84000, 84000, 84000, 84000, 84000, 84000, 84000, 84000, 84000, 84000, 84000, 84000, 84000, 84000, 84000, 84000, 84000, 84000, 84000];[36000, 36000, 36000, 36000, 36000, 36000, 36000, 36000, 36000, 36000, 36000, 36000, 36000, 36000, 36000, 36000, 36000, 36000, 36000, 36000, 36000, 36000, 36000, 36000, 36000, 36000, 36000, 36000, 36000, 36000, 36000, 36000, 36000, 36000, 36000, 36000, 36000, 36000, 36000, 36000, 36000, 36000, 36000, 36000, 36000, 36000, 36000, 36000, 36000, 36000]
T100000V100000_0.8;100000;100000;0.8;80000;20000;[28157740, 29068940, 29641837, 31757361, 28931839, 26132767, 23846931, 22699008, 25236217, 30118451, 31536979, 27845487, 24698941, 25978835, 25393590, 27734886, 25742553, 29874050, 31352477, 28224961, 28483674, 25706063, 24192725, 26092405, 27481363, 30660389, 28691627, 25780093, 26031816, 26319609, 26759544, 24558719, 25481189, 24235056, 24796871, 25462720, 26765054, 28645036, 27000027, 26932356, 29354003, 26851026, 24729942, 23222893, 20700885, 24226835, 26217188, 26637543, 27731485, 23083182];PSU;[1, 1, 1, 1, 1, 1, 1, 1, 1, 1, 1, 1, 1, 1, 1, 1, 1, 1, 1, 1, 1, 1, 1, 1, 1, 1, 1, 1, 1, 1, 1, 1, 1, 1, 1, 1, 1, 1, 1, 1, 1, 1, 1, 1, 1, 1, 1, 1, 1, 1];[80000, 80000, 80000, 80000, 80000, 80000, 80000, 80000, 80000, 80000, 80000, 80000, 80000, 80000, 80000, 80000, 80000, 80000, 80000, 80000, 80000, 80000, 80000, 80000, 80000, 80000, 80000, 80000, 80000, 80000, 80000, 80000, 80000, 80000, 80000, 80000, 80000, 80000, 80000, 80000, 80000, 80000, 80000, 80000, 80000, 80000, 80000, 80000, 80000, 80000];[20000, 20000, 20000, 20000, 20000, 20000, 20000, 20000, 20000, 20000, 20000, 20000, 20000, 20000, 20000, 20000, 20000, 20000, 20000, 20000, 20000, 20000, 20000, 20000, 20000, 20000, 20000, 20000, 20000, 20000, 20000, 20000, 20000, 20000, 20000, 20000, 20000, 20000, 20000, 20000, 20000, 20000, 20000, 20000, 20000, 20000, 20000, 20000, 20000, 20000]
T130000V100000_0.7;130000;100000;0.7;91000;39000;[36373764, 33479900, 26467130, 28085619, 32772134, 31438948, 35013567, 29148262, 31449267, 33795843, 27037458, 34076367, 27983797, 31112283, 35961169, 32298137, 32661161, 29284673, 27976928, 30725109, 30329206, 34169538, 29365674, 27100469, 32898224, 27652344, 32602161, 28986069, 31616140, 34929476, 28715326, 32433219, 29005971, 26530991, 29787748, 27119718, 32122815, 27459322, 28170140, 28505865, 21642236, 23520268, 22709959, 23104543, 32208977, 28845218, 31466407, 28245131, 29759708, 31595699];PSU;[1, 1, 1, 1, 1, 1, 1, 1, 1, 1, 1, 1, 1, 1, 1, 1, 1, 1, 1, 1, 1, 1, 1, 1, 1, 1, 1, 1, 1, 1, 1, 1, 1, 1, 1, 1, 1, 1, 1, 1, 1, 1, 1, 1, 1, 1, 1, 1, 1, 1];[91000, 91000, 91000, 91000, 91000, 91000, 91000, 91000, 91000, 91000, 91000, 91000, 91000, 91000, 91000, 91000, 91000, 91000, 91000, 91000, 91000, 91000, 91000, 91000, 91000, 91000, 91000, 91000, 91000, 91000, 91000, 91000, 91000, 91000, 91000, 91000, 91000, 91000, 91000, 91000, 91000, 91000, 91000, 91000, 91000, 91000, 91000, 91000, 91000, 91000];[39000, 39000, 39000, 39000, 39000, 39000, 39000, 39000, 39000, 39000, 39000, 39000, 39000, 39000, 39000, 39000, 39000, 39000, 39000, 39000, 39000, 39000, 39000, 39000, 39000, 39000, 39000, 39000, 39000, 39000, 39000, 39000, 39000, 39000, 39000, 39000, 39000, 39000, 39000, 39000, 39000, 39000, 39000, 39000, 39000, 39000, 39000, 39000, 39000, 39000]
T80000V100000_1.0;80000;100000;1.0;80000;0;[21549735, 21761478, 17523910, 18665572, 18221547, 20308971, 18175027, 20510123, 18462618, 18856255, 19542553, 20167579, 19233879, 18331259, 19840795, 16405226, 19734894, 16815112, 19463972, 18133336, 20831896, 17779073, 20749266, 19265949, 19392390, 21074540, 20506282, 21480174, 17610070, 20424323, 18708212, 20181210, 18164906, 20113720, 18954215, 19552802, 22145141, 17688351, 17488000, 20602644, 16149224, 20328332, 18978027, 18017784, 19468011, 17796872, 18302189, 19781006, 20307112, 17940044];PSU;[1, 1, 1, 1, 1, 1, 1, 1, 1, 1, 1, 1, 1, 1, 1, 1, 1, 1, 1, 1, 1, 1, 1, 1, 1, 1, 1, 1, 1, 1, 1, 1, 1, 1, 1, 1, 1, 1, 1, 1, 1, 1, 1, 1, 1, 1, 1, 1, 1, 1];[80000, 80000, 80000, 80000, 80000, 80000, 80000, 80000, 80000, 80000, 80000, 80000, 80000, 80000, 80000, 80000, 80000, 80000, 80000, 80000, 80000, 80000, 80000, 80000, 80000, 80000, 80000, 80000, 80000, 80000, 80000, 80000, 80000, 80000, 80000, 80000, 80000, 80000, 80000, 80000, 80000, 80000, 80000, 80000, 80000, 80000, 80000, 80000, 80000, 80000];[0, 0, 0, 0, 0, 0, 0, 0, 0, 0, 0, 0, 0, 0, 0, 0, 0, 0, 0, 0, 0, 0, 0, 0, 0, 0, 0, 0, 0, 0, 0, 0, 0, 0, 0, 0, 0, 0, 0, 0, 0, 0, 0, 0, 0, 0, 0, 0, 0, 0]
T90000V100000_0.9;90000;100000;0.9;81000;9000;[31521379, 28065098, 25510050, 26354050, 25131625, 26663003, 24775662, 18660933, 26151948, 27570234, 23769260, 23212224, 25046225, 24815012, 24545589, 21136210, 22874051, 23520468, 25675282, 21424884, 24577799, 24697031, 23660388, 24048483, 25058635, 21795818, 20362922, 20355472, 25424659, 24518879, 21593956, 22497426, 25880064, 25984926, 21803908, 21062360, 23307785, 22843569, 24176525, 23899861, 23518958, 21294862, 18648293, 21185031, 22787719, 22488046, 21181810, 19223508, 19644203, 23795710];PSU;[1, 1, 1, 1, 1, 1, 1, 1, 1, 1, 1, 1, 1, 1, 1, 1, 1, 1, 1, 1, 1, 1, 1, 1, 1, 1, 1, 1, 1, 1, 1, 1, 1, 1, 1, 1, 1, 1, 1, 1, 1, 1, 1, 1, 1, 1, 1, 1, 1, 1];[81000, 81000, 81000, 81000, 81000, 81000, 81000, 81000, 81000, 81000, 81000, 81000, 81000, 81000, 81000, 81000, 81000, 81000, 81000, 81000, 81000, 81000, 81000, 81000, 81000, 81000, 81000, 81000, 81000, 81000, 81000, 81000, 81000, 81000, 81000, 81000, 81000, 81000, 81000, 81000, 81000, 81000, 81000, 81000, 81000, 81000, 81000, 81000, 81000, 81000];[9000, 9000, 9000, 9000, 9000, 9000, 9000, 9000, 9000, 9000, 9000, 9000, 9000, 9000, 9000, 9000, 9000, 9000, 9000, 9000, 9000, 9000, 9000, 9000, 9000, 9000, 9000, 9000, 9000, 9000, 9000, 9000, 9000, 9000, 9000, 9000, 9000, 9000, 9000, 9000, 9000, 9000, 9000, 9000, 9000, 9000, 9000, 9000, 9000, 9000]
T140000V100000_0.7;140000;100000;0.7;98000;42000;[35343532, 36542795, 34328710, 31436299, 29623466, 29935890, 25327527, 25794033, 28602896, 30551397, 31096423, 30886081, 30632948, 32712452, 32973424, 28177351, 29727798, 29967630, 28618515, 27744876, 27158948, 28716127, 29396755, 29606297, 27616224, 29226422, 26922776, 28412192, 28672155, 28971249, 26907036, 28888309, 31865451, 27929847, 23581099, 24357218, 25435939, 24410058, 26341139, 25782484, 25144966, 23135153, 22220872, 23328294, 22847909, 25004853, 25789092, 24598219, 24797472, 25265996];PSU;[1, 1, 1, 1, 1, 1, 1, 1, 1, 1, 1, 1, 1, 1, 1, 1, 1, 1, 1, 1, 1, 1, 1, 1, 1, 1, 1, 1, 1, 1, 1, 1, 1, 1, 1, 1, 1, 1, 1, 1, 1, 1, 1, 1, 1, 1, 1, 1, 1, 1];[98000, 98000, 98000, 98000, 98000, 98000, 98000, 98000, 98000, 98000, 98000, 98000, 98000, 98000, 98000, 98000, 98000, 98000, 98000, 98000, 98000, 98000, 98000, 98000, 98000, 98000, 98000, 98000, 98000, 98000, 98000, 98000, 98000, 98000, 98000, 98000, 98000, 98000, 98000, 98000, 98000, 98000, 98000, 98000, 98000, 98000, 98000, 98000, 98000, 98000];[42000, 42000, 42000, 42000, 42000, 42000, 42000, 42000, 42000, 42000, 42000, 42000, 42000, 42000, 42000, 42000, 42000, 42000, 42000, 42000, 42000, 42000, 42000, 42000, 42000, 42000, 42000, 42000, 42000, 42000, 42000, 42000, 42000, 42000, 42000, 42000, 42000, 42000, 42000, 42000, 42000, 42000, 42000, 42000, 42000, 42000, 42000, 42000, 42000, 42000]
T110000V100000_0.8;110000;100000;0.8;88000;22000;[30398605, 30273774, 26881785, 25347869, 26450819, 27603514, 28715166, 28293411, 27506452, 26249329, 26158487, 24899773, 21134791, 21124431, 23568057, 23514717, 24882634, 25703602, 24391958, 23648668, 22670648, 23153423, 25086116, 24505359, 26579343, 25090755, 24429608, 25429429, 24908904, 25163816, 25447409, 22371634, 20811477, 20773277, 17736853, 17110005, 18577222, 20501472, 24114275, 22745928, 21094780, 22842250, 24913493, 24450488, 21057449, 19450771, 22118892, 22396155, 22540627, 23780320];PSU;[1, 1, 1, 1, 1, 1, 1, 1, 1, 1, 1, 1, 1, 1, 1, 1, 1, 1, 1, 1, 1, 1, 1, 1, 1, 1, 1, 1, 1, 1, 1, 1, 1, 1, 1, 1, 1, 1, 1, 1, 1, 1, 1, 1, 1, 1, 1, 1, 1, 1];[88000, 88000, 88000, 88000, 88000, 88000, 88000, 88000, 88000, 88000, 88000, 88000, 88000, 88000, 88000, 88000, 88000, 88000, 88000, 88000, 88000, 88000, 88000, 88000, 88000, 88000, 88000, 88000, 88000, 88000, 88000, 88000, 88000, 88000, 88000, 88000, 88000, 88000, 88000, 88000, 88000, 88000, 88000, 88000, 88000, 88000, 88000, 88000, 88000, 88000];[22000, 22000, 22000, 22000, 22000, 22000, 22000, 22000, 22000, 22000, 22000, 22000, 22000, 22000, 22000, 22000, 22000, 22000, 22000, 22000, 22000, 22000, 22000, 22000, 22000, 22000, 22000, 22000, 22000, 22000, 22000, 22000, 22000, 22000, 22000, 22000, 22000, 22000, 22000, 22000, 22000, 22000, 22000, 22000, 22000, 22000, 22000, 22000, 22000, 22000]
T100000V100000_0.9;100000;100000;0.9;90000;10000;[28409934, 26534021, 25241307, 24066234, 25190997, 22620938, 22972312, 19166847, 20592784, 21532034, 24680941, 25227137, 23063351, 23051662, 22363854, 17442589, 17419458, 18615911, 20816996, 21320052, 21279012, 20738455, 19684404, 21089860, 20060268, 20002457, 21653088, 22348584, 22331905, 19493531, 18606942, 19558091, 20880588, 22656008, 22153811, 22192743, 18267357, 17406288, 19419110, 21138251, 23209463, 23065512, 24221345, 22475705, 19594753, 17783192, 17881593, 20866386, 18913665, 21026409];PSU;[1, 1, 1, 1, 1, 1, 1, 1, 1, 1, 1, 1, 1, 1, 1, 1, 1, 1, 1, 1, 1, 1, 1, 1, 1, 1, 1, 1, 1, 1, 1, 1, 1, 1, 1, 1, 1, 1, 1, 1, 1, 1, 1, 1, 1, 1, 1, 1, 1, 1];[90000, 90000, 90000, 90000, 90000, 90000, 90000, 90000, 90000, 90000, 90000, 90000, 90000, 90000, 90000, 90000, 90000, 90000, 90000, 90000, 90000, 90000, 90000, 90000, 90000, 90000, 90000, 90000, 90000, 90000, 90000, 90000, 90000, 90000, 90000, 90000, 90000, 90000, 90000, 90000, 90000, 90000, 90000, 90000, 90000, 90000, 90000, 90000, 90000, 90000];[10000, 10000, 10000, 10000, 10000, 10000, 10000, 10000, 10000, 10000, 10000, 10000, 10000, 10000, 10000, 10000, 10000, 10000, 10000, 10000, 10000, 10000, 10000, 10000, 10000, 10000, 10000, 10000, 10000, 10000, 10000, 10000, 10000, 10000, 10000, 10000, 10000, 10000, 10000, 10000, 10000, 10000, 10000, 10000, 10000, 10000, 10000, 10000, 10000, 10000]
T120000V100000_0.8;120000;100000;0.8;96000;24000;[26452461, 20519084, 24738411, 24927333, 26675093, 25535700, 25604002, 25502839, 25032004, 24505690, 26375949, 25033744, 25370969, 24666670, 21323883, 20387972, 21555656, 22857410, 22753858, 19977567, 20277351, 20193020, 22177222, 22881390, 22910989, 24900534, 21906028, 20922717, 23823521, 24760642, 21958460, 21033769, 21409853, 21954990, 21547165, 23924962, 24458169, 25864044, 21132449, 22854309, 22647397, 21863668, 20649695, 22612047, 22266012, 21638605, 21635846, 23713761, 26191858, 21206362];PSU;[1, 1, 1, 1, 1, 1, 1, 1, 1, 1, 1, 1, 1, 1, 1, 1, 1, 1, 1, 1, 1, 1, 1, 1, 1, 1, 1, 1, 1, 1, 1, 1, 1, 1, 1, 1, 1, 1, 1, 1, 1, 1, 1, 1, 1, 1, 1, 1, 1, 1];[96000, 96000, 96000, 96000, 96000, 96000, 96000, 96000, 96000, 96000, 96000, 96000, 96000, 96000, 96000, 96000, 96000, 96000, 96000, 96000, 96000, 96000, 96000, 96000, 96000, 96000, 96000, 96000, 96000, 96000, 96000, 96000, 96000, 96000, 96000, 96000, 96000, 96000, 96000, 96000, 96000, 96000, 96000, 96000, 96000, 96000, 96000, 96000, 96000, 96000];[24000, 24000, 24000, 24000, 24000, 24000, 24000, 24000, 24000, 24000, 24000, 24000, 24000, 24000, 24000, 24000, 24000, 24000, 24000, 24000, 24000, 24000, 24000, 24000, 24000, 24000, 24000, 24000, 24000, 24000, 24000, 24000, 24000, 24000, 24000, 24000, 24000, 24000, 24000, 24000, 24000, 24000, 24000, 24000, 24000, 24000, 24000, 24000, 24000, 24000]
T90000V100000_1.0;90000;100000;1.0;90000;0;[18644592, 22356133, 21641257, 18301397, 18308868, 18122755, 20075868, 19804445, 18814794, 19524482, 20022627, 21031909, 19442380, 15937450, 16244244, 19796505, 21438404, 21708497, 18318037, 17495669, 19364350, 21158630, 22262503, 18954176, 16399186, 19549522, 19268259, 16695210, 16209905, 20432043, 22192822, 22637637, 19544672, 16579707, 19354910, 20096107, 19738704, 17307416, 18162596, 20043858, 17540309, 16970954, 18144675, 20675296, 22803180, 21482785, 19213979, 17999595, 17444369, 18170958];PSU;[1, 1, 1, 1, 1, 1, 1, 1, 1, 1, 1, 1, 1, 1, 1, 1, 1, 1, 1, 1, 1, 1, 1, 1, 1, 1, 1, 1, 1, 1, 1, 1, 1, 1, 1, 1, 1, 1, 1, 1, 1, 1, 1, 1, 1, 1, 1, 1, 1, 1];[90000, 90000, 90000, 90000, 90000, 90000, 90000, 90000, 90000, 90000, 90000, 90000, 90000, 90000, 90000, 90000, 90000, 90000, 90000, 90000, 90000, 90000, 90000, 90000, 90000, 90000, 90000, 90000, 90000, 90000, 90000, 90000, 90000, 90000, 90000, 90000, 90000, 90000, 90000, 90000, 90000, 90000, 90000, 90000, 90000, 90000, 90000, 90000, 90000, 90000];[0, 0, 0, 0, 0, 0, 0, 0, 0, 0, 0, 0, 0, 0, 0, 0, 0, 0, 0, 0, 0, 0, 0, 0, 0, 0, 0, 0, 0, 0, 0, 0, 0, 0, 0, 0, 0, 0, 0, 0, 0, 0, 0, 0, 0, 0, 0, 0, 0, 0]
T110000V100000_0.9;110000;100000;0.9;99000;11000;[24472449, 23375226, 23407127, 23798910, 24140395, 21077700, 21131441, 20541613, 20385801, 20930238, 19113248, 18041776, 20227220, 21596526, 22388875, 22746598, 22086662, 20710795, 18628132, 18198887, 16281906, 17206184, 17826233, 19139857, 18909276, 19290389, 17918745, 17598020, 16826200, 16082213, 17081454, 17962174, 18657561, 19345070, 19232848, 18413629, 17446068, 17117104, 16595178, 16016002, 17575259, 17741412, 18306758, 19084167, 18539771, 17698721, 17591290, 16607369, 15995192, 17647290];PSU;[1, 1, 1, 1, 1, 1, 1, 1, 1, 1, 1, 1, 1, 1, 1, 1, 1, 1, 1, 1, 1, 1, 1, 1, 1, 1, 1, 1, 1, 1, 1, 1, 1, 1, 1, 1, 1, 1, 1, 1, 1, 1, 1, 1, 1, 1, 1, 1, 1, 1];[99000, 99000, 99000, 99000, 99000, 99000, 99000, 99000, 99000, 99000, 99000, 99000, 99000, 99000, 99000, 99000, 99000, 99000, 99000, 99000, 99000, 99000, 99000, 99000, 99000, 99000, 99000, 99000, 99000, 99000, 99000, 99000, 99000, 99000, 99000, 99000, 99000, 99000, 99000, 99000, 99000, 99000, 99000, 99000, 99000, 99000, 99000, 99000, 99000, 99000];[11000, 11000, 11000, 11000, 11000, 11000, 11000, 11000, 11000, 11000, 11000, 11000, 11000, 11000, 11000, 11000, 11000, 11000, 11000, 11000, 11000, 11000, 11000, 11000, 11000, 11000, 11000, 11000, 11000, 11000, 11000, 11000, 11000, 11000, 11000, 11000, 11000, 11000, 11000, 11000, 11000, 11000, 11000, 11000, 11000, 11000, 11000, 11000, 11000, 11000]
T100000V100000_1.0;100000;100000;1.0;100000;0;[24382458, 24768372, 22343965, 21812877, 20701976, 18731732, 17550299, 17643341, 16375118, 16116982, 18117096, 18146876, 17560590, 17611530, 16397076, 16084484, 15088702, 15163382, 16260355, 16557109, 17003453, 18557740, 17740612, 18450370, 16803161, 16542309, 15390735, 15273663, 15351434, 15992002, 17188645, 18141606, 18170526, 17731493, 17798373, 16541908, 15458615, 14933100, 15223613, 16015873, 17175546, 14140181, 14140891, 14112750, 14053870, 14018409, 14547965, 14304493, 14474164, 14926749];PSU;[1, 1, 1, 1, 1, 1, 1, 1, 1, 1, 1, 1, 1, 1, 1, 1, 1, 1, 1, 1, 1, 1, 1, 1, 1, 1, 1, 1, 1, 1, 1, 1, 1, 1, 1, 1, 1, 1, 1, 1, 1, 1, 1, 1, 1, 1, 1, 1, 1, 1];[100000, 100000, 100000, 100000, 100000, 100000, 100000, 100000, 100000, 100000, 100000, 100000, 100000, 100000, 100000, 100000, 100000, 100000, 100000, 100000, 100000, 100000, 100000, 100000, 100000, 100000, 100000, 100000, 100000, 100000, 100000, 100000, 100000, 100000, 100000, 100000, 100000, 100000, 100000, 100000, 100000, 100000, 100000, 100000, 100000, 100000, 100000, 100000, 100000, 100000];[0, 0, 0, 0, 0, 0, 0, 0, 0, 0, 0, 0, 0, 0, 0, 0, 0, 0, 0, 0, 0, 0, 0, 0, 0, 0, 0, 0, 0, 0, 0, 0, 0, 0, 0, 0, 0, 0, 0, 0, 0, 0, 0, 0, 0, 0, 0, 0, 0, 0]
