experiment;len_T;len_V;max_V_match_fraction;attack_name;priority_function;len_pos_true;len_neg_true;query_budget;time_all;num_queries;len_pos_recovered;len_neg_recovered;success
T500V1000_0.0;500;1000;0.0;PSUCA;positive;0;500;550;[232764, 166132, 161223, 170921, 159332, 159002, 171032, 156932, 158602, 158361, 159422, 158772, 158292, 157352, 174672, 158831, 159231, 168203, 157751, 159062, 157752, 157692, 155152, 159722, 157902, 156912, 157712, 159252, 174853, 157272, 157442, 167371, 157661, 158792, 165201, 156731, 158962, 158871, 160571, 165331, 157762, 154422, 181392, 157782, 157492, 158102, 159073, 158211, 163233, 157162];[3, 3, 3, 3, 3, 3, 3, 3, 3, 3, 3, 3, 3, 3, 3, 3, 3, 3, 3, 3, 3, 3, 3, 3, 3, 3, 3, 3, 3, 3, 3, 3, 3, 3, 3, 3, 3, 3, 3, 3, 3, 3, 3, 3, 3, 3, 3, 3, 3, 3];[0, 0, 0, 0, 0, 0, 0, 0, 0, 0, 0, 0, 0, 0, 0, 0, 0, 0, 0, 0, 0, 0, 0, 0, 0, 0, 0, 0, 0, 0, 0, 0, 0, 0, 0, 0, 0, 0, 0, 0, 0, 0, 0, 0, 0, 0, 0, 0, 0, 0];[500, 500, 500, 500, 500, 500, 500, 500, 500, 500, 500, 500, 500, 500, 500, 500, 500, 500, 500, 500, 500, 500, 500, 500, 500, 500, 500, 500, 500, 500, 500, 500, 500, 500, 500, 500, 500, 500, 500, 500, 500, 500, 500, 500, 500, 500, 500, 500, 500, 500];[1, 1, 1, 1, 1, 1, 1, 1, 1, 1, 1, 1, 1, 1, 1, 1, 1, 1, 1, 1, 1, 1, 1, 1, 1, 1, 1, 1, 1, 1, 1, 1, 1, 1, 1, 1, 1, 1, 1, 1, 1, 1, 1, 1, 1, 1, 1, 1, 1, 1]
T500V1000_0.1;500;1000;0.1;PSUCA;positive;50;450;550;[956683, 977771, 905817, 984219, 929304, 960439, 948512, 904634, 882221, 949928, 927605, 990014, 935520, 945357, 955200, 992478, 914825, 958458, 929861, 971789, 902606, 921212, 928306, 1014228, 948707, 955331, 943062, 956524, 957552, 894002, 909216, 876764, 943480, 882056, 931876, 979760, 956611, 915015, 941700, 962597, 1002108, 1001300, 941043, 944200, 964166, 963774, 952690, 937011, 980530, 939682];[182, 189, 173, 184, 173, 183, 185, 174, 168, 186, 181, 192, 182, 184, 184, 196, 170, 188, 180, 180, 172, 177, 178, 192, 187, 177, 180, 188, 184, 170, 174, 167, 184, 168, 178, 189, 186, 176, 178, 182, 192, 187, 178, 172, 182, 187, 179, 179, 187, 176];[50, 50, 50, 50, 50, 50, 50, 50, 50, 50, 50, 50, 50, 50, 50, 50, 50, 50, 50, 50, 50, 50, 50, 50, 50, 50, 50, 50, 50, 50, 50, 50, 50, 50, 50, 50, 50, 50, 50, 50, 50, 50, 50, 50, 50, 50, 50, 50, 50, 50];[450, 450, 450, 450, 450, 450, 450, 450, 450, 450, 450, 450, 450, 450, 450, 450, 450, 450, 450, 450, 450, 450, 450, 450, 450, 450, 450, 450, 450, 450, 450, 450, 450, 450, 450, 450, 450, 450, 450, 450, 450, 450, 450, 450, 450, 450, 450, 450, 450, 450];[1, 1, 1, 1, 1, 1, 1, 1, 1, 1, 1, 1, 1, 1, 1, 1, 1, 1, 1, 1, 1, 1, 1, 1, 1, 1, 1, 1, 1, 1, 1, 1, 1, 1, 1, 1, 1, 1, 1, 1, 1, 1, 1, 1, 1, 1, 1, 1, 1, 1]
T500V1000_0.2;500;1000;0.2;PSUCA;positive;100;400;550;[1373177, 1385954, 1381197, 1313399, 1316827, 1379863, 1386679, 1387716, 1379290, 1329495, 1402882, 1292227, 1328923, 1276513, 1354772, 1323372, 1345593, 1322309, 1352508, 1408822, 1354305, 1321620, 1380218, 1338516, 1336014, 1407154, 1288102, 1345683, 1435186, 1328253, 1329893, 1343500, 1425269, 1332974, 1360128, 1384278, 1433959, 1313470, 1311351, 1366352, 1289833, 1408968, 1381485, 1388366, 1425803, 1347196, 1361815, 1386861, 1388047, 1364958];[275, 277, 274, 267, 261, 279, 274, 279, 276, 260, 278, 260, 268, 255, 262, 259, 271, 263, 266, 281, 265, 260, 273, 266, 262, 280, 258, 268, 286, 263, 268, 272, 285, 272, 270, 270, 286, 260, 262, 276, 255, 278, 279, 277, 272, 270, 264, 273, 272, 271];[100, 100, 100, 100, 100, 100, 100, 100, 100, 100, 100, 100, 100, 100, 100, 100, 100, 100, 100, 100, 100, 100, 100, 100, 100, 100, 100, 100, 100, 100, 100, 100, 100, 100, 100, 100, 100, 100, 100, 100, 100, 100, 100, 100, 100, 100, 100, 100, 100, 100];[400, 400, 400, 400, 400, 400, 400, 400, 400, 400, 400, 400, 400, 400, 400, 400, 400, 400, 400, 400, 400, 400, 400, 400, 400, 400, 400, 400, 400, 400, 400, 400, 400, 400, 400, 400, 400, 400, 400, 400, 400, 400, 400, 400, 400, 400, 400, 400, 400, 400];[1, 1, 1, 1, 1, 1, 1, 1, 1, 1, 1, 1, 1, 1, 1, 1, 1, 1, 1, 1, 1, 1, 1, 1, 1, 1, 1, 1, 1, 1, 1, 1, 1, 1, 1, 1, 1, 1, 1, 1, 1, 1, 1, 1, 1, 1, 1, 1, 1, 1]
T500V1000_0.3;500;1000;0.3;PSUCA;positive;150;350;550;[1589621, 1555682, 1605313, 1711218, 1633100, 1573161, 1550475, 1563476, 1611406, 1528750, 1580199, 1611447, 1542933, 1546546, 1495884, 1717903, 1616304, 1554004, 1601875, 1561485, 1547682, 1617053, 1633490, 1533088, 1510261, 1491447, 1647880, 1611316, 1553941, 1519386, 1537071, 1577668, 1603420, 1544496, 1584243, 1533801, 1696855, 1625764, 1691180, 1598262, 1500778, 1591141, 1690631, 1640092, 1624558, 1638002, 1588209, 1559557, 1567731, 1614695];[315, 316, 326, 343, 335, 320, 319, 324, 335, 310, 319, 327, 315, 313, 302, 348, 334, 314, 325, 322, 308, 330, 336, 307, 309, 305, 338, 320, 322, 311, 319, 327, 331, 317, 318, 317, 343, 323, 341, 321, 303, 319, 333, 329, 323, 329, 321, 315, 321, 327];[150, 150, 150, 150, 150, 150, 150, 150, 150, 150, 150, 150, 150, 150, 150, 150, 150, 150, 150, 150, 150, 150, 150, 150, 150, 150, 150, 150, 150, 150, 150, 150, 150, 150, 150, 150, 150, 150, 150, 150, 150, 150, 150, 150, 150, 150, 150, 150, 150, 150];[350, 350, 350, 350, 350, 350, 350, 350, 350, 350, 350, 350, 350, 350, 350, 350, 350, 350, 350, 350, 350, 350, 350, 350, 350, 350, 350, 350, 350, 350, 350, 350, 350, 350, 350, 350, 350, 350, 350, 350, 350, 350, 350, 350, 350, 350, 350, 350, 350, 350];[1, 1, 1, 1, 1, 1, 1, 1, 1, 1, 1, 1, 1, 1, 1, 1, 1, 1, 1, 1, 1, 1, 1, 1, 1, 1, 1, 1, 1, 1, 1, 1, 1, 1, 1, 1, 1, 1, 1, 1, 1, 1, 1, 1, 1, 1, 1, 1, 1, 1]
T500V1000_0.4;500;1000;0.4;PSUCA;positive;200;300;550;[1668958, 1747841, 1708347, 1704156, 1629227, 1657460, 1685353, 1726725, 1694915, 1742142, 1717909, 1748826, 1646883, 1679065, 1772385, 1735629, 1870911, 1708864, 1723014, 1729565, 1668661, 1870273, 1693552, 1702769, 1702843, 1736667, 1731538, 1723894, 1743343, 1728785, 1768336, 1688267, 1719986, 1829597, 1762111, 1678106, 1744564, 1761034, 1762061, 1736192, 1785925, 1810910, 1707137, 1712641, 1769031, 1685383, 1754928, 1748924, 1700042, 1671210];[344, 361, 348, 348, 332, 340, 346, 358, 342, 364, 349, 358, 337, 342, 362, 357, 381, 346, 351, 350, 338, 373, 340, 347, 349, 354, 351, 343, 356, 355, 358, 345, 345, 369, 357, 336, 360, 351, 356, 346, 363, 368, 345, 348, 364, 344, 355, 353, 352, 338];[200, 200, 200, 200, 200, 200, 200, 200, 200, 200, 200, 200, 200, 200, 200, 200, 200, 200, 200, 200, 200, 200, 200, 200, 200, 200, 200, 200, 200, 200, 200, 200, 200, 200, 200, 200, 200, 200, 200, 200, 200, 200, 200, 200, 200, 200, 200, 200, 200, 200];[300, 300, 300, 300, 300, 300, 300, 300, 300, 300, 300, 300, 300, 300, 300, 300, 300, 300, 300, 300, 300, 300, 300, 300, 300, 300, 300, 300, 300, 300, 300, 300, 300, 300, 300, 300, 300, 300, 300, 300, 300, 300, 300, 300, 300, 300, 300, 300, 300, 300];[1, 1, 1, 1, 1, 1, 1, 1, 1, 1, 1, 1, 1, 1, 1, 1, 1, 1, 1, 1, 1, 1, 1, 1, 1, 1, 1, 1, 1, 1, 1, 1, 1, 1, 1, 1, 1, 1, 1, 1, 1, 1, 1, 1, 1, 1, 1, 1, 1, 1]
T500V1000_0.5;500;1000;0.5;PSUCA;positive;250;250;550;[1835118, 1766515, 1759988, 1737093, 1713938, 1712985, 1726611, 1681779, 1847659, 1816643, 1738091, 1792496, 1757280, 1773042, 1733685, 1837209, 1831586, 1732987, 1829493, 1703513, 1725812, 1743842, 1745628, 1707474, 1714057, 1826471, 1760483, 1715522, 1828803, 1779734, 1709334, 1709590, 1805023, 1741774, 1729839, 1779660, 1710229, 1702835, 1712706, 1737757, 1735458, 1835722, 1728979, 1676680, 1724985, 1704848, 1742382, 1792957, 1814037, 1766067];[370, 369, 364, 353, 351, 345, 360, 348, 380, 365, 356, 375, 366, 352, 356, 378, 368, 355, 376, 359, 367, 366, 352, 355, 354, 368, 369, 352, 374, 372, 355, 354, 374, 362, 359, 366, 353, 354, 358, 357, 356, 378, 363, 344, 355, 351, 359, 367, 367, 357];[250, 250, 250, 250, 250, 250, 250, 250, 250, 250, 250, 250, 250, 250, 250, 250, 250, 250, 250, 250, 250, 250, 250, 250, 250, 250, 250, 250, 250, 250, 250, 250, 250, 250, 250, 250, 250, 250, 250, 250, 250, 250, 250, 250, 250, 250, 250, 250, 250, 250];[250, 250, 250, 250, 250, 250, 250, 250, 250, 250, 250, 250, 250, 250, 250, 250, 250, 250, 250, 250, 250, 250, 250, 250, 250, 250, 250, 250, 250, 250, 250, 250, 250, 250, 250, 250, 250, 250, 250, 250, 250, 250, 250, 250, 250, 250, 250, 250, 250, 250];[1, 1, 1, 1, 1, 1, 1, 1, 1, 1, 1, 1, 1, 1, 1, 1, 1, 1, 1, 1, 1, 1, 1, 1, 1, 1, 1, 1, 1, 1, 1, 1, 1, 1, 1, 1, 1, 1, 1, 1, 1, 1, 1, 1, 1, 1, 1, 1, 1, 1]
T500V1000_0.6;500;1000;0.6;PSUCA;positive;300;200;550;[1651684, 1719146, 1779442, 1648887, 1615409, 1628355, 1703347, 1627566, 1708700, 1638138, 1708253, 1685955, 1777655, 1712373, 1706734, 1650058, 1675537, 1676319, 1696351, 1679292, 1667122, 1757050, 1741410, 1759355, 1720688, 1672360, 1675612, 1670322, 1769340, 1718200, 1744659, 1730790, 1704304, 1613820, 1580044, 1639481, 1707569, 1704578, 1610645, 1636323, 1696819, 1667045, 1652385, 1696992, 1711885, 1672103, 1656326, 1666197, 1628663, 1655911];[342, 354, 358, 340, 336, 339, 361, 334, 353, 336, 353, 354, 373, 362, 351, 340, 347, 347, 348, 348, 349, 362, 355, 362, 352, 342, 345, 356, 369, 355, 371, 357, 347, 343, 327, 339, 353, 351, 336, 342, 347, 349, 344, 347, 360, 345, 340, 341, 339, 343];[300, 300, 300, 300, 300, 300, 300, 300, 300, 300, 300, 300, 300, 300, 300, 300, 300, 300, 300, 300, 300, 300, 300, 300, 300, 300, 300, 300, 300, 300, 300, 300, 300, 300, 300, 300, 300, 300, 300, 300, 300, 300, 300, 300, 300, 300, 300, 300, 300, 300];[200, 200, 200, 200, 200, 200, 200, 200, 200, 200, 200, 200, 200, 200, 200, 200, 200, 200, 200, 200, 200, 200, 200, 200, 200, 200, 200, 200, 200, 200, 200, 200, 200, 200, 200, 200, 200, 200, 200, 200, 200, 200, 200, 200, 200, 200, 200, 200, 200, 200];[1, 1, 1, 1, 1, 1, 1, 1, 1, 1, 1, 1, 1, 1, 1, 1, 1, 1, 1, 1, 1, 1, 1, 1, 1, 1, 1, 1, 1, 1, 1, 1, 1, 1, 1, 1, 1, 1, 1, 1, 1, 1, 1, 1, 1, 1, 1, 1, 1, 1]
T500V1000_0.7;500;1000;0.7;PSUCA;positive;350;150;550;[1575258, 1621738, 1585648, 1647800, 1556463, 1536801, 1544840, 1593631, 1596106, 1571198, 1525205, 1573173, 1625577, 1491496, 1541991, 1508338, 1562484, 1492680, 1627545, 1589179, 1508310, 1626127, 1565705, 1601996, 1603178, 1538515, 1544263, 1591130, 1624421, 1616755, 1597522, 1653379, 1559430, 1611321, 1518688, 1581758, 1551779, 1635466, 1625924, 1581412, 1584819, 1609563, 1569176, 1550428, 1605482, 1582931, 1549555, 1546297, 1572052, 1560268];[322, 343, 319, 336, 318, 320, 316, 327, 333, 330, 312, 327, 332, 304, 320, 314, 324, 303, 332, 324, 308, 329, 319, 327, 332, 319, 316, 324, 335, 336, 324, 331, 323, 327, 311, 323, 320, 331, 338, 322, 312, 334, 323, 313, 325, 312, 322, 319, 323, 314];[350, 350, 350, 350, 350, 350, 350, 350, 350, 350, 350, 350, 350, 350, 350, 350, 350, 350, 350, 350, 350, 350, 350, 350, 350, 350, 350, 350, 350, 350, 350, 350, 350, 350, 350, 350, 350, 350, 350, 350, 350, 350, 350, 350, 350, 350, 350, 350, 350, 350];[150, 150, 150, 150, 150, 150, 150, 150, 150, 150, 150, 150, 150, 150, 150, 150, 150, 150, 150, 150, 150, 150, 150, 150, 150, 150, 150, 150, 150, 150, 150, 150, 150, 150, 150, 150, 150, 150, 150, 150, 150, 150, 150, 150, 150, 150, 150, 150, 150, 150];[1, 1, 1, 1, 1, 1, 1, 1, 1, 1, 1, 1, 1, 1, 1, 1, 1, 1, 1, 1, 1, 1, 1, 1, 1, 1, 1, 1, 1, 1, 1, 1, 1, 1, 1, 1, 1, 1, 1, 1, 1, 1, 1, 1, 1, 1, 1, 1, 1, 1]
T500V1000_0.8;500;1000;0.8;PSUCA;positive;400;100;550;[1342076, 1322215, 1414358, 1329248, 1303859, 1325169, 1338210, 1307813, 1359036, 1365524, 1291030, 1356134, 1318796, 1318595, 1334293, 1323283, 1303500, 1281726, 1321814, 1358867, 1348516, 1272008, 1239736, 1304379, 1350832, 1333140, 1280310, 1297354, 1399785, 1220140, 1301148, 1317453, 1270092, 1342712, 1251861, 1331439, 1317715, 1317159, 1322601, 1345045, 1306533, 1315673, 1313640, 1242484, 1283526, 1308115, 1277376, 1297644, 1394839, 1363373];[275, 263, 289, 270, 268, 268, 272, 270, 282, 276, 260, 271, 272, 270, 275, 266, 269, 267, 269, 273, 275, 264, 250, 261, 278, 275, 260, 268, 287, 247, 268, 271, 255, 275, 254, 271, 265, 269, 269, 278, 273, 268, 269, 257, 263, 269, 265, 267, 280, 272];[400, 400, 400, 400, 400, 400, 400, 400, 400, 400, 400, 400, 400, 400, 400, 400, 400, 400, 400, 400, 400, 400, 400, 400, 400, 400, 400, 400, 400, 400, 400, 400, 400, 400, 400, 400, 400, 400, 400, 400, 400, 400, 400, 400, 400, 400, 400, 400, 400, 400];[100, 100, 100, 100, 100, 100, 100, 100, 100, 100, 100, 100, 100, 100, 100, 100, 100, 100, 100, 100, 100, 100, 100, 100, 100, 100, 100, 100, 100, 100, 100, 100, 100, 100, 100, 100, 100, 100, 100, 100, 100, 100, 100, 100, 100, 100, 100, 100, 100, 100];[1, 1, 1, 1, 1, 1, 1, 1, 1, 1, 1, 1, 1, 1, 1, 1, 1, 1, 1, 1, 1, 1, 1, 1, 1, 1, 1, 1, 1, 1, 1, 1, 1, 1, 1, 1, 1, 1, 1, 1, 1, 1, 1, 1, 1, 1, 1, 1, 1, 1]
T500V1000_0.9;500;1000;0.9;PSUCA;positive;450;50;550;[915879, 936845, 928598, 990673, 901022, 911394, 902623, 957020, 914034, 941294, 907440, 894640, 853781, 893045, 924867, 903219, 967946, 877388, 949185, 976039, 945725, 972818, 910630, 909857, 934014, 987270, 914878, 926424, 957170, 936160, 937987, 942113, 947966, 963859, 947379, 931336, 921131, 943749, 856583, 883140, 883183, 972542, 934666, 921283, 936180, 965670, 931528, 931161, 937842, 996181];[175, 184, 183, 191, 171, 179, 176, 183, 177, 178, 176, 175, 165, 177, 185, 174, 191, 169, 182, 197, 188, 192, 180, 181, 173, 194, 174, 185, 188, 185, 186, 183, 187, 184, 187, 181, 182, 185, 166, 170, 170, 182, 175, 179, 178, 186, 183, 182, 184, 190];[450, 450, 450, 450, 450, 450, 450, 450, 450, 450, 450, 450, 450, 450, 450, 450, 450, 450, 450, 450, 450, 450, 450, 450, 450, 450, 450, 450, 450, 450, 450, 450, 450, 450, 450, 450, 450, 450, 450, 450, 450, 450, 450, 450, 450, 450, 450, 450, 450, 450];[50, 50, 50, 50, 50, 50, 50, 50, 50, 50, 50, 50, 50, 50, 50, 50, 50, 50, 50, 50, 50, 50, 50, 50, 50, 50, 50, 50, 50, 50, 50, 50, 50, 50, 50, 50, 50, 50, 50, 50, 50, 50, 50, 50, 50, 50, 50, 50, 50, 50];[1, 1, 1, 1, 1, 1, 1, 1, 1, 1, 1, 1, 1, 1, 1, 1, 1, 1, 1, 1, 1, 1, 1, 1, 1, 1, 1, 1, 1, 1, 1, 1, 1, 1, 1, 1, 1, 1, 1, 1, 1, 1, 1, 1, 1, 1, 1, 1, 1, 1]
T500V1000_1.0;500;1000;1.0;PSUCA;positive;500;0;550;[168223, 180532, 162091, 158232, 158311, 159171, 157342, 159092, 157443, 180392, 156892, 157753, 162991, 161212, 160432, 158462, 159783, 180122, 159453, 158761, 159252, 158962, 180272, 157171, 158922, 167952, 158881, 165422, 160032, 158412, 180201, 157922, 158333, 157443, 157481, 159172, 159612, 158342, 166613, 157741, 159462, 158292, 158043, 158772, 157952, 156022, 166193, 160171, 158832, 159672];[3, 3, 3, 3, 3, 3, 3, 3, 3, 3, 3, 3, 3, 3, 3, 3, 3, 3, 3, 3, 3, 3, 3, 3, 3, 3, 3, 3, 3, 3, 3, 3, 3, 3, 3, 3, 3, 3, 3, 3, 3, 3, 3, 3, 3, 3, 3, 3, 3, 3];[500, 500, 500, 500, 500, 500, 500, 500, 500, 500, 500, 500, 500, 500, 500, 500, 500, 500, 500, 500, 500, 500, 500, 500, 500, 500, 500, 500, 500, 500, 500, 500, 500, 500, 500, 500, 500, 500, 500, 500, 500, 500, 500, 500, 500, 500, 500, 500, 500, 500];[0, 0, 0, 0, 0, 0, 0, 0, 0, 0, 0, 0, 0, 0, 0, 0, 0, 0, 0, 0, 0, 0, 0, 0, 0, 0, 0, 0, 0, 0, 0, 0, 0, 0, 0, 0, 0, 0, 0, 0, 0, 0, 0, 0, 0, 0, 0, 0, 0, 0];[1, 1, 1, 1, 1, 1, 1, 1, 1, 1, 1, 1, 1, 1, 1, 1, 1, 1, 1, 1, 1, 1, 1, 1, 1, 1, 1, 1, 1, 1, 1, 1, 1, 1, 1, 1, 1, 1, 1, 1, 1, 1, 1, 1, 1, 1, 1, 1, 1, 1]
T600V1000_0.0;600;1000;0.0;PSUCA;positive;0;600;660;[250883, 198792, 201922, 195141, 205082, 192392, 194433, 193442, 193532, 192962, 195502, 202652, 192213, 194182, 191402, 192802, 193303, 191882, 200922, 193272, 191542, 194331, 192482, 192072, 190682, 197432, 194072, 207063, 192972, 191742, 200852, 192183, 191792, 192743, 190572, 189283, 191932, 195712, 190892, 191962, 191512, 193153, 192342, 191761, 215572, 190962, 201142, 193262, 191423, 198862];[3, 3, 3, 3, 3, 3, 3, 3, 3, 3, 3, 3, 3, 3, 3, 3, 3, 3, 3, 3, 3, 3, 3, 3, 3, 3, 3, 3, 3, 3, 3, 3, 3, 3, 3, 3, 3, 3, 3, 3, 3, 3, 3, 3, 3, 3, 3, 3, 3, 3];[0, 0, 0, 0, 0, 0, 0, 0, 0, 0, 0, 0, 0, 0, 0, 0, 0, 0, 0, 0, 0, 0, 0, 0, 0, 0, 0, 0, 0, 0, 0, 0, 0, 0, 0, 0, 0, 0, 0, 0, 0, 0, 0, 0, 0, 0, 0, 0, 0, 0];[600, 600, 600, 600, 600, 600, 600, 600, 600, 600, 600, 600, 600, 600, 600, 600, 600, 600, 600, 600, 600, 600, 600, 600, 600, 600, 600, 600, 600, 600, 600, 600, 600, 600, 600, 600, 600, 600, 600, 600, 600, 600, 600, 600, 600, 600, 600, 600, 600, 600];[1, 1, 1, 1, 1, 1, 1, 1, 1, 1, 1, 1, 1, 1, 1, 1, 1, 1, 1, 1, 1, 1, 1, 1, 1, 1, 1, 1, 1, 1, 1, 1, 1, 1, 1, 1, 1, 1, 1, 1, 1, 1, 1, 1, 1, 1, 1, 1, 1, 1]
T600V1000_0.1;600;1000;0.1;PSUCA;positive;60;540;660;[1194844, 1165508, 1186593, 1144209, 1155936, 1066737, 1111674, 1147176, 1051541, 1123099, 1112041, 1162331, 1158574, 1162912, 1108274, 1132188, 1134174, 1114051, 1112907, 1114990, 1187875, 1104964, 1180641, 1066410, 1097046, 1146884, 1174835, 1163552, 1147618, 1134816, 1145705, 1168564, 1162006, 1175199, 1217110, 1082381, 1056570, 1139785, 1127535, 1047440, 1141951, 1215890, 1061018, 1127555, 1096660, 1156960, 1204710, 1153204, 1189852, 1170831];[225, 230, 223, 225, 224, 209, 219, 223, 203, 216, 216, 230, 224, 225, 215, 220, 223, 217, 217, 210, 227, 213, 226, 202, 214, 221, 232, 226, 220, 218, 225, 223, 222, 226, 233, 209, 200, 220, 218, 199, 219, 237, 201, 215, 214, 221, 234, 215, 229, 226];[60, 60, 60, 60, 60, 60, 60, 60, 60, 60, 60, 60, 60, 60, 60, 60, 60, 60, 60, 60, 60, 60, 60, 60, 60, 60, 60, 60, 60, 60, 60, 60, 60, 60, 60, 60, 60, 60, 60, 60, 60, 60, 60, 60, 60, 60, 60, 60, 60, 60];[540, 540, 540, 540, 540, 540, 540, 540, 540, 540, 540, 540, 540, 540, 540, 540, 540, 540, 540, 540, 540, 540, 540, 540, 540, 540, 540, 540, 540, 540, 540, 540, 540, 540, 540, 540, 540, 540, 540, 540, 540, 540, 540, 540, 540, 540, 540, 540, 540, 540];[1, 1, 1, 1, 1, 1, 1, 1, 1, 1, 1, 1, 1, 1, 1, 1, 1, 1, 1, 1, 1, 1, 1, 1, 1, 1, 1, 1, 1, 1, 1, 1, 1, 1, 1, 1, 1, 1, 1, 1, 1, 1, 1, 1, 1, 1, 1, 1, 1, 1]
T600V1000_0.2;600;1000;0.2;PSUCA;positive;120;480;660;[1612043, 1668167, 1648916, 1693588, 1563470, 1619071, 1587122, 1593658, 1601156, 1584175, 1697981, 1641270, 1657117, 1636066, 1658071, 1543582, 1644409, 1650352, 1708379, 1557493, 1619239, 1626185, 1570977, 1495827, 1658675, 1515304, 1622825, 1719505, 1564171, 1717865, 1619493, 1575632, 1638129, 1622579, 1586758, 1631184, 1643091, 1456906, 1619129, 1522155, 1607529, 1575466, 1590326, 1630793, 1553874, 1587654, 1644661, 1632731, 1566899, 1612912];[325, 336, 338, 348, 317, 324, 328, 327, 327, 319, 351, 333, 328, 334, 343, 319, 336, 338, 331, 318, 335, 326, 321, 299, 336, 307, 334, 352, 323, 333, 331, 324, 335, 330, 325, 333, 334, 292, 333, 312, 332, 318, 320, 336, 315, 325, 327, 328, 314, 322];[120, 120, 120, 120, 120, 120, 120, 120, 120, 120, 120, 120, 120, 120, 120, 120, 120, 120, 120, 120, 120, 120, 120, 120, 120, 120, 120, 120, 120, 120, 120, 120, 120, 120, 120, 120, 120, 120, 120, 120, 120, 120, 120, 120, 120, 120, 120, 120, 120, 120];[480, 480, 480, 480, 480, 480, 480, 480, 480, 480, 480, 480, 480, 480, 480, 480, 480, 480, 480, 480, 480, 480, 480, 480, 480, 480, 480, 480, 480, 480, 480, 480, 480, 480, 480, 480, 480, 480, 480, 480, 480, 480, 480, 480, 480, 480, 480, 480, 480, 480];[1, 1, 1, 1, 1, 1, 1, 1, 1, 1, 1, 1, 1, 1, 1, 1, 1, 1, 1, 1, 1, 1, 1, 1, 1, 1, 1, 1, 1, 1, 1, 1, 1, 1, 1, 1, 1, 1, 1, 1, 1, 1, 1, 1, 1, 1, 1, 1, 1, 1]
T600V1000_0.3;600;1000;0.3;PSUCA;positive;180;420;660;[1939893, 1874442, 1859965, 2016831, 1911094, 1943658, 1872635, 1849786, 1921910, 1901147, 1909550, 1964537, 1822130, 1895213, 1848068, 1857577, 1847949, 1899151, 1897073, 1876059, 1931419, 1897766, 1851940, 1919499, 1879349, 1793435, 1932596, 1915036, 1975657, 1844235, 1895895, 1907878, 1841558, 1877667, 1868164, 1876011, 1804452, 1979572, 1863978, 1837394, 1945572, 1901242, 1985679, 1836730, 1841768, 1959387, 1899749, 1940633, 1974064, 1798586];[402, 389, 384, 407, 388, 401, 388, 373, 397, 385, 393, 400, 373, 389, 379, 379, 380, 387, 387, 389, 394, 391, 379, 400, 384, 367, 400, 397, 402, 376, 391, 391, 381, 387, 389, 391, 373, 409, 378, 375, 401, 390, 401, 374, 375, 406, 392, 397, 400, 372];[180, 180, 180, 180, 180, 180, 180, 180, 180, 180, 180, 180, 180, 180, 180, 180, 180, 180, 180, 180, 180, 180, 180, 180, 180, 180, 180, 180, 180, 180, 180, 180, 180, 180, 180, 180, 180, 180, 180, 180, 180, 180, 180, 180, 180, 180, 180, 180, 180, 180];[420, 420, 420, 420, 420, 420, 420, 420, 420, 420, 420, 420, 420, 420, 420, 420, 420, 420, 420, 420, 420, 420, 420, 420, 420, 420, 420, 420, 420, 420, 420, 420, 420, 420, 420, 420, 420, 420, 420, 420, 420, 420, 420, 420, 420, 420, 420, 420, 420, 420];[1, 1, 1, 1, 1, 1, 1, 1, 1, 1, 1, 1, 1, 1, 1, 1, 1, 1, 1, 1, 1, 1, 1, 1, 1, 1, 1, 1, 1, 1, 1, 1, 1, 1, 1, 1, 1, 1, 1, 1, 1, 1, 1, 1, 1, 1, 1, 1, 1, 1]
T600V1000_0.4;600;1000;0.4;PSUCA;positive;240;360;660;[2075356, 2145311, 2016508, 2052664, 2028922, 2055308, 2071206, 2059735, 1917283, 2101321, 2078910, 2075019, 1964103, 2079986, 2050506, 2060261, 2052895, 2132086, 2095052, 2132285, 1945695, 2166201, 2110030, 2054273, 2156408, 1985882, 2056866, 2059137, 2053065, 2010097, 2011791, 2030637, 2123748, 2035039, 2055517, 1973423, 2142742, 2038020, 2022233, 1995467, 2102430, 2141415, 2104303, 2015689, 2098135, 2139006, 2088344, 2097697, 2088761, 2161578];[427, 450, 421, 429, 421, 426, 432, 420, 400, 431, 425, 427, 409, 427, 425, 434, 421, 437, 432, 435, 404, 446, 424, 423, 452, 405, 432, 426, 429, 411, 418, 423, 430, 420, 429, 411, 444, 422, 423, 410, 435, 442, 430, 422, 431, 446, 432, 436, 427, 446];[240, 240, 240, 240, 240, 240, 240, 240, 240, 240, 240, 240, 240, 240, 240, 240, 240, 240, 240, 240, 240, 240, 240, 240, 240, 240, 240, 240, 240, 240, 240, 240, 240, 240, 240, 240, 240, 240, 240, 240, 240, 240, 240, 240, 240, 240, 240, 240, 240, 240];[360, 360, 360, 360, 360, 360, 360, 360, 360, 360, 360, 360, 360, 360, 360, 360, 360, 360, 360, 360, 360, 360, 360, 360, 360, 360, 360, 360, 360, 360, 360, 360, 360, 360, 360, 360, 360, 360, 360, 360, 360, 360, 360, 360, 360, 360, 360, 360, 360, 360];[1, 1, 1, 1, 1, 1, 1, 1, 1, 1, 1, 1, 1, 1, 1, 1, 1, 1, 1, 1, 1, 1, 1, 1, 1, 1, 1, 1, 1, 1, 1, 1, 1, 1, 1, 1, 1, 1, 1, 1, 1, 1, 1, 1, 1, 1, 1, 1, 1, 1]
T600V1000_0.5;600;1000;0.5;PSUCA;positive;300;300;660;[2184537, 2121058, 2114422, 1950412, 2027752, 2125453, 2104988, 2129070, 2157253, 2060446, 2085884, 2130124, 2076780, 2074602, 2216635, 2081293, 2119786, 2128213, 2045969, 1952016, 2051686, 2116377, 2173344, 2158274, 2175290, 2080357, 2164219, 2127455, 1977510, 2185943, 2102347, 2186677, 2119628, 2143892, 2137843, 2123613, 2205410, 2141305, 2109203, 2099667, 2102189, 2087580, 2202943, 2209863, 2085183, 2163649, 2097679, 2072952, 2124076, 2025424];[446, 448, 442, 409, 427, 437, 438, 440, 456, 430, 445, 453, 441, 441, 472, 442, 438, 444, 435, 412, 436, 447, 462, 442, 465, 432, 456, 451, 421, 444, 442, 465, 443, 446, 454, 452, 467, 443, 440, 445, 442, 439, 463, 465, 444, 453, 452, 432, 451, 428];[300, 300, 300, 300, 300, 300, 300, 300, 300, 300, 300, 300, 300, 300, 300, 300, 300, 300, 300, 300, 300, 300, 300, 300, 300, 300, 300, 300, 300, 300, 300, 300, 300, 300, 300, 300, 300, 300, 300, 300, 300, 300, 300, 300, 300, 300, 300, 300, 300, 300];[300, 300, 300, 300, 300, 300, 300, 300, 300, 300, 300, 300, 300, 300, 300, 300, 300, 300, 300, 300, 300, 300, 300, 300, 300, 300, 300, 300, 300, 300, 300, 300, 300, 300, 300, 300, 300, 300, 300, 300, 300, 300, 300, 300, 300, 300, 300, 300, 300, 300];[1, 1, 1, 1, 1, 1, 1, 1, 1, 1, 1, 1, 1, 1, 1, 1, 1, 1, 1, 1, 1, 1, 1, 1, 1, 1, 1, 1, 1, 1, 1, 1, 1, 1, 1, 1, 1, 1, 1, 1, 1, 1, 1, 1, 1, 1, 1, 1, 1, 1]
T600V1000_0.6;600;1000;0.6;PSUCA;positive;360;240;660;[2080716, 2063273, 2128938, 1950989, 1994942, 2114810, 2062238, 2056055, 1963921, 2048505, 2054696, 1983939, 2061959, 2092159, 1959027, 2000689, 1981116, 2005600, 1944228, 1975578, 2014140, 2025803, 2082990, 2055316, 1984983, 2059944, 2070026, 2031814, 1969960, 2069152, 2059355, 1978187, 2040672, 1922675, 1891325, 2057849, 2087245, 1988913, 2082082, 2123768, 2016317, 1932876, 2126626, 1993281, 1961627, 2147053, 2080000, 2110151, 2047948, 2021179];[439, 442, 419, 409, 419, 454, 443, 440, 415, 431, 436, 416, 430, 447, 422, 422, 421, 429, 408, 416, 425, 424, 435, 435, 419, 437, 434, 423, 414, 440, 434, 417, 432, 408, 401, 435, 432, 419, 438, 447, 425, 410, 449, 422, 420, 456, 437, 442, 433, 425];[360, 360, 360, 360, 360, 360, 360, 360, 360, 360, 360, 360, 360, 360, 360, 360, 360, 360, 360, 360, 360, 360, 360, 360, 360, 360, 360, 360, 360, 360, 360, 360, 360, 360, 360, 360, 360, 360, 360, 360, 360, 360, 360, 360, 360, 360, 360, 360, 360, 360];[240, 240, 240, 240, 240, 240, 240, 240, 240, 240, 240, 240, 240, 240, 240, 240, 240, 240, 240, 240, 240, 240, 240, 240, 240, 240, 240, 240, 240, 240, 240, 240, 240, 240, 240, 240, 240, 240, 240, 240, 240, 240, 240, 240, 240, 240, 240, 240, 240, 240];[1, 1, 1, 1, 1, 1, 1, 1, 1, 1, 1, 1, 1, 1, 1, 1, 1, 1, 1, 1, 1, 1, 1, 1, 1, 1, 1, 1, 1, 1, 1, 1, 1, 1, 1, 1, 1, 1, 1, 1, 1, 1, 1, 1, 1, 1, 1, 1, 1, 1]
T600V1000_0.7;600;1000;0.7;PSUCA;positive;420;180;660;[1871631, 1771472, 1919299, 1879494, 1894755, 1833161, 1936671, 1950051, 1878216, 1969352, 1936657, 1913576, 1870507, 1866152, 1947524, 1902174, 1873190, 1822017, 1853881, 1864444, 1854311, 1870926, 1843118, 1858861, 1919181, 1812908, 1934200, 1925826, 1857075, 1961702, 1893825, 1920943, 1916189, 1921373, 1904499, 1862558, 1920074, 1925774, 1822997, 1953786, 1872373, 1823246, 1902700, 1893202, 1870732, 1856864, 1870584, 1887273, 1840362, 1903371];[401, 377, 408, 396, 401, 386, 396, 413, 387, 404, 411, 404, 390, 391, 408, 399, 394, 388, 393, 392, 388, 397, 390, 388, 401, 370, 400, 402, 381, 409, 391, 404, 403, 374, 389, 397, 404, 405, 373, 410, 393, 378, 393, 401, 386, 386, 391, 392, 387, 392];[420, 420, 420, 420, 420, 420, 420, 420, 420, 420, 420, 420, 420, 420, 420, 420, 420, 420, 420, 420, 420, 420, 420, 420, 420, 420, 420, 420, 420, 420, 420, 420, 420, 420, 420, 420, 420, 420, 420, 420, 420, 420, 420, 420, 420, 420, 420, 420, 420, 420];[180, 180, 180, 180, 180, 180, 180, 180, 180, 180, 180, 180, 180, 180, 180, 180, 180, 180, 180, 180, 180, 180, 180, 180, 180, 180, 180, 180, 180, 180, 180, 180, 180, 180, 180, 180, 180, 180, 180, 180, 180, 180, 180, 180, 180, 180, 180, 180, 180, 180];[1, 1, 1, 1, 1, 1, 1, 1, 1, 1, 1, 1, 1, 1, 1, 1, 1, 1, 1, 1, 1, 1, 1, 1, 1, 1, 1, 1, 1, 1, 1, 1, 1, 1, 1, 1, 1, 1, 1, 1, 1, 1, 1, 1, 1, 1, 1, 1, 1, 1]
T600V1000_0.8;600;1000;0.8;PSUCA;positive;480;120;660;[1569422, 1548223, 1601757, 1539792, 1582235, 1502611, 1479849, 1613493, 1633945, 1533656, 1526115, 1544991, 1544707, 1669186, 1566442, 1658670, 1589513, 1545623, 1557810, 1585933, 1576742, 1596319, 1658224, 1680537, 1588875, 1619378, 1536941, 1640024, 1752098, 1559814, 1596296, 1575644, 1613144, 1590804, 1625544, 1678975, 1618137, 1580224, 1625199, 1690085, 1550178, 1665793, 1623947, 1566526, 1617387, 1626461, 1577052, 1644428, 1583235, 1674559];[316, 322, 331, 317, 327, 312, 308, 331, 335, 319, 316, 316, 321, 347, 327, 346, 329, 323, 320, 315, 324, 329, 345, 344, 328, 336, 313, 341, 361, 326, 329, 329, 329, 331, 329, 336, 336, 328, 331, 355, 328, 343, 344, 319, 336, 331, 327, 341, 332, 340];[480, 480, 480, 480, 480, 480, 480, 480, 480, 480, 480, 480, 480, 480, 480, 480, 480, 480, 480, 480, 480, 480, 480, 480, 480, 480, 480, 480, 480, 480, 480, 480, 480, 480, 480, 480, 480, 480, 480, 480, 480, 480, 480, 480, 480, 480, 480, 480, 480, 480];[120, 120, 120, 120, 120, 120, 120, 120, 120, 120, 120, 120, 120, 120, 120, 120, 120, 120, 120, 120, 120, 120, 120, 120, 120, 120, 120, 120, 120, 120, 120, 120, 120, 120, 120, 120, 120, 120, 120, 120, 120, 120, 120, 120, 120, 120, 120, 120, 120, 120];[1, 1, 1, 1, 1, 1, 1, 1, 1, 1, 1, 1, 1, 1, 1, 1, 1, 1, 1, 1, 1, 1, 1, 1, 1, 1, 1, 1, 1, 1, 1, 1, 1, 1, 1, 1, 1, 1, 1, 1, 1, 1, 1, 1, 1, 1, 1, 1, 1, 1]
T600V1000_0.9;600;1000;0.9;PSUCA;positive;540;60;660;[1167035, 1116719, 1064929, 1141953, 1128487, 1136171, 1069204, 1161741, 1179992, 1167339, 1167220, 1058239, 1123673, 1165402, 1174363, 1096109, 1056106, 1068123, 1141693, 1153771, 1173034, 1064941, 1127809, 1178108, 1132066, 1106849, 1121194, 1150774, 1122551, 1117591, 1142237, 1186449, 1108577, 1137827, 1178360, 1139162, 1193683, 1133782, 1126363, 1071342, 1118469, 1097645, 1160472, 1147269, 1078172, 1147880, 1151100, 1083194, 1178149, 1101130];[232, 217, 209, 225, 217, 214, 209, 229, 228, 227, 227, 208, 221, 228, 233, 211, 209, 205, 228, 233, 234, 211, 223, 235, 227, 215, 224, 227, 222, 216, 225, 237, 219, 226, 231, 226, 235, 222, 221, 206, 216, 216, 230, 223, 209, 223, 223, 206, 234, 215];[540, 540, 540, 540, 540, 540, 540, 540, 540, 540, 540, 540, 540, 540, 540, 540, 540, 540, 540, 540, 540, 540, 540, 540, 540, 540, 540, 540, 540, 540, 540, 540, 540, 540, 540, 540, 540, 540, 540, 540, 540, 540, 540, 540, 540, 540, 540, 540, 540, 540];[60, 60, 60, 60, 60, 60, 60, 60, 60, 60, 60, 60, 60, 60, 60, 60, 60, 60, 60, 60, 60, 60, 60, 60, 60, 60, 60, 60, 60, 60, 60, 60, 60, 60, 60, 60, 60, 60, 60, 60, 60, 60, 60, 60, 60, 60, 60, 60, 60, 60];[1, 1, 1, 1, 1, 1, 1, 1, 1, 1, 1, 1, 1, 1, 1, 1, 1, 1, 1, 1, 1, 1, 1, 1, 1, 1, 1, 1, 1, 1, 1, 1, 1, 1, 1, 1, 1, 1, 1, 1, 1, 1, 1, 1, 1, 1, 1, 1, 1, 1]
T600V1000_1.0;600;1000;1.0;PSUCA;positive;600;0;660;[197512, 193162, 193051, 193032, 196662, 194453, 197023, 190133, 193992, 199623, 195572, 192092, 191872, 198253, 193922, 193903, 193603, 192252, 191002, 193841, 197632, 193332, 207713, 200483, 192862, 193002, 195673, 191373, 191152, 226743, 191051, 194202, 191882, 194033, 193942, 192763, 195932, 190812, 192922, 195982, 194272, 194313, 192062, 206433, 192242, 192352, 197263, 192611, 193163, 192382];[3, 3, 3, 3, 3, 3, 3, 3, 3, 3, 3, 3, 3, 3, 3, 3, 3, 3, 3, 3, 3, 3, 3, 3, 3, 3, 3, 3, 3, 3, 3, 3, 3, 3, 3, 3, 3, 3, 3, 3, 3, 3, 3, 3, 3, 3, 3, 3, 3, 3];[600, 600, 600, 600, 600, 600, 600, 600, 600, 600, 600, 600, 600, 600, 600, 600, 600, 600, 600, 600, 600, 600, 600, 600, 600, 600, 600, 600, 600, 600, 600, 600, 600, 600, 600, 600, 600, 600, 600, 600, 600, 600, 600, 600, 600, 600, 600, 600, 600, 600];[0, 0, 0, 0, 0, 0, 0, 0, 0, 0, 0, 0, 0, 0, 0, 0, 0, 0, 0, 0, 0, 0, 0, 0, 0, 0, 0, 0, 0, 0, 0, 0, 0, 0, 0, 0, 0, 0, 0, 0, 0, 0, 0, 0, 0, 0, 0, 0, 0, 0];[1, 1, 1, 1, 1, 1, 1, 1, 1, 1, 1, 1, 1, 1, 1, 1, 1, 1, 1, 1, 1, 1, 1, 1, 1, 1, 1, 1, 1, 1, 1, 1, 1, 1, 1, 1, 1, 1, 1, 1, 1, 1, 1, 1, 1, 1, 1, 1, 1, 1]
T700V1000_0.0;700;1000;0.0;PSUCA;positive;0;700;770;[278083, 231933, 246654, 229712, 230133, 223992, 232152, 223722, 225434, 222902, 224913, 226252, 223073, 226252, 227664, 222302, 222034, 225222, 222853, 226632, 223973, 224093, 225872, 235913, 222332, 228823, 223242, 239384, 220192, 229923, 230392, 227512, 223862, 224062, 220813, 224872, 220443, 225532, 224532, 224853, 225732, 223443, 223752, 223414, 223212, 221702, 228443, 225032, 241284, 224052];[3, 3, 3, 3, 3, 3, 3, 3, 3, 3, 3, 3, 3, 3, 3, 3, 3, 3, 3, 3, 3, 3, 3, 3, 3, 3, 3, 3, 3, 3, 3, 3, 3, 3, 3, 3, 3, 3, 3, 3, 3, 3, 3, 3, 3, 3, 3, 3, 3, 3];[0, 0, 0, 0, 0, 0, 0, 0, 0, 0, 0, 0, 0, 0, 0, 0, 0, 0, 0, 0, 0, 0, 0, 0, 0, 0, 0, 0, 0, 0, 0, 0, 0, 0, 0, 0, 0, 0, 0, 0, 0, 0, 0, 0, 0, 0, 0, 0, 0, 0];[700, 700, 700, 700, 700, 700, 700, 700, 700, 700, 700, 700, 700, 700, 700, 700, 700, 700, 700, 700, 700, 700, 700, 700, 700, 700, 700, 700, 700, 700, 700, 700, 700, 700, 700, 700, 700, 700, 700, 700, 700, 700, 700, 700, 700, 700, 700, 700, 700, 700];[1, 1, 1, 1, 1, 1, 1, 1, 1, 1, 1, 1, 1, 1, 1, 1, 1, 1, 1, 1, 1, 1, 1, 1, 1, 1, 1, 1, 1, 1, 1, 1, 1, 1, 1, 1, 1, 1, 1, 1, 1, 1, 1, 1, 1, 1, 1, 1, 1, 1]
T700V1000_0.1;700;1000;0.1;PSUCA;positive;70;630;770;[1301865, 1310141, 1355387, 1286639, 1317776, 1290152, 1288519, 1351226, 1381722, 1244570, 1278931, 1319938, 1340913, 1337564, 1237274, 1336716, 1316487, 1251964, 1271507, 1317851, 1334749, 1361557, 1298405, 1341725, 1310455, 1288116, 1389178, 1281443, 1293295, 1297822, 1361356, 1321135, 1307118, 1294799, 1349626, 1368877, 1362754, 1361463, 1306864, 1356416, 1321549, 1351456, 1380899, 1307232, 1285096, 1329438, 1377853, 1311514, 1344986, 1375115];[252, 261, 270, 255, 266, 257, 256, 271, 264, 241, 251, 261, 263, 266, 239, 265, 259, 243, 250, 261, 264, 266, 253, 267, 256, 250, 271, 248, 256, 247, 267, 260, 255, 250, 267, 269, 262, 268, 256, 266, 260, 266, 271, 258, 250, 262, 271, 256, 268, 275];[70, 70, 70, 70, 70, 70, 70, 70, 70, 70, 70, 70, 70, 70, 70, 70, 70, 70, 70, 70, 70, 70, 70, 70, 70, 70, 70, 70, 70, 70, 70, 70, 70, 70, 70, 70, 70, 70, 70, 70, 70, 70, 70, 70, 70, 70, 70, 70, 70, 70];[630, 630, 630, 630, 630, 630, 630, 630, 630, 630, 630, 630, 630, 630, 630, 630, 630, 630, 630, 630, 630, 630, 630, 630, 630, 630, 630, 630, 630, 630, 630, 630, 630, 630, 630, 630, 630, 630, 630, 630, 630, 630, 630, 630, 630, 630, 630, 630, 630, 630];[1, 1, 1, 1, 1, 1, 1, 1, 1, 1, 1, 1, 1, 1, 1, 1, 1, 1, 1, 1, 1, 1, 1, 1, 1, 1, 1, 1, 1, 1, 1, 1, 1, 1, 1, 1, 1, 1, 1, 1, 1, 1, 1, 1, 1, 1, 1, 1, 1, 1]
T700V1000_0.2;700;1000;0.2;PSUCA;positive;140;560;770;[1878503, 1854784, 1814391, 1925011, 1854275, 1908501, 1967875, 1939760, 1882837, 1827829, 1913553, 1859339, 1834053, 1929422, 1879160, 1914041, 1831736, 1828587, 1897180, 1840290, 1886794, 1830941, 1910576, 1938218, 1903086, 1900371, 1827343, 1902943, 1859646, 1907027, 1867615, 1842764, 1948794, 1864326, 1947021, 1818734, 1920040, 1857157, 1967812, 1874099, 1983208, 1857918, 1877509, 1789978, 1964029, 1891356, 1785037, 1908670, 1874063, 1878163];[388, 387, 377, 399, 384, 395, 410, 405, 387, 378, 397, 389, 376, 403, 393, 394, 376, 377, 388, 379, 384, 371, 387, 401, 392, 394, 378, 396, 382, 396, 383, 383, 397, 386, 404, 383, 399, 382, 405, 388, 402, 377, 383, 372, 407, 395, 365, 394, 384, 389];[140, 140, 140, 140, 140, 140, 140, 140, 140, 140, 140, 140, 140, 140, 140, 140, 140, 140, 140, 140, 140, 140, 140, 140, 140, 140, 140, 140, 140, 140, 140, 140, 140, 140, 140, 140, 140, 140, 140, 140, 140, 140, 140, 140, 140, 140, 140, 140, 140, 140];[560, 560, 560, 560, 560, 560, 560, 560, 560, 560, 560, 560, 560, 560, 560, 560, 560, 560, 560, 560, 560, 560, 560, 560, 560, 560, 560, 560, 560, 560, 560, 560, 560, 560, 560, 560, 560, 560, 560, 560, 560, 560, 560, 560, 560, 560, 560, 560, 560, 560];[1, 1, 1, 1, 1, 1, 1, 1, 1, 1, 1, 1, 1, 1, 1, 1, 1, 1, 1, 1, 1, 1, 1, 1, 1, 1, 1, 1, 1, 1, 1, 1, 1, 1, 1, 1, 1, 1, 1, 1, 1, 1, 1, 1, 1, 1, 1, 1, 1, 1]
T700V1000_0.3;700;1000;0.3;PSUCA;positive;210;490;770;[2168718, 2129223, 2150071, 2175328, 2163965, 2279349, 2283453, 2205029, 2161952, 2181458, 2148869, 2233574, 2096966, 2249600, 2231233, 2243671, 2244943, 2259463, 2265690, 2221119, 2196473, 2176724, 2196129, 2240868, 2194350, 2240623, 2296055, 2162154, 2142967, 2271048, 2271662, 2258850, 2175361, 2243206, 2270479, 2177509, 2257727, 2250823, 2354829, 2244444, 2231725, 2224889, 2190301, 2207718, 2234723, 2201211, 2221699, 2074974, 2210788, 2342272];[461, 448, 451, 461, 458, 475, 479, 464, 458, 451, 451, 462, 427, 462, 476, 476, 472, 467, 475, 468, 462, 459, 458, 468, 463, 473, 475, 451, 448, 481, 481, 474, 457, 471, 479, 454, 473, 459, 494, 473, 466, 468, 463, 456, 467, 467, 465, 435, 469, 491];[210, 210, 210, 210, 210, 210, 210, 210, 210, 210, 210, 210, 210, 210, 210, 210, 210, 210, 210, 210, 210, 210, 210, 210, 210, 210, 210, 210, 210, 210, 210, 210, 210, 210, 210, 210, 210, 210, 210, 210, 210, 210, 210, 210, 210, 210, 210, 210, 210, 210];[490, 490, 490, 490, 490, 490, 490, 490, 490, 490, 490, 490, 490, 490, 490, 490, 490, 490, 490, 490, 490, 490, 490, 490, 490, 490, 490, 490, 490, 490, 490, 490, 490, 490, 490, 490, 490, 490, 490, 490, 490, 490, 490, 490, 490, 490, 490, 490, 490, 490];[1, 1, 1, 1, 1, 1, 1, 1, 1, 1, 1, 1, 1, 1, 1, 1, 1, 1, 1, 1, 1, 1, 1, 1, 1, 1, 1, 1, 1, 1, 1, 1, 1, 1, 1, 1, 1, 1, 1, 1, 1, 1, 1, 1, 1, 1, 1, 1, 1, 1]
T700V1000_0.4;700;1000;0.4;PSUCA;positive;280;420;770;[2497883, 2370902, 2337094, 2411544, 2314701, 2372046, 2409539, 2337692, 2397699, 2244653, 2412109, 2407848, 2335957, 2267342, 2293101, 2439781, 2458806, 2407625, 2308562, 2346826, 2383654, 2392014, 2338015, 2426136, 2437211, 2377450, 2429520, 2382149, 2417784, 2309369, 2466522, 2459936, 2367227, 2369632, 2360966, 2320938, 2324772, 2380681, 2378987, 2255309, 2353846, 2346204, 2462721, 2418555, 2399351, 2373935, 2365884, 2432412, 2426132, 2336781];[536, 506, 505, 518, 499, 506, 508, 495, 507, 470, 518, 512, 500, 484, 495, 518, 523, 506, 490, 495, 509, 506, 500, 512, 513, 502, 523, 504, 511, 485, 507, 516, 505, 502, 492, 490, 492, 501, 508, 487, 484, 499, 510, 509, 506, 504, 500, 512, 512, 492];[280, 280, 280, 280, 280, 280, 280, 280, 280, 280, 280, 280, 280, 280, 280, 280, 280, 280, 280, 280, 280, 280, 280, 280, 280, 280, 280, 280, 280, 280, 280, 280, 280, 280, 280, 280, 280, 280, 280, 280, 280, 280, 280, 280, 280, 280, 280, 280, 280, 280];[420, 420, 420, 420, 420, 420, 420, 420, 420, 420, 420, 420, 420, 420, 420, 420, 420, 420, 420, 420, 420, 420, 420, 420, 420, 420, 420, 420, 420, 420, 420, 420, 420, 420, 420, 420, 420, 420, 420, 420, 420, 420, 420, 420, 420, 420, 420, 420, 420, 420];[1, 1, 1, 1, 1, 1, 1, 1, 1, 1, 1, 1, 1, 1, 1, 1, 1, 1, 1, 1, 1, 1, 1, 1, 1, 1, 1, 1, 1, 1, 1, 1, 1, 1, 1, 1, 1, 1, 1, 1, 1, 1, 1, 1, 1, 1, 1, 1, 1, 1]
T700V1000_0.5;700;1000;0.5;PSUCA;positive;350;350;770;[2481402, 2345951, 2630456, 2477432, 2406470, 2402291, 2532444, 2478808, 2539427, 2405178, 2395718, 2444679, 2448846, 2442628, 2474372, 2424666, 2454715, 2360631, 2468210, 2435259, 2612162, 2386584, 2464074, 2374808, 2460792, 2388861, 2503508, 2427366, 2606623, 2466381, 2404352, 2428916, 2546042, 2478456, 2437263, 2332508, 2443804, 2550378, 2467169, 2406817, 2510718, 2512784, 2482701, 2356810, 2566320, 2521687, 2442800, 2482274, 2468456, 2514001];[529, 501, 559, 525, 517, 508, 543, 515, 540, 507, 507, 525, 523, 523, 522, 517, 509, 496, 523, 522, 550, 499, 528, 504, 520, 512, 528, 509, 547, 525, 512, 518, 537, 527, 514, 503, 523, 543, 516, 499, 540, 538, 532, 503, 539, 543, 524, 530, 521, 530];[350, 350, 350, 350, 350, 350, 350, 350, 350, 350, 350, 350, 350, 350, 350, 350, 350, 350, 350, 350, 350, 350, 350, 350, 350, 350, 350, 350, 350, 350, 350, 350, 350, 350, 350, 350, 350, 350, 350, 350, 350, 350, 350, 350, 350, 350, 350, 350, 350, 350];[350, 350, 350, 350, 350, 350, 350, 350, 350, 350, 350, 350, 350, 350, 350, 350, 350, 350, 350, 350, 350, 350, 350, 350, 350, 350, 350, 350, 350, 350, 350, 350, 350, 350, 350, 350, 350, 350, 350, 350, 350, 350, 350, 350, 350, 350, 350, 350, 350, 350];[1, 1, 1, 1, 1, 1, 1, 1, 1, 1, 1, 1, 1, 1, 1, 1, 1, 1, 1, 1, 1, 1, 1, 1, 1, 1, 1, 1, 1, 1, 1, 1, 1, 1, 1, 1, 1, 1, 1, 1, 1, 1, 1, 1, 1, 1, 1, 1, 1, 1]
T700V1000_0.6;700;1000;0.6;PSUCA;positive;420;280;770;[2337014, 2482740, 2406068, 2537280, 2288011, 2387042, 2322406, 2358251, 2281549, 2364257, 2465387, 2399000, 2520915, 2221930, 2354318, 2426215, 2295452, 2424655, 2323016, 2385503, 2339262, 2354070, 2464730, 2438668, 2431064, 2356678, 2464720, 2371854, 2467886, 2325796, 2347421, 2478047, 2315037, 2343251, 2430509, 2433931, 2341332, 2350991, 2317478, 2347623, 2395655, 2467909, 2331991, 2377633, 2427764, 2258208, 2480888, 2428632, 2377281, 2436039];[495, 520, 514, 523, 478, 509, 495, 502, 493, 516, 532, 512, 527, 471, 500, 519, 479, 513, 497, 513, 505, 496, 530, 515, 520, 513, 519, 500, 523, 493, 504, 538, 487, 486, 514, 509, 500, 495, 485, 504, 510, 520, 491, 505, 515, 479, 526, 516, 507, 528];[420, 420, 420, 420, 420, 420, 420, 420, 420, 420, 420, 420, 420, 420, 420, 420, 420, 420, 420, 420, 420, 420, 420, 420, 420, 420, 420, 420, 420, 420, 420, 420, 420, 420, 420, 420, 420, 420, 420, 420, 420, 420, 420, 420, 420, 420, 420, 420, 420, 420];[280, 280, 280, 280, 280, 280, 280, 280, 280, 280, 280, 280, 280, 280, 280, 280, 280, 280, 280, 280, 280, 280, 280, 280, 280, 280, 280, 280, 280, 280, 280, 280, 280, 280, 280, 280, 280, 280, 280, 280, 280, 280, 280, 280, 280, 280, 280, 280, 280, 280];[1, 1, 1, 1, 1, 1, 1, 1, 1, 1, 1, 1, 1, 1, 1, 1, 1, 1, 1, 1, 1, 1, 1, 1, 1, 1, 1, 1, 1, 1, 1, 1, 1, 1, 1, 1, 1, 1, 1, 1, 1, 1, 1, 1, 1, 1, 1, 1, 1, 1]
T1500V1000_0.0;1500;1000;0.0;PSUCA;positive;0;1500;1650;[549885, 499236, 501375, 488196, 489625, 486765, 483986, 501667, 490587, 485195, 487066, 502596, 488665, 539996, 487756, 490886, 502736, 489846, 492025, 508456, 487186, 484835, 492195, 485296, 484115, 483465, 485965, 484965, 493365, 488186, 498925, 489565, 499476, 495475, 486256, 500606, 483845, 483326, 486625, 485045, 478687, 486425, 481096, 494806, 500416, 490275, 497935, 490955, 489957, 502526];[3, 3, 3, 3, 3, 3, 3, 3, 3, 3, 3, 3, 3, 3, 3, 3, 3, 3, 3, 3, 3, 3, 3, 3, 3, 3, 3, 3, 3, 3, 3, 3, 3, 3, 3, 3, 3, 3, 3, 3, 3, 3, 3, 3, 3, 3, 3, 3, 3, 3];[0, 0, 0, 0, 0, 0, 0, 0, 0, 0, 0, 0, 0, 0, 0, 0, 0, 0, 0, 0, 0, 0, 0, 0, 0, 0, 0, 0, 0, 0, 0, 0, 0, 0, 0, 0, 0, 0, 0, 0, 0, 0, 0, 0, 0, 0, 0, 0, 0, 0];[1500, 1500, 1500, 1500, 1500, 1500, 1500, 1500, 1500, 1500, 1500, 1500, 1500, 1500, 1500, 1500, 1500, 1500, 1500, 1500, 1500, 1500, 1500, 1500, 1500, 1500, 1500, 1500, 1500, 1500, 1500, 1500, 1500, 1500, 1500, 1500, 1500, 1500, 1500, 1500, 1500, 1500, 1500, 1500, 1500, 1500, 1500, 1500, 1500, 1500];[1, 1, 1, 1, 1, 1, 1, 1, 1, 1, 1, 1, 1, 1, 1, 1, 1, 1, 1, 1, 1, 1, 1, 1, 1, 1, 1, 1, 1, 1, 1, 1, 1, 1, 1, 1, 1, 1, 1, 1, 1, 1, 1, 1, 1, 1, 1, 1, 1, 1]
T700V1000_0.7;700;1000;0.7;PSUCA;positive;489;211;770;[2171772, 2212706, 2247789, 2116465, 2147048, 2180911, 2108848, 2163267, 2186334, 2213911, 2272859, 2267899, 2210016, 2158479, 2208708, 2191354, 2145367, 2144673, 2226087, 2146032, 2162156, 2249058, 2095436, 2197602, 2175397, 2232540, 2127537, 2150586, 2204994, 2218629, 2252633, 2205298, 2039568, 2054852, 2210924, 2241678, 2244967, 2173814, 2207042, 2200489, 2143782, 2211301, 2187826, 2094629, 2223107, 2154856, 2267033, 2127940, 2190116, 2417044];[459, 475, 481, 447, 459, 469, 452, 470, 465, 471, 475, 490, 466, 459, 462, 467, 457, 461, 477, 458, 456, 480, 440, 466, 455, 476, 453, 455, 465, 444, 476, 467, 433, 437, 461, 472, 477, 452, 467, 461, 461, 474, 468, 446, 476, 454, 478, 452, 469, 493];[489, 489, 489, 489, 489, 489, 489, 489, 489, 489, 489, 489, 489, 489, 489, 489, 489, 489, 489, 489, 489, 489, 489, 489, 489, 489, 489, 489, 489, 489, 489, 489, 489, 489, 489, 489, 489, 489, 489, 489, 489, 489, 489, 489, 489, 489, 489, 489, 489, 489];[211, 211, 211, 211, 211, 211, 211, 211, 211, 211, 211, 211, 211, 211, 211, 211, 211, 211, 211, 211, 211, 211, 211, 211, 211, 211, 211, 211, 211, 211, 211, 211, 211, 211, 211, 211, 211, 211, 211, 211, 211, 211, 211, 211, 211, 211, 211, 211, 211, 211];[1, 1, 1, 1, 1, 1, 1, 1, 1, 1, 1, 1, 1, 1, 1, 1, 1, 1, 1, 1, 1, 1, 1, 1, 1, 1, 1, 1, 1, 1, 1, 1, 1, 1, 1, 1, 1, 1, 1, 1, 1, 1, 1, 1, 1, 1, 1, 1, 1, 1]
T1500V1000_0.1;1500;1000;0.1;PSUCA;positive;150;1350;1650;[2890011, 2972728, 2799824, 3108882, 2888023, 3009139, 2873798, 2999694, 2974729, 2946504, 2944548, 2934640, 3002427, 2907342, 2990147, 2860835, 2971590, 2862386, 3049101, 3003107, 3025096, 2992219, 2987768, 2960572, 2912252, 2950552, 2968497, 2984971, 2947183, 2875951, 2955661, 3067744, 2868088, 2956717, 2890463, 3029045, 2895983, 2975639, 3032202, 3052904, 2932656, 2946023, 2911851, 2961893, 2933274, 2785488, 2971309, 3044238, 2928554, 2999929];[532, 559, 526, 563, 539, 566, 535, 565, 563, 552, 547, 557, 562, 551, 572, 535, 557, 540, 561, 564, 545, 565, 560, 559, 551, 557, 556, 559, 556, 540, 558, 588, 543, 557, 534, 565, 542, 554, 559, 568, 547, 553, 552, 564, 549, 517, 562, 566, 543, 572];[150, 150, 150, 150, 150, 150, 150, 150, 150, 150, 150, 150, 150, 150, 150, 150, 150, 150, 150, 150, 150, 150, 150, 150, 150, 150, 150, 150, 150, 150, 150, 150, 150, 150, 150, 150, 150, 150, 150, 150, 150, 150, 150, 150, 150, 150, 150, 150, 150, 150];[1350, 1350, 1350, 1350, 1350, 1350, 1350, 1350, 1350, 1350, 1350, 1350, 1350, 1350, 1350, 1350, 1350, 1350, 1350, 1350, 1350, 1350, 1350, 1350, 1350, 1350, 1350, 1350, 1350, 1350, 1350, 1350, 1350, 1350, 1350, 1350, 1350, 1350, 1350, 1350, 1350, 1350, 1350, 1350, 1350, 1350, 1350, 1350, 1350, 1350];[1, 1, 1, 1, 1, 1, 1, 1, 1, 1, 1, 1, 1, 1, 1, 1, 1, 1, 1, 1, 1, 1, 1, 1, 1, 1, 1, 1, 1, 1, 1, 1, 1, 1, 1, 1, 1, 1, 1, 1, 1, 1, 1, 1, 1, 1, 1, 1, 1, 1]
T700V1000_0.8;700;1000;0.8;PSUCA;positive;560;140;770;[2015610, 1901900, 1835017, 1818224, 1821631, 1813984, 1857407, 1896992, 1853898, 1875874, 1805795, 1861314, 1910386, 1870083, 1790840, 1867524, 1885371, 1716606, 1771821, 1872619, 1763312, 1843712, 1819294, 1880929, 1873323, 1804772, 1990844, 1879390, 1853969, 1809799, 1926855, 1888708, 2017853, 1813149, 1903059, 1859468, 1871693, 1890305, 1845122, 1786720, 1887610, 1889609, 1895873, 1820336, 1876356, 1983262, 1861685, 1768531, 1828959, 1855507];[401, 396, 385, 377, 387, 393, 389, 403, 388, 390, 377, 388, 399, 385, 374, 390, 393, 358, 373, 396, 369, 386, 375, 371, 387, 374, 391, 392, 386, 375, 399, 390, 409, 379, 402, 383, 398, 399, 388, 370, 385, 395, 395, 378, 400, 415, 393, 367, 387, 392];[560, 560, 560, 560, 560, 560, 560, 560, 560, 560, 560, 560, 560, 560, 560, 560, 560, 560, 560, 560, 560, 560, 560, 560, 560, 560, 560, 560, 560, 560, 560, 560, 560, 560, 560, 560, 560, 560, 560, 560, 560, 560, 560, 560, 560, 560, 560, 560, 560, 560];[140, 140, 140, 140, 140, 140, 140, 140, 140, 140, 140, 140, 140, 140, 140, 140, 140, 140, 140, 140, 140, 140, 140, 140, 140, 140, 140, 140, 140, 140, 140, 140, 140, 140, 140, 140, 140, 140, 140, 140, 140, 140, 140, 140, 140, 140, 140, 140, 140, 140];[1, 1, 1, 1, 1, 1, 1, 1, 1, 1, 1, 1, 1, 1, 1, 1, 1, 1, 1, 1, 1, 1, 1, 1, 1, 1, 1, 1, 1, 1, 1, 1, 1, 1, 1, 1, 1, 1, 1, 1, 1, 1, 1, 1, 1, 1, 1, 1, 1, 1]
T700V1000_0.9;700;1000;0.9;PSUCA;positive;630;70;770;[1377022, 1318125, 1274547, 1249371, 1321700, 1286680, 1371742, 1302364, 1357603, 1297682, 1277621, 1316729, 1313749, 1381303, 1317285, 1321170, 1191509, 1365752, 1273734, 1325903, 1317317, 1216293, 1257827, 1320229, 1323377, 1384630, 1326915, 1351423, 1243737, 1258316, 1291319, 1304991, 1301221, 1311932, 1300191, 1268607, 1349696, 1256846, 1335670, 1292429, 1309490, 1282755, 1241049, 1301847, 1323582, 1283857, 1343365, 1274712, 1331428, 1343510];[266, 265, 248, 252, 265, 246, 268, 258, 273, 255, 254, 258, 256, 272, 257, 263, 234, 272, 256, 264, 264, 237, 252, 265, 260, 265, 255, 265, 245, 246, 256, 253, 254, 256, 252, 248, 269, 247, 265, 256, 255, 253, 242, 261, 259, 259, 269, 250, 263, 268];[630, 630, 630, 630, 630, 630, 630, 630, 630, 630, 630, 630, 630, 630, 630, 630, 630, 630, 630, 630, 630, 630, 630, 630, 630, 630, 630, 630, 630, 630, 630, 630, 630, 630, 630, 630, 630, 630, 630, 630, 630, 630, 630, 630, 630, 630, 630, 630, 630, 630];[70, 70, 70, 70, 70, 70, 70, 70, 70, 70, 70, 70, 70, 70, 70, 70, 70, 70, 70, 70, 70, 70, 70, 70, 70, 70, 70, 70, 70, 70, 70, 70, 70, 70, 70, 70, 70, 70, 70, 70, 70, 70, 70, 70, 70, 70, 70, 70, 70, 70];[1, 1, 1, 1, 1, 1, 1, 1, 1, 1, 1, 1, 1, 1, 1, 1, 1, 1, 1, 1, 1, 1, 1, 1, 1, 1, 1, 1, 1, 1, 1, 1, 1, 1, 1, 1, 1, 1, 1, 1, 1, 1, 1, 1, 1, 1, 1, 1, 1, 1]
T700V1000_1.0;700;1000;1.0;PSUCA;positive;700;0;770;[233373, 233263, 224632, 230503, 223223, 240472, 224442, 230463, 225172, 229753, 224422, 241773, 225363, 227812, 226144, 239752, 223572, 231753, 221162, 232223, 225642, 243102, 223673, 230252, 225713, 270963, 224732, 233062, 224193, 231363, 226452, 230204, 224892, 225122, 224252, 221972, 224134, 225192, 225772, 225834, 225382, 223172, 224762, 225892, 223713, 226522, 222193, 227142, 224282, 227083];[3, 3, 3, 3, 3, 3, 3, 3, 3, 3, 3, 3, 3, 3, 3, 3, 3, 3, 3, 3, 3, 3, 3, 3, 3, 3, 3, 3, 3, 3, 3, 3, 3, 3, 3, 3, 3, 3, 3, 3, 3, 3, 3, 3, 3, 3, 3, 3, 3, 3];[700, 700, 700, 700, 700, 700, 700, 700, 700, 700, 700, 700, 700, 700, 700, 700, 700, 700, 700, 700, 700, 700, 700, 700, 700, 700, 700, 700, 700, 700, 700, 700, 700, 700, 700, 700, 700, 700, 700, 700, 700, 700, 700, 700, 700, 700, 700, 700, 700, 700];[0, 0, 0, 0, 0, 0, 0, 0, 0, 0, 0, 0, 0, 0, 0, 0, 0, 0, 0, 0, 0, 0, 0, 0, 0, 0, 0, 0, 0, 0, 0, 0, 0, 0, 0, 0, 0, 0, 0, 0, 0, 0, 0, 0, 0, 0, 0, 0, 0, 0];[1, 1, 1, 1, 1, 1, 1, 1, 1, 1, 1, 1, 1, 1, 1, 1, 1, 1, 1, 1, 1, 1, 1, 1, 1, 1, 1, 1, 1, 1, 1, 1, 1, 1, 1, 1, 1, 1, 1, 1, 1, 1, 1, 1, 1, 1, 1, 1, 1, 1]
T1500V1000_0.2;1500;1000;0.2;PSUCA;positive;300;1200;1650;[4055822, 4256599, 4179965, 4292419, 4266277, 4166750, 4064371, 4031407, 4201654, 4148230, 4066928, 4128011, 4285286, 4335141, 4136374, 4177543, 4281606, 4242522, 4294598, 4152351, 4271962, 4139159, 4205826, 4101952, 4111813, 4177713, 4157568, 4301646, 4288889, 4016573, 4064457, 4374663, 4195196, 4190225, 4271484, 4009638, 4103589, 4162491, 4174994, 4278892, 4190228, 4231436, 4364071, 4278354, 4191424, 4130022, 4027503, 4276737, 4316216, 4204743];[804, 838, 825, 851, 840, 826, 810, 804, 838, 809, 802, 813, 845, 862, 817, 826, 848, 829, 849, 818, 847, 824, 838, 804, 807, 832, 819, 838, 816, 787, 810, 867, 830, 824, 844, 793, 811, 831, 829, 860, 828, 836, 863, 848, 834, 815, 791, 836, 842, 835];[300, 300, 300, 300, 300, 300, 300, 300, 300, 300, 300, 300, 300, 300, 300, 300, 300, 300, 300, 300, 300, 300, 300, 300, 300, 300, 300, 300, 300, 300, 300, 300, 300, 300, 300, 300, 300, 300, 300, 300, 300, 300, 300, 300, 300, 300, 300, 300, 300, 300];[1200, 1200, 1200, 1200, 1200, 1200, 1200, 1200, 1200, 1200, 1200, 1200, 1200, 1200, 1200, 1200, 1200, 1200, 1200, 1200, 1200, 1200, 1200, 1200, 1200, 1200, 1200, 1200, 1200, 1200, 1200, 1200, 1200, 1200, 1200, 1200, 1200, 1200, 1200, 1200, 1200, 1200, 1200, 1200, 1200, 1200, 1200, 1200, 1200, 1200];[1, 1, 1, 1, 1, 1, 1, 1, 1, 1, 1, 1, 1, 1, 1, 1, 1, 1, 1, 1, 1, 1, 1, 1, 1, 1, 1, 1, 1, 1, 1, 1, 1, 1, 1, 1, 1, 1, 1, 1, 1, 1, 1, 1, 1, 1, 1, 1, 1, 1]
T1300V1000_0.0;1300;1000;0.0;PSUCA;positive;0;1300;1430;[468455, 425815, 422414, 434286, 426075, 417795, 419585, 414944, 420574, 433316, 414814, 420275, 420004, 417426, 433776, 430734, 417014, 416685, 414255, 431125, 422825, 418175, 461445, 422045, 417025, 421435, 432805, 420506, 421205, 421665, 431634, 423555, 420804, 419784, 419104, 421156, 433645, 419344, 426005, 417645, 417374, 422994, 433995, 416364, 417214, 420175, 434815, 422584, 422324, 417135];[3, 3, 3, 3, 3, 3, 3, 3, 3, 3, 3, 3, 3, 3, 3, 3, 3, 3, 3, 3, 3, 3, 3, 3, 3, 3, 3, 3, 3, 3, 3, 3, 3, 3, 3, 3, 3, 3, 3, 3, 3, 3, 3, 3, 3, 3, 3, 3, 3, 3];[0, 0, 0, 0, 0, 0, 0, 0, 0, 0, 0, 0, 0, 0, 0, 0, 0, 0, 0, 0, 0, 0, 0, 0, 0, 0, 0, 0, 0, 0, 0, 0, 0, 0, 0, 0, 0, 0, 0, 0, 0, 0, 0, 0, 0, 0, 0, 0, 0, 0];[1300, 1300, 1300, 1300, 1300, 1300, 1300, 1300, 1300, 1300, 1300, 1300, 1300, 1300, 1300, 1300, 1300, 1300, 1300, 1300, 1300, 1300, 1300, 1300, 1300, 1300, 1300, 1300, 1300, 1300, 1300, 1300, 1300, 1300, 1300, 1300, 1300, 1300, 1300, 1300, 1300, 1300, 1300, 1300, 1300, 1300, 1300, 1300, 1300, 1300];[1, 1, 1, 1, 1, 1, 1, 1, 1, 1, 1, 1, 1, 1, 1, 1, 1, 1, 1, 1, 1, 1, 1, 1, 1, 1, 1, 1, 1, 1, 1, 1, 1, 1, 1, 1, 1, 1, 1, 1, 1, 1, 1, 1, 1, 1, 1, 1, 1, 1]
T1500V1000_0.3;1500;1000;0.3;PSUCA;positive;450;1050;1650;[4906288, 5050672, 5146181, 4976014, 5030208, 4910615, 5073302, 5018470, 5037024, 4915870, 4976963, 5234467, 4900496, 5067765, 4929125, 4953580, 5037072, 5086857, 4958501, 5165070, 5002710, 4893264, 5086369, 5023715, 5203088, 4928903, 4848547, 4886697, 4878562, 4900322, 4998934, 5037825, 5012422, 4985847, 4961586, 4935038, 4800481, 4788965, 5002039, 5068539, 5088946, 4983556, 4840060, 4859807, 4973364, 5041647, 4911161, 5055951, 4834421, 5037511];[971, 1000, 1021, 994, 997, 975, 1019, 1003, 994, 960, 994, 1048, 968, 1007, 982, 991, 1011, 1015, 980, 1015, 996, 972, 1012, 1012, 1036, 982, 969, 974, 968, 974, 1001, 983, 999, 985, 978, 993, 968, 955, 997, 1010, 992, 995, 974, 974, 986, 1012, 978, 1006, 964, 1004];[450, 450, 450, 450, 450, 450, 450, 450, 450, 450, 450, 450, 450, 450, 450, 450, 450, 450, 450, 450, 450, 450, 450, 450, 450, 450, 450, 450, 450, 450, 450, 450, 450, 450, 450, 450, 450, 450, 450, 450, 450, 450, 450, 450, 450, 450, 450, 450, 450, 450];[1050, 1050, 1050, 1050, 1050, 1050, 1050, 1050, 1050, 1050, 1050, 1050, 1050, 1050, 1050, 1050, 1050, 1050, 1050, 1050, 1050, 1050, 1050, 1050, 1050, 1050, 1050, 1050, 1050, 1050, 1050, 1050, 1050, 1050, 1050, 1050, 1050, 1050, 1050, 1050, 1050, 1050, 1050, 1050, 1050, 1050, 1050, 1050, 1050, 1050];[1, 1, 1, 1, 1, 1, 1, 1, 1, 1, 1, 1, 1, 1, 1, 1, 1, 1, 1, 1, 1, 1, 1, 1, 1, 1, 1, 1, 1, 1, 1, 1, 1, 1, 1, 1, 1, 1, 1, 1, 1, 1, 1, 1, 1, 1, 1, 1, 1, 1]
T1300V1000_0.1;1300;1000;0.1;PSUCA;positive;130;1170;1430;[2522580, 2531302, 2473368, 2557070, 2593255, 2740866, 2622264, 2568513, 2527754, 2551772, 2517562, 2532223, 2543607, 2497508, 2552902, 2500336, 2573627, 2597217, 2607934, 2555144, 2601170, 2467743, 2601097, 2487576, 2628190, 2576975, 2562892, 2559736, 2596150, 2605069, 2644459, 2536344, 2576959, 2612923, 2519699, 2542530, 2563644, 2736983, 2577556, 2600928, 2597347, 2520666, 2522920, 2535586, 2607316, 2428460, 2592465, 2541683, 2657846, 2517182];[472, 473, 458, 478, 481, 492, 487, 484, 465, 476, 470, 466, 467, 465, 479, 465, 480, 479, 492, 477, 482, 455, 489, 457, 485, 478, 472, 466, 485, 487, 494, 470, 487, 493, 470, 474, 480, 482, 478, 477, 484, 477, 471, 469, 491, 446, 482, 476, 498, 466];[130, 130, 130, 130, 130, 130, 130, 130, 130, 130, 130, 130, 130, 130, 130, 130, 130, 130, 130, 130, 130, 130, 130, 130, 130, 130, 130, 130, 130, 130, 130, 130, 130, 130, 130, 130, 130, 130, 130, 130, 130, 130, 130, 130, 130, 130, 130, 130, 130, 130];[1170, 1170, 1170, 1170, 1170, 1170, 1170, 1170, 1170, 1170, 1170, 1170, 1170, 1170, 1170, 1170, 1170, 1170, 1170, 1170, 1170, 1170, 1170, 1170, 1170, 1170, 1170, 1170, 1170, 1170, 1170, 1170, 1170, 1170, 1170, 1170, 1170, 1170, 1170, 1170, 1170, 1170, 1170, 1170, 1170, 1170, 1170, 1170, 1170, 1170];[1, 1, 1, 1, 1, 1, 1, 1, 1, 1, 1, 1, 1, 1, 1, 1, 1, 1, 1, 1, 1, 1, 1, 1, 1, 1, 1, 1, 1, 1, 1, 1, 1, 1, 1, 1, 1, 1, 1, 1, 1, 1, 1, 1, 1, 1, 1, 1, 1, 1]
T1300V1000_0.2;1300;1000;0.2;PSUCA;positive;260;1040;1430;[3681475, 3740574, 3547441, 3683225, 3578595, 3586912, 3739297, 3722329, 3616983, 3672555, 3584835, 3663577, 3676490, 3585744, 3815081, 3758409, 3598913, 3654285, 3661534, 3654663, 3594779, 3683972, 3621222, 3698108, 3803724, 3647084, 3747092, 3609064, 3698727, 3587769, 3629782, 3580283, 3589122, 3742506, 3708902, 3594684, 3704905, 3690956, 3561311, 3629370, 3655032, 3641952, 3453108, 3610173, 3536625, 3640604, 3577579, 3665375, 3549494, 3642087];[730, 729, 695, 720, 701, 687, 717, 715, 698, 718, 690, 713, 718, 693, 718, 727, 702, 708, 701, 714, 702, 707, 703, 717, 740, 703, 724, 706, 730, 699, 707, 702, 700, 727, 715, 696, 726, 721, 688, 707, 707, 702, 670, 707, 686, 712, 693, 705, 687, 713];[260, 260, 260, 260, 260, 260, 260, 260, 260, 260, 260, 260, 260, 260, 260, 260, 260, 260, 260, 260, 260, 260, 260, 260, 260, 260, 260, 260, 260, 260, 260, 260, 260, 260, 260, 260, 260, 260, 260, 260, 260, 260, 260, 260, 260, 260, 260, 260, 260, 260];[1040, 1040, 1040, 1040, 1040, 1040, 1040, 1040, 1040, 1040, 1040, 1040, 1040, 1040, 1040, 1040, 1040, 1040, 1040, 1040, 1040, 1040, 1040, 1040, 1040, 1040, 1040, 1040, 1040, 1040, 1040, 1040, 1040, 1040, 1040, 1040, 1040, 1040, 1040, 1040, 1040, 1040, 1040, 1040, 1040, 1040, 1040, 1040, 1040, 1040];[1, 1, 1, 1, 1, 1, 1, 1, 1, 1, 1, 1, 1, 1, 1, 1, 1, 1, 1, 1, 1, 1, 1, 1, 1, 1, 1, 1, 1, 1, 1, 1, 1, 1, 1, 1, 1, 1, 1, 1, 1, 1, 1, 1, 1, 1, 1, 1, 1, 1]
T1500V1000_0.4;1500;1000;0.4;PSUCA;positive;600;900;1650;[5316124, 5315825, 5410357, 5391679, 5347679, 5578763, 5336574, 5382520, 5409363, 5272128, 5396557, 5427399, 5307749, 5365973, 5380331, 5403371, 5484168, 5234299, 5232888, 5280479, 5304835, 5442144, 5328012, 5251623, 5383901, 5440637, 5233704, 5479412, 5418408, 5369822, 5457870, 5345007, 5314302, 5237861, 5352504, 5404664, 5263740, 5455472, 5506396, 5244889, 5435305, 5336515, 5445651, 5270218, 5256741, 5388345, 5303116, 5317864, 5638629, 5100204];[1083, 1089, 1112, 1099, 1088, 1107, 1084, 1093, 1090, 1064, 1089, 1091, 1085, 1098, 1092, 1086, 1093, 1070, 1066, 1071, 1078, 1092, 1083, 1077, 1101, 1114, 1068, 1122, 1105, 1105, 1115, 1091, 1076, 1076, 1094, 1106, 1072, 1105, 1117, 1078, 1112, 1085, 1111, 1077, 1064, 1101, 1095, 1093, 1101, 1048];[600, 600, 600, 600, 600, 600, 600, 600, 600, 600, 600, 600, 600, 600, 600, 600, 600, 600, 600, 600, 600, 600, 600, 600, 600, 600, 600, 600, 600, 600, 600, 600, 600, 600, 600, 600, 600, 600, 600, 600, 600, 600, 600, 600, 600, 600, 600, 600, 600, 600];[900, 900, 900, 900, 900, 900, 900, 900, 900, 900, 900, 900, 900, 900, 900, 900, 900, 900, 900, 900, 900, 900, 900, 900, 900, 900, 900, 900, 900, 900, 900, 900, 900, 900, 900, 900, 900, 900, 900, 900, 900, 900, 900, 900, 900, 900, 900, 900, 900, 900];[1, 1, 1, 1, 1, 1, 1, 1, 1, 1, 1, 1, 1, 1, 1, 1, 1, 1, 1, 1, 1, 1, 1, 1, 1, 1, 1, 1, 1, 1, 1, 1, 1, 1, 1, 1, 1, 1, 1, 1, 1, 1, 1, 1, 1, 1, 1, 1, 1, 1]
T800V1000_0.0;800;1000;0.0;PSUCA;positive;0;800;880;[316054, 263214, 275553, 258903, 258453, 260333, 258533, 258303, 258533, 258353, 256812, 258184, 257253, 259184, 256664, 261164, 255214, 267293, 263034, 263453, 253064, 254923, 255353, 256864, 255303, 257363, 257153, 254643, 255093, 254333, 267023, 255533, 261073, 257223, 273563, 254373, 260743, 255913, 255523, 256343, 257783, 266033, 254283, 256233, 255193, 256183, 258063, 259663, 257363, 261423];[3, 3, 3, 3, 3, 3, 3, 3, 3, 3, 3, 3, 3, 3, 3, 3, 3, 3, 3, 3, 3, 3, 3, 3, 3, 3, 3, 3, 3, 3, 3, 3, 3, 3, 3, 3, 3, 3, 3, 3, 3, 3, 3, 3, 3, 3, 3, 3, 3, 3];[0, 0, 0, 0, 0, 0, 0, 0, 0, 0, 0, 0, 0, 0, 0, 0, 0, 0, 0, 0, 0, 0, 0, 0, 0, 0, 0, 0, 0, 0, 0, 0, 0, 0, 0, 0, 0, 0, 0, 0, 0, 0, 0, 0, 0, 0, 0, 0, 0, 0];[800, 800, 800, 800, 800, 800, 800, 800, 800, 800, 800, 800, 800, 800, 800, 800, 800, 800, 800, 800, 800, 800, 800, 800, 800, 800, 800, 800, 800, 800, 800, 800, 800, 800, 800, 800, 800, 800, 800, 800, 800, 800, 800, 800, 800, 800, 800, 800, 800, 800];[1, 1, 1, 1, 1, 1, 1, 1, 1, 1, 1, 1, 1, 1, 1, 1, 1, 1, 1, 1, 1, 1, 1, 1, 1, 1, 1, 1, 1, 1, 1, 1, 1, 1, 1, 1, 1, 1, 1, 1, 1, 1, 1, 1, 1, 1, 1, 1, 1, 1]
T1300V1000_0.3;1300;1000;0.3;PSUCA;positive;390;910;1430;[4358569, 4375178, 4350195, 4448540, 4318989, 4465605, 4302877, 4495230, 4324593, 4285936, 4268623, 4332154, 4215612, 4295021, 4540426, 4246849, 4359636, 4482496, 4404668, 4227150, 4268537, 4307728, 4301933, 4389032, 4453606, 4415387, 4189752, 4273244, 4339064, 4355552, 4480005, 4436889, 4283540, 4242969, 4306623, 4319316, 4330572, 4321357, 4274961, 4263045, 4308850, 4228697, 4319331, 4391035, 4337896, 4336844, 4344529, 4244632, 4265072, 4338012];[876, 872, 867, 877, 856, 884, 840, 877, 850, 854, 843, 854, 831, 845, 896, 842, 868, 889, 871, 844, 834, 848, 844, 860, 885, 860, 821, 836, 850, 853, 872, 869, 852, 823, 849, 840, 849, 845, 844, 842, 846, 842, 855, 873, 848, 857, 856, 823, 837, 850];[390, 390, 390, 390, 390, 390, 390, 390, 390, 390, 390, 390, 390, 390, 390, 390, 390, 390, 390, 390, 390, 390, 390, 390, 390, 390, 390, 390, 390, 390, 390, 390, 390, 390, 390, 390, 390, 390, 390, 390, 390, 390, 390, 390, 390, 390, 390, 390, 390, 390];[910, 910, 910, 910, 910, 910, 910, 910, 910, 910, 910, 910, 910, 910, 910, 910, 910, 910, 910, 910, 910, 910, 910, 910, 910, 910, 910, 910, 910, 910, 910, 910, 910, 910, 910, 910, 910, 910, 910, 910, 910, 910, 910, 910, 910, 910, 910, 910, 910, 910];[1, 1, 1, 1, 1, 1, 1, 1, 1, 1, 1, 1, 1, 1, 1, 1, 1, 1, 1, 1, 1, 1, 1, 1, 1, 1, 1, 1, 1, 1, 1, 1, 1, 1, 1, 1, 1, 1, 1, 1, 1, 1, 1, 1, 1, 1, 1, 1, 1, 1]
T800V1000_0.1;800;1000;0.1;PSUCA;positive;80;720;880;[1600236, 1502371, 1491712, 1527062, 1525416, 1526553, 1487431, 1486990, 1581468, 1535876, 1547992, 1558656, 1554433, 1530823, 1499418, 1499066, 1581764, 1597341, 1498857, 1535510, 1482598, 1572926, 1574520, 1494320, 1443149, 1490447, 1458592, 1576112, 1494049, 1568035, 1463134, 1497657, 1556948, 1562165, 1476089, 1446668, 1552573, 1492951, 1483722, 1524085, 1523246, 1459286, 1499044, 1495506, 1554384, 1460413, 1478782, 1533767, 1556884, 1521185];[309, 291, 285, 302, 291, 297, 290, 284, 309, 289, 302, 304, 305, 295, 289, 290, 307, 311, 290, 299, 288, 308, 310, 291, 274, 286, 277, 306, 291, 304, 275, 290, 307, 305, 283, 279, 303, 285, 283, 291, 295, 283, 289, 293, 297, 279, 286, 295, 301, 290];[80, 80, 80, 80, 80, 80, 80, 80, 80, 80, 80, 80, 80, 80, 80, 80, 80, 80, 80, 80, 80, 80, 80, 80, 80, 80, 80, 80, 80, 80, 80, 80, 80, 80, 80, 80, 80, 80, 80, 80, 80, 80, 80, 80, 80, 80, 80, 80, 80, 80];[720, 720, 720, 720, 720, 720, 720, 720, 720, 720, 720, 720, 720, 720, 720, 720, 720, 720, 720, 720, 720, 720, 720, 720, 720, 720, 720, 720, 720, 720, 720, 720, 720, 720, 720, 720, 720, 720, 720, 720, 720, 720, 720, 720, 720, 720, 720, 720, 720, 720];[1, 1, 1, 1, 1, 1, 1, 1, 1, 1, 1, 1, 1, 1, 1, 1, 1, 1, 1, 1, 1, 1, 1, 1, 1, 1, 1, 1, 1, 1, 1, 1, 1, 1, 1, 1, 1, 1, 1, 1, 1, 1, 1, 1, 1, 1, 1, 1, 1, 1]
T1500V1000_0.5;1500;1000;0.5;PSUCA;positive;750;750;1650;[5264650, 5304628, 5299420, 5416197, 5200499, 5649047, 5444936, 5375237, 5513380, 5363696, 5385988, 5517605, 5442390, 5347517, 5340378, 5352711, 5308202, 5320963, 5420466, 5449731, 5418614, 5368060, 5507195, 5463004, 5387062, 5497211, 5389034, 5274191, 5531764, 5421539, 5360271, 5241186, 5378271, 5563860, 5323404, 5449828, 5273044, 5440481, 5469045, 5315949, 5284010, 5593582, 5273556, 5416718, 5380165, 5531246, 5506743, 5409744, 5396772, 5464097];[1082, 1095, 1103, 1123, 1078, 1160, 1124, 1093, 1141, 1112, 1110, 1144, 1126, 1115, 1109, 1121, 1107, 1101, 1107, 1126, 1103, 1115, 1150, 1136, 1116, 1126, 1113, 1099, 1132, 1131, 1108, 1094, 1113, 1118, 1085, 1123, 1094, 1125, 1131, 1104, 1106, 1116, 1070, 1114, 1111, 1129, 1137, 1116, 1109, 1124];[750, 750, 750, 750, 750, 750, 750, 750, 750, 750, 750, 750, 750, 750, 750, 750, 750, 750, 750, 750, 750, 750, 750, 750, 750, 750, 750, 750, 750, 750, 750, 750, 750, 750, 750, 750, 750, 750, 750, 750, 750, 750, 750, 750, 750, 750, 750, 750, 750, 750];[750, 750, 750, 750, 750, 750, 750, 750, 750, 750, 750, 750, 750, 750, 750, 750, 750, 750, 750, 750, 750, 750, 750, 750, 750, 750, 750, 750, 750, 750, 750, 750, 750, 750, 750, 750, 750, 750, 750, 750, 750, 750, 750, 750, 750, 750, 750, 750, 750, 750];[1, 1, 1, 1, 1, 1, 1, 1, 1, 1, 1, 1, 1, 1, 1, 1, 1, 1, 1, 1, 1, 1, 1, 1, 1, 1, 1, 1, 1, 1, 1, 1, 1, 1, 1, 1, 1, 1, 1, 1, 1, 1, 1, 1, 1, 1, 1, 1, 1, 1]
T800V1000_0.2;800;1000;0.2;PSUCA;positive;160;640;880;[2085751, 2113747, 2235031, 2176842, 2161953, 2187342, 2165100, 2159598, 2201183, 2278444, 2228486, 2142377, 2191889, 2131117, 2121990, 2252377, 2194674, 2307140, 2229153, 2276451, 2194675, 2273402, 2262204, 2239666, 2231177, 2105753, 2270367, 2228392, 2228714, 2247918, 2301342, 2211482, 2227469, 2133865, 2094838, 2159919, 2139421, 2188254, 2274622, 2264002, 2288643, 2222800, 2173900, 2165236, 2252755, 2163747, 2192677, 2200153, 2209310, 2154022];[421, 422, 451, 435, 433, 441, 435, 435, 446, 457, 445, 427, 439, 426, 422, 454, 440, 448, 445, 452, 439, 458, 463, 451, 448, 417, 452, 449, 444, 447, 465, 445, 450, 429, 419, 433, 433, 437, 453, 449, 462, 442, 435, 428, 449, 437, 436, 441, 441, 433];[160, 160, 160, 160, 160, 160, 160, 160, 160, 160, 160, 160, 160, 160, 160, 160, 160, 160, 160, 160, 160, 160, 160, 160, 160, 160, 160, 160, 160, 160, 160, 160, 160, 160, 160, 160, 160, 160, 160, 160, 160, 160, 160, 160, 160, 160, 160, 160, 160, 160];[640, 640, 640, 640, 640, 640, 640, 640, 640, 640, 640, 640, 640, 640, 640, 640, 640, 640, 640, 640, 640, 640, 640, 640, 640, 640, 640, 640, 640, 640, 640, 640, 640, 640, 640, 640, 640, 640, 640, 640, 640, 640, 640, 640, 640, 640, 640, 640, 640, 640];[1, 1, 1, 1, 1, 1, 1, 1, 1, 1, 1, 1, 1, 1, 1, 1, 1, 1, 1, 1, 1, 1, 1, 1, 1, 1, 1, 1, 1, 1, 1, 1, 1, 1, 1, 1, 1, 1, 1, 1, 1, 1, 1, 1, 1, 1, 1, 1, 1, 1]
T1400V1000_0.0;1400;1000;0.0;PSUCA;positive;0;1400;1540;[497945, 455825, 454835, 456366, 457166, 478717, 460547, 454134, 452885, 455205, 453855, 454126, 467116, 456555, 468525, 452205, 454405, 451155, 453315, 449405, 469315, 455505, 455814, 475836, 455285, 456255, 453845, 452865, 458665, 467845, 454236, 451205, 454255, 450716, 454965, 455487, 458275, 464155, 456595, 456825, 452525, 453195, 453635, 461544, 458895, 490686, 455805, 451625, 450955, 452845];[3, 3, 3, 3, 3, 3, 3, 3, 3, 3, 3, 3, 3, 3, 3, 3, 3, 3, 3, 3, 3, 3, 3, 3, 3, 3, 3, 3, 3, 3, 3, 3, 3, 3, 3, 3, 3, 3, 3, 3, 3, 3, 3, 3, 3, 3, 3, 3, 3, 3];[0, 0, 0, 0, 0, 0, 0, 0, 0, 0, 0, 0, 0, 0, 0, 0, 0, 0, 0, 0, 0, 0, 0, 0, 0, 0, 0, 0, 0, 0, 0, 0, 0, 0, 0, 0, 0, 0, 0, 0, 0, 0, 0, 0, 0, 0, 0, 0, 0, 0];[1400, 1400, 1400, 1400, 1400, 1400, 1400, 1400, 1400, 1400, 1400, 1400, 1400, 1400, 1400, 1400, 1400, 1400, 1400, 1400, 1400, 1400, 1400, 1400, 1400, 1400, 1400, 1400, 1400, 1400, 1400, 1400, 1400, 1400, 1400, 1400, 1400, 1400, 1400, 1400, 1400, 1400, 1400, 1400, 1400, 1400, 1400, 1400, 1400, 1400];[1, 1, 1, 1, 1, 1, 1, 1, 1, 1, 1, 1, 1, 1, 1, 1, 1, 1, 1, 1, 1, 1, 1, 1, 1, 1, 1, 1, 1, 1, 1, 1, 1, 1, 1, 1, 1, 1, 1, 1, 1, 1, 1, 1, 1, 1, 1, 1, 1, 1]
T1300V1000_0.4;1300;1000;0.4;PSUCA;positive;520;780;1430;[5050276, 4700629, 4808672, 4548925, 4741828, 4817808, 4696332, 4593154, 4556943, 4950192, 4746486, 4754299, 4831828, 4693729, 4921298, 4759077, 4762045, 4807365, 4661559, 4685884, 4920881, 4869681, 4799020, 4753577, 4693461, 4668000, 4829819, 4843068, 4601007, 4715439, 4823936, 4751181, 4665894, 4825643, 4795969, 4768435, 4815332, 4606658, 4865377, 4610339, 4751825, 4767426, 4720581, 4631041, 4805340, 4813890, 4717341, 4538331, 4707187, 4533810];[961, 934, 951, 890, 946, 928, 921, 910, 899, 948, 944, 928, 944, 931, 977, 948, 951, 950, 920, 928, 973, 948, 959, 950, 927, 932, 969, 968, 907, 925, 959, 953, 925, 962, 963, 945, 954, 912, 967, 915, 940, 939, 938, 928, 947, 979, 955, 908, 939, 901];[520, 520, 520, 520, 520, 520, 520, 520, 520, 520, 520, 520, 520, 520, 520, 520, 520, 520, 520, 520, 520, 520, 520, 520, 520, 520, 520, 520, 520, 520, 520, 520, 520, 520, 520, 520, 520, 520, 520, 520, 520, 520, 520, 520, 520, 520, 520, 520, 520, 520];[780, 780, 780, 780, 780, 780, 780, 780, 780, 780, 780, 780, 780, 780, 780, 780, 780, 780, 780, 780, 780, 780, 780, 780, 780, 780, 780, 780, 780, 780, 780, 780, 780, 780, 780, 780, 780, 780, 780, 780, 780, 780, 780, 780, 780, 780, 780, 780, 780, 780];[1, 1, 1, 1, 1, 1, 1, 1, 1, 1, 1, 1, 1, 1, 1, 1, 1, 1, 1, 1, 1, 1, 1, 1, 1, 1, 1, 1, 1, 1, 1, 1, 1, 1, 1, 1, 1, 1, 1, 1, 1, 1, 1, 1, 1, 1, 1, 1, 1, 1]
T800V1000_0.3;800;1000;0.3;PSUCA;positive;240;560;880;[2677338, 2630865, 2640711, 2473784, 2470735, 2620066, 2632138, 2525936, 2564587, 2660417, 2625248, 2657828, 2533686, 2619755, 2623478, 2532650, 2630230, 2736155, 2545488, 2619869, 2610519, 2616630, 2725333, 2673618, 2708253, 2686291, 2618168, 2603096, 2536452, 2596373, 2698372, 2627430, 2661002, 2642606, 2582231, 2557239, 2693704, 2527461, 2580279, 2642984, 2559992, 2650890, 2635106, 2615606, 2583536, 2674284, 2690892, 2535472, 2623570, 2435837];[543, 542, 536, 504, 498, 530, 534, 507, 527, 539, 538, 535, 512, 515, 525, 510, 531, 555, 518, 529, 533, 523, 546, 543, 540, 547, 528, 524, 514, 523, 547, 530, 539, 542, 526, 514, 550, 510, 523, 544, 522, 536, 539, 526, 531, 538, 544, 507, 525, 493];[240, 240, 240, 240, 240, 240, 240, 240, 240, 240, 240, 240, 240, 240, 240, 240, 240, 240, 240, 240, 240, 240, 240, 240, 240, 240, 240, 240, 240, 240, 240, 240, 240, 240, 240, 240, 240, 240, 240, 240, 240, 240, 240, 240, 240, 240, 240, 240, 240, 240];[560, 560, 560, 560, 560, 560, 560, 560, 560, 560, 560, 560, 560, 560, 560, 560, 560, 560, 560, 560, 560, 560, 560, 560, 560, 560, 560, 560, 560, 560, 560, 560, 560, 560, 560, 560, 560, 560, 560, 560, 560, 560, 560, 560, 560, 560, 560, 560, 560, 560];[1, 1, 1, 1, 1, 1, 1, 1, 1, 1, 1, 1, 1, 1, 1, 1, 1, 1, 1, 1, 1, 1, 1, 1, 1, 1, 1, 1, 1, 1, 1, 1, 1, 1, 1, 1, 1, 1, 1, 1, 1, 1, 1, 1, 1, 1, 1, 1, 1, 1]
T1400V1000_0.1;1400;1000;0.1;PSUCA;positive;140;1260;1540;[2727771, 2603548, 2720086, 2805058, 2796584, 2820339, 2682980, 2738584, 2753681, 2675016, 2766436, 2697907, 2762453, 2791437, 2717900, 2737083, 2749214, 2756415, 2724108, 2771386, 2711720, 2878707, 2681707, 2724149, 2819259, 2828354, 2750519, 2640425, 2680420, 2706447, 2747758, 2803974, 2847386, 2750714, 2686664, 2783830, 2709200, 2837867, 2840869, 2791880, 2811000, 2814112, 2767789, 2768733, 2878606, 2748228, 2700090, 2733714, 2788198, 2680029];[514, 493, 516, 533, 528, 544, 510, 515, 526, 502, 525, 510, 515, 529, 515, 519, 520, 525, 515, 522, 513, 533, 492, 500, 523, 519, 518, 492, 501, 509, 515, 535, 537, 514, 506, 523, 508, 535, 535, 527, 533, 538, 522, 519, 519, 513, 511, 510, 530, 501];[140, 140, 140, 140, 140, 140, 140, 140, 140, 140, 140, 140, 140, 140, 140, 140, 140, 140, 140, 140, 140, 140, 140, 140, 140, 140, 140, 140, 140, 140, 140, 140, 140, 140, 140, 140, 140, 140, 140, 140, 140, 140, 140, 140, 140, 140, 140, 140, 140, 140];[1260, 1260, 1260, 1260, 1260, 1260, 1260, 1260, 1260, 1260, 1260, 1260, 1260, 1260, 1260, 1260, 1260, 1260, 1260, 1260, 1260, 1260, 1260, 1260, 1260, 1260, 1260, 1260, 1260, 1260, 1260, 1260, 1260, 1260, 1260, 1260, 1260, 1260, 1260, 1260, 1260, 1260, 1260, 1260, 1260, 1260, 1260, 1260, 1260, 1260];[1, 1, 1, 1, 1, 1, 1, 1, 1, 1, 1, 1, 1, 1, 1, 1, 1, 1, 1, 1, 1, 1, 1, 1, 1, 1, 1, 1, 1, 1, 1, 1, 1, 1, 1, 1, 1, 1, 1, 1, 1, 1, 1, 1, 1, 1, 1, 1, 1, 1]
T1500V1000_0.6;1500;1000;0.6;PSUCA;positive;900;600;1650;[5148057, 5397556, 5208853, 5392188, 5365078, 5128042, 5219059, 5371043, 5215701, 5201244, 5261406, 5281001, 5292096, 5335210, 5507038, 5204528, 5262287, 5153581, 5282961, 5345868, 5247647, 5309603, 5200443, 5355866, 5367715, 5466399, 5202525, 5166555, 5261840, 5425677, 5273247, 5496187, 5178037, 5193147, 5270907, 5317646, 5205008, 5335785, 5277703, 5172073, 5403473, 5244272, 5396596, 5366309, 5377895, 5372216, 5255513, 5252171, 5388837, 5255240];[1057, 1105, 1074, 1119, 1103, 1059, 1059, 1095, 1059, 1072, 1090, 1087, 1088, 1101, 1117, 1062, 1081, 1046, 1068, 1097, 1079, 1089, 1072, 1119, 1105, 1109, 1079, 1060, 1090, 1116, 1081, 1113, 1058, 1074, 1086, 1102, 1071, 1088, 1091, 1055, 1113, 1085, 1104, 1109, 1111, 1113, 1086, 1091, 1117, 1081];[900, 900, 900, 900, 900, 900, 900, 900, 900, 900, 900, 900, 900, 900, 900, 900, 900, 900, 900, 900, 900, 900, 900, 900, 900, 900, 900, 900, 900, 900, 900, 900, 900, 900, 900, 900, 900, 900, 900, 900, 900, 900, 900, 900, 900, 900, 900, 900, 900, 900];[600, 600, 600, 600, 600, 600, 600, 600, 600, 600, 600, 600, 600, 600, 600, 600, 600, 600, 600, 600, 600, 600, 600, 600, 600, 600, 600, 600, 600, 600, 600, 600, 600, 600, 600, 600, 600, 600, 600, 600, 600, 600, 600, 600, 600, 600, 600, 600, 600, 600];[1, 1, 1, 1, 1, 1, 1, 1, 1, 1, 1, 1, 1, 1, 1, 1, 1, 1, 1, 1, 1, 1, 1, 1, 1, 1, 1, 1, 1, 1, 1, 1, 1, 1, 1, 1, 1, 1, 1, 1, 1, 1, 1, 1, 1, 1, 1, 1, 1, 1]
T800V1000_0.4;800;1000;0.4;PSUCA;positive;320;480;880;[2788540, 2766548, 2857818, 2820104, 2701664, 2812794, 2884372, 2873138, 2877312, 2807371, 2814897, 2767135, 2860098, 2778513, 2914115, 2839206, 2670329, 2771081, 2930428, 2864435, 2857426, 2708357, 2733192, 2697791, 2872141, 2816691, 2724950, 2744040, 2794897, 2786759, 2765448, 2894239, 2769109, 2764863, 2766662, 2676194, 2814738, 2812738, 2867601, 2803055, 2856775, 2634120, 2808160, 2807621, 2895161, 2752775, 2862304, 2794661, 2805898, 2781754];[572, 566, 576, 585, 554, 577, 588, 587, 590, 573, 577, 561, 577, 564, 596, 585, 547, 568, 602, 589, 585, 562, 562, 557, 589, 578, 556, 566, 573, 576, 563, 598, 565, 565, 570, 553, 567, 580, 597, 581, 592, 548, 573, 583, 596, 571, 582, 580, 574, 576];[320, 320, 320, 320, 320, 320, 320, 320, 320, 320, 320, 320, 320, 320, 320, 320, 320, 320, 320, 320, 320, 320, 320, 320, 320, 320, 320, 320, 320, 320, 320, 320, 320, 320, 320, 320, 320, 320, 320, 320, 320, 320, 320, 320, 320, 320, 320, 320, 320, 320];[480, 480, 480, 480, 480, 480, 480, 480, 480, 480, 480, 480, 480, 480, 480, 480, 480, 480, 480, 480, 480, 480, 480, 480, 480, 480, 480, 480, 480, 480, 480, 480, 480, 480, 480, 480, 480, 480, 480, 480, 480, 480, 480, 480, 480, 480, 480, 480, 480, 480];[1, 1, 1, 1, 1, 1, 1, 1, 1, 1, 1, 1, 1, 1, 1, 1, 1, 1, 1, 1, 1, 1, 1, 1, 1, 1, 1, 1, 1, 1, 1, 1, 1, 1, 1, 1, 1, 1, 1, 1, 1, 1, 1, 1, 1, 1, 1, 1, 1, 1]
T1300V1000_0.5;1300;1000;0.5;PSUCA;positive;650;650;1430;[4663936, 4892004, 4709364, 4725691, 4771842, 4841763, 4837168, 4778585, 4763018, 4745840, 4787897, 4815345, 4740208, 4801938, 4748517, 4681226, 4812698, 4739962, 4679110, 4680235, 4682997, 4855994, 4639796, 4498522, 4816175, 4714707, 4891770, 4811209, 4806323, 4895946, 4812046, 4663630, 4780710, 4850205, 4755841, 4656449, 4712432, 4752779, 4622511, 4703292, 4703511, 4724354, 4806754, 4727238, 4730298, 4654185, 4841408, 4660438, 4647477, 4853249];[946, 985, 956, 958, 964, 975, 976, 956, 963, 954, 958, 977, 951, 964, 959, 948, 979, 956, 947, 948, 951, 981, 942, 920, 971, 950, 977, 982, 968, 978, 959, 933, 965, 978, 979, 944, 956, 963, 929, 946, 949, 950, 974, 961, 958, 946, 985, 934, 944, 989];[650, 650, 650, 650, 650, 650, 650, 650, 650, 650, 650, 650, 650, 650, 650, 650, 650, 650, 650, 650, 650, 650, 650, 650, 650, 650, 650, 650, 650, 650, 650, 650, 650, 650, 650, 650, 650, 650, 650, 650, 650, 650, 650, 650, 650, 650, 650, 650, 650, 650];[650, 650, 650, 650, 650, 650, 650, 650, 650, 650, 650, 650, 650, 650, 650, 650, 650, 650, 650, 650, 650, 650, 650, 650, 650, 650, 650, 650, 650, 650, 650, 650, 650, 650, 650, 650, 650, 650, 650, 650, 650, 650, 650, 650, 650, 650, 650, 650, 650, 650];[1, 1, 1, 1, 1, 1, 1, 1, 1, 1, 1, 1, 1, 1, 1, 1, 1, 1, 1, 1, 1, 1, 1, 1, 1, 1, 1, 1, 1, 1, 1, 1, 1, 1, 1, 1, 1, 1, 1, 1, 1, 1, 1, 1, 1, 1, 1, 1, 1, 1]
T1400V1000_0.2;1400;1000;0.2;PSUCA;positive;280;1120;1540;[4183642, 4161264, 4130167, 4124482, 4327726, 4213380, 4251435, 4072205, 4288854, 4196325, 4124240, 4393433, 4221997, 4016833, 3942166, 4195959, 4169149, 4024682, 3992085, 4018480, 3943352, 4065070, 4081950, 4105263, 4170563, 4022144, 4016381, 4098234, 4078234, 4198148, 4221252, 4124904, 4059374, 4115859, 3909568, 4164469, 3969169, 4304004, 4048097, 4342955, 3917108, 3950558, 3969321, 3931846, 3905098, 3946319, 3829222, 4028233, 3859747, 3932429];[769, 764, 756, 757, 808, 776, 785, 742, 774, 759, 760, 796, 757, 762, 750, 787, 774, 754, 743, 757, 753, 760, 751, 763, 766, 759, 738, 774, 769, 794, 794, 778, 767, 774, 739, 775, 769, 781, 768, 791, 746, 778, 788, 779, 774, 778, 759, 793, 765, 763];[280, 280, 280, 280, 280, 280, 280, 280, 280, 280, 280, 280, 280, 280, 280, 280, 280, 280, 280, 280, 280, 280, 280, 280, 280, 280, 280, 280, 280, 280, 280, 280, 280, 280, 280, 280, 280, 280, 280, 280, 280, 280, 280, 280, 280, 280, 280, 280, 280, 280];[1120, 1120, 1120, 1120, 1120, 1120, 1120, 1120, 1120, 1120, 1120, 1120, 1120, 1120, 1120, 1120, 1120, 1120, 1120, 1120, 1120, 1120, 1120, 1120, 1120, 1120, 1120, 1120, 1120, 1120, 1120, 1120, 1120, 1120, 1120, 1120, 1120, 1120, 1120, 1120, 1120, 1120, 1120, 1120, 1120, 1120, 1120, 1120, 1120, 1120];[1, 1, 1, 1, 1, 1, 1, 1, 1, 1, 1, 1, 1, 1, 1, 1, 1, 1, 1, 1, 1, 1, 1, 1, 1, 1, 1, 1, 1, 1, 1, 1, 1, 1, 1, 1, 1, 1, 1, 1, 1, 1, 1, 1, 1, 1, 1, 1, 1, 1]
T800V1000_0.5;800;1000;0.5;PSUCA;positive;400;400;880;[2796904, 2825939, 2830710, 2858818, 2820244, 2911308, 2963250, 2774822, 2770787, 2893746, 2825730, 2889004, 2832598, 2930279, 2901177, 2781872, 2807991, 2955044, 2906878, 2852332, 2902064, 2993039, 2812212, 2782548, 2855186, 2971188, 2728026, 2884152, 2791044, 2916732, 2927917, 2964712, 2858546, 2876086, 2812144, 2841257, 2862618, 2833371, 2878678, 2823104, 3089866, 2833374, 2824736, 2950494, 2883878, 2837463, 2932551, 2965650, 2905216, 2874278];[584, 587, 587, 588, 589, 598, 616, 571, 581, 605, 595, 594, 587, 611, 600, 577, 578, 589, 596, 570, 593, 608, 575, 582, 579, 607, 567, 592, 575, 593, 594, 610, 585, 588, 574, 590, 594, 588, 598, 587, 631, 584, 584, 609, 598, 580, 597, 603, 599, 590];[400, 400, 400, 400, 400, 400, 400, 400, 400, 400, 400, 400, 400, 400, 400, 400, 400, 400, 400, 400, 400, 400, 400, 400, 400, 400, 400, 400, 400, 400, 400, 400, 400, 400, 400, 400, 400, 400, 400, 400, 400, 400, 400, 400, 400, 400, 400, 400, 400, 400];[400, 400, 400, 400, 400, 400, 400, 400, 400, 400, 400, 400, 400, 400, 400, 400, 400, 400, 400, 400, 400, 400, 400, 400, 400, 400, 400, 400, 400, 400, 400, 400, 400, 400, 400, 400, 400, 400, 400, 400, 400, 400, 400, 400, 400, 400, 400, 400, 400, 400];[1, 1, 1, 1, 1, 1, 1, 1, 1, 1, 1, 1, 1, 1, 1, 1, 1, 1, 1, 1, 1, 1, 1, 1, 1, 1, 1, 1, 1, 1, 1, 1, 1, 1, 1, 1, 1, 1, 1, 1, 1, 1, 1, 1, 1, 1, 1, 1, 1, 1]
T1300V1000_0.6;1300;1000;0.6;PSUCA;positive;780;520;1430;[4514924, 4487252, 4644572, 4485142, 4739810, 4687116, 4547160, 4538547, 4655373, 4539843, 4529543, 4650397, 4703381, 4486091, 4569694, 4640543, 4708749, 4634890, 4625162, 4492860, 4658511, 4455333, 4576557, 4752413, 4541581, 4504135, 4675307, 4607730, 4700725, 4514972, 4569382, 4578741, 4519945, 4716694, 4639255, 4525656, 4599973, 4460519, 4536203, 4672999, 4716581, 4627158, 4454548, 4716110, 4443968, 4576328, 4540317, 4436025, 4660539, 4325628];[923, 908, 945, 909, 961, 932, 901, 925, 950, 928, 924, 947, 955, 917, 939, 946, 954, 948, 938, 916, 939, 908, 933, 972, 928, 918, 942, 937, 956, 920, 920, 921, 920, 957, 952, 922, 937, 908, 934, 946, 946, 938, 907, 959, 908, 931, 923, 902, 940, 882];[780, 780, 780, 780, 780, 780, 780, 780, 780, 780, 780, 780, 780, 780, 780, 780, 780, 780, 780, 780, 780, 780, 780, 780, 780, 780, 780, 780, 780, 780, 780, 780, 780, 780, 780, 780, 780, 780, 780, 780, 780, 780, 780, 780, 780, 780, 780, 780, 780, 780];[520, 520, 520, 520, 520, 520, 520, 520, 520, 520, 520, 520, 520, 520, 520, 520, 520, 520, 520, 520, 520, 520, 520, 520, 520, 520, 520, 520, 520, 520, 520, 520, 520, 520, 520, 520, 520, 520, 520, 520, 520, 520, 520, 520, 520, 520, 520, 520, 520, 520];[1, 1, 1, 1, 1, 1, 1, 1, 1, 1, 1, 1, 1, 1, 1, 1, 1, 1, 1, 1, 1, 1, 1, 1, 1, 1, 1, 1, 1, 1, 1, 1, 1, 1, 1, 1, 1, 1, 1, 1, 1, 1, 1, 1, 1, 1, 1, 1, 1, 1]
T800V1000_0.6;800;1000;0.6;PSUCA;positive;480;320;880;[2695745, 2786866, 2814375, 2912148, 2837575, 2760892, 2728420, 2801214, 2740629, 2853564, 2644572, 2761461, 3032346, 2840936, 2731833, 2837489, 2659500, 2750240, 2730551, 2870050, 2840632, 2782313, 2715157, 2727214, 2725366, 2780462, 2751381, 2858793, 2854703, 2745182, 2857437, 2857981, 2832852, 2767369, 2964250, 2752416, 2857583, 2838141, 2845769, 2746687, 2794605, 2726385, 2740387, 2862942, 2795038, 2832324, 2789468, 2792300, 2755394, 2767418];[561, 582, 587, 607, 593, 579, 573, 589, 583, 598, 555, 572, 600, 588, 561, 581, 548, 570, 569, 592, 590, 581, 564, 560, 567, 583, 575, 595, 587, 572, 588, 587, 588, 574, 613, 567, 588, 585, 590, 570, 576, 561, 559, 594, 579, 565, 581, 586, 586, 570];[480, 480, 480, 480, 480, 480, 480, 480, 480, 480, 480, 480, 480, 480, 480, 480, 480, 480, 480, 480, 480, 480, 480, 480, 480, 480, 480, 480, 480, 480, 480, 480, 480, 480, 480, 480, 480, 480, 480, 480, 480, 480, 480, 480, 480, 480, 480, 480, 480, 480];[320, 320, 320, 320, 320, 320, 320, 320, 320, 320, 320, 320, 320, 320, 320, 320, 320, 320, 320, 320, 320, 320, 320, 320, 320, 320, 320, 320, 320, 320, 320, 320, 320, 320, 320, 320, 320, 320, 320, 320, 320, 320, 320, 320, 320, 320, 320, 320, 320, 320];[1, 1, 1, 1, 1, 1, 1, 1, 1, 1, 1, 1, 1, 1, 1, 1, 1, 1, 1, 1, 1, 1, 1, 1, 1, 1, 1, 1, 1, 1, 1, 1, 1, 1, 1, 1, 1, 1, 1, 1, 1, 1, 1, 1, 1, 1, 1, 1, 1, 1]
T1400V1000_0.3;1400;1000;0.3;PSUCA;positive;420;980;1540;[4650368, 4681436, 4658114, 4744671, 4650296, 4679557, 4847264, 4756950, 4739743, 4546485, 4585252, 4610369, 4636468, 4634464, 4786556, 4638792, 4594963, 4713662, 4791060, 4722779, 4526596, 4742954, 4790247, 4695128, 4651878, 4727910, 4723855, 4666244, 4724375, 4777079, 4735616, 4847960, 4708929, 4638986, 4668447, 4921514, 4742153, 4706486, 4728550, 4670214, 4694446, 4647275, 4683668, 4736063, 4643548, 4786417, 4673847, 4729622, 4763268, 4685207];[926, 932, 922, 945, 919, 928, 960, 941, 946, 894, 910, 904, 911, 905, 936, 901, 885, 930, 933, 935, 890, 936, 947, 924, 907, 933, 922, 907, 924, 931, 932, 945, 923, 911, 903, 961, 928, 921, 939, 908, 924, 910, 921, 932, 906, 945, 913, 933, 933, 926];[420, 420, 420, 420, 420, 420, 420, 420, 420, 420, 420, 420, 420, 420, 420, 420, 420, 420, 420, 420, 420, 420, 420, 420, 420, 420, 420, 420, 420, 420, 420, 420, 420, 420, 420, 420, 420, 420, 420, 420, 420, 420, 420, 420, 420, 420, 420, 420, 420, 420];[980, 980, 980, 980, 980, 980, 980, 980, 980, 980, 980, 980, 980, 980, 980, 980, 980, 980, 980, 980, 980, 980, 980, 980, 980, 980, 980, 980, 980, 980, 980, 980, 980, 980, 980, 980, 980, 980, 980, 980, 980, 980, 980, 980, 980, 980, 980, 980, 980, 980];[1, 1, 1, 1, 1, 1, 1, 1, 1, 1, 1, 1, 1, 1, 1, 1, 1, 1, 1, 1, 1, 1, 1, 1, 1, 1, 1, 1, 1, 1, 1, 1, 1, 1, 1, 1, 1, 1, 1, 1, 1, 1, 1, 1, 1, 1, 1, 1, 1, 1]
T800V1000_0.7;800;1000;0.7;PSUCA;positive;560;240;880;[2504145, 2540723, 2532320, 2512228, 2526702, 2624935, 2517703, 2450555, 2551216, 2633631, 2406897, 2611037, 2512499, 2613571, 2580139, 2557093, 2472334, 2600420, 2516213, 2498172, 2560859, 2416183, 2431834, 2536281, 2578367, 2580043, 2529026, 2498821, 2648415, 2541952, 2551098, 2518706, 2564655, 2515811, 2504912, 2553913, 2585989, 2575082, 2571225, 2470623, 2606271, 2465072, 2548142, 2481999, 2489315, 2539637, 2474568, 2471008, 2488079, 2547271];[525, 530, 533, 524, 532, 557, 536, 522, 537, 550, 504, 547, 519, 557, 530, 534, 523, 541, 532, 523, 531, 506, 508, 528, 535, 522, 519, 524, 562, 529, 535, 528, 532, 526, 523, 536, 541, 539, 535, 522, 549, 514, 532, 509, 525, 534, 524, 518, 521, 536];[560, 560, 560, 560, 560, 560, 560, 560, 560, 560, 560, 560, 560, 560, 560, 560, 560, 560, 560, 560, 560, 560, 560, 560, 560, 560, 560, 560, 560, 560, 560, 560, 560, 560, 560, 560, 560, 560, 560, 560, 560, 560, 560, 560, 560, 560, 560, 560, 560, 560];[240, 240, 240, 240, 240, 240, 240, 240, 240, 240, 240, 240, 240, 240, 240, 240, 240, 240, 240, 240, 240, 240, 240, 240, 240, 240, 240, 240, 240, 240, 240, 240, 240, 240, 240, 240, 240, 240, 240, 240, 240, 240, 240, 240, 240, 240, 240, 240, 240, 240];[1, 1, 1, 1, 1, 1, 1, 1, 1, 1, 1, 1, 1, 1, 1, 1, 1, 1, 1, 1, 1, 1, 1, 1, 1, 1, 1, 1, 1, 1, 1, 1, 1, 1, 1, 1, 1, 1, 1, 1, 1, 1, 1, 1, 1, 1, 1, 1, 1, 1]
T1300V1000_0.7;1300;1000;0.7;PSUCA;positive;909;391;1430;[4125216, 4288293, 4307159, 4146436, 4145898, 4287457, 4321663, 4240658, 4172368, 4289613, 4165794, 4185239, 4264721, 4090973, 4220183, 4290606, 4241368, 4162539, 4122795, 4246260, 4335242, 4353539, 4267395, 4228411, 4284914, 4225937, 4221183, 4185564, 4371055, 3987151, 4296607, 4259544, 4356593, 4318243, 4215995, 4433476, 4190575, 4196870, 4211067, 4114047, 4298613, 4274071, 4356891, 4257774, 4224581, 4291871, 4224184, 4273080, 4193503, 4242386];[835, 854, 877, 834, 838, 876, 876, 860, 849, 858, 834, 841, 864, 831, 860, 864, 862, 836, 824, 843, 874, 883, 863, 856, 865, 863, 860, 846, 888, 804, 875, 859, 874, 871, 853, 892, 843, 853, 857, 847, 874, 865, 892, 860, 844, 828, 852, 865, 852, 871];[909, 909, 909, 909, 909, 909, 909, 909, 909, 909, 909, 909, 909, 909, 909, 909, 909, 909, 909, 909, 909, 909, 909, 909, 909, 909, 909, 909, 909, 909, 909, 909, 909, 909, 909, 909, 909, 909, 909, 909, 909, 909, 909, 909, 909, 909, 909, 909, 909, 909];[391, 391, 391, 391, 391, 391, 391, 391, 391, 391, 391, 391, 391, 391, 391, 391, 391, 391, 391, 391, 391, 391, 391, 391, 391, 391, 391, 391, 391, 391, 391, 391, 391, 391, 391, 391, 391, 391, 391, 391, 391, 391, 391, 391, 391, 391, 391, 391, 391, 391];[1, 1, 1, 1, 1, 1, 1, 1, 1, 1, 1, 1, 1, 1, 1, 1, 1, 1, 1, 1, 1, 1, 1, 1, 1, 1, 1, 1, 1, 1, 1, 1, 1, 1, 1, 1, 1, 1, 1, 1, 1, 1, 1, 1, 1, 1, 1, 1, 1, 1]
T800V1000_0.8;800;1000;0.8;PSUCA;positive;640;160;880;[2115688, 2116871, 2120544, 2179894, 2120624, 2123961, 2090607, 2204064, 2067403, 2122919, 2116157, 2117294, 2100759, 2142231, 2207247, 2147694, 2163948, 2103413, 2273607, 2152286, 2168177, 2127991, 2102266, 2114099, 2170823, 2188166, 2095006, 2132737, 2143706, 2237660, 2173591, 2127172, 2147217, 2195235, 2188874, 2193175, 2123599, 2200220, 1984628, 2123954, 2138112, 2174094, 2232708, 2135360, 2258356, 2130882, 2131829, 2176631, 2260249, 2155989];[429, 435, 435, 455, 438, 440, 433, 459, 428, 443, 441, 441, 434, 435, 442, 436, 445, 432, 445, 446, 445, 438, 431, 432, 449, 446, 438, 440, 431, 453, 456, 439, 442, 456, 455, 456, 442, 456, 408, 433, 443, 450, 461, 444, 462, 433, 439, 446, 465, 445];[640, 640, 640, 640, 640, 640, 640, 640, 640, 640, 640, 640, 640, 640, 640, 640, 640, 640, 640, 640, 640, 640, 640, 640, 640, 640, 640, 640, 640, 640, 640, 640, 640, 640, 640, 640, 640, 640, 640, 640, 640, 640, 640, 640, 640, 640, 640, 640, 640, 640];[160, 160, 160, 160, 160, 160, 160, 160, 160, 160, 160, 160, 160, 160, 160, 160, 160, 160, 160, 160, 160, 160, 160, 160, 160, 160, 160, 160, 160, 160, 160, 160, 160, 160, 160, 160, 160, 160, 160, 160, 160, 160, 160, 160, 160, 160, 160, 160, 160, 160];[1, 1, 1, 1, 1, 1, 1, 1, 1, 1, 1, 1, 1, 1, 1, 1, 1, 1, 1, 1, 1, 1, 1, 1, 1, 1, 1, 1, 1, 1, 1, 1, 1, 1, 1, 1, 1, 1, 1, 1, 1, 1, 1, 1, 1, 1, 1, 1, 1, 1]
T1400V1000_0.4;1400;1000;0.4;PSUCA;positive;560;840;1540;[5004944, 4930476, 5143370, 5256961, 5060208, 5046991, 4954636, 5196816, 5144686, 5136531, 5090930, 5054092, 5007792, 5138086, 5009003, 5206346, 5092531, 5036749, 5063423, 4947541, 5027496, 4899097, 5156302, 5165232, 5020152, 4970178, 4982754, 5075740, 4979310, 5056765, 4815044, 5259122, 5162027, 5178937, 5122256, 5137508, 5266255, 4941004, 5111834, 5241090, 5235632, 5033757, 5014942, 5087352, 5205140, 5057622, 5318993, 5209006, 5227198, 5163662];[1003, 981, 1009, 1036, 1018, 1017, 978, 1039, 1034, 1031, 1019, 1013, 1000, 1033, 986, 1009, 1009, 1004, 1018, 990, 1008, 980, 1034, 1019, 999, 992, 1001, 1024, 992, 1007, 963, 1024, 1020, 1026, 1034, 1029, 1056, 994, 1023, 1033, 1035, 1009, 1004, 1018, 1044, 1012, 1035, 1024, 1036, 1014];[560, 560, 560, 560, 560, 560, 560, 560, 560, 560, 560, 560, 560, 560, 560, 560, 560, 560, 560, 560, 560, 560, 560, 560, 560, 560, 560, 560, 560, 560, 560, 560, 560, 560, 560, 560, 560, 560, 560, 560, 560, 560, 560, 560, 560, 560, 560, 560, 560, 560];[840, 840, 840, 840, 840, 840, 840, 840, 840, 840, 840, 840, 840, 840, 840, 840, 840, 840, 840, 840, 840, 840, 840, 840, 840, 840, 840, 840, 840, 840, 840, 840, 840, 840, 840, 840, 840, 840, 840, 840, 840, 840, 840, 840, 840, 840, 840, 840, 840, 840];[1, 1, 1, 1, 1, 1, 1, 1, 1, 1, 1, 1, 1, 1, 1, 1, 1, 1, 1, 1, 1, 1, 1, 1, 1, 1, 1, 1, 1, 1, 1, 1, 1, 1, 1, 1, 1, 1, 1, 1, 1, 1, 1, 1, 1, 1, 1, 1, 1, 1]
T800V1000_0.9;800;1000;0.9;PSUCA;positive;720;80;880;[1528610, 1460332, 1426630, 1464017, 1557300, 1448026, 1476920, 1499763, 1491672, 1455910, 1492025, 1537113, 1491658, 1531616, 1501234, 1504849, 1516195, 1510382, 1550727, 1517812, 1458891, 1492782, 1518139, 1483952, 1472961, 1503723, 1515857, 1500237, 1507776, 1487419, 1489765, 1506837, 1534740, 1499732, 1514744, 1552836, 1526865, 1542160, 1456214, 1521803, 1495285, 1521632, 1400983, 1516763, 1489886, 1544666, 1527884, 1471423, 1503912, 1449815];[300, 282, 277, 287, 304, 285, 295, 294, 294, 286, 288, 299, 291, 300, 294, 295, 291, 297, 304, 294, 287, 296, 296, 293, 288, 295, 296, 297, 292, 293, 288, 294, 300, 296, 301, 302, 296, 300, 282, 293, 297, 301, 275, 303, 297, 297, 304, 293, 295, 286];[720, 720, 720, 720, 720, 720, 720, 720, 720, 720, 720, 720, 720, 720, 720, 720, 720, 720, 720, 720, 720, 720, 720, 720, 720, 720, 720, 720, 720, 720, 720, 720, 720, 720, 720, 720, 720, 720, 720, 720, 720, 720, 720, 720, 720, 720, 720, 720, 720, 720];[80, 80, 80, 80, 80, 80, 80, 80, 80, 80, 80, 80, 80, 80, 80, 80, 80, 80, 80, 80, 80, 80, 80, 80, 80, 80, 80, 80, 80, 80, 80, 80, 80, 80, 80, 80, 80, 80, 80, 80, 80, 80, 80, 80, 80, 80, 80, 80, 80, 80];[1, 1, 1, 1, 1, 1, 1, 1, 1, 1, 1, 1, 1, 1, 1, 1, 1, 1, 1, 1, 1, 1, 1, 1, 1, 1, 1, 1, 1, 1, 1, 1, 1, 1, 1, 1, 1, 1, 1, 1, 1, 1, 1, 1, 1, 1, 1, 1, 1, 1]
T800V1000_1.0;800;1000;1.0;PSUCA;positive;800;0;880;[272013, 258612, 266884, 259533, 259843, 257122, 264004, 256903, 262053, 256643, 275833, 261652, 255503, 259162, 257574, 264153, 257373, 261084, 256662, 274483, 255893, 262213, 257683, 259872, 256552, 259762, 262893, 256403, 262323, 278874, 265973, 255903, 261533, 258303, 273223, 256853, 258443, 260923, 256112, 257323, 258244, 262932, 259163, 273513, 256843, 264253, 259243, 262503, 275193, 258672];[3, 3, 3, 3, 3, 3, 3, 3, 3, 3, 3, 3, 3, 3, 3, 3, 3, 3, 3, 3, 3, 3, 3, 3, 3, 3, 3, 3, 3, 3, 3, 3, 3, 3, 3, 3, 3, 3, 3, 3, 3, 3, 3, 3, 3, 3, 3, 3, 3, 3];[800, 800, 800, 800, 800, 800, 800, 800, 800, 800, 800, 800, 800, 800, 800, 800, 800, 800, 800, 800, 800, 800, 800, 800, 800, 800, 800, 800, 800, 800, 800, 800, 800, 800, 800, 800, 800, 800, 800, 800, 800, 800, 800, 800, 800, 800, 800, 800, 800, 800];[0, 0, 0, 0, 0, 0, 0, 0, 0, 0, 0, 0, 0, 0, 0, 0, 0, 0, 0, 0, 0, 0, 0, 0, 0, 0, 0, 0, 0, 0, 0, 0, 0, 0, 0, 0, 0, 0, 0, 0, 0, 0, 0, 0, 0, 0, 0, 0, 0, 0];[1, 1, 1, 1, 1, 1, 1, 1, 1, 1, 1, 1, 1, 1, 1, 1, 1, 1, 1, 1, 1, 1, 1, 1, 1, 1, 1, 1, 1, 1, 1, 1, 1, 1, 1, 1, 1, 1, 1, 1, 1, 1, 1, 1, 1, 1, 1, 1, 1, 1]
T1400V1000_0.5;1400;1000;0.5;PSUCA;positive;700;700;1540;[5138647, 5203010, 5300552, 5171707, 5202739, 5183879, 4906463, 4961082, 5053895, 5068322, 5307978, 5117770, 5118858, 5035885, 4957451, 5258958, 5080088, 5206171, 5171062, 5134754, 5285834, 5053901, 5175700, 5131514, 5039012, 5085158, 5245080, 5147590, 5168711, 5225349, 5045069, 5156090, 5261670, 5054925, 5213604, 5165410, 5195455, 5251765, 5240476, 5197565, 5134057, 4990588, 5142771, 5092316, 5466221, 5318166, 5103900, 5152261, 4973907, 5197654];[1038, 1045, 1080, 1054, 1053, 1054, 990, 1005, 1020, 1004, 1015, 1011, 1033, 1010, 1004, 1075, 1026, 1037, 1038, 1023, 1049, 1027, 1052, 1043, 1013, 1028, 1039, 1024, 1030, 1044, 1028, 1039, 1061, 1037, 1061, 1047, 1033, 1044, 1044, 1056, 1041, 1004, 1034, 1038, 1074, 1057, 1015, 1059, 1017, 1046];[700, 700, 700, 700, 700, 700, 700, 700, 700, 700, 700, 700, 700, 700, 700, 700, 700, 700, 700, 700, 700, 700, 700, 700, 700, 700, 700, 700, 700, 700, 700, 700, 700, 700, 700, 700, 700, 700, 700, 700, 700, 700, 700, 700, 700, 700, 700, 700, 700, 700];[700, 700, 700, 700, 700, 700, 700, 700, 700, 700, 700, 700, 700, 700, 700, 700, 700, 700, 700, 700, 700, 700, 700, 700, 700, 700, 700, 700, 700, 700, 700, 700, 700, 700, 700, 700, 700, 700, 700, 700, 700, 700, 700, 700, 700, 700, 700, 700, 700, 700];[1, 1, 1, 1, 1, 1, 1, 1, 1, 1, 1, 1, 1, 1, 1, 1, 1, 1, 1, 1, 1, 1, 1, 1, 1, 1, 1, 1, 1, 1, 1, 1, 1, 1, 1, 1, 1, 1, 1, 1, 1, 1, 1, 1, 1, 1, 1, 1, 1, 1]
T1400V1000_0.6;1400;1000;0.6;PSUCA;positive;840;560;1540;[5082621, 5028014, 5080081, 5115120, 5217021, 5074029, 5001529, 5056781, 5126454, 5120294, 5164625, 5132330, 5043470, 5192485, 5224291, 4920927, 5012031, 5082741, 5179635, 5233054, 5038733, 4915634, 5112297, 5027251, 5110365, 5232846, 5157313, 5320502, 5211721, 5285650, 5037884, 5188741, 5021286, 5058467, 5068710, 5097203, 5139153, 5223563, 4917390, 5066818, 5126097, 4908204, 5155192, 4981305, 4993109, 5163358, 5031165, 4968620, 4931138, 5256175];[1021, 992, 994, 1005, 1017, 1017, 1003, 1016, 1035, 1021, 1025, 1010, 1010, 1024, 1035, 974, 1000, 991, 1030, 1036, 999, 976, 995, 989, 1013, 1033, 1026, 1056, 1040, 1051, 989, 1025, 1004, 1022, 1021, 1026, 1029, 1048, 972, 1003, 1009, 991, 1015, 995, 995, 1034, 990, 1002, 997, 1044];[840, 840, 840, 840, 840, 840, 840, 840, 840, 840, 840, 840, 840, 840, 840, 840, 840, 840, 840, 840, 840, 840, 840, 840, 840, 840, 840, 840, 840, 840, 840, 840, 840, 840, 840, 840, 840, 840, 840, 840, 840, 840, 840, 840, 840, 840, 840, 840, 840, 840];[560, 560, 560, 560, 560, 560, 560, 560, 560, 560, 560, 560, 560, 560, 560, 560, 560, 560, 560, 560, 560, 560, 560, 560, 560, 560, 560, 560, 560, 560, 560, 560, 560, 560, 560, 560, 560, 560, 560, 560, 560, 560, 560, 560, 560, 560, 560, 560, 560, 560];[1, 1, 1, 1, 1, 1, 1, 1, 1, 1, 1, 1, 1, 1, 1, 1, 1, 1, 1, 1, 1, 1, 1, 1, 1, 1, 1, 1, 1, 1, 1, 1, 1, 1, 1, 1, 1, 1, 1, 1, 1, 1, 1, 1, 1, 1, 1, 1, 1, 1]
T1400V1000_0.7;1400;1000;0.7;PSUCA;positive;979;421;1540;[4670790, 4645355, 4542265, 4569848, 4756215, 4621582, 4549226, 4615804, 4581102, 4645602, 4589488, 4648462, 4548367, 4529656, 4429340, 4489344, 4474675, 4677867, 4688859, 4684456, 4718010, 4436160, 4564884, 4513354, 4518082, 4570975, 4593501, 4660179, 4638731, 4522294, 4603164, 4648858, 4790552, 4895721, 4767953, 4455300, 4471052, 4580898, 4545440, 4463871, 4563383, 4694010, 4582730, 4607676, 4518227, 4464762, 4502762, 4434774, 4503927, 4509467];[941, 935, 920, 925, 965, 927, 921, 947, 917, 933, 920, 933, 920, 910, 887, 902, 907, 941, 940, 923, 956, 896, 911, 913, 931, 923, 916, 939, 937, 922, 929, 929, 927, 981, 949, 904, 895, 931, 931, 905, 932, 949, 919, 928, 916, 905, 920, 898, 914, 905];[979, 979, 979, 979, 979, 979, 979, 979, 979, 979, 979, 979, 979, 979, 979, 979, 979, 979, 979, 979, 979, 979, 979, 979, 979, 979, 979, 979, 979, 979, 979, 979, 979, 979, 979, 979, 979, 979, 979, 979, 979, 979, 979, 979, 979, 979, 979, 979, 979, 979];[421, 421, 421, 421, 421, 421, 421, 421, 421, 421, 421, 421, 421, 421, 421, 421, 421, 421, 421, 421, 421, 421, 421, 421, 421, 421, 421, 421, 421, 421, 421, 421, 421, 421, 421, 421, 421, 421, 421, 421, 421, 421, 421, 421, 421, 421, 421, 421, 421, 421];[1, 1, 1, 1, 1, 1, 1, 1, 1, 1, 1, 1, 1, 1, 1, 1, 1, 1, 1, 1, 1, 1, 1, 1, 1, 1, 1, 1, 1, 1, 1, 1, 1, 1, 1, 1, 1, 1, 1, 1, 1, 1, 1, 1, 1, 1, 1, 1, 1, 1]
T1200V1000_0.0;1200;1000;0.0;PSUCA;positive;0;1200;1320;[445965, 393424, 387094, 385454, 403605, 396925, 384524, 379764, 388845, 392295, 379844, 381444, 415034, 393434, 384734, 384644, 389865, 387235, 380794, 380054, 388134, 388674, 387445, 383585, 388835, 381674, 383805, 386274, 400504, 383645, 383774, 380974, 385885, 381844, 381584, 406034, 387925, 386244, 383034, 402065, 390865, 386234, 380074, 401895, 392625, 380383, 383974, 388325, 390065, 382585];[3, 3, 3, 3, 3, 3, 3, 3, 3, 3, 3, 3, 3, 3, 3, 3, 3, 3, 3, 3, 3, 3, 3, 3, 3, 3, 3, 3, 3, 3, 3, 3, 3, 3, 3, 3, 3, 3, 3, 3, 3, 3, 3, 3, 3, 3, 3, 3, 3, 3];[0, 0, 0, 0, 0, 0, 0, 0, 0, 0, 0, 0, 0, 0, 0, 0, 0, 0, 0, 0, 0, 0, 0, 0, 0, 0, 0, 0, 0, 0, 0, 0, 0, 0, 0, 0, 0, 0, 0, 0, 0, 0, 0, 0, 0, 0, 0, 0, 0, 0];[1200, 1200, 1200, 1200, 1200, 1200, 1200, 1200, 1200, 1200, 1200, 1200, 1200, 1200, 1200, 1200, 1200, 1200, 1200, 1200, 1200, 1200, 1200, 1200, 1200, 1200, 1200, 1200, 1200, 1200, 1200, 1200, 1200, 1200, 1200, 1200, 1200, 1200, 1200, 1200, 1200, 1200, 1200, 1200, 1200, 1200, 1200, 1200, 1200, 1200];[1, 1, 1, 1, 1, 1, 1, 1, 1, 1, 1, 1, 1, 1, 1, 1, 1, 1, 1, 1, 1, 1, 1, 1, 1, 1, 1, 1, 1, 1, 1, 1, 1, 1, 1, 1, 1, 1, 1, 1, 1, 1, 1, 1, 1, 1, 1, 1, 1, 1]
T900V1000_0.0;900;1000;0.0;PSUCA;positive;0;900;990;[374134, 294473, 294123, 294963, 291044, 331373, 288423, 292223, 292804, 325154, 296035, 286373, 288133, 293204, 288293, 327043, 293393, 289084, 315413, 287953, 294354, 293243, 287443, 293075, 287283, 300873, 289333, 288333, 291654, 285603, 293614, 285363, 288773, 293574, 286403, 301913, 286163, 292833, 287404, 287393, 287333, 287824, 296555, 286083, 285833, 287473, 282543, 296473, 286293, 302614];[3, 3, 3, 3, 3, 3, 3, 3, 3, 3, 3, 3, 3, 3, 3, 3, 3, 3, 3, 3, 3, 3, 3, 3, 3, 3, 3, 3, 3, 3, 3, 3, 3, 3, 3, 3, 3, 3, 3, 3, 3, 3, 3, 3, 3, 3, 3, 3, 3, 3];[0, 0, 0, 0, 0, 0, 0, 0, 0, 0, 0, 0, 0, 0, 0, 0, 0, 0, 0, 0, 0, 0, 0, 0, 0, 0, 0, 0, 0, 0, 0, 0, 0, 0, 0, 0, 0, 0, 0, 0, 0, 0, 0, 0, 0, 0, 0, 0, 0, 0];[900, 900, 900, 900, 900, 900, 900, 900, 900, 900, 900, 900, 900, 900, 900, 900, 900, 900, 900, 900, 900, 900, 900, 900, 900, 900, 900, 900, 900, 900, 900, 900, 900, 900, 900, 900, 900, 900, 900, 900, 900, 900, 900, 900, 900, 900, 900, 900, 900, 900];[1, 1, 1, 1, 1, 1, 1, 1, 1, 1, 1, 1, 1, 1, 1, 1, 1, 1, 1, 1, 1, 1, 1, 1, 1, 1, 1, 1, 1, 1, 1, 1, 1, 1, 1, 1, 1, 1, 1, 1, 1, 1, 1, 1, 1, 1, 1, 1, 1, 1]
T1200V1000_0.1;1200;1000;0.1;PSUCA;positive;120;1080;1320;[2368811, 2201498, 2292784, 2301235, 2190755, 2324063, 2417127, 2250405, 2284420, 2223475, 2357304, 2270949, 2372220, 2435399, 2299467, 2309208, 2338910, 2279725, 2489176, 2345664, 2446291, 2291456, 2426843, 2280367, 2346814, 2351856, 2319502, 2258161, 2337919, 2361454, 2317000, 2346629, 2307402, 2518781, 2330314, 2351157, 2231892, 2335237, 2356183, 2294034, 2271930, 2402459, 2308441, 2397018, 2241407, 2293269, 2289462, 2350302, 2371291, 2313874];[436, 416, 432, 437, 412, 452, 443, 433, 433, 416, 442, 425, 450, 464, 433, 435, 447, 423, 450, 447, 443, 434, 471, 432, 448, 449, 440, 428, 443, 439, 439, 438, 425, 447, 441, 441, 413, 444, 448, 427, 422, 460, 433, 448, 421, 431, 431, 448, 446, 440];[120, 120, 120, 120, 120, 120, 120, 120, 120, 120, 120, 120, 120, 120, 120, 120, 120, 120, 120, 120, 120, 120, 120, 120, 120, 120, 120, 120, 120, 120, 120, 120, 120, 120, 120, 120, 120, 120, 120, 120, 120, 120, 120, 120, 120, 120, 120, 120, 120, 120];[1080, 1080, 1080, 1080, 1080, 1080, 1080, 1080, 1080, 1080, 1080, 1080, 1080, 1080, 1080, 1080, 1080, 1080, 1080, 1080, 1080, 1080, 1080, 1080, 1080, 1080, 1080, 1080, 1080, 1080, 1080, 1080, 1080, 1080, 1080, 1080, 1080, 1080, 1080, 1080, 1080, 1080, 1080, 1080, 1080, 1080, 1080, 1080, 1080, 1080];[1, 1, 1, 1, 1, 1, 1, 1, 1, 1, 1, 1, 1, 1, 1, 1, 1, 1, 1, 1, 1, 1, 1, 1, 1, 1, 1, 1, 1, 1, 1, 1, 1, 1, 1, 1, 1, 1, 1, 1, 1, 1, 1, 1, 1, 1, 1, 1, 1, 1]
T900V1000_0.1;900;1000;0.1;PSUCA;positive;90;810;990;[1698580, 1771103, 1802255, 1739750, 1634406, 1706343, 1703051, 1715486, 1643731, 1637591, 1605064, 1688375, 1743765, 1792349, 1742095, 1719946, 1666343, 1762077, 1702363, 1790938, 1779439, 1753399, 1751906, 1707939, 1697121, 1677241, 1740451, 1754784, 1653449, 1648396, 1753500, 1729355, 1773524, 1682844, 1713393, 1786006, 1760518, 1677087, 1733717, 1734254, 1668739, 1831221, 1713795, 1657443, 1841282, 1780218, 1645769, 1642779, 1765186, 1644240];[327, 340, 345, 337, 309, 333, 327, 336, 319, 315, 307, 327, 340, 346, 330, 331, 322, 341, 330, 341, 342, 343, 339, 330, 323, 318, 336, 339, 314, 316, 339, 330, 335, 316, 329, 345, 338, 320, 339, 332, 317, 325, 325, 323, 332, 347, 302, 314, 340, 313];[90, 90, 90, 90, 90, 90, 90, 90, 90, 90, 90, 90, 90, 90, 90, 90, 90, 90, 90, 90, 90, 90, 90, 90, 90, 90, 90, 90, 90, 90, 90, 90, 90, 90, 90, 90, 90, 90, 90, 90, 90, 90, 90, 90, 90, 90, 90, 90, 90, 90];[810, 810, 810, 810, 810, 810, 810, 810, 810, 810, 810, 810, 810, 810, 810, 810, 810, 810, 810, 810, 810, 810, 810, 810, 810, 810, 810, 810, 810, 810, 810, 810, 810, 810, 810, 810, 810, 810, 810, 810, 810, 810, 810, 810, 810, 810, 810, 810, 810, 810];[1, 1, 1, 1, 1, 1, 1, 1, 1, 1, 1, 1, 1, 1, 1, 1, 1, 1, 1, 1, 1, 1, 1, 1, 1, 1, 1, 1, 1, 1, 1, 1, 1, 1, 1, 1, 1, 1, 1, 1, 1, 1, 1, 1, 1, 1, 1, 1, 1, 1]
T1200V1000_0.2;1200;1000;0.2;PSUCA;positive;240;960;1320;[3322604, 3338499, 3377445, 3284812, 3236944, 3314259, 3357973, 3256427, 3376150, 3377043, 3353270, 3321356, 3315633, 3275310, 3243436, 3286260, 3387524, 3331722, 3194280, 3315458, 3342931, 3470793, 3339337, 3190946, 3232143, 3393722, 3372484, 3211488, 3389635, 3215861, 3378338, 3457466, 3268052, 3296202, 3301713, 3370503, 3355205, 3237149, 3351391, 3219320, 3074386, 3397908, 3383570, 3486154, 3240112, 3311987, 3375669, 3301170, 3229712, 3308911];[663, 666, 654, 650, 653, 657, 667, 645, 661, 674, 655, 653, 663, 648, 651, 643, 661, 647, 632, 665, 653, 654, 631, 627, 641, 653, 662, 631, 674, 634, 673, 658, 649, 645, 654, 663, 662, 640, 661, 636, 599, 672, 674, 658, 641, 661, 671, 656, 639, 650];[240, 240, 240, 240, 240, 240, 240, 240, 240, 240, 240, 240, 240, 240, 240, 240, 240, 240, 240, 240, 240, 240, 240, 240, 240, 240, 240, 240, 240, 240, 240, 240, 240, 240, 240, 240, 240, 240, 240, 240, 240, 240, 240, 240, 240, 240, 240, 240, 240, 240];[960, 960, 960, 960, 960, 960, 960, 960, 960, 960, 960, 960, 960, 960, 960, 960, 960, 960, 960, 960, 960, 960, 960, 960, 960, 960, 960, 960, 960, 960, 960, 960, 960, 960, 960, 960, 960, 960, 960, 960, 960, 960, 960, 960, 960, 960, 960, 960, 960, 960];[1, 1, 1, 1, 1, 1, 1, 1, 1, 1, 1, 1, 1, 1, 1, 1, 1, 1, 1, 1, 1, 1, 1, 1, 1, 1, 1, 1, 1, 1, 1, 1, 1, 1, 1, 1, 1, 1, 1, 1, 1, 1, 1, 1, 1, 1, 1, 1, 1, 1]
T900V1000_0.2;900;1000;0.2;PSUCA;positive;180;720;990;[2479968, 2562601, 2398292, 2435676, 2462077, 2395807, 2401848, 2363159, 2425548, 2592613, 2404234, 2480261, 2424530, 2458734, 2344325, 2350175, 2402757, 2445345, 2454335, 2379563, 2661029, 2399311, 2525058, 2407213, 2289390, 2446013, 2415317, 2473816, 2385217, 2415964, 2419962, 2405722, 2386984, 2532499, 2430310, 2434851, 2394546, 2400294, 2324795, 2423931, 2449823, 2473945, 2454866, 2450414, 2572130, 2582358, 2438200, 2420949, 2322648, 2384821];[498, 517, 487, 494, 503, 490, 479, 482, 492, 496, 495, 503, 496, 497, 473, 474, 478, 499, 492, 480, 497, 491, 488, 487, 457, 497, 494, 490, 482, 492, 487, 480, 479, 506, 464, 488, 490, 483, 470, 488, 498, 495, 496, 499, 521, 513, 487, 486, 463, 482];[180, 180, 180, 180, 180, 180, 180, 180, 180, 180, 180, 180, 180, 180, 180, 180, 180, 180, 180, 180, 180, 180, 180, 180, 180, 180, 180, 180, 180, 180, 180, 180, 180, 180, 180, 180, 180, 180, 180, 180, 180, 180, 180, 180, 180, 180, 180, 180, 180, 180];[720, 720, 720, 720, 720, 720, 720, 720, 720, 720, 720, 720, 720, 720, 720, 720, 720, 720, 720, 720, 720, 720, 720, 720, 720, 720, 720, 720, 720, 720, 720, 720, 720, 720, 720, 720, 720, 720, 720, 720, 720, 720, 720, 720, 720, 720, 720, 720, 720, 720];[1, 1, 1, 1, 1, 1, 1, 1, 1, 1, 1, 1, 1, 1, 1, 1, 1, 1, 1, 1, 1, 1, 1, 1, 1, 1, 1, 1, 1, 1, 1, 1, 1, 1, 1, 1, 1, 1, 1, 1, 1, 1, 1, 1, 1, 1, 1, 1, 1, 1]
T900V1000_0.3;900;1000;0.3;PSUCA;positive;270;630;990;[2777599, 2875170, 2828371, 2805546, 2811185, 2841486, 2900300, 2840900, 2842897, 2947523, 2701674, 2851849, 2889018, 3039993, 2913420, 2840447, 2829568, 3003623, 2893931, 2887738, 2886338, 2891513, 2801676, 2912298, 2970915, 2988764, 2946621, 2830896, 2891633, 2881379, 2863240, 2875147, 2892821, 2836264, 2872560, 3041680, 2806365, 2889998, 2891293, 2849064, 2899289, 2915404, 2849415, 2968591, 2990984, 2954336, 2857878, 2904444, 2767254, 2880335];[571, 576, 585, 578, 574, 579, 597, 574, 583, 610, 566, 586, 597, 600, 602, 588, 581, 620, 592, 583, 588, 590, 575, 591, 606, 573, 597, 581, 586, 583, 585, 591, 589, 584, 582, 593, 576, 595, 587, 587, 593, 593, 590, 611, 612, 601, 589, 595, 568, 590];[270, 270, 270, 270, 270, 270, 270, 270, 270, 270, 270, 270, 270, 270, 270, 270, 270, 270, 270, 270, 270, 270, 270, 270, 270, 270, 270, 270, 270, 270, 270, 270, 270, 270, 270, 270, 270, 270, 270, 270, 270, 270, 270, 270, 270, 270, 270, 270, 270, 270];[630, 630, 630, 630, 630, 630, 630, 630, 630, 630, 630, 630, 630, 630, 630, 630, 630, 630, 630, 630, 630, 630, 630, 630, 630, 630, 630, 630, 630, 630, 630, 630, 630, 630, 630, 630, 630, 630, 630, 630, 630, 630, 630, 630, 630, 630, 630, 630, 630, 630];[1, 1, 1, 1, 1, 1, 1, 1, 1, 1, 1, 1, 1, 1, 1, 1, 1, 1, 1, 1, 1, 1, 1, 1, 1, 1, 1, 1, 1, 1, 1, 1, 1, 1, 1, 1, 1, 1, 1, 1, 1, 1, 1, 1, 1, 1, 1, 1, 1, 1]
T1200V1000_0.3;1200;1000;0.3;PSUCA;positive;360;840;1320;[3968108, 3919251, 3944932, 4024257, 4056607, 3889646, 3973725, 3878938, 3885528, 3861995, 3982446, 3972586, 3918407, 3883689, 3821902, 3813182, 3828403, 4011532, 4056164, 3892647, 3897715, 4067479, 4068216, 3881109, 3902044, 3963425, 3855269, 3801687, 3898749, 3859344, 3991128, 4045667, 4017079, 3869803, 3933281, 3863530, 3933920, 3885852, 4014442, 3947496, 3914406, 4078123, 3912780, 4098373, 3933897, 3883296, 3812088, 3885400, 3956800, 3984518];[783, 780, 794, 788, 808, 781, 787, 766, 781, 770, 802, 799, 789, 784, 763, 758, 765, 803, 815, 785, 772, 805, 805, 782, 784, 800, 766, 759, 764, 772, 803, 802, 796, 776, 752, 762, 792, 783, 794, 786, 788, 816, 774, 786, 785, 774, 748, 776, 791, 792];[360, 360, 360, 360, 360, 360, 360, 360, 360, 360, 360, 360, 360, 360, 360, 360, 360, 360, 360, 360, 360, 360, 360, 360, 360, 360, 360, 360, 360, 360, 360, 360, 360, 360, 360, 360, 360, 360, 360, 360, 360, 360, 360, 360, 360, 360, 360, 360, 360, 360];[840, 840, 840, 840, 840, 840, 840, 840, 840, 840, 840, 840, 840, 840, 840, 840, 840, 840, 840, 840, 840, 840, 840, 840, 840, 840, 840, 840, 840, 840, 840, 840, 840, 840, 840, 840, 840, 840, 840, 840, 840, 840, 840, 840, 840, 840, 840, 840, 840, 840];[1, 1, 1, 1, 1, 1, 1, 1, 1, 1, 1, 1, 1, 1, 1, 1, 1, 1, 1, 1, 1, 1, 1, 1, 1, 1, 1, 1, 1, 1, 1, 1, 1, 1, 1, 1, 1, 1, 1, 1, 1, 1, 1, 1, 1, 1, 1, 1, 1, 1]
T900V1000_0.4;900;1000;0.4;PSUCA;positive;360;540;990;[3038263, 3172771, 3089319, 3248234, 3120686, 3181855, 3093041, 3152170, 3323015, 3177313, 3123764, 3116380, 3160286, 3270107, 3151944, 3185573, 3189210, 3143852, 3124420, 3172865, 3103917, 3207116, 3099723, 3096049, 3095082, 3211932, 3139955, 3163765, 3150721, 3134299, 3167208, 3201284, 3166534, 3123188, 3247530, 3072592, 3127089, 3262401, 3111403, 3180652, 3101078, 3049817, 3115411, 3138959, 3203775, 3366682, 3146344, 3063076, 3056380, 3138995];[620, 630, 631, 655, 632, 650, 625, 649, 673, 640, 637, 638, 646, 645, 643, 651, 651, 645, 636, 646, 632, 662, 627, 635, 629, 641, 654, 651, 645, 643, 646, 659, 650, 638, 648, 619, 644, 658, 638, 648, 631, 632, 632, 652, 658, 663, 641, 631, 621, 650];[360, 360, 360, 360, 360, 360, 360, 360, 360, 360, 360, 360, 360, 360, 360, 360, 360, 360, 360, 360, 360, 360, 360, 360, 360, 360, 360, 360, 360, 360, 360, 360, 360, 360, 360, 360, 360, 360, 360, 360, 360, 360, 360, 360, 360, 360, 360, 360, 360, 360];[540, 540, 540, 540, 540, 540, 540, 540, 540, 540, 540, 540, 540, 540, 540, 540, 540, 540, 540, 540, 540, 540, 540, 540, 540, 540, 540, 540, 540, 540, 540, 540, 540, 540, 540, 540, 540, 540, 540, 540, 540, 540, 540, 540, 540, 540, 540, 540, 540, 540];[1, 1, 1, 1, 1, 1, 1, 1, 1, 1, 1, 1, 1, 1, 1, 1, 1, 1, 1, 1, 1, 1, 1, 1, 1, 1, 1, 1, 1, 1, 1, 1, 1, 1, 1, 1, 1, 1, 1, 1, 1, 1, 1, 1, 1, 1, 1, 1, 1, 1]
T1200V1000_0.4;1200;1000;0.4;PSUCA;positive;480;720;1320;[4149226, 4242440, 4235505, 4282920, 4184621, 4323477, 4309309, 4203868, 4266293, 4308810, 4188984, 4238853, 4413181, 4175943, 4345272, 4244306, 4258530, 4344802, 4230273, 4280328, 4259868, 4215909, 4282351, 4125697, 4456282, 4297370, 4525544, 4338735, 4190400, 4330057, 4315395, 4196474, 4200395, 4117345, 4261948, 4120925, 4265720, 4259900, 4366443, 4148847, 4139656, 4380203, 4499577, 4267487, 4297604, 4326075, 4336578, 4051406, 4264680, 4329892];[830, 856, 858, 868, 840, 868, 875, 846, 856, 866, 851, 849, 891, 845, 882, 852, 835, 851, 856, 864, 861, 853, 856, 823, 871, 863, 880, 863, 841, 879, 875, 852, 850, 830, 863, 831, 861, 846, 875, 826, 837, 851, 861, 845, 861, 863, 863, 814, 854, 847];[480, 480, 480, 480, 480, 480, 480, 480, 480, 480, 480, 480, 480, 480, 480, 480, 480, 480, 480, 480, 480, 480, 480, 480, 480, 480, 480, 480, 480, 480, 480, 480, 480, 480, 480, 480, 480, 480, 480, 480, 480, 480, 480, 480, 480, 480, 480, 480, 480, 480];[720, 720, 720, 720, 720, 720, 720, 720, 720, 720, 720, 720, 720, 720, 720, 720, 720, 720, 720, 720, 720, 720, 720, 720, 720, 720, 720, 720, 720, 720, 720, 720, 720, 720, 720, 720, 720, 720, 720, 720, 720, 720, 720, 720, 720, 720, 720, 720, 720, 720];[1, 1, 1, 1, 1, 1, 1, 1, 1, 1, 1, 1, 1, 1, 1, 1, 1, 1, 1, 1, 1, 1, 1, 1, 1, 1, 1, 1, 1, 1, 1, 1, 1, 1, 1, 1, 1, 1, 1, 1, 1, 1, 1, 1, 1, 1, 1, 1, 1, 1]
T900V1000_0.5;900;1000;0.5;PSUCA;positive;450;450;990;[3264656, 3233318, 3123823, 3129892, 3211966, 3143990, 3235717, 3205586, 3202457, 3170081, 3154309, 3196151, 3275958, 3264569, 3015285, 3074293, 3167623, 3106681, 3126975, 3386187, 3131332, 3267568, 3184765, 3157868, 3195273, 3191604, 3084542, 3182074, 3291990, 3069281, 3184730, 3139813, 3213645, 3159583, 3262724, 3179679, 3228285, 3275255, 3176522, 3293747, 3137569, 3354466, 3150801, 3160195, 3140307, 3152442, 3143238, 3112384, 3177704, 3324578];[673, 659, 639, 656, 665, 639, 642, 658, 660, 663, 664, 660, 666, 674, 620, 644, 650, 636, 633, 661, 654, 676, 667, 657, 669, 674, 640, 652, 652, 628, 661, 655, 665, 652, 669, 652, 662, 671, 657, 682, 655, 670, 644, 658, 658, 649, 656, 647, 646, 677];[450, 450, 450, 450, 450, 450, 450, 450, 450, 450, 450, 450, 450, 450, 450, 450, 450, 450, 450, 450, 450, 450, 450, 450, 450, 450, 450, 450, 450, 450, 450, 450, 450, 450, 450, 450, 450, 450, 450, 450, 450, 450, 450, 450, 450, 450, 450, 450, 450, 450];[450, 450, 450, 450, 450, 450, 450, 450, 450, 450, 450, 450, 450, 450, 450, 450, 450, 450, 450, 450, 450, 450, 450, 450, 450, 450, 450, 450, 450, 450, 450, 450, 450, 450, 450, 450, 450, 450, 450, 450, 450, 450, 450, 450, 450, 450, 450, 450, 450, 450];[1, 1, 1, 1, 1, 1, 1, 1, 1, 1, 1, 1, 1, 1, 1, 1, 1, 1, 1, 1, 1, 1, 1, 1, 1, 1, 1, 1, 1, 1, 1, 1, 1, 1, 1, 1, 1, 1, 1, 1, 1, 1, 1, 1, 1, 1, 1, 1, 1, 1]
T1200V1000_0.5;1200;1000;0.5;PSUCA;positive;600;600;1320;[4153483, 4382622, 4247149, 4354522, 4420816, 4460622, 4476892, 4302541, 4385338, 4371246, 4292977, 4260583, 4333259, 4291789, 4339466, 4468337, 4314534, 4438208, 4184307, 4300061, 4281302, 4184570, 4163794, 4302528, 4359166, 4536400, 4428551, 4243761, 4319914, 4275767, 4395234, 4285759, 4162693, 4250510, 4434770, 4329173, 4296585, 4205331, 4472534, 4332984, 4264573, 4412004, 4231267, 4378248, 4326112, 4210831, 4291831, 4321927, 4335092, 4314785];[849, 894, 875, 879, 910, 916, 906, 876, 897, 871, 888, 874, 876, 877, 885, 880, 879, 909, 859, 882, 871, 850, 859, 879, 896, 921, 879, 871, 892, 876, 891, 868, 854, 875, 898, 888, 884, 859, 910, 894, 875, 895, 869, 886, 877, 866, 880, 885, 892, 887];[600, 600, 600, 600, 600, 600, 600, 600, 600, 600, 600, 600, 600, 600, 600, 600, 600, 600, 600, 600, 600, 600, 600, 600, 600, 600, 600, 600, 600, 600, 600, 600, 600, 600, 600, 600, 600, 600, 600, 600, 600, 600, 600, 600, 600, 600, 600, 600, 600, 600];[600, 600, 600, 600, 600, 600, 600, 600, 600, 600, 600, 600, 600, 600, 600, 600, 600, 600, 600, 600, 600, 600, 600, 600, 600, 600, 600, 600, 600, 600, 600, 600, 600, 600, 600, 600, 600, 600, 600, 600, 600, 600, 600, 600, 600, 600, 600, 600, 600, 600];[1, 1, 1, 1, 1, 1, 1, 1, 1, 1, 1, 1, 1, 1, 1, 1, 1, 1, 1, 1, 1, 1, 1, 1, 1, 1, 1, 1, 1, 1, 1, 1, 1, 1, 1, 1, 1, 1, 1, 1, 1, 1, 1, 1, 1, 1, 1, 1, 1, 1]
T900V1000_0.6;900;1000;0.6;PSUCA;positive;540;360;990;[3220414, 3150800, 3066179, 3214658, 3102781, 3213490, 3187782, 3026239, 3031656, 3020491, 3002140, 3205799, 2982628, 3034646, 3132239, 3145099, 3187069, 3117097, 3142650, 3106254, 3098086, 3094821, 3055919, 2978031, 3122633, 3053071, 3097638, 3114992, 2960831, 3193022, 2998731, 3053535, 3102619, 3028317, 3021200, 2963485, 3042819, 3299941, 3172306, 2949289, 3042734, 3224324, 3086057, 3024498, 3032373, 3050374, 3187849, 3147715, 3149656, 3087074];[639, 655, 643, 619, 640, 670, 641, 626, 633, 624, 623, 672, 622, 627, 653, 631, 642, 654, 648, 650, 652, 633, 640, 622, 649, 640, 640, 638, 624, 662, 631, 627, 653, 637, 638, 616, 637, 658, 665, 609, 633, 673, 648, 636, 635, 640, 637, 653, 655, 633];[540, 540, 540, 540, 540, 540, 540, 540, 540, 540, 540, 540, 540, 540, 540, 540, 540, 540, 540, 540, 540, 540, 540, 540, 540, 540, 540, 540, 540, 540, 540, 540, 540, 540, 540, 540, 540, 540, 540, 540, 540, 540, 540, 540, 540, 540, 540, 540, 540, 540];[360, 360, 360, 360, 360, 360, 360, 360, 360, 360, 360, 360, 360, 360, 360, 360, 360, 360, 360, 360, 360, 360, 360, 360, 360, 360, 360, 360, 360, 360, 360, 360, 360, 360, 360, 360, 360, 360, 360, 360, 360, 360, 360, 360, 360, 360, 360, 360, 360, 360];[1, 1, 1, 1, 1, 1, 1, 1, 1, 1, 1, 1, 1, 1, 1, 1, 1, 1, 1, 1, 1, 1, 1, 1, 1, 1, 1, 1, 1, 1, 1, 1, 1, 1, 1, 1, 1, 1, 1, 1, 1, 1, 1, 1, 1, 1, 1, 1, 1, 1]
T900V1000_0.7;900;1000;0.7;PSUCA;positive;630;270;990;[2759718, 2851950, 2887303, 2803994, 2861327, 2811583, 2905528, 3106359, 2717318, 2869146, 2850844, 2856128, 2835060, 2752727, 2835145, 2823803, 2789200, 2714004, 2837055, 2825400, 2934661, 2817814, 2875431, 2805438, 2832975, 2962665, 2799371, 2795321, 2712964, 2924034, 2834877, 2826972, 2854530, 2832163, 2776395, 2833856, 2857556, 2876724, 2941920, 2899277, 2830020, 2789750, 2870695, 2915051, 2810793, 2780879, 2896047, 2746430, 2848133, 2707202];[579, 574, 602, 585, 605, 583, 614, 620, 563, 594, 581, 584, 585, 566, 591, 585, 579, 565, 586, 576, 602, 588, 595, 589, 586, 602, 582, 579, 566, 605, 587, 584, 591, 559, 576, 584, 593, 590, 609, 594, 583, 584, 596, 610, 584, 579, 586, 573, 585, 560];[630, 630, 630, 630, 630, 630, 630, 630, 630, 630, 630, 630, 630, 630, 630, 630, 630, 630, 630, 630, 630, 630, 630, 630, 630, 630, 630, 630, 630, 630, 630, 630, 630, 630, 630, 630, 630, 630, 630, 630, 630, 630, 630, 630, 630, 630, 630, 630, 630, 630];[270, 270, 270, 270, 270, 270, 270, 270, 270, 270, 270, 270, 270, 270, 270, 270, 270, 270, 270, 270, 270, 270, 270, 270, 270, 270, 270, 270, 270, 270, 270, 270, 270, 270, 270, 270, 270, 270, 270, 270, 270, 270, 270, 270, 270, 270, 270, 270, 270, 270];[1, 1, 1, 1, 1, 1, 1, 1, 1, 1, 1, 1, 1, 1, 1, 1, 1, 1, 1, 1, 1, 1, 1, 1, 1, 1, 1, 1, 1, 1, 1, 1, 1, 1, 1, 1, 1, 1, 1, 1, 1, 1, 1, 1, 1, 1, 1, 1, 1, 1]
T1200V1000_0.6;1200;1000;0.6;PSUCA;positive;720;480;1320;[4234810, 4061445, 4131745, 4168162, 4238849, 4086520, 4064578, 4245336, 4405323, 4253186, 4241984, 4132152, 4218161, 4068371, 4131237, 4209293, 4122131, 4118269, 4122279, 4219564, 4267116, 4182806, 4231497, 4053966, 4279383, 4188262, 4037463, 4037136, 4117174, 4042688, 4128876, 4226692, 4042234, 4232004, 4222064, 4063405, 4167838, 4321147, 4232610, 4207371, 4189214, 4267868, 4359262, 4166817, 4277126, 4183647, 4200466, 4177792, 4348301, 4052203];[880, 839, 840, 861, 869, 842, 846, 850, 869, 861, 869, 853, 877, 846, 851, 861, 848, 841, 855, 876, 863, 866, 874, 825, 874, 853, 833, 828, 838, 827, 852, 865, 822, 879, 871, 838, 862, 858, 866, 860, 868, 859, 899, 863, 872, 844, 868, 859, 881, 835];[720, 720, 720, 720, 720, 720, 720, 720, 720, 720, 720, 720, 720, 720, 720, 720, 720, 720, 720, 720, 720, 720, 720, 720, 720, 720, 720, 720, 720, 720, 720, 720, 720, 720, 720, 720, 720, 720, 720, 720, 720, 720, 720, 720, 720, 720, 720, 720, 720, 720];[480, 480, 480, 480, 480, 480, 480, 480, 480, 480, 480, 480, 480, 480, 480, 480, 480, 480, 480, 480, 480, 480, 480, 480, 480, 480, 480, 480, 480, 480, 480, 480, 480, 480, 480, 480, 480, 480, 480, 480, 480, 480, 480, 480, 480, 480, 480, 480, 480, 480];[1, 1, 1, 1, 1, 1, 1, 1, 1, 1, 1, 1, 1, 1, 1, 1, 1, 1, 1, 1, 1, 1, 1, 1, 1, 1, 1, 1, 1, 1, 1, 1, 1, 1, 1, 1, 1, 1, 1, 1, 1, 1, 1, 1, 1, 1, 1, 1, 1, 1]
T1100V1000_0.0;1100;1000;0.0;PSUCA;positive;0;1100;1210;[399723, 362825, 362334, 364784, 355324, 356864, 360854, 353954, 354474, 362304, 353834, 357374, 362374, 353524, 356064, 370946, 360715, 351814, 372294, 356175, 352964, 386334, 362984, 355874, 353363, 359545, 354324, 356444, 366613, 361005, 351134, 368434, 353195, 354575, 369464, 354743, 353124, 370654, 351884, 351894, 357785, 360634, 359564, 359734, 371654, 353655, 357524, 361984, 359884, 355185];[3, 3, 3, 3, 3, 3, 3, 3, 3, 3, 3, 3, 3, 3, 3, 3, 3, 3, 3, 3, 3, 3, 3, 3, 3, 3, 3, 3, 3, 3, 3, 3, 3, 3, 3, 3, 3, 3, 3, 3, 3, 3, 3, 3, 3, 3, 3, 3, 3, 3];[0, 0, 0, 0, 0, 0, 0, 0, 0, 0, 0, 0, 0, 0, 0, 0, 0, 0, 0, 0, 0, 0, 0, 0, 0, 0, 0, 0, 0, 0, 0, 0, 0, 0, 0, 0, 0, 0, 0, 0, 0, 0, 0, 0, 0, 0, 0, 0, 0, 0];[1100, 1100, 1100, 1100, 1100, 1100, 1100, 1100, 1100, 1100, 1100, 1100, 1100, 1100, 1100, 1100, 1100, 1100, 1100, 1100, 1100, 1100, 1100, 1100, 1100, 1100, 1100, 1100, 1100, 1100, 1100, 1100, 1100, 1100, 1100, 1100, 1100, 1100, 1100, 1100, 1100, 1100, 1100, 1100, 1100, 1100, 1100, 1100, 1100, 1100];[1, 1, 1, 1, 1, 1, 1, 1, 1, 1, 1, 1, 1, 1, 1, 1, 1, 1, 1, 1, 1, 1, 1, 1, 1, 1, 1, 1, 1, 1, 1, 1, 1, 1, 1, 1, 1, 1, 1, 1, 1, 1, 1, 1, 1, 1, 1, 1, 1, 1]
T900V1000_0.8;900;1000;0.8;PSUCA;positive;720;180;990;[2384081, 2390388, 2455436, 2409481, 2327672, 2430677, 2457244, 2369176, 2438997, 2422497, 2435727, 2484085, 2458702, 2440187, 2481119, 2488843, 2403611, 2453264, 2552376, 2458318, 2438434, 2438363, 2467936, 2334676, 2388679, 2401665, 2434540, 2486775, 2464847, 2448475, 2437571, 2379408, 2503987, 2472690, 2375897, 2355300, 2454777, 2357036, 2424607, 2371032, 2282702, 2449923, 2361909, 2459627, 2414062, 2458741, 2286918, 2410799, 2413586, 2358921];[485, 485, 506, 493, 481, 499, 475, 490, 504, 493, 499, 505, 500, 499, 493, 506, 489, 504, 524, 501, 496, 493, 510, 471, 488, 487, 498, 500, 505, 499, 492, 489, 498, 512, 478, 476, 502, 483, 503, 486, 461, 491, 486, 493, 500, 500, 465, 495, 500, 483];[720, 720, 720, 720, 720, 720, 720, 720, 720, 720, 720, 720, 720, 720, 720, 720, 720, 720, 720, 720, 720, 720, 720, 720, 720, 720, 720, 720, 720, 720, 720, 720, 720, 720, 720, 720, 720, 720, 720, 720, 720, 720, 720, 720, 720, 720, 720, 720, 720, 720];[180, 180, 180, 180, 180, 180, 180, 180, 180, 180, 180, 180, 180, 180, 180, 180, 180, 180, 180, 180, 180, 180, 180, 180, 180, 180, 180, 180, 180, 180, 180, 180, 180, 180, 180, 180, 180, 180, 180, 180, 180, 180, 180, 180, 180, 180, 180, 180, 180, 180];[1, 1, 1, 1, 1, 1, 1, 1, 1, 1, 1, 1, 1, 1, 1, 1, 1, 1, 1, 1, 1, 1, 1, 1, 1, 1, 1, 1, 1, 1, 1, 1, 1, 1, 1, 1, 1, 1, 1, 1, 1, 1, 1, 1, 1, 1, 1, 1, 1, 1]
T1100V1000_0.1;1100;1000;0.1;PSUCA;positive;110;990;1210;[2130021, 2045994, 2112593, 2128911, 2115436, 2133526, 2079021, 2084158, 2136467, 2139163, 2031634, 2119651, 2071486, 2109004, 2118626, 2207571, 2079307, 2123738, 2164674, 2217432, 2134199, 2172234, 2128218, 2068143, 2150363, 2077719, 2018290, 2109555, 2155190, 2055783, 2103065, 2115808, 2145075, 2154662, 2108466, 2243061, 2109799, 2048742, 2137374, 2111804, 2147896, 2071238, 2185473, 2237734, 2094900, 2139180, 2083760, 2033475, 2079204, 2169842];[399, 376, 383, 404, 398, 396, 391, 387, 405, 402, 381, 401, 381, 396, 393, 416, 387, 394, 406, 423, 400, 413, 398, 391, 408, 388, 384, 393, 406, 381, 392, 400, 404, 399, 390, 412, 392, 382, 397, 394, 404, 384, 404, 425, 388, 396, 395, 381, 397, 404];[110, 110, 110, 110, 110, 110, 110, 110, 110, 110, 110, 110, 110, 110, 110, 110, 110, 110, 110, 110, 110, 110, 110, 110, 110, 110, 110, 110, 110, 110, 110, 110, 110, 110, 110, 110, 110, 110, 110, 110, 110, 110, 110, 110, 110, 110, 110, 110, 110, 110];[990, 990, 990, 990, 990, 990, 990, 990, 990, 990, 990, 990, 990, 990, 990, 990, 990, 990, 990, 990, 990, 990, 990, 990, 990, 990, 990, 990, 990, 990, 990, 990, 990, 990, 990, 990, 990, 990, 990, 990, 990, 990, 990, 990, 990, 990, 990, 990, 990, 990];[1, 1, 1, 1, 1, 1, 1, 1, 1, 1, 1, 1, 1, 1, 1, 1, 1, 1, 1, 1, 1, 1, 1, 1, 1, 1, 1, 1, 1, 1, 1, 1, 1, 1, 1, 1, 1, 1, 1, 1, 1, 1, 1, 1, 1, 1, 1, 1, 1, 1]
T900V1000_0.9;900;1000;0.9;PSUCA;positive;810;90;990;[1803850, 1626699, 1736473, 1755920, 1710358, 1718538, 1791514, 1824255, 1598021, 1739612, 1720166, 1690997, 1693234, 1694514, 1709394, 1705092, 1731100, 1740778, 1721712, 1675704, 1724486, 1706365, 1741953, 1770171, 1576444, 1762826, 1740096, 1670446, 1673421, 1663146, 1747554, 1666061, 1718083, 1633865, 1715138, 1717870, 1713018, 1625939, 1717657, 1705448, 1687760, 1712856, 1733751, 1694522, 1739249, 1719305, 1704825, 1671876, 1662974, 1751503];[347, 317, 334, 340, 328, 330, 349, 336, 311, 343, 338, 328, 333, 319, 335, 326, 335, 334, 331, 321, 333, 332, 344, 334, 296, 331, 328, 318, 324, 317, 338, 325, 332, 304, 331, 329, 335, 317, 337, 336, 329, 334, 330, 327, 338, 328, 327, 324, 323, 333];[810, 810, 810, 810, 810, 810, 810, 810, 810, 810, 810, 810, 810, 810, 810, 810, 810, 810, 810, 810, 810, 810, 810, 810, 810, 810, 810, 810, 810, 810, 810, 810, 810, 810, 810, 810, 810, 810, 810, 810, 810, 810, 810, 810, 810, 810, 810, 810, 810, 810];[90, 90, 90, 90, 90, 90, 90, 90, 90, 90, 90, 90, 90, 90, 90, 90, 90, 90, 90, 90, 90, 90, 90, 90, 90, 90, 90, 90, 90, 90, 90, 90, 90, 90, 90, 90, 90, 90, 90, 90, 90, 90, 90, 90, 90, 90, 90, 90, 90, 90];[1, 1, 1, 1, 1, 1, 1, 1, 1, 1, 1, 1, 1, 1, 1, 1, 1, 1, 1, 1, 1, 1, 1, 1, 1, 1, 1, 1, 1, 1, 1, 1, 1, 1, 1, 1, 1, 1, 1, 1, 1, 1, 1, 1, 1, 1, 1, 1, 1, 1]
T900V1000_1.0;900;1000;1.0;PSUCA;positive;900;0;990;[291974, 295824, 319523, 287833, 307413, 285293, 293584, 301974, 285793, 296453, 286745, 292043, 285153, 288923, 286023, 286753, 301883, 285142, 286883, 287633, 286013, 306484, 285633, 319193, 292563, 287923, 295274, 287454, 284343, 284733, 287102, 290463, 289173, 299884, 285504, 285923, 301383, 286134, 293743, 284613, 286183, 286674, 287723, 294513, 286173, 289533, 291213, 286824, 297783, 283723];[3, 3, 3, 3, 3, 3, 3, 3, 3, 3, 3, 3, 3, 3, 3, 3, 3, 3, 3, 3, 3, 3, 3, 3, 3, 3, 3, 3, 3, 3, 3, 3, 3, 3, 3, 3, 3, 3, 3, 3, 3, 3, 3, 3, 3, 3, 3, 3, 3, 3];[900, 900, 900, 900, 900, 900, 900, 900, 900, 900, 900, 900, 900, 900, 900, 900, 900, 900, 900, 900, 900, 900, 900, 900, 900, 900, 900, 900, 900, 900, 900, 900, 900, 900, 900, 900, 900, 900, 900, 900, 900, 900, 900, 900, 900, 900, 900, 900, 900, 900];[0, 0, 0, 0, 0, 0, 0, 0, 0, 0, 0, 0, 0, 0, 0, 0, 0, 0, 0, 0, 0, 0, 0, 0, 0, 0, 0, 0, 0, 0, 0, 0, 0, 0, 0, 0, 0, 0, 0, 0, 0, 0, 0, 0, 0, 0, 0, 0, 0, 0];[1, 1, 1, 1, 1, 1, 1, 1, 1, 1, 1, 1, 1, 1, 1, 1, 1, 1, 1, 1, 1, 1, 1, 1, 1, 1, 1, 1, 1, 1, 1, 1, 1, 1, 1, 1, 1, 1, 1, 1, 1, 1, 1, 1, 1, 1, 1, 1, 1, 1]
T1200V1000_0.7;1200;1000;0.7;PSUCA;positive;840;360;1320;[3869150, 3746311, 3717611, 3972629, 3856611, 3823260, 3848277, 3811874, 3866995, 3819102, 3829163, 3903649, 3946113, 3855873, 3776496, 3697110, 3862834, 3700196, 3830614, 3831067, 3885541, 3934771, 3692920, 3915116, 3785957, 3790747, 3736855, 3874422, 3950841, 3845337, 3782684, 3773606, 3922717, 3703880, 3880682, 3831897, 3850730, 3702902, 4013552, 3830684, 3904139, 3789963, 3842856, 3928480, 3862268, 3904776, 3804341, 3793439, 3841690, 3893956];[799, 771, 766, 798, 787, 779, 790, 777, 803, 785, 793, 779, 807, 793, 773, 757, 801, 767, 792, 791, 799, 814, 759, 806, 790, 777, 764, 803, 786, 775, 767, 769, 800, 760, 792, 788, 790, 760, 810, 792, 788, 772, 788, 804, 796, 805, 777, 785, 792, 795];[840, 840, 840, 840, 840, 840, 840, 840, 840, 840, 840, 840, 840, 840, 840, 840, 840, 840, 840, 840, 840, 840, 840, 840, 840, 840, 840, 840, 840, 840, 840, 840, 840, 840, 840, 840, 840, 840, 840, 840, 840, 840, 840, 840, 840, 840, 840, 840, 840, 840];[360, 360, 360, 360, 360, 360, 360, 360, 360, 360, 360, 360, 360, 360, 360, 360, 360, 360, 360, 360, 360, 360, 360, 360, 360, 360, 360, 360, 360, 360, 360, 360, 360, 360, 360, 360, 360, 360, 360, 360, 360, 360, 360, 360, 360, 360, 360, 360, 360, 360];[1, 1, 1, 1, 1, 1, 1, 1, 1, 1, 1, 1, 1, 1, 1, 1, 1, 1, 1, 1, 1, 1, 1, 1, 1, 1, 1, 1, 1, 1, 1, 1, 1, 1, 1, 1, 1, 1, 1, 1, 1, 1, 1, 1, 1, 1, 1, 1, 1, 1]
T1000V1000_0.0;1000;1000;0.0;PSUCA;positive;0;1000;1100;[369525, 321454, 319863, 335664, 321633, 316283, 324664, 314984, 314433, 315544, 315433, 323403, 347904, 316194, 321654, 314004, 314864, 316404, 318363, 323193, 317265, 315555, 335084, 316874, 313504, 316423, 315613, 328093, 314843, 314244, 329954, 317344, 315614, 320804, 317194, 321553, 318803, 317084, 329663, 318594, 315684, 322194, 315104, 331014, 316123, 315283, 320653, 315194, 313684, 314323];[3, 3, 3, 3, 3, 3, 3, 3, 3, 3, 3, 3, 3, 3, 3, 3, 3, 3, 3, 3, 3, 3, 3, 3, 3, 3, 3, 3, 3, 3, 3, 3, 3, 3, 3, 3, 3, 3, 3, 3, 3, 3, 3, 3, 3, 3, 3, 3, 3, 3];[0, 0, 0, 0, 0, 0, 0, 0, 0, 0, 0, 0, 0, 0, 0, 0, 0, 0, 0, 0, 0, 0, 0, 0, 0, 0, 0, 0, 0, 0, 0, 0, 0, 0, 0, 0, 0, 0, 0, 0, 0, 0, 0, 0, 0, 0, 0, 0, 0, 0];[1000, 1000, 1000, 1000, 1000, 1000, 1000, 1000, 1000, 1000, 1000, 1000, 1000, 1000, 1000, 1000, 1000, 1000, 1000, 1000, 1000, 1000, 1000, 1000, 1000, 1000, 1000, 1000, 1000, 1000, 1000, 1000, 1000, 1000, 1000, 1000, 1000, 1000, 1000, 1000, 1000, 1000, 1000, 1000, 1000, 1000, 1000, 1000, 1000, 1000];[1, 1, 1, 1, 1, 1, 1, 1, 1, 1, 1, 1, 1, 1, 1, 1, 1, 1, 1, 1, 1, 1, 1, 1, 1, 1, 1, 1, 1, 1, 1, 1, 1, 1, 1, 1, 1, 1, 1, 1, 1, 1, 1, 1, 1, 1, 1, 1, 1, 1]
T1100V1000_0.2;1100;1000;0.2;PSUCA;positive;220;880;1210;[3088992, 2987961, 3060316, 2991165, 2988008, 3081509, 2953711, 3081930, 2998072, 2940410, 3057893, 2975910, 3066848, 3003207, 2998367, 3009731, 3014902, 3040098, 3035420, 3105285, 3021629, 2947107, 3056838, 2962982, 3025005, 3013596, 2993997, 3138632, 3059943, 3045712, 2981409, 3033491, 3096542, 3082492, 2923295, 2923689, 3005545, 3059153, 2970254, 2914419, 2960279, 2982550, 3008802, 3004692, 3046537, 3020412, 3027593, 3058588, 2941853, 3020547];[607, 593, 596, 587, 586, 607, 573, 609, 593, 580, 608, 587, 597, 581, 596, 594, 597, 596, 594, 612, 596, 585, 593, 589, 593, 591, 595, 619, 610, 602, 585, 592, 608, 612, 575, 580, 595, 597, 587, 576, 590, 586, 589, 594, 618, 591, 603, 603, 589, 591];[220, 220, 220, 220, 220, 220, 220, 220, 220, 220, 220, 220, 220, 220, 220, 220, 220, 220, 220, 220, 220, 220, 220, 220, 220, 220, 220, 220, 220, 220, 220, 220, 220, 220, 220, 220, 220, 220, 220, 220, 220, 220, 220, 220, 220, 220, 220, 220, 220, 220];[880, 880, 880, 880, 880, 880, 880, 880, 880, 880, 880, 880, 880, 880, 880, 880, 880, 880, 880, 880, 880, 880, 880, 880, 880, 880, 880, 880, 880, 880, 880, 880, 880, 880, 880, 880, 880, 880, 880, 880, 880, 880, 880, 880, 880, 880, 880, 880, 880, 880];[1, 1, 1, 1, 1, 1, 1, 1, 1, 1, 1, 1, 1, 1, 1, 1, 1, 1, 1, 1, 1, 1, 1, 1, 1, 1, 1, 1, 1, 1, 1, 1, 1, 1, 1, 1, 1, 1, 1, 1, 1, 1, 1, 1, 1, 1, 1, 1, 1, 1]
T1200V1000_0.8;1200;1000;0.8;PSUCA;positive;960;240;1320;[3190476, 3219347, 3207728, 3242698, 3193858, 3257944, 3359911, 3112875, 3200872, 3311799, 3312100, 3360571, 3301763, 3328352, 3209138, 3321507, 3269109, 3174725, 3435503, 3282033, 3285064, 3191631, 3311786, 3296057, 3264774, 3351937, 3297053, 3293487, 3240821, 3363242, 3246324, 3243782, 3136377, 3392051, 3248003, 3253544, 3216895, 3236194, 3253012, 3282660, 3251878, 3254820, 3332656, 3220651, 3328557, 3335122, 3243883, 3317753, 3346149, 3207431];[640, 648, 646, 655, 640, 660, 675, 641, 647, 659, 666, 678, 661, 660, 640, 656, 651, 627, 681, 655, 663, 631, 663, 659, 657, 670, 648, 655, 642, 665, 650, 653, 631, 679, 648, 649, 645, 649, 647, 655, 653, 655, 654, 644, 671, 661, 645, 671, 655, 645];[960, 960, 960, 960, 960, 960, 960, 960, 960, 960, 960, 960, 960, 960, 960, 960, 960, 960, 960, 960, 960, 960, 960, 960, 960, 960, 960, 960, 960, 960, 960, 960, 960, 960, 960, 960, 960, 960, 960, 960, 960, 960, 960, 960, 960, 960, 960, 960, 960, 960];[240, 240, 240, 240, 240, 240, 240, 240, 240, 240, 240, 240, 240, 240, 240, 240, 240, 240, 240, 240, 240, 240, 240, 240, 240, 240, 240, 240, 240, 240, 240, 240, 240, 240, 240, 240, 240, 240, 240, 240, 240, 240, 240, 240, 240, 240, 240, 240, 240, 240];[1, 1, 1, 1, 1, 1, 1, 1, 1, 1, 1, 1, 1, 1, 1, 1, 1, 1, 1, 1, 1, 1, 1, 1, 1, 1, 1, 1, 1, 1, 1, 1, 1, 1, 1, 1, 1, 1, 1, 1, 1, 1, 1, 1, 1, 1, 1, 1, 1, 1]
T1000V1000_0.1;1000;1000;0.1;PSUCA;positive;100;900;1100;[1952424, 1899385, 1892219, 1879662, 1975860, 1828164, 1890207, 1913946, 1944014, 1882761, 1989153, 1883243, 1858974, 1946135, 1912463, 1833344, 1868304, 1852552, 1975685, 1876098, 1936766, 1970795, 1942508, 1932578, 1862643, 1874171, 1907347, 1966143, 1785798, 1954199, 1834327, 1872948, 1934334, 1906599, 1911987, 1914387, 1890855, 1914159, 1960676, 1945986, 1889814, 1889835, 1905049, 1954738, 1929834, 1892079, 1846325, 1863856, 1879523, 1861388];[371, 365, 363, 358, 373, 346, 358, 361, 367, 360, 385, 359, 354, 378, 369, 351, 360, 351, 382, 361, 368, 381, 376, 372, 355, 355, 366, 378, 335, 373, 347, 363, 372, 365, 363, 360, 359, 363, 379, 374, 359, 355, 363, 373, 370, 359, 349, 354, 355, 352];[100, 100, 100, 100, 100, 100, 100, 100, 100, 100, 100, 100, 100, 100, 100, 100, 100, 100, 100, 100, 100, 100, 100, 100, 100, 100, 100, 100, 100, 100, 100, 100, 100, 100, 100, 100, 100, 100, 100, 100, 100, 100, 100, 100, 100, 100, 100, 100, 100, 100];[900, 900, 900, 900, 900, 900, 900, 900, 900, 900, 900, 900, 900, 900, 900, 900, 900, 900, 900, 900, 900, 900, 900, 900, 900, 900, 900, 900, 900, 900, 900, 900, 900, 900, 900, 900, 900, 900, 900, 900, 900, 900, 900, 900, 900, 900, 900, 900, 900, 900];[1, 1, 1, 1, 1, 1, 1, 1, 1, 1, 1, 1, 1, 1, 1, 1, 1, 1, 1, 1, 1, 1, 1, 1, 1, 1, 1, 1, 1, 1, 1, 1, 1, 1, 1, 1, 1, 1, 1, 1, 1, 1, 1, 1, 1, 1, 1, 1, 1, 1]
T1100V1000_0.3;1100;1000;0.3;PSUCA;positive;330;770;1210;[3463792, 3318949, 3520232, 3408142, 3419590, 3543698, 3558880, 3543093, 3570823, 3421713, 3441174, 3382046, 3573540, 3575439, 3609968, 3598645, 3520485, 3426635, 3438893, 3479505, 3445469, 3482918, 3402365, 3583525, 3431391, 3556639, 3554385, 3514807, 3496458, 3604833, 3749173, 3588397, 3447924, 3509491, 3576427, 3631590, 3493258, 3551086, 3694026, 3560363, 3497242, 3499500, 3544775, 3506835, 3465813, 3607037, 3472267, 3791563, 3523206, 3450403];[697, 676, 723, 691, 694, 724, 721, 707, 722, 691, 693, 688, 718, 721, 727, 724, 714, 692, 706, 705, 704, 702, 681, 717, 694, 710, 711, 704, 709, 720, 750, 705, 688, 712, 731, 734, 699, 721, 745, 711, 710, 714, 712, 710, 701, 723, 708, 760, 700, 689];[330, 330, 330, 330, 330, 330, 330, 330, 330, 330, 330, 330, 330, 330, 330, 330, 330, 330, 330, 330, 330, 330, 330, 330, 330, 330, 330, 330, 330, 330, 330, 330, 330, 330, 330, 330, 330, 330, 330, 330, 330, 330, 330, 330, 330, 330, 330, 330, 330, 330];[770, 770, 770, 770, 770, 770, 770, 770, 770, 770, 770, 770, 770, 770, 770, 770, 770, 770, 770, 770, 770, 770, 770, 770, 770, 770, 770, 770, 770, 770, 770, 770, 770, 770, 770, 770, 770, 770, 770, 770, 770, 770, 770, 770, 770, 770, 770, 770, 770, 770];[1, 1, 1, 1, 1, 1, 1, 1, 1, 1, 1, 1, 1, 1, 1, 1, 1, 1, 1, 1, 1, 1, 1, 1, 1, 1, 1, 1, 1, 1, 1, 1, 1, 1, 1, 1, 1, 1, 1, 1, 1, 1, 1, 1, 1, 1, 1, 1, 1, 1]
T1000V1000_0.2;1000;1000;0.2;PSUCA;positive;200;800;1100;[2736345, 2817082, 2729484, 2687473, 2778792, 2773092, 2642858, 2676359, 2848011, 2735422, 2688788, 2762281, 2776269, 2659675, 2709049, 2724779, 2813656, 2795306, 2742712, 2736198, 2758110, 2776444, 2758898, 2611743, 2778105, 2768432, 2770087, 2816463, 2766903, 2783567, 2814365, 2841036, 2873044, 2791678, 2770144, 2805437, 2683314, 2842334, 2722291, 2827526, 2831942, 2833123, 2792318, 2855035, 2807803, 2769170, 2943069, 2715103, 2887424, 2752696];[540, 559, 544, 525, 551, 542, 516, 516, 537, 526, 524, 548, 538, 523, 534, 535, 550, 542, 532, 544, 535, 542, 541, 515, 524, 535, 540, 550, 540, 544, 547, 561, 565, 545, 544, 543, 523, 555, 524, 545, 542, 555, 540, 557, 548, 539, 571, 525, 564, 530];[200, 200, 200, 200, 200, 200, 200, 200, 200, 200, 200, 200, 200, 200, 200, 200, 200, 200, 200, 200, 200, 200, 200, 200, 200, 200, 200, 200, 200, 200, 200, 200, 200, 200, 200, 200, 200, 200, 200, 200, 200, 200, 200, 200, 200, 200, 200, 200, 200, 200];[800, 800, 800, 800, 800, 800, 800, 800, 800, 800, 800, 800, 800, 800, 800, 800, 800, 800, 800, 800, 800, 800, 800, 800, 800, 800, 800, 800, 800, 800, 800, 800, 800, 800, 800, 800, 800, 800, 800, 800, 800, 800, 800, 800, 800, 800, 800, 800, 800, 800];[1, 1, 1, 1, 1, 1, 1, 1, 1, 1, 1, 1, 1, 1, 1, 1, 1, 1, 1, 1, 1, 1, 1, 1, 1, 1, 1, 1, 1, 1, 1, 1, 1, 1, 1, 1, 1, 1, 1, 1, 1, 1, 1, 1, 1, 1, 1, 1, 1, 1]
T1100V1000_0.4;1100;1000;0.4;PSUCA;positive;440;660;1210;[3782431, 3843327, 3871998, 3976795, 4026156, 3967773, 3936814, 3893705, 3738516, 3747325, 3861531, 3951763, 3719378, 3914528, 3912487, 3810651, 3869114, 3954217, 3973754, 3691613, 3823080, 3896570, 3855980, 3811864, 4013851, 4076034, 3874159, 3835168, 3899051, 3811377, 3817039, 3818929, 3841492, 3917155, 3906748, 3860729, 3932960, 3887681, 3810264, 3939451, 3972989, 3830879, 3898639, 3874336, 3961812, 3769468, 3820941, 3927199, 3875457, 3825677];[761, 771, 769, 791, 813, 798, 793, 780, 748, 761, 769, 795, 746, 763, 788, 765, 779, 786, 802, 751, 777, 789, 769, 769, 808, 813, 775, 778, 786, 769, 780, 769, 775, 790, 789, 778, 788, 778, 764, 790, 803, 775, 780, 787, 794, 763, 781, 794, 781, 772];[440, 440, 440, 440, 440, 440, 440, 440, 440, 440, 440, 440, 440, 440, 440, 440, 440, 440, 440, 440, 440, 440, 440, 440, 440, 440, 440, 440, 440, 440, 440, 440, 440, 440, 440, 440, 440, 440, 440, 440, 440, 440, 440, 440, 440, 440, 440, 440, 440, 440];[660, 660, 660, 660, 660, 660, 660, 660, 660, 660, 660, 660, 660, 660, 660, 660, 660, 660, 660, 660, 660, 660, 660, 660, 660, 660, 660, 660, 660, 660, 660, 660, 660, 660, 660, 660, 660, 660, 660, 660, 660, 660, 660, 660, 660, 660, 660, 660, 660, 660];[1, 1, 1, 1, 1, 1, 1, 1, 1, 1, 1, 1, 1, 1, 1, 1, 1, 1, 1, 1, 1, 1, 1, 1, 1, 1, 1, 1, 1, 1, 1, 1, 1, 1, 1, 1, 1, 1, 1, 1, 1, 1, 1, 1, 1, 1, 1, 1, 1, 1]
T1000V1000_0.3;1000;1000;0.3;PSUCA;positive;300;700;1100;[3208246, 3274605, 3214477, 3179919, 3173671, 3159251, 3316154, 3258822, 3211362, 3250754, 3244535, 3265263, 3214803, 3214803, 3126308, 3125437, 3223598, 3149038, 3187789, 3205794, 3262812, 3124368, 3063295, 3098085, 3215085, 3173994, 3235957, 3067912, 3205552, 3175804, 3128689, 3067024, 3194071, 3172969, 3167144, 3226038, 3183843, 3218061, 3111649, 3152575, 3068805, 3297454, 3370569, 3267497, 3260971, 3145483, 3136564, 3181656, 3263241, 3245088];[653, 658, 654, 649, 645, 631, 658, 661, 643, 652, 647, 657, 649, 650, 623, 629, 646, 634, 644, 644, 660, 637, 624, 620, 656, 648, 650, 625, 652, 643, 634, 622, 642, 643, 639, 653, 636, 653, 629, 636, 612, 662, 678, 661, 658, 639, 635, 640, 653, 662];[300, 300, 300, 300, 300, 300, 300, 300, 300, 300, 300, 300, 300, 300, 300, 300, 300, 300, 300, 300, 300, 300, 300, 300, 300, 300, 300, 300, 300, 300, 300, 300, 300, 300, 300, 300, 300, 300, 300, 300, 300, 300, 300, 300, 300, 300, 300, 300, 300, 300];[700, 700, 700, 700, 700, 700, 700, 700, 700, 700, 700, 700, 700, 700, 700, 700, 700, 700, 700, 700, 700, 700, 700, 700, 700, 700, 700, 700, 700, 700, 700, 700, 700, 700, 700, 700, 700, 700, 700, 700, 700, 700, 700, 700, 700, 700, 700, 700, 700, 700];[1, 1, 1, 1, 1, 1, 1, 1, 1, 1, 1, 1, 1, 1, 1, 1, 1, 1, 1, 1, 1, 1, 1, 1, 1, 1, 1, 1, 1, 1, 1, 1, 1, 1, 1, 1, 1, 1, 1, 1, 1, 1, 1, 1, 1, 1, 1, 1, 1, 1]
T1000V1000_0.4;1000;1000;0.4;PSUCA;positive;400;600;1100;[3454027, 3443083, 3500804, 3496067, 3581598, 3639948, 3540718, 3552201, 3465968, 3417947, 3457004, 3531446, 3462634, 3434339, 3475691, 3477074, 3508208, 3552114, 3582418, 3513937, 3560404, 3575446, 3380113, 3563989, 3596544, 3515399, 3465573, 3576633, 3489064, 3433358, 3482339, 3328192, 3588699, 3525948, 3616014, 3436233, 3472739, 3548654, 3450356, 3639797, 3415100, 3537929, 3462094, 3542639, 3550838, 3600639, 3525557, 3407959, 3494152, 3445845];[692, 687, 698, 699, 703, 721, 710, 709, 688, 689, 699, 702, 690, 686, 702, 705, 709, 706, 713, 699, 714, 719, 692, 716, 725, 695, 691, 715, 703, 692, 699, 666, 719, 707, 727, 692, 698, 714, 698, 721, 688, 716, 696, 706, 707, 719, 703, 683, 701, 689];[400, 400, 400, 400, 400, 400, 400, 400, 400, 400, 400, 400, 400, 400, 400, 400, 400, 400, 400, 400, 400, 400, 400, 400, 400, 400, 400, 400, 400, 400, 400, 400, 400, 400, 400, 400, 400, 400, 400, 400, 400, 400, 400, 400, 400, 400, 400, 400, 400, 400];[600, 600, 600, 600, 600, 600, 600, 600, 600, 600, 600, 600, 600, 600, 600, 600, 600, 600, 600, 600, 600, 600, 600, 600, 600, 600, 600, 600, 600, 600, 600, 600, 600, 600, 600, 600, 600, 600, 600, 600, 600, 600, 600, 600, 600, 600, 600, 600, 600, 600];[1, 1, 1, 1, 1, 1, 1, 1, 1, 1, 1, 1, 1, 1, 1, 1, 1, 1, 1, 1, 1, 1, 1, 1, 1, 1, 1, 1, 1, 1, 1, 1, 1, 1, 1, 1, 1, 1, 1, 1, 1, 1, 1, 1, 1, 1, 1, 1, 1, 1]
T1100V1000_0.5;1100;1000;0.5;PSUCA;positive;550;550;1210;[3954521, 3898887, 3978064, 3838708, 3942671, 3851437, 4032222, 4030223, 4029846, 4021296, 4001884, 3745787, 3889759, 3870717, 3906612, 3833370, 3895535, 4083458, 3921953, 3812518, 3875412, 3941939, 3836646, 3897966, 3798908, 3847020, 3922518, 3917717, 3885720, 3768099, 3893228, 3818231, 3947637, 3682801, 3946113, 3846652, 3912509, 3902935, 3953806, 3893424, 3762908, 3939107, 3879887, 3882187, 3870867, 3853667, 3871003, 3802463, 3825833, 3869228];[817, 804, 809, 782, 811, 787, 831, 825, 824, 836, 815, 773, 795, 800, 813, 791, 803, 841, 806, 779, 795, 819, 800, 807, 775, 802, 816, 804, 801, 777, 805, 784, 812, 755, 816, 793, 802, 808, 806, 801, 773, 818, 796, 799, 789, 797, 803, 779, 787, 803];[550, 550, 550, 550, 550, 550, 550, 550, 550, 550, 550, 550, 550, 550, 550, 550, 550, 550, 550, 550, 550, 550, 550, 550, 550, 550, 550, 550, 550, 550, 550, 550, 550, 550, 550, 550, 550, 550, 550, 550, 550, 550, 550, 550, 550, 550, 550, 550, 550, 550];[550, 550, 550, 550, 550, 550, 550, 550, 550, 550, 550, 550, 550, 550, 550, 550, 550, 550, 550, 550, 550, 550, 550, 550, 550, 550, 550, 550, 550, 550, 550, 550, 550, 550, 550, 550, 550, 550, 550, 550, 550, 550, 550, 550, 550, 550, 550, 550, 550, 550];[1, 1, 1, 1, 1, 1, 1, 1, 1, 1, 1, 1, 1, 1, 1, 1, 1, 1, 1, 1, 1, 1, 1, 1, 1, 1, 1, 1, 1, 1, 1, 1, 1, 1, 1, 1, 1, 1, 1, 1, 1, 1, 1, 1, 1, 1, 1, 1, 1, 1]
T1000V1000_0.5;1000;1000;0.5;PSUCA;positive;500;500;1100;[3463924, 3452576, 3458535, 3595976, 3609788, 3350029, 3551203, 3530832, 3542122, 3634472, 3474576, 3520013, 3572256, 3660891, 3561163, 3641853, 3530479, 3452440, 3580007, 3543356, 3509643, 3482454, 3519368, 3513379, 3498676, 3576873, 3537654, 3619511, 3535882, 3495122, 3645993, 3605355, 3664389, 3558570, 3423702, 3509150, 3597370, 3530173, 3519893, 3543120, 3530911, 3513571, 3440237, 3469078, 3620157, 3414970, 3538337, 3570211, 3634720, 3504293];[714, 712, 719, 748, 734, 692, 736, 720, 723, 743, 711, 730, 730, 755, 723, 747, 721, 711, 734, 718, 717, 716, 724, 718, 720, 734, 733, 743, 732, 721, 749, 738, 750, 730, 696, 724, 737, 713, 720, 721, 727, 728, 718, 720, 739, 703, 728, 735, 749, 727];[500, 500, 500, 500, 500, 500, 500, 500, 500, 500, 500, 500, 500, 500, 500, 500, 500, 500, 500, 500, 500, 500, 500, 500, 500, 500, 500, 500, 500, 500, 500, 500, 500, 500, 500, 500, 500, 500, 500, 500, 500, 500, 500, 500, 500, 500, 500, 500, 500, 500];[500, 500, 500, 500, 500, 500, 500, 500, 500, 500, 500, 500, 500, 500, 500, 500, 500, 500, 500, 500, 500, 500, 500, 500, 500, 500, 500, 500, 500, 500, 500, 500, 500, 500, 500, 500, 500, 500, 500, 500, 500, 500, 500, 500, 500, 500, 500, 500, 500, 500];[1, 1, 1, 1, 1, 1, 1, 1, 1, 1, 1, 1, 1, 1, 1, 1, 1, 1, 1, 1, 1, 1, 1, 1, 1, 1, 1, 1, 1, 1, 1, 1, 1, 1, 1, 1, 1, 1, 1, 1, 1, 1, 1, 1, 1, 1, 1, 1, 1, 1]
T1100V1000_0.6;1100;1000;0.6;PSUCA;positive;660;440;1210;[3883585, 3621485, 3862142, 3816158, 3679752, 3669812, 3849422, 3745999, 3685123, 3758377, 3808471, 3806233, 3767670, 3827495, 3733338, 3760740, 3746598, 3798848, 3866312, 3736558, 3802499, 3830094, 3793322, 3620670, 3770147, 3670242, 3687754, 3934377, 3822953, 3762539, 3705677, 3847675, 3733049, 3856522, 3712612, 3611846, 3674232, 3734351, 3665383, 3777967, 3627601, 3765328, 3773904, 3872438, 3790585, 3919782, 3605401, 3736408, 3898052, 3796225];[796, 752, 799, 787, 766, 754, 794, 776, 756, 783, 785, 780, 786, 795, 771, 779, 775, 787, 797, 773, 789, 793, 785, 747, 775, 756, 763, 816, 785, 786, 766, 794, 756, 780, 748, 752, 756, 770, 756, 786, 749, 778, 779, 805, 779, 810, 748, 779, 798, 784];[660, 660, 660, 660, 660, 660, 660, 660, 660, 660, 660, 660, 660, 660, 660, 660, 660, 660, 660, 660, 660, 660, 660, 660, 660, 660, 660, 660, 660, 660, 660, 660, 660, 660, 660, 660, 660, 660, 660, 660, 660, 660, 660, 660, 660, 660, 660, 660, 660, 660];[440, 440, 440, 440, 440, 440, 440, 440, 440, 440, 440, 440, 440, 440, 440, 440, 440, 440, 440, 440, 440, 440, 440, 440, 440, 440, 440, 440, 440, 440, 440, 440, 440, 440, 440, 440, 440, 440, 440, 440, 440, 440, 440, 440, 440, 440, 440, 440, 440, 440];[1, 1, 1, 1, 1, 1, 1, 1, 1, 1, 1, 1, 1, 1, 1, 1, 1, 1, 1, 1, 1, 1, 1, 1, 1, 1, 1, 1, 1, 1, 1, 1, 1, 1, 1, 1, 1, 1, 1, 1, 1, 1, 1, 1, 1, 1, 1, 1, 1, 1]
T1000V1000_0.6;1000;1000;0.6;PSUCA;positive;600;400;1100;[3292570, 3287288, 3446594, 3399684, 3476597, 3434509, 3423746, 3395232, 3441656, 3476715, 3423707, 3576950, 3317971, 3325245, 3509762, 3386716, 3399555, 3346193, 3494756, 3348977, 3440575, 3487266, 3381231, 3369595, 3497482, 3542929, 3500600, 3479299, 3411213, 3407750, 3517863, 3351883, 3395814, 3449736, 3335850, 3352505, 3344042, 3438082, 3304221, 3380994, 3366621, 3279171, 3454582, 3381935, 3407215, 3518031, 3356109, 3432277, 3441439, 3463044];[677, 676, 713, 705, 712, 702, 718, 692, 704, 711, 706, 743, 688, 683, 723, 694, 699, 695, 722, 690, 714, 717, 695, 689, 727, 726, 719, 715, 700, 706, 724, 689, 701, 717, 689, 681, 687, 702, 678, 697, 697, 680, 715, 701, 712, 720, 691, 713, 718, 716];[600, 600, 600, 600, 600, 600, 600, 600, 600, 600, 600, 600, 600, 600, 600, 600, 600, 600, 600, 600, 600, 600, 600, 600, 600, 600, 600, 600, 600, 600, 600, 600, 600, 600, 600, 600, 600, 600, 600, 600, 600, 600, 600, 600, 600, 600, 600, 600, 600, 600];[400, 400, 400, 400, 400, 400, 400, 400, 400, 400, 400, 400, 400, 400, 400, 400, 400, 400, 400, 400, 400, 400, 400, 400, 400, 400, 400, 400, 400, 400, 400, 400, 400, 400, 400, 400, 400, 400, 400, 400, 400, 400, 400, 400, 400, 400, 400, 400, 400, 400];[1, 1, 1, 1, 1, 1, 1, 1, 1, 1, 1, 1, 1, 1, 1, 1, 1, 1, 1, 1, 1, 1, 1, 1, 1, 1, 1, 1, 1, 1, 1, 1, 1, 1, 1, 1, 1, 1, 1, 1, 1, 1, 1, 1, 1, 1, 1, 1, 1, 1]
T1100V1000_0.7;1100;1000;0.7;PSUCA;positive;770;330;1210;[3569983, 3527070, 3362165, 3656616, 3394798, 3523273, 3493100, 3480531, 3585591, 3363516, 3577582, 3468733, 3519288, 3554980, 3468947, 3465331, 3501038, 3614392, 3456325, 3637461, 3577497, 3531200, 3540869, 3594231, 3520765, 3635234, 3545493, 3483971, 3367378, 3412723, 3548674, 3344373, 3452947, 3500096, 3581001, 3659742, 3407965, 3378869, 3492562, 3300248, 3438816, 3523592, 3424744, 3399007, 3397104, 3394596, 3557535, 3408856, 3456791, 3533855];[722, 724, 685, 737, 690, 712, 708, 713, 744, 686, 731, 701, 724, 727, 702, 715, 717, 739, 716, 744, 728, 724, 720, 739, 716, 748, 722, 715, 694, 694, 728, 684, 704, 709, 733, 753, 698, 692, 709, 671, 710, 713, 698, 703, 706, 687, 732, 700, 702, 734];[770, 770, 770, 770, 770, 770, 770, 770, 770, 770, 770, 770, 770, 770, 770, 770, 770, 770, 770, 770, 770, 770, 770, 770, 770, 770, 770, 770, 770, 770, 770, 770, 770, 770, 770, 770, 770, 770, 770, 770, 770, 770, 770, 770, 770, 770, 770, 770, 770, 770];[330, 330, 330, 330, 330, 330, 330, 330, 330, 330, 330, 330, 330, 330, 330, 330, 330, 330, 330, 330, 330, 330, 330, 330, 330, 330, 330, 330, 330, 330, 330, 330, 330, 330, 330, 330, 330, 330, 330, 330, 330, 330, 330, 330, 330, 330, 330, 330, 330, 330];[1, 1, 1, 1, 1, 1, 1, 1, 1, 1, 1, 1, 1, 1, 1, 1, 1, 1, 1, 1, 1, 1, 1, 1, 1, 1, 1, 1, 1, 1, 1, 1, 1, 1, 1, 1, 1, 1, 1, 1, 1, 1, 1, 1, 1, 1, 1, 1, 1, 1]
T1000V1000_0.7;1000;1000;0.7;PSUCA;positive;700;300;1100;[3036139, 3127234, 3120346, 3178072, 3258089, 3153276, 3105931, 3301266, 3211822, 3268409, 3233956, 3140290, 3115301, 3251446, 3251834, 3281668, 3056948, 3125366, 3178538, 3174185, 3241833, 3199373, 3273636, 3204549, 3250080, 3135375, 3020356, 3196694, 3198938, 3109166, 3180031, 3126346, 3227961, 3217514, 3133452, 3044142, 3273879, 3112493, 3261573, 3170138, 3144026, 3127650, 3160364, 3194619, 3339017, 3064823, 3146777, 3223725, 3146356, 3220549];[614, 630, 636, 656, 659, 644, 626, 665, 651, 667, 664, 640, 634, 665, 648, 664, 626, 641, 645, 644, 665, 652, 658, 647, 653, 644, 609, 645, 656, 628, 646, 630, 648, 654, 643, 616, 661, 635, 666, 641, 645, 636, 637, 656, 675, 619, 634, 658, 639, 658];[700, 700, 700, 700, 700, 700, 700, 700, 700, 700, 700, 700, 700, 700, 700, 700, 700, 700, 700, 700, 700, 700, 700, 700, 700, 700, 700, 700, 700, 700, 700, 700, 700, 700, 700, 700, 700, 700, 700, 700, 700, 700, 700, 700, 700, 700, 700, 700, 700, 700];[300, 300, 300, 300, 300, 300, 300, 300, 300, 300, 300, 300, 300, 300, 300, 300, 300, 300, 300, 300, 300, 300, 300, 300, 300, 300, 300, 300, 300, 300, 300, 300, 300, 300, 300, 300, 300, 300, 300, 300, 300, 300, 300, 300, 300, 300, 300, 300, 300, 300];[1, 1, 1, 1, 1, 1, 1, 1, 1, 1, 1, 1, 1, 1, 1, 1, 1, 1, 1, 1, 1, 1, 1, 1, 1, 1, 1, 1, 1, 1, 1, 1, 1, 1, 1, 1, 1, 1, 1, 1, 1, 1, 1, 1, 1, 1, 1, 1, 1, 1]
T1100V1000_0.8;1100;1000;0.8;PSUCA;positive;880;220;1210;[3001654, 2936041, 2863900, 2941535, 2992032, 2953876, 2854212, 2929304, 3064557, 2885588, 2917775, 2822053, 3016665, 2866287, 2895978, 3035296, 2862417, 2988083, 3004000, 3040799, 2914501, 3049138, 2924834, 3036791, 2950657, 2992871, 2947356, 2922002, 2920277, 2832477, 3024898, 2938474, 2926194, 2915043, 2940554, 2780041, 2910144, 3001953, 2970303, 2967083, 2982523, 3096724, 2890912, 2935669, 2823443, 2895692, 3046714, 3061073, 2941904, 2937145];[606, 590, 579, 595, 603, 584, 572, 598, 623, 575, 581, 563, 601, 570, 589, 609, 576, 595, 603, 611, 590, 611, 590, 623, 600, 596, 591, 593, 588, 570, 598, 584, 587, 582, 591, 559, 585, 597, 600, 598, 602, 617, 580, 595, 568, 582, 618, 612, 591, 592];[880, 880, 880, 880, 880, 880, 880, 880, 880, 880, 880, 880, 880, 880, 880, 880, 880, 880, 880, 880, 880, 880, 880, 880, 880, 880, 880, 880, 880, 880, 880, 880, 880, 880, 880, 880, 880, 880, 880, 880, 880, 880, 880, 880, 880, 880, 880, 880, 880, 880];[220, 220, 220, 220, 220, 220, 220, 220, 220, 220, 220, 220, 220, 220, 220, 220, 220, 220, 220, 220, 220, 220, 220, 220, 220, 220, 220, 220, 220, 220, 220, 220, 220, 220, 220, 220, 220, 220, 220, 220, 220, 220, 220, 220, 220, 220, 220, 220, 220, 220];[1, 1, 1, 1, 1, 1, 1, 1, 1, 1, 1, 1, 1, 1, 1, 1, 1, 1, 1, 1, 1, 1, 1, 1, 1, 1, 1, 1, 1, 1, 1, 1, 1, 1, 1, 1, 1, 1, 1, 1, 1, 1, 1, 1, 1, 1, 1, 1, 1, 1]
T1100V1000_0.9;1100;1000;0.9;PSUCA;positive;990;110;1210;[2051121, 2015663, 2117194, 2100108, 2119856, 2098351, 2041944, 2050140, 2125138, 2084167, 2109804, 1927828, 2057466, 2115316, 2000745, 2093753, 2129199, 2055350, 2074324, 2072313, 2059720, 2150850, 2021533, 2029415, 2056364, 2135688, 2114852, 2057187, 2092457, 2106341, 2035383, 2044934, 2106413, 2016682, 2082317, 2008227, 2133428, 2145498, 2065302, 2202108, 2096717, 1995836, 2057999, 2106458, 2056314, 2055229, 1995693, 2013134, 2027324, 2051324];[398, 388, 405, 401, 409, 409, 387, 394, 412, 402, 406, 367, 393, 416, 381, 401, 393, 396, 405, 391, 395, 416, 386, 391, 390, 412, 408, 399, 404, 409, 387, 398, 406, 388, 397, 381, 412, 417, 399, 425, 401, 383, 392, 413, 391, 397, 386, 387, 382, 394];[990, 990, 990, 990, 990, 990, 990, 990, 990, 990, 990, 990, 990, 990, 990, 990, 990, 990, 990, 990, 990, 990, 990, 990, 990, 990, 990, 990, 990, 990, 990, 990, 990, 990, 990, 990, 990, 990, 990, 990, 990, 990, 990, 990, 990, 990, 990, 990, 990, 990];[110, 110, 110, 110, 110, 110, 110, 110, 110, 110, 110, 110, 110, 110, 110, 110, 110, 110, 110, 110, 110, 110, 110, 110, 110, 110, 110, 110, 110, 110, 110, 110, 110, 110, 110, 110, 110, 110, 110, 110, 110, 110, 110, 110, 110, 110, 110, 110, 110, 110];[1, 1, 1, 1, 1, 1, 1, 1, 1, 1, 1, 1, 1, 1, 1, 1, 1, 1, 1, 1, 1, 1, 1, 1, 1, 1, 1, 1, 1, 1, 1, 1, 1, 1, 1, 1, 1, 1, 1, 1, 1, 1, 1, 1, 1, 1, 1, 1, 1, 1]
T1000V1000_0.8;1000;1000;0.8;PSUCA;positive;800;200;1100;[2584344, 2697582, 2586991, 2707794, 2641393, 2565230, 2667292, 2671859, 2706027, 2644694, 2605102, 2602559, 2718362, 2742371, 2676555, 2570226, 2711292, 2660454, 2768992, 2616556, 2665529, 2650140, 2649011, 2636799, 2675460, 2549959, 2665208, 2658522, 2659855, 2684395, 2648156, 2706632, 2647807, 2666002, 2708653, 2686201, 2683807, 2721502, 2686863, 2735494, 2675867, 2684037, 2583953, 2722978, 2627371, 2630804, 2647570, 2742760, 2630385, 2734836];[518, 544, 522, 546, 539, 522, 550, 533, 545, 535, 518, 521, 542, 549, 539, 520, 544, 537, 552, 529, 541, 526, 534, 534, 537, 511, 539, 531, 536, 546, 532, 548, 533, 530, 545, 545, 545, 547, 542, 549, 538, 535, 521, 544, 527, 540, 543, 553, 532, 546];[800, 800, 800, 800, 800, 800, 800, 800, 800, 800, 800, 800, 800, 800, 800, 800, 800, 800, 800, 800, 800, 800, 800, 800, 800, 800, 800, 800, 800, 800, 800, 800, 800, 800, 800, 800, 800, 800, 800, 800, 800, 800, 800, 800, 800, 800, 800, 800, 800, 800];[200, 200, 200, 200, 200, 200, 200, 200, 200, 200, 200, 200, 200, 200, 200, 200, 200, 200, 200, 200, 200, 200, 200, 200, 200, 200, 200, 200, 200, 200, 200, 200, 200, 200, 200, 200, 200, 200, 200, 200, 200, 200, 200, 200, 200, 200, 200, 200, 200, 200];[1, 1, 1, 1, 1, 1, 1, 1, 1, 1, 1, 1, 1, 1, 1, 1, 1, 1, 1, 1, 1, 1, 1, 1, 1, 1, 1, 1, 1, 1, 1, 1, 1, 1, 1, 1, 1, 1, 1, 1, 1, 1, 1, 1, 1, 1, 1, 1, 1, 1]
T1000V1000_0.9;1000;1000;0.9;PSUCA;positive;900;100;1100;[1909918, 1901746, 1927967, 1914439, 1923328, 1867856, 1894613, 1835155, 1899490, 1969853, 1865506, 1827921, 1949790, 1929135, 1939133, 1892045, 1939932, 1970312, 1861619, 1854721, 1881316, 1871731, 1926216, 1952013, 1939315, 1848766, 1955848, 1955044, 1921877, 1760425, 1958519, 1933351, 1998208, 1963061, 1874026, 1889653, 1924416, 1881079, 1878576, 1883428, 1890408, 1854237, 1865406, 1861177, 1840008, 1876886, 1884374, 1885382, 1912926, 1916439];[371, 363, 366, 364, 367, 363, 364, 354, 362, 377, 356, 346, 374, 368, 373, 356, 374, 378, 347, 347, 358, 360, 367, 374, 374, 350, 374, 375, 369, 333, 366, 362, 371, 365, 352, 354, 368, 359, 363, 357, 362, 354, 358, 360, 352, 364, 360, 358, 363, 367];[900, 900, 900, 900, 900, 900, 900, 900, 900, 900, 900, 900, 900, 900, 900, 900, 900, 900, 900, 900, 900, 900, 900, 900, 900, 900, 900, 900, 900, 900, 900, 900, 900, 900, 900, 900, 900, 900, 900, 900, 900, 900, 900, 900, 900, 900, 900, 900, 900, 900];[100, 100, 100, 100, 100, 100, 100, 100, 100, 100, 100, 100, 100, 100, 100, 100, 100, 100, 100, 100, 100, 100, 100, 100, 100, 100, 100, 100, 100, 100, 100, 100, 100, 100, 100, 100, 100, 100, 100, 100, 100, 100, 100, 100, 100, 100, 100, 100, 100, 100];[1, 1, 1, 1, 1, 1, 1, 1, 1, 1, 1, 1, 1, 1, 1, 1, 1, 1, 1, 1, 1, 1, 1, 1, 1, 1, 1, 1, 1, 1, 1, 1, 1, 1, 1, 1, 1, 1, 1, 1, 1, 1, 1, 1, 1, 1, 1, 1, 1, 1]
T1000V1000_1.0;1000;1000;1.0;PSUCA;positive;1000;0;1100;[326533, 321614, 325673, 318555, 320543, 325624, 318574, 319014, 321834, 318385, 331254, 318833, 317804, 331324, 321744, 321623, 339854, 319203, 316643, 321694, 317974, 322783, 329734, 321384, 330663, 318963, 319524, 330773, 316623, 318604, 330294, 317113, 315443, 326034, 317474, 333494, 316852, 313925, 330303, 319283, 316125, 322454, 311113, 314093, 330924, 319964, 321323, 319333, 315805, 331274];[3, 3, 3, 3, 3, 3, 3, 3, 3, 3, 3, 3, 3, 3, 3, 3, 3, 3, 3, 3, 3, 3, 3, 3, 3, 3, 3, 3, 3, 3, 3, 3, 3, 3, 3, 3, 3, 3, 3, 3, 3, 3, 3, 3, 3, 3, 3, 3, 3, 3];[1000, 1000, 1000, 1000, 1000, 1000, 1000, 1000, 1000, 1000, 1000, 1000, 1000, 1000, 1000, 1000, 1000, 1000, 1000, 1000, 1000, 1000, 1000, 1000, 1000, 1000, 1000, 1000, 1000, 1000, 1000, 1000, 1000, 1000, 1000, 1000, 1000, 1000, 1000, 1000, 1000, 1000, 1000, 1000, 1000, 1000, 1000, 1000, 1000, 1000];[0, 0, 0, 0, 0, 0, 0, 0, 0, 0, 0, 0, 0, 0, 0, 0, 0, 0, 0, 0, 0, 0, 0, 0, 0, 0, 0, 0, 0, 0, 0, 0, 0, 0, 0, 0, 0, 0, 0, 0, 0, 0, 0, 0, 0, 0, 0, 0, 0, 0];[1, 1, 1, 1, 1, 1, 1, 1, 1, 1, 1, 1, 1, 1, 1, 1, 1, 1, 1, 1, 1, 1, 1, 1, 1, 1, 1, 1, 1, 1, 1, 1, 1, 1, 1, 1, 1, 1, 1, 1, 1, 1, 1, 1, 1, 1, 1, 1, 1, 1]
