experiment;len_T;len_V;max_id_rep;max_V_match_fraction;T_path;V_path;len_IDs_T;len_IDs_V;attack_name;num_queries;time_all;time_encode;time_reconstruct;time_subst
T1200V1000_0.7;1200;1000;2;0.7;experiment_data/medium/T1200V1000_0.7_T.csv;experiment_data/medium/T1200V1000_0.7_V.csv;4417;3407;RecordEnumeration;[1, 1, 1, 1, 1, 1, 1, 1, 1, 1, 1, 1, 1, 1, 1, 1, 1, 1, 1, 1, 1, 1, 1, 1, 1, 1, 1, 1, 1, 1, 1, 1, 1, 1, 1, 1, 1, 1, 1, 1, 1, 1, 1, 1, 1, 1, 1, 1, 1, 1];[38236964, 40813803, 45115173, 40074227, 38249124, 41227707, 40293067, 40068285, 41825695, 41281348, 41577294, 37595597, 37642969, 37716219, 39963054, 39584129, 44277464, 43520665, 41590733, 43496585, 42952948, 35595084, 43088971, 43794888, 41084398, 40070046, 37536295, 37779339, 34958757, 43818539, 40875644, 39908483, 43868479, 44885990, 34262300, 37872470, 46509829, 44083272, 39154074, 38135923, 33544093, 44328743, 41819116, 40145066, 40409299, 42053527, 43561104, 39247896, 40131036, 37905000];[2584609, 2536059, 2800432, 2769232, 2680831, 2656960, 2651570, 2488208, 2648830, 2644759, 2827232, 2772081, 2609320, 2469448, 3273737, 2689170, 2374547, 2679481, 2410748, 2692791, 2841952, 2696441, 2602830, 2558529, 2701501, 2838303, 2453668, 2755801, 2521768, 2514739, 2590809, 2721061, 2455658, 2702491, 2603560, 2660520, 2490298, 2693201, 2872392, 2629830, 2407758, 2647940, 2640290, 2728801, 2629049, 2343846, 2564649, 2698841, 2667050, 2487078];[33814554, 36545705, 40629172, 35315332, 33582201, 36568475, 35761656, 35671915, 37381405, 36928729, 36618907, 33056796, 33420520, 33716133, 33950656, 35883238, 40165067, 39279706, 37539786, 38919432, 38230565, 31264465, 38751471, 39496459, 36932750, 35680805, 33431099, 33417289, 31047543, 39230146, 36597356, 35370102, 39578430, 38446547, 29821069, 33624922, 41997928, 39516740, 34531602, 33982456, 29807209, 39985264, 37103732, 35471863, 36034940, 37668478, 38990083, 34416991, 35518783, 33361669];[1837801, 1732039, 1685569, 1989663, 1986092, 2002272, 1879841, 1908162, 1795460, 1707860, 2131155, 1766720, 1613129, 1530638, 2738661, 1011721, 1737850, 1561478, 1640199, 1884362, 1880431, 1634178, 1734670, 1739900, 1450147, 1550938, 1651528, 1606249, 1389446, 2073654, 1687479, 1817320, 1834391, 3736952, 1837671, 1587028, 2021603, 1873331, 1750080, 1523637, 1329126, 1695539, 2075094, 1944402, 1745310, 2041203, 2006372, 2132064, 1945203, 2056253]
T1300V1000_0.3;1300;1000;2;0.3;experiment_data/medium/T1300V1000_0.3_T.csv;experiment_data/medium/T1300V1000_0.3_V.csv;4759;3006;RecordEnumeration;[1, 1, 1, 1, 1, 1, 1, 1, 1, 1, 1, 1, 1, 1, 1, 1, 1, 1, 1, 1, 1, 1, 1, 1, 1, 1, 1, 1, 1, 1, 1, 1, 1, 1, 1, 1, 1, 1, 1, 1, 1, 1, 1, 1, 1, 1, 1, 1, 1, 1];[44375594, 43514205, 40639921, 46451438, 44071812, 42145939, 43489244, 41655174, 39239836, 43062009, 46538139, 42119579, 45548098, 46541839, 47287237, 46695181, 45550989, 43347310, 48554132, 45729309, 40799902, 45467468, 45225044, 44386684, 46407527, 46915953, 47465340, 45737690, 42662374, 44338114, 47678732, 44603418, 41611894, 43342045, 47667831, 45278095, 45402325, 46823073, 51040448, 41485003, 44730449, 47990366, 47839064, 46308137, 43951710, 45314615, 46350147, 49801716, 45464507, 45292774];[2939653, 2857363, 2941923, 2774661, 2677741, 2697321, 2683300, 2719361, 2461358, 2690960, 2808672, 2770702, 2820272, 2639170, 3089495, 2781702, 2619100, 2884052, 2802292, 2844892, 2767951, 2669541, 2687721, 2692690, 2694370, 2732151, 3015655, 2806062, 2696330, 2736031, 2851882, 2857033, 2756932, 2717202, 2424077, 2663560, 2784921, 2904384, 2927163, 2574690, 2619200, 2721081, 2641510, 2667501, 2677941, 2575459, 2596029, 2561299, 2789512, 2812312];[37294924, 39321787, 36089160, 38911132, 39926214, 37741349, 39458279, 37862381, 35225081, 38965973, 42243741, 37724499, 41129728, 42276560, 42512603, 42409322, 41294920, 38705589, 44047201, 41293459, 36592385, 41441681, 41170068, 40013664, 42139949, 42377522, 42895817, 41383781, 38755680, 40294758, 43072120, 39961335, 37540027, 39426909, 43712357, 40981916, 40859884, 42159129, 38966522, 37636108, 40485480, 42009498, 43277542, 42092228, 37551386, 41176638, 42122809, 42936078, 40924405, 40646831];[4141017, 1335055, 1608838, 4765645, 1467857, 1707269, 1347665, 1073432, 1553397, 1405076, 1485726, 1624378, 1598098, 1626109, 1685139, 1504157, 1636969, 1757669, 1704639, 1590958, 1439566, 1356246, 1367255, 1680330, 1573208, 1806280, 1553868, 1547847, 1210364, 1307325, 1754730, 1785050, 1314935, 1197934, 1531397, 1632619, 1757520, 1759560, 9146763, 1274205, 1625769, 3259787, 1920012, 1548408, 3722383, 1562518, 1631309, 4304339, 1750590, 1833631]
T1200V1000_0.0;1200;1000;2;0.0;experiment_data/medium/T1200V1000_0.0_T.csv;experiment_data/medium/T1200V1000_0.0_V.csv;4392;2665;RecordEnumeration;[1, 1, 1, 1, 1, 1, 1, 1, 1, 1, 1, 1, 1, 1, 1, 1, 1, 1, 1, 1, 1, 1, 1, 1, 1, 1, 1, 1, 1, 1, 1, 1, 1, 1, 1, 1, 1, 1, 1, 1, 1, 1, 1, 1, 1, 1, 1, 1, 1, 1];[35972589, 41429771, 45935712, 38004093, 43981219, 44210773, 43087670, 45491496, 43549125, 48266418, 46018093, 46282656, 44564787, 37781569, 47271468, 42555144, 46176205, 45491176, 47554140, 47923304, 46517057, 46721591, 47015274, 46713221, 45356267, 45496007, 46836112, 45927042, 39279726, 40939105, 47986735, 50535856, 48343149, 48200678, 43416384, 49618344, 47255106, 48550711, 47545650, 47273778, 44786209, 39964404, 44871700, 44641967, 46460308, 40284588, 41197639, 49485033, 47314688, 43529254];[2838932, 2491949, 2810192, 2972334, 3032984, 2914023, 2833992, 3142045, 3038215, 3122735, 2793772, 2804842, 3466709, 2867902, 2850542, 2564469, 3152176, 2909963, 2478848, 2976183, 3212706, 3106725, 2906162, 3174386, 2735522, 2899093, 2738491, 2904643, 3005904, 2843742, 2463397, 2552660, 3276208, 3327768, 3338768, 2879913, 2758381, 2763221, 3113175, 3476810, 2972474, 2579759, 2677450, 2581939, 2926663, 3170406, 3013644, 2553479, 2903723, 2831912];[31992164, 37677438, 42177689, 33666053, 39407618, 39979585, 38667500, 40948745, 39115454, 43962079, 42081928, 41884316, 39548490, 33713893, 40892555, 38639820, 41706054, 41266649, 43780077, 43590236, 41898866, 42476953, 42720756, 42451733, 41222339, 41311019, 42553384, 41427441, 34938537, 36896100, 44090941, 46287146, 43437583, 37923701, 38641160, 45276214, 43108730, 44261063, 42752226, 42157669, 40348689, 36224312, 40827204, 40633622, 41615503, 35772397, 37038322, 45360526, 42851867, 39280036];[1141493, 1260384, 947831, 1365706, 1540617, 1317165, 1586178, 1400706, 1395456, 1181604, 1142393, 1593498, 1549588, 1199774, 3528371, 1350855, 1317975, 1314564, 1295215, 1356885, 1405485, 1137913, 1388356, 1087102, 1398406, 1285895, 1544237, 1594958, 1335285, 1199263, 1432397, 1696050, 1629358, 6949209, 1436456, 1462217, 1387995, 1526427, 1680249, 1639299, 1465046, 1160333, 1367046, 1426406, 1918142, 1341785, 1145673, 1571028, 1559098, 1417306]
T1300V1000_1.0;1300;1000;2;1.0;experiment_data/medium/T1300V1000_1.0_T.csv;experiment_data/medium/T1300V1000_1.0_V.csv;4620;3784;RecordEnumeration;[1, 1, 1, 1, 1, 1, 1, 1, 1, 1, 1, 1, 1, 1, 1, 1, 1, 1, 1, 1, 1, 1, 1, 1, 1, 1, 1, 1, 1, 1, 1, 1, 1, 1, 1, 1, 1, 1, 1, 1, 1, 1, 1, 1, 1, 1, 1, 1, 1, 1];[43328863, 40965666, 41623093, 44501186, 39156835, 40588141, 44681767, 46443267, 43401425, 45633379, 42551044, 40784294, 45445697, 44968442, 38150933, 45769691, 45047231, 34604254, 41827085, 46093933, 44191873, 46907761, 42499444, 46866643, 42911388, 40944766, 40010725, 44186303, 44671568, 42771466, 42494184, 45121894, 49150319, 48021876, 47701702, 41571982, 41189869, 42576254, 45238135, 45995362, 45405187, 48056386, 44953060, 44127492, 48934927, 46452998, 47687462, 47109275, 45520298, 47798644];[2890743, 2999914, 2833432, 2872893, 2758631, 3121276, 2878373, 2942733, 2800703, 2732691, 2847163, 2821932, 2951894, 2869083, 2849532, 2935264, 2838452, 2766081, 2859872, 2781271, 2665471, 2895262, 2751642, 2853193, 2848053, 2855573, 3052695, 2791402, 2595280, 3263337, 3070245, 2586280, 2691611, 2562609, 2856992, 3101435, 2828863, 2903173, 2834573, 2602399, 2634970, 2646810, 2830372, 2878403, 2500609, 2707121, 2760761, 2882462, 2913664, 2758132];[34848976, 35919438, 36680717, 36346203, 34029977, 35348521, 39537549, 41466351, 38544338, 40665642, 37332964, 35911979, 40331728, 39563970, 33261958, 40670453, 39771672, 29886180, 36908569, 41417591, 39161355, 41565042, 37747689, 41954037, 37823670, 35893948, 35001098, 39370118, 39955714, 37572387, 37912471, 40633832, 44077861, 43038559, 42223870, 36401733, 36158621, 37465406, 36083270, 41441551, 40630162, 40760553, 39656080, 39181165, 42384142, 41772735, 42467013, 38961843, 40627742, 42500052];[5589144, 2046314, 2108944, 5282090, 2368227, 2118344, 2265845, 2034183, 2056384, 2235046, 2370917, 2050383, 2162075, 2535389, 2039443, 2163974, 2437107, 1951993, 2058644, 1895071, 2365047, 2447457, 2000113, 2059413, 2239665, 2195245, 1956932, 2024783, 2120574, 1935742, 1511468, 1901782, 2380847, 2420708, 2620840, 2068814, 2202385, 2207675, 6320292, 1951412, 2140055, 4649023, 2466608, 2067924, 4050176, 1973142, 2459688, 5264970, 1978892, 2540460]
T1400V1000_0.6;1400;1000;2;0.6;experiment_data/medium/T1400V1000_0.6_T.csv;experiment_data/medium/T1400V1000_0.6_V.csv;5122;3411;RecordEnumeration;[1, 1, 1, 1, 1, 1, 1, 1, 1, 1, 1, 1, 1, 1, 1, 1, 1, 1, 1, 1, 1, 1, 1, 1, 1, 1, 1, 1, 1, 1, 1, 1, 1, 1, 1, 1, 1, 1, 1, 1, 1, 1, 1, 1, 1, 1, 1, 1, 1, 1];[40544601, 40408919, 46653820, 41043047, 41849015, 45751600, 50403273, 45543718, 44791769, 54286567, 49326010, 49195439, 49807436, 46478018, 48099737, 50828797, 48110387, 47371018, 53021772, 47052204, 47894714, 54111115, 55382279, 44877510, 45096332, 45209874, 43392083, 48167028, 50448853, 48866656, 50572955, 47328238, 47288517, 50379203, 48360149, 45175893, 41700344, 43558505, 48847017, 48487281, 49409931, 51524766, 46959463, 49717784, 51987541, 47656691, 46700811, 46906883, 47703842, 46537970];[3001494, 3043344, 2887093, 2875173, 2983603, 2938064, 3022124, 3186736, 3020734, 3001624, 2801221, 3106865, 3249617, 2774541, 2940324, 2834852, 2929244, 3209057, 3080955, 2918723, 3089255, 3030155, 5988848, 2995234, 3012744, 2808722, 2742491, 3053415, 3142615, 3197947, 3142516, 3382809, 3292757, 3154486, 3327627, 3225096, 3224827, 3158526, 2911514, 3132916, 3257917, 3329018, 3442159, 3501400, 3320188, 3147806, 3163256, 3174376, 3338058, 3286358];[36087681, 35903249, 41998027, 36503895, 36898289, 40524130, 42030028, 40628162, 40002955, 45240405, 44640307, 44282144, 42839547, 42080428, 43557645, 43964289, 43428473, 42179879, 43740967, 42354951, 42964368, 45432476, 47488500, 39821582, 40223407, 40702393, 39065264, 43161160, 45227104, 43267632, 45174463, 41836415, 41637904, 45191784, 43036799, 40091516, 36837368, 38677270, 44056421, 43657076, 44242132, 46141025, 41565322, 44185092, 46744921, 42827906, 41805515, 41815275, 42564364, 41443651];[1455426, 1462326, 1768700, 1663979, 1967123, 2289406, 5351121, 1728820, 1768080, 6044538, 1884482, 1806430, 3718272, 1623049, 1601768, 4029656, 1752670, 1982082, 6199850, 1778530, 1841091, 5648484, 1904931, 2060694, 1860181, 1698759, 1584328, 1952453, 2079134, 2401077, 2255976, 2109014, 2357856, 2032933, 1995723, 1859281, 1638149, 1722709, 1879082, 1697289, 1909882, 2054723, 1951982, 2031292, 1922432, 1680979, 1732040, 1917232, 1801420, 1807961]
T1400V1000_0.0;1400;1000;2;0.0;experiment_data/medium/T1400V1000_0.0_T.csv;experiment_data/medium/T1400V1000_0.0_V.csv;5108;2675;RecordEnumeration;[1, 1, 1, 1, 1, 1, 1, 1, 1, 1, 1, 1, 1, 1, 1, 1, 1, 1, 1, 1, 1, 1, 1, 1, 1, 1, 1, 1, 1, 1, 1, 1, 1, 1, 1, 1, 1, 1, 1, 1, 1, 1, 1, 1, 1, 1, 1, 1, 1, 1];[39296787, 35276251, 47316398, 43158021, 37486686, 40103776, 37798289, 36504986, 44565387, 35978059, 37706688, 40167416, 37863409, 38099353, 39220085, 36472155, 37214573, 45167604, 38534947, 39167644, 36416213, 47167197, 39447999, 47255736, 46084854, 45483628, 37518548, 37020440, 38637619, 37621436, 45904311, 38226294, 39241106, 45497757, 36951799, 46277455, 39596821, 38872452, 41569553, 43659327, 40366440, 42721417, 37251364, 38788280, 41782965, 38165544, 39574150, 47353948, 37478936, 38840821];[2712231, 2966824, 2754861, 2895533, 3116025, 2966724, 2919853, 2841693, 2995514, 2952024, 2957044, 2983164, 2817211, 2866603, 2943233, 3329548, 2853872, 3070125, 3059704, 3019714, 2947873, 2733841, 3049815, 3063474, 2977604, 2979544, 3097586, 3048494, 2969184, 3107955, 2998864, 2903643, 3027584, 3165976, 3122105, 2791841, 3057555, 2969914, 2966684, 3107855, 2982654, 3045465, 3044095, 3059284, 2951644, 3044355, 3020785, 2996974, 3031824, 3038154];[35624105, 31476858, 34028217, 38994793, 33435760, 33749334, 33887335, 32725752, 38124514, 32045334, 33830084, 33872425, 34174108, 34289249, 33098116, 32336748, 33498491, 37778960, 34582503, 35204320, 32516589, 42983309, 35290561, 42812307, 41928927, 41258169, 33525812, 33054376, 34656234, 33566041, 41767074, 34176378, 35144189, 41044406, 32919044, 42272610, 35571325, 34875216, 37453776, 39212106, 36108671, 38657270, 33217588, 34802925, 37798939, 34074867, 35574104, 43015688, 33471601, 34763475];[960451, 832569, 10533320, 1267695, 934901, 3387718, 991101, 937541, 3445359, 980701, 919560, 3311827, 872090, 943501, 3178736, 805859, 862210, 4318519, 892740, 943610, 951751, 1450047, 1107623, 1379955, 1178323, 1245915, 895150, 917570, 1012201, 947440, 1138373, 1146273, 1069333, 1287375, 910650, 1213004, 967941, 1027322, 1149093, 1339366, 1275115, 1018682, 989681, 926071, 1032382, 1046322, 979261, 1341286, 975511, 1039192]
T1200V1000_0.1;1200;1000;2;0.1;experiment_data/medium/T1200V1000_0.1_T.csv;experiment_data/medium/T1200V1000_0.1_V.csv;4417;2740;RecordEnumeration;[1, 1, 1, 1, 1, 1, 1, 1, 1, 1, 1, 1, 1, 1, 1, 1, 1, 1, 1, 1, 1, 1, 1, 1, 1, 1, 1, 1, 1, 1, 1, 1, 1, 1, 1, 1, 1, 1, 1, 1, 1, 1, 1, 1, 1, 1, 1, 1, 1, 1];[44301702, 38786431, 41565622, 49792386, 40513350, 42473583, 46484551, 41918867, 45408516, 43656534, 46595371, 42112109, 46390907, 45614169, 36500415, 48275859, 42406032, 56901508, 44769140, 41871896, 45122473, 44524047, 47036784, 46265355, 44201484, 44252174, 42166260, 50746477, 45696159, 47121506, 44076341, 45590219, 39999185, 46494758, 50445205, 38049952, 55975295, 46102304, 41612124, 44335783, 45477996, 47126966, 43051600, 42638945, 44829828, 43893338, 46354176, 46363516, 47992486, 42623144];[2363616, 3094825, 3126815, 2542489, 3076155, 2878313, 2637181, 2861753, 3176016, 2525358, 2915783, 3175166, 2545539, 3289668, 3092195, 2633470, 2654110, 2759962, 2822793, 2788952, 2952044, 2966634, 3036534, 2726941, 2884723, 2876793, 2782052, 2807772, 3069495, 2814552, 2917693, 2673921, 2951814, 2925923, 2781392, 3046094, 2818462, 2579469, 2881502, 2958683, 2871392, 3106576, 2877263, 2813733, 2833822, 2830662, 2678920, 2569999, 2930614, 2939523];[40272427, 34455681, 36972430, 45813141, 35806667, 38213534, 42170610, 37511537, 37309464, 39604699, 42233011, 37689178, 42070358, 40690383, 32272527, 44420835, 38376816, 52597958, 40445339, 37663208, 40536601, 39832243, 42524333, 41997717, 39629931, 39835963, 37913151, 40891595, 41083107, 42653875, 39758943, 41454711, 35575325, 41915157, 46019484, 33544621, 51674277, 41821596, 37135653, 39816482, 40950825, 42440022, 38721780, 38303665, 40515840, 39597870, 39894833, 42154359, 43543535, 38051113];[1665659, 1235925, 1466377, 1436756, 1630528, 1381736, 1676760, 1545577, 4923036, 1526477, 1446577, 1247765, 1775010, 1634118, 1135693, 1221554, 1375106, 1543588, 1501008, 1419736, 1633828, 1725170, 1475917, 1540697, 1686830, 1539418, 1471057, 7047110, 1543557, 1653079, 1399705, 1461587, 1472046, 1653678, 1644329, 1459237, 1482556, 1701239, 1594969, 1560618, 1655779, 1580368, 1452557, 1521547, 1480166, 1464806, 3780423, 1639158, 1518337, 1632508]
T1400V1000_0.1;1400;1000;2;0.1;experiment_data/medium/T1400V1000_0.1_T.csv;experiment_data/medium/T1400V1000_0.1_V.csv;5120;2817;RecordEnumeration;[1, 1, 1, 1, 1, 1, 1, 1, 1, 1, 1, 1, 1, 1, 1, 1, 1, 1, 1, 1, 1, 1, 1, 1, 1, 1, 1, 1, 1, 1, 1, 1, 1, 1, 1, 1, 1, 1, 1, 1, 1, 1, 1, 1, 1, 1, 1, 1, 1, 1];[38853862, 36358283, 36985811, 36988050, 36959370, 38945552, 37210773, 37088003, 37105871, 36879559, 38359746, 45709969, 39584309, 39845783, 39171116, 38262615, 50241710, 46545430, 44517027, 48195578, 38363027, 37396405, 41362640, 37131182, 48149498, 46861612, 42118699, 37751129, 40247859, 38116504, 37180354, 39517989, 38944823, 48303909, 44292714, 39501609, 42728655, 38383997, 36959320, 36312343, 41197998, 41178658, 37586877, 45412195, 42663274, 39178486, 37770469, 41611504, 39349278, 38247124];[2870653, 3157606, 3071275, 3126245, 3119835, 2997074, 3062475, 3033915, 3023164, 3019674, 3187096, 2871843, 3304207, 3071235, 2817332, 3586371, 3121765, 3046555, 3034235, 3067915, 2940654, 3107895, 3095095, 2921393, 3014935, 3170905, 3077185, 3083875, 3073525, 3045915, 2846903, 3006265, 3481800, 3058505, 3027565, 3119985, 3053184, 2935394, 3024834, 3134046, 2847142, 3058455, 3092895, 3041614, 3024164, 3111356, 3177386, 3061905, 3050165, 2923753];[34947207, 32208736, 32929844, 32898894, 32849744, 34950067, 33068056, 33058946, 33058796, 32784333, 34314761, 41488391, 35114959, 35866448, 34700905, 33612232, 36422424, 41974487, 40284248, 41276339, 34306730, 33164377, 35061148, 33258218, 43617155, 38643610, 37987092, 33697233, 33883326, 34068067, 33387440, 33051145, 34444611, 43906879, 39836753, 35319102, 38616179, 34448331, 32865454, 32310987, 37259094, 37185203, 33491671, 41059396, 38571178, 34783326, 33601672, 37434836, 34927997, 34363350];[1036002, 991941, 984692, 962911, 989791, 998411, 1080242, 995142, 1023911, 1075552, 857889, 1349735, 1165143, 908100, 1652879, 1064012, 10697521, 1524388, 1198544, 3851324, 1115643, 1124133, 3206397, 951571, 1517408, 5047097, 1054422, 970021, 3291008, 1002522, 946011, 3460579, 1018412, 1338525, 1428396, 1062522, 1059292, 1000272, 1069032, 867310, 1091762, 935000, 1002311, 1311185, 1067932, 1283804, 991411, 1114763, 1371116, 960021]
T500V1000_0.0;500;1000;2;0.0;experiment_data/medium/T500V1000_0.0_T.csv;experiment_data/medium/T500V1000_0.0_V.csv;1852;2666;RecordEnumeration;[1, 1, 1, 1, 1, 1, 1, 1, 1, 1, 1, 1, 1, 1, 1, 1, 1, 1, 1, 1, 1, 1, 1, 1, 1, 1, 1, 1, 1, 1, 1, 1, 1, 1, 1, 1, 1, 1, 1, 1, 1, 1, 1, 1, 1, 1, 1, 1, 1, 1];[16353797, 15090801, 16357337, 15510606, 16341236, 14658487, 16432897, 16325526, 13319532, 16246145, 17204345, 11983826, 16077303, 15385986, 15972882, 16136773, 15045239, 15599197, 16357126, 16314855, 15238203, 15961622, 15721149, 23308053, 16215105, 13448162, 18010355, 17215357, 12116208, 15109293, 16714991, 14924210, 15253434, 15457145, 15811159, 17336788, 14501555, 14733649, 15930331, 16975154, 14923281, 15006321, 15428025, 16442768, 16949333, 15348354, 15006750, 17626701, 16162893, 14356324];[898911, 997291, 940940, 954031, 839200, 955691, 937431, 988721, 884920, 877200, 1068172, 985391, 899000, 942001, 922171, 959440, 923860, 920260, 926211, 908730, 982141, 972791, 924421, 926950, 915721, 1034562, 875550, 929141, 1031872, 836440, 977272, 970751, 916291, 916370, 980881, 923641, 952091, 903941, 873650, 931821, 989752, 992611, 829029, 955641, 944711, 946190, 944750, 898060, 910660, 957211];[14400564, 12791515, 14009930, 13391692, 14217092, 12552053, 14030859, 13928809, 11414290, 13937239, 14649156, 10217097, 13823188, 13180070, 13653855, 13859678, 12921666, 13312001, 13887248, 14223831, 12920627, 13826898, 13532984, 14653446, 13657715, 11420509, 14537265, 14925500, 10143145, 12422092, 14426874, 12904167, 12309710, 13456543, 13606815, 14339893, 12480152, 12776976, 13194270, 14774908, 12767245, 12322030, 13472843, 14280073, 14251982, 13347502, 13013218, 14578786, 14046859, 12290220];[1054322, 1301995, 1406467, 1164883, 1284944, 1150743, 1464607, 1407996, 1020322, 1431706, 1487017, 781338, 1355115, 1263915, 1396856, 1317655, 1199713, 1366936, 1543667, 1182294, 1335435, 1161933, 1263744, 7727657, 1641669, 993091, 2597540, 1360716, 941191, 1850761, 1310845, 1049292, 2027433, 1084232, 1223463, 2073254, 1069312, 1052732, 1862411, 1268425, 1166284, 1691680, 1126153, 1207054, 1752640, 1054662, 1048782, 2149855, 1205374, 1108893]
T500V1000_0.7;500;1000;2;0.7;experiment_data/medium/T500V1000_0.7_T.csv;experiment_data/medium/T500V1000_0.7_V.csv;1839;2995;RecordEnumeration;[1, 1, 1, 1, 1, 1, 1, 1, 1, 1, 1, 1, 1, 1, 1, 1, 1, 1, 1, 1, 1, 1, 1, 1, 1, 1, 1, 1, 1, 1, 1, 1, 1, 1, 1, 1, 1, 1, 1, 1, 1, 1, 1, 1, 1, 1, 1, 1, 1, 1];[16773992, 13415533, 13938348, 16033753, 15411635, 14678548, 11765245, 16754760, 16284705, 13347291, 16025673, 12353570, 15150373, 15495787, 14312352, 16460397, 15157303, 16074981, 13760886, 14151041, 14934310, 17105626, 12086957, 17550249, 15683347, 17085915, 16842971, 11810024, 16949852, 16644339, 15668329, 12923857, 17136394, 17488589, 14477315, 13428124, 16581869, 16844441, 11814415, 16081222, 16750379, 17447168, 15819290, 15274374, 16864281, 13734626, 16850672, 15850280, 14222912, 13168289];[842320, 1000182, 978051, 882140, 932131, 1009682, 892211, 815689, 948261, 977401, 935471, 959541, 899211, 967651, 899500, 905040, 919521, 928340, 999371, 924951, 906040, 900071, 999031, 888040, 856549, 961391, 982951, 913090, 836209, 981581, 906731, 875160, 830170, 910721, 946371, 905681, 893180, 1002521, 973882, 817929, 941690, 824659, 948871, 878010, 938640, 905020, 874060, 984531, 901610, 888770];[14528825, 10976685, 11743264, 13663085, 13052878, 12160209, 9990184, 14253032, 13703296, 11286958, 13364252, 10309437, 12814916, 12834886, 12057717, 14090940, 12853717, 13272260, 11679213, 11685053, 12380461, 14467085, 10313277, 11472680, 13339812, 14387914, 13766476, 9838922, 14521985, 13522583, 13309601, 10906274, 14037599, 14793488, 11991747, 11054286, 13800277, 14410324, 9681690, 13672655, 14282462, 14355233, 13286181, 12841797, 13691215, 11543301, 14281663, 12824096, 12049137, 11229667];[1402847, 1438666, 1217033, 1488528, 1426626, 1508657, 882850, 1686039, 1633148, 1082932, 1725950, 1084592, 1436246, 1693250, 1355135, 1464417, 1384065, 1874381, 1082302, 1541037, 1647809, 1738470, 774649, 5189529, 1486986, 1736610, 2093544, 1058012, 1591658, 2140175, 1451997, 1142423, 2268625, 1784380, 1539197, 1468157, 1888412, 1431596, 1158843, 1590638, 1526227, 2267276, 1584238, 1554567, 2234426, 1286305, 1694949, 2041653, 1272165, 1049852]
T500V1000_0.1;500;1000;2;0.1;experiment_data/medium/T500V1000_0.1_T.csv;experiment_data/medium/T500V1000_0.1_V.csv;1831;2714;RecordEnumeration;[1, 1, 1, 1, 1, 1, 1, 1, 1, 1, 1, 1, 1, 1, 1, 1, 1, 1, 1, 1, 1, 1, 1, 1, 1, 1, 1, 1, 1, 1, 1, 1, 1, 1, 1, 1, 1, 1, 1, 1, 1, 1, 1, 1, 1, 1, 1, 1, 1, 1];[16121963, 16407267, 16452848, 16389105, 15609048, 17008013, 17848993, 12200299, 17217036, 16009133, 17080804, 16799182, 15987290, 17323156, 16048023, 17844793, 15018100, 14929720, 17143255, 18000514, 12988837, 15318223, 15732869, 17924805, 15214882, 14765288, 18649762, 16476268, 13867287, 16267786, 17048155, 16625428, 14351963, 14862279, 18185806, 12613913, 16763600, 18183506, 17364577, 16538096, 16774739, 17238286, 13594725, 17489659, 17190825, 14645036, 14646305, 17985685, 16572908, 16085633];[836289, 856970, 1057422, 966740, 812980, 900980, 874770, 913481, 823459, 1010032, 843259, 971962, 934410, 903050, 991122, 916880, 1017791, 928721, 857640, 968141, 1057912, 904100, 941591, 884401, 1081702, 892510, 903130, 1023552, 958601, 939671, 1022322, 974201, 871540, 857570, 1011971, 1010402, 832619, 988741, 966681, 1064212, 838519, 966161, 1039002, 854200, 971801, 998721, 856050, 877770, 986441, 999061];[13382972, 14014969, 14302623, 13706276, 13428772, 14584695, 14789088, 10580020, 15048481, 13150099, 14633246, 14472415, 13151769, 14962280, 13772737, 14590526, 12963847, 12626163, 14049320, 15454165, 10971555, 13201360, 13430222, 15507787, 13140359, 12657804, 16206204, 14289033, 11958836, 13941819, 14439395, 14157790, 12485982, 12696594, 15663098, 10777472, 14532175, 15743299, 14928800, 14257611, 14499724, 14935929, 11721963, 15231334, 14784088, 12502942, 12672973, 15698999, 14083030, 13639535];[1902702, 1535328, 1092803, 1716089, 1367296, 1522338, 2185135, 706798, 1345096, 1849002, 1604299, 1354805, 1901111, 1457826, 1284164, 2337387, 1036462, 1374836, 2236295, 1578208, 959370, 1212763, 1361056, 1532617, 992821, 1214974, 1540428, 1163683, 949850, 1386296, 1586438, 1493437, 994441, 1308115, 1510737, 826039, 1398806, 1451466, 1469096, 1216273, 1436496, 1336196, 833760, 1404125, 1434936, 1143373, 1117282, 1408916, 1503437, 1447037]
T600V1000_0.3;600;1000;2;0.3;experiment_data/medium/T600V1000_0.3_T.csv;experiment_data/medium/T600V1000_0.3_V.csv;2227;2854;RecordEnumeration;[1, 1, 1, 1, 1, 1, 1, 1, 1, 1, 1, 1, 1, 1, 1, 1, 1, 1, 1, 1, 1, 1, 1, 1, 1, 1, 1, 1, 1, 1, 1, 1, 1, 1, 1, 1, 1, 1, 1, 1, 1, 1, 1, 1, 1, 1, 1, 1, 1, 1];[17461058, 14319633, 18772523, 13791498, 17517798, 18761624, 14040179, 19518232, 14327012, 17622121, 20108118, 13294261, 19192569, 19994327, 15392225, 19402650, 13925588, 17475429, 25579581, 15523216, 18408099, 18052235, 17170615, 18188887, 14169721, 13081268, 12960507, 14158390, 12965127, 12866527, 13336703, 12961737, 14218923, 12859136, 12902257, 13169190, 12918047, 12957197, 12843936, 13287172, 12940157, 12943817, 13303061, 12849496, 12875566, 13190898, 12908057, 13240221, 13084809, 13050068];[1043821, 1098453, 1009511, 1185254, 1047471, 1217254, 1076752, 1027872, 1165753, 1057292, 1084922, 1148833, 1011472, 1061912, 1140973, 1018042, 1146713, 1033672, 1069092, 1111713, 1011831, 1189464, 1156673, 1010262, 1071762, 1109692, 1010471, 1005851, 1063532, 1002842, 989991, 1005181, 994302, 999801, 997832, 989992, 1004501, 1003241, 989212, 997332, 1012931, 1024172, 1009312, 984281, 984981, 995211, 986171, 997451, 1001181, 1010721];[15135592, 12064117, 16688289, 11919726, 15353914, 16331356, 11892605, 17182645, 12080787, 15494417, 17736482, 11397509, 16760631, 16549368, 13435273, 17161385, 11878635, 15491516, 17118165, 13679465, 15987422, 15613567, 15065591, 15332304, 12422891, 11320669, 11309039, 12449631, 11227247, 11212637, 11253779, 11293169, 12450372, 11201827, 11264328, 11182097, 11266588, 11304359, 11216827, 11638692, 11269638, 11277808, 11242437, 11213998, 11235488, 11504270, 11266188, 11189298, 11389580, 11382420];[1281645, 1157063, 1074723, 686518, 1116413, 1213014, 1070822, 1307715, 1080472, 1070412, 1286714, 747919, 1420466, 2383047, 815979, 1223223, 900240, 950241, 7392324, 732038, 1408846, 1249204, 948351, 1846321, 675068, 650907, 640997, 702908, 674348, 651048, 1092933, 663387, 774249, 657508, 640097, 997101, 646958, 649597, 637897, 651148, 657588, 641837, 1051312, 651217, 655097, 691417, 655698, 1053472, 694048, 656927]
T600V1000_1.0;600;1000;2;1.0;experiment_data/medium/T600V1000_1.0_T.csv;experiment_data/medium/T600V1000_1.0_V.csv;2206;3210;RecordEnumeration;[1, 1, 1, 1, 1, 1, 1, 1, 1, 1, 1, 1, 1, 1, 1, 1, 1, 1, 1, 1, 1, 1, 1, 1, 1, 1, 1, 1, 1, 1, 1, 1, 1, 1, 1, 1, 1, 1, 1, 1, 1, 1, 1, 1, 1, 1, 1, 1, 1, 1];[13237110, 13614104, 14123871, 13408822, 13746876, 13092709, 13432112, 13035818, 13023907, 13078889, 13396102, 13184370, 13013356, 13500824, 13230781, 13388412, 15026620, 13330834, 16123794, 13043039, 13047649, 13126228, 13106220, 13559814, 13297011, 13058656, 13394472, 13364063, 14419574, 13460724, 13648385, 13348601, 14038909, 13111379, 13268740, 13590336, 13037418, 13209971, 13068558, 13106828, 13081457, 13202970, 14119041, 13271230, 13117739, 13136120, 13112499, 13483262, 13055568, 13083168];[1056362, 1034712, 1035982, 1038481, 1092502, 1059592, 1039681, 1034592, 1036732, 1036012, 1051212, 1057902, 1042871, 1036822, 1035212, 1058782, 1065322, 1094133, 1045712, 1024132, 1042732, 1031332, 1036012, 1153403, 1039992, 1035451, 1041892, 1050663, 1056252, 1068263, 1054752, 1042552, 1031611, 1044962, 1043052, 1040482, 1033411, 1028682, 1033181, 1033282, 1033771, 1054412, 1046562, 1056442, 1048572, 1033222, 1026842, 1048811, 1037912, 1029981];[11354289, 11367299, 12068167, 11298409, 11762414, 11263818, 11244478, 11229087, 11219417, 11274489, 11528931, 11367569, 11200837, 11261068, 11419760, 11518251, 12659163, 11459861, 11275898, 11259498, 11238608, 11322578, 11299939, 11264808, 11483260, 11269937, 11573321, 11515701, 12243999, 11476570, 11339659, 11511400, 12185978, 11294028, 11451080, 11397470, 11250908, 11406210, 11278369, 11293288, 11282368, 11375349, 11866565, 11436739, 11299058, 11311119, 11322349, 11260308, 11256608, 11289079];[826459, 1212093, 1019722, 1071932, 891960, 769299, 1147953, 772139, 767758, 768388, 815959, 758899, 769648, 1202934, 775809, 811379, 1302135, 776840, 3802184, 759409, 766309, 772318, 770269, 1141603, 773759, 753268, 779259, 797699, 1119323, 915891, 1253974, 794649, 821320, 772389, 774608, 1152384, 753099, 775079, 757008, 780258, 765318, 773209, 1205914, 778049, 770109, 791779, 763308, 1174143, 761048, 764108]
T1100V1000_0.4;1100;1000;2;0.4;experiment_data/medium/T1100V1000_0.4_T.csv;experiment_data/medium/T1100V1000_0.4_V.csv;4032;3040;RecordEnumeration;[1, 1, 1, 1, 1, 1, 1, 1, 1, 1, 1, 1, 1, 1, 1, 1, 1, 1, 1, 1, 1, 1, 1, 1, 1, 1, 1, 1, 1, 1, 1, 1, 1, 1, 1, 1, 1, 1, 1, 1, 1, 1, 1, 1, 1, 1, 1, 1, 1, 1];[24979933, 24982723, 25377118, 25259287, 25494110, 24827893, 26223228, 25687652, 25200927, 27523233, 27113638, 25044135, 25694172, 25668861, 27953646, 26642773, 27975229, 26240158, 27258370, 26827856, 27755114, 26947897, 28217180, 25066295, 30013632, 31290226, 29260683, 26114267, 29569746, 27671955, 26731314, 29340444, 27583163, 28680214, 25925655, 27814777, 27265510, 27007287, 26600472, 27007797, 27624205, 27687315, 26323669, 26549462, 27546114, 28383602, 28044357, 28517444, 27094097, 25979796];[2090963, 2211085, 2083334, 2084353, 2098404, 2082834, 2161974, 2091134, 2110914, 2096704, 2199595, 2262505, 2114424, 2090313, 2106673, 2127304, 2132245, 2104674, 2107824, 2160165, 2112964, 2110814, 2113233, 2098264, 2172895, 2113714, 2091684, 2116614, 2086164, 2114644, 2355487, 2137444, 2155084, 2229595, 2256166, 2108884, 2095634, 2097434, 2229535, 2268016, 2109844, 2090834, 2083073, 2104634, 2259446, 2107234, 2077923, 2165385, 2115993, 2121384];[22025160, 21944549, 22523886, 22415835, 22442855, 21940159, 23114273, 22682238, 22248723, 24554109, 23986043, 22004210, 22796699, 22799279, 23860771, 23432737, 25024334, 23285644, 24204055, 23810561, 24611189, 23903722, 25270977, 22220893, 26939907, 28215091, 26011945, 23147063, 26617002, 24492999, 23215634, 26093617, 24441248, 24345786, 22804179, 24837233, 24210645, 23838641, 23489527, 23820990, 24636891, 24703481, 23264775, 23571828, 24439008, 25319698, 24650290, 25433159, 24040484, 22931521];[863810, 827089, 769898, 759099, 952851, 804900, 946981, 914280, 841290, 872420, 928000, 777420, 783049, 779269, 1986202, 1082732, 818650, 849840, 946491, 857130, 1030961, 933361, 832970, 747138, 900830, 961421, 1157054, 850590, 866580, 1064312, 1160193, 1109383, 986831, 2104833, 865310, 868660, 959231, 1071212, 881410, 918791, 877470, 893000, 975821, 873000, 847660, 956670, 1316144, 918900, 937620, 926891]
T1000V1000_0.1;1000;1000;2;0.1;experiment_data/medium/T1000V1000_0.1_T.csv;experiment_data/medium/T1000V1000_0.1_V.csv;3667;2759;RecordEnumeration;[1, 1, 1, 1, 1, 1, 1, 1, 1, 1, 1, 1, 1, 1, 1, 1, 1, 1, 1, 1, 1, 1, 1, 1, 1, 1, 1, 1, 1, 1, 1, 1, 1, 1, 1, 1, 1, 1, 1, 1, 1, 1, 1, 1, 1, 1, 1, 1, 1, 1];[22927071, 23128153, 23743230, 22269903, 21737507, 22872700, 22289023, 22893970, 23411776, 26126797, 22974701, 22046361, 24169454, 22828739, 27754005, 24430128, 26110017, 23688329, 23089143, 22541837, 22603317, 23966332, 23433036, 24695460, 23959102, 22976841, 24634231, 23894202, 23564398, 23001791, 22239413, 23430217, 24525769, 26144558, 24184575, 23256525, 23004531, 23240255, 23154593, 23026930, 26393840, 23813212, 22819870, 23022631, 23660880, 22740289, 22743429, 23903442, 24321556, 21926179];[1894172, 1906482, 1932742, 1923802, 1942592, 2026433, 1918002, 1880901, 1946852, 1905501, 1976912, 1927242, 1943422, 1929572, 1902951, 1911092, 1910602, 2013343, 1943002, 1923722, 1925432, 1943342, 1917182, 1922402, 1933612, 1897262, 1926672, 1929162, 1965963, 1930652, 1942122, 1943132, 1955012, 1927882, 1937642, 1970473, 1934542, 1909452, 1882431, 1925651, 1920032, 1955123, 1994233, 1965602, 1968113, 1946052, 1949342, 1953403, 1922472, 1939822];[20242880, 20246320, 20108849, 19610023, 19118227, 20060528, 19630523, 20268560, 20702505, 22403115, 20179840, 19458402, 21513724, 20187959, 23628459, 21712957, 23305705, 20884087, 20343102, 19935537, 19973907, 20386692, 20781286, 21891398, 21226471, 20349671, 21951460, 21020779, 20234340, 20311941, 19599563, 20676355, 21813378, 21957160, 21478454, 20583744, 20371941, 20631965, 20548814, 20390901, 22891380, 21109010, 20073778, 20332411, 20904618, 20033738, 20082329, 20484913, 21603475, 19292089];[790019, 975351, 1701639, 736078, 676688, 785739, 740498, 744509, 762419, 1818181, 817949, 660717, 712308, 711208, 2222595, 806079, 893710, 790899, 803039, 682578, 703978, 1636298, 734568, 881660, 799019, 729908, 756099, 944261, 1364095, 759198, 697728, 810730, 757379, 2259516, 768479, 702308, 698048, 698838, 723348, 710378, 1582428, 749079, 751859, 724618, 788149, 760499, 711758, 1465126, 795609, 694268]
T1000V1000_0.8;1000;1000;2;0.8;experiment_data/medium/T1000V1000_0.8_T.csv;experiment_data/medium/T1000V1000_0.8_V.csv;3635;3351;RecordEnumeration;[1, 1, 1, 1, 1, 1, 1, 1, 1, 1, 1, 1, 1, 1, 1, 1, 1, 1, 1, 1, 1, 1, 1, 1, 1, 1, 1, 1, 1, 1, 1, 1, 1, 1, 1, 1, 1, 1, 1, 1, 1, 1, 1, 1, 1, 1, 1, 1, 1, 1];[22871818, 23058114, 24417838, 23242735, 22336965, 23371396, 22982881, 22801480, 22900929, 25091946, 22887250, 22971810, 22900030, 22845020, 23568148, 23353876, 24008133, 22582495, 23271565, 23292805, 22810670, 23708490, 24178256, 22887141, 22540096, 23145153, 23059533, 22367485, 23507637, 23128303, 22430275, 22460906, 22374794, 23296175, 22307374, 23188654, 22370163, 22133142, 23137013, 22247804, 23243895, 22710309, 22253864, 22368824, 22464255, 22360654, 22579567, 25217796, 22979801, 22264332];[1895421, 1897822, 1929813, 1924772, 1925462, 1907652, 1910562, 1897622, 1919472, 1930982, 1917562, 2030733, 1926412, 1908511, 1923461, 1920562, 1934202, 1912721, 1873441, 1903492, 1951722, 1912332, 1913292, 1912012, 1911062, 2042763, 1915322, 1902442, 1916422, 1916132, 1922542, 1930932, 1900201, 1899082, 1940632, 1928122, 1894141, 1893062, 1875592, 1896812, 1912892, 1892102, 1903022, 1903702, 1896011, 1895631, 1892432, 1889271, 1908862, 1908731];[19969516, 20169380, 20328011, 20316831, 19476362, 20497573, 20074828, 19964298, 20043697, 21125250, 20019257, 19985817, 20075718, 20018868, 19870876, 20477703, 20968579, 19783344, 20456823, 20453242, 19952147, 19986158, 21158301, 20004128, 19769824, 20199220, 20235650, 19562352, 19870636, 20231530, 19562302, 19635643, 19604312, 19623303, 19502132, 20399192, 19591012, 19364740, 20173419, 19488732, 19716464, 19944877, 19494262, 19578202, 19707674, 19599403, 19808855, 21603435, 20208829, 19477791];[1006881, 990912, 2160014, 1001132, 935141, 966171, 997491, 939560, 937760, 2035714, 950431, 955260, 897900, 917641, 1773811, 955611, 1105352, 886430, 941301, 936071, 906801, 1810000, 1106663, 971001, 859210, 903170, 908561, 902691, 1720579, 980641, 945431, 894331, 870281, 1773790, 864610, 861340, 885010, 875340, 1088002, 862260, 1614539, 873330, 856580, 886920, 860570, 865620, 878280, 1725090, 862110, 877810]
T700V1000_0.0;700;1000;2;0.0;experiment_data/medium/T700V1000_0.0_T.csv;experiment_data/medium/T700V1000_0.0_V.csv;2576;2713;RecordEnumeration;[1, 1, 1, 1, 1, 1, 1, 1, 1, 1, 1, 1, 1, 1, 1, 1, 1, 1, 1, 1, 1, 1, 1, 1, 1, 1, 1, 1, 1, 1, 1, 1, 1, 1, 1, 1, 1, 1, 1, 1, 1, 1, 1, 1, 1, 1, 1, 1, 1, 1];[15022511, 15125050, 15020631, 15019831, 15528086, 15014851, 15233033, 15327264, 15063031, 15015281, 15197253, 15611847, 15031381, 15152993, 15077291, 15096992, 15414346, 15242554, 15031811, 15061691, 15309423, 17897853, 15257354, 15160263, 15513167, 15364374, 15248854, 15380225, 15831070, 15374995, 15450095, 15293614, 15512037, 15635197, 15256533, 15248993, 15366845, 15279924, 15681109, 15268214, 15777799, 15231903, 15270584, 15439805, 15455995, 15693858, 15509066, 15886761, 15738477, 15493195];[1198933, 1204523, 1213214, 1227344, 1217263, 1213374, 1215164, 1246874, 1223164, 1220284, 1210734, 1227324, 1203934, 1242235, 1240844, 1236174, 1208254, 1201924, 1215954, 1217404, 1222313, 1226474, 1226284, 1210414, 1199994, 1215574, 1253164, 1223954, 1222824, 1240244, 1226444, 1214814, 1221214, 1218424, 1214004, 1221094, 1212484, 1240574, 1213834, 1239184, 1221794, 1218064, 1222314, 1207183, 1233334, 1230794, 1207254, 1226944, 1234643, 1219364];[13202170, 13282800, 13172499, 13167240, 13685976, 13170200, 13383832, 13424082, 13211250, 13167630, 13356372, 13266681, 13189000, 13211070, 13211440, 13236251, 13580204, 13411562, 13196170, 13216431, 13430663, 15992402, 13402132, 13321732, 13646305, 13489753, 13353752, 13525344, 13433503, 13483573, 13561424, 13421573, 13652496, 13773986, 13394312, 13389082, 13509034, 13409463, 13715426, 13395812, 13398032, 13376501, 13408903, 13584055, 13578064, 13828137, 13643665, 13919548, 13852347, 13631004];[621408, 637727, 634918, 625247, 624847, 631277, 634037, 656308, 628617, 627367, 630147, 1117842, 638447, 699688, 625007, 624567, 625888, 629068, 619687, 627856, 656447, 678977, 628938, 628117, 666868, 659047, 641938, 630927, 1174743, 651178, 662227, 657227, 638327, 642787, 648217, 638817, 645327, 629887, 751849, 633218, 1157973, 637338, 639367, 648567, 644597, 634927, 658147, 740269, 651487, 642827]
T700V1000_0.6;700;1000;2;0.6;experiment_data/medium/T700V1000_0.6_T.csv;experiment_data/medium/T700V1000_0.6_V.csv;2540;3066;RecordEnumeration;[1, 1, 1, 1, 1, 1, 1, 1, 1, 1, 1, 1, 1, 1, 1, 1, 1, 1, 1, 1, 1, 1, 1, 1, 1, 1, 1, 1, 1, 1, 1, 1, 1, 1, 1, 1, 1, 1, 1, 1, 1, 1, 1, 1, 1, 1, 1, 1, 1, 1];[15134553, 15396365, 14941550, 14947869, 14982069, 14971440, 15424785, 15046030, 14945131, 15017980, 15029771, 14847719, 14898921, 15376546, 14984820, 15009311, 14900219, 14976430, 17409067, 15196922, 15200442, 14982980, 14915369, 15462207, 15116961, 15364325, 15059181, 14987570, 15113412, 15177063, 15494316, 15037190, 14959269, 15204683, 15155642, 15362764, 15018701, 14994140, 15250923, 15308353, 14875489, 14979851, 15485296, 15293953, 15150992, 14913028, 14941730, 15467117, 15224353, 15063721];[1172073, 1172843, 1146653, 1153403, 1157833, 1170953, 1151243, 1181963, 1167924, 1153523, 1152123, 1161073, 1151534, 1157784, 1149183, 1150324, 1167783, 1165293, 1152173, 1155583, 1163983, 1168633, 1157833, 1191864, 1150963, 1179274, 1168643, 1161383, 1147133, 1172814, 1160763, 1152723, 1162023, 1157303, 1162003, 1148103, 1164233, 1162273, 1149283, 1153213, 1165043, 1154614, 1151123, 1160533, 1159743, 1155803, 1151653, 1149284, 1158243, 1154313];[13212881, 13084259, 13104539, 13083958, 13132189, 13097059, 13566424, 13179000, 13107429, 13154189, 13161380, 13001668, 13064339, 13089549, 13136649, 13142259, 13059978, 13124820, 13501993, 13314091, 13308381, 13107139, 13090189, 13581265, 13245100, 13355252, 13194270, 13154360, 13256981, 13276831, 13133989, 13185870, 13120889, 13304261, 13266811, 13529303, 13159680, 13149590, 13382132, 13420972, 13031138, 13131909, 13195460, 13411512, 13257491, 13065018, 13101319, 13201760, 13305232, 13203720];[749599, 1139263, 690358, 710508, 692047, 703428, 707118, 685067, 669778, 710268, 716268, 684978, 683048, 1129213, 698988, 716728, 672458, 686317, 2754901, 727248, 728078, 707208, 667347, 689078, 720898, 829799, 696268, 671827, 709298, 727418, 1199564, 698597, 676357, 743119, 726828, 685358, 694788, 682277, 719508, 734168, 679308, 693328, 1138713, 721908, 733758, 692207, 688758, 1116073, 760878, 705688]
T900V1000_0.5;900;1000;2;0.5;experiment_data/medium/T900V1000_0.5_T.csv;experiment_data/medium/T900V1000_0.5_V.csv;3287;3066;RecordEnumeration;[1, 1, 1, 1, 1, 1, 1, 1, 1, 1, 1, 1, 1, 1, 1, 1, 1, 1, 1, 1, 1, 1, 1, 1, 1, 1, 1, 1, 1, 1, 1, 1, 1, 1, 1, 1, 1, 1, 1, 1, 1, 1, 1, 1, 1, 1, 1, 1, 1, 1];[19491301, 19185679, 19365730, 19455661, 19399831, 19299009, 19434831, 22590538, 19474361, 19812385, 19655703, 20146039, 19447761, 19870726, 19594063, 20058037, 19523501, 19822467, 19833706, 19934187, 19439321, 19934657, 19824794, 20066618, 19627063, 20062828, 19977058, 19826445, 19527221, 22899380, 19585522, 20582463, 19732784, 21116270, 20123319, 20517614, 20001767, 20533493, 20392053, 20668485, 20689285, 20455982, 20572584, 21184901, 20498563, 20425073, 20867787, 20775036, 20775447, 21153570];[1719099, 1730890, 1682639, 1687209, 1679599, 1677849, 1675799, 1685600, 1690999, 1682309, 1667269, 1673089, 1661879, 1660959, 1677039, 1679169, 1681499, 1677359, 1676199, 1682299, 1676190, 1701559, 1674968, 1660459, 1688529, 1674309, 1690600, 1696609, 1661438, 1674569, 1659209, 1692899, 1705109, 1684759, 1732420, 1688839, 1711429, 1688619, 1692390, 1684609, 1698639, 1689679, 1686999, 1692299, 1682019, 1696110, 1706549, 1692609, 1691150, 1741300];[17069814, 16774981, 16976713, 17045854, 17039174, 16920882, 17026734, 20131819, 17068954, 17399338, 17242866, 17754052, 17114184, 17489429, 17161646, 17700371, 17157744, 17424629, 17405168, 17569300, 17087394, 17503710, 17397878, 17728251, 17112415, 17649490, 17519959, 17434519, 17155815, 20485973, 17185395, 18142666, 17314517, 18568121, 17627920, 18053626, 17520099, 18064065, 17888373, 18168647, 18139146, 17992854, 18116406, 18702743, 18007255, 18022705, 18348499, 18247897, 18229947, 18584841];[702388, 679808, 706378, 722598, 681058, 700278, 732298, 773119, 714408, 730738, 745568, 718898, 671698, 720338, 755378, 678497, 684258, 720479, 752339, 682588, 675737, 729388, 751948, 677908, 826119, 739029, 766499, 695317, 709968, 738838, 740918, 746898, 713158, 863390, 762979, 775149, 770239, 780809, 811290, 815229, 851500, 773449, 769179, 789859, 809289, 706258, 812739, 834530, 854350, 827429]
T800V1000_0.9;800;1000;2;0.9;experiment_data/medium/T800V1000_0.9_T.csv;experiment_data/medium/T800V1000_0.9_V.csv;2955;3295;RecordEnumeration;[1, 1, 1, 1, 1, 1, 1, 1, 1, 1, 1, 1, 1, 1, 1, 1, 1, 1, 1, 1, 1, 1, 1, 1, 1, 1, 1, 1, 1, 1, 1, 1, 1, 1, 1, 1, 1, 1, 1, 1, 1, 1, 1, 1, 1, 1, 1, 1, 1, 1];[18511721, 18738513, 18925406, 18401879, 18286648, 18529350, 18253968, 18519981, 18275508, 18871154, 18759134, 18628431, 17851273, 18276708, 17839992, 20744417, 17818873, 18497600, 17927383, 18889184, 18146417, 19564911, 18607801, 18854344, 18014885, 18640712, 18144895, 18742042, 18158626, 18789813, 18915025, 20076009, 18360089, 18896765, 18387650, 19050867, 18531270, 22216291, 18573781, 19149978, 19353869, 19220709, 19285230, 19274559, 18596561, 19150348, 18460180, 19095027, 18445359, 18941226];[1552668, 1578208, 1567498, 1562588, 1589958, 1561297, 1564168, 1568518, 1570588, 1548197, 1579178, 1583038, 1567588, 1557258, 1573218, 1578789, 1563498, 1560848, 1573768, 1564387, 1565458, 1582127, 1575068, 1564007, 1549348, 1581338, 1574487, 1570157, 1590878, 1600448, 1588988, 1568838, 1601668, 1589658, 1583599, 1604499, 1574278, 1590258, 1606558, 1562758, 1542877, 1583058, 1573278, 1595988, 1564038, 1570178, 1577538, 1580938, 1579898, 1575458];[15938771, 16263215, 16397407, 16009512, 15802990, 16144904, 15879061, 16119363, 15868711, 16443847, 16279115, 16241404, 15474105, 15907321, 15454765, 15891491, 15436395, 15458376, 15496536, 15797440, 15719799, 16399456, 16004662, 15843700, 15618917, 15654948, 15708999, 15716419, 15704288, 15764249, 16454447, 16888082, 15877771, 15876911, 15939151, 15934941, 16040422, 16240524, 16066963, 15986192, 16894262, 16105573, 16726241, 16144834, 16138653, 16093873, 16023132, 16091642, 16024312, 16003342];[1020282, 897090, 960501, 829779, 893700, 823149, 810739, 832100, 836209, 879110, 900841, 803989, 809580, 812129, 812009, 3274137, 818980, 1478376, 857079, 1527357, 861160, 1583328, 1028071, 1446637, 846620, 1404426, 861409, 1455466, 863460, 1425116, 871590, 1619089, 880650, 1430196, 864900, 1511427, 916570, 4385509, 900260, 1601028, 916730, 1532078, 985711, 1533737, 893870, 1486297, 859510, 1422447, 841149, 1362426]
T800V1000_0.2;800;1000;2;0.2;experiment_data/medium/T800V1000_0.2_T.csv;experiment_data/medium/T800V1000_0.2_V.csv;2917;2814;RecordEnumeration;[1, 1, 1, 1, 1, 1, 1, 1, 1, 1, 1, 1, 1, 1, 1, 1, 1, 1, 1, 1, 1, 1, 1, 1, 1, 1, 1, 1, 1, 1, 1, 1, 1, 1, 1, 1, 1, 1, 1, 1, 1, 1, 1, 1, 1, 1, 1, 1, 1, 1];[17542870, 17966675, 17468550, 17840273, 17566248, 17792052, 17441369, 17821982, 17434608, 17811433, 17506911, 18029794, 17791402, 18364237, 18020685, 20667244, 17872793, 18654552, 17923473, 18437729, 18066364, 18611983, 18191006, 18736412, 18227957, 18885004, 19111938, 18772803, 18175448, 18788414, 18135127, 18600871, 18433239, 18601791, 18390379, 19644393, 17929925, 21073850, 17907464, 18557151, 17803302, 18437540, 17785613, 18887623, 18940894, 18234107, 17699261, 18197247, 17620559, 18248857];[1511988, 1526778, 1528868, 1534108, 1526617, 1519787, 1540808, 1531857, 1519447, 1529178, 1507918, 1518307, 1550107, 1513207, 1529187, 1531367, 1528067, 1518517, 1541087, 1527567, 1543067, 1516428, 1534947, 1546597, 1541497, 1537967, 1530827, 1548137, 1523398, 1525248, 1532028, 1541427, 1524557, 1588968, 1534748, 1537567, 1556398, 1539228, 1516738, 1527198, 1525668, 1538998, 1528888, 1570687, 1523517, 1547878, 1527037, 1556448, 1517327, 1523947];[15292894, 15752769, 15277314, 15612587, 15376504, 15610198, 15252374, 15651787, 15277814, 15646478, 15358025, 15865680, 15600777, 16152653, 15807800, 15966821, 15716779, 15974211, 15729569, 15736179, 15813049, 15885331, 15933701, 15972272, 15979702, 16054652, 16805842, 15890421, 15926611, 15849750, 15848550, 15750599, 16172444, 15728889, 16140003, 16724520, 15676449, 15687158, 15695868, 15712568, 15570986, 15583827, 15552717, 16057502, 16607398, 15467075, 15506136, 15387205, 15437335, 15512616];[737988, 687128, 662368, 693578, 663127, 662067, 648187, 638338, 637347, 635777, 640968, 645807, 640518, 698377, 683698, 3169056, 627947, 1161824, 652817, 1173983, 710248, 1210224, 722358, 1217543, 706758, 1292385, 775269, 1334245, 725439, 1413416, 754549, 1308845, 736238, 1283934, 715628, 1382306, 697078, 3847464, 694858, 1317385, 706648, 1314715, 704008, 1259434, 809979, 1219154, 666088, 1253594, 665897, 1212294]
T700V1000_0.1;700;1000;2;0.1;experiment_data/medium/T700V1000_0.1_T.csv;experiment_data/medium/T700V1000_0.1_V.csv;2568;2750;RecordEnumeration;[1, 1, 1, 1, 1, 1, 1, 1, 1, 1, 1, 1, 1, 1, 1, 1, 1, 1, 1, 1, 1, 1, 1, 1, 1, 1, 1, 1, 1, 1, 1, 1, 1, 1, 1, 1, 1, 1, 1, 1, 1, 1, 1, 1, 1, 1, 1, 1, 1, 1];[15196602, 15180993, 15579587, 15124742, 15219743, 15177802, 15383215, 15136160, 15123322, 15701377, 15412654, 15974621, 15144932, 15177443, 15523337, 16185913, 15125311, 15201814, 15272514, 15116783, 15143572, 15530946, 15997892, 15146053, 15240162, 15116190, 15796789, 15372115, 15366075, 15160853, 15074121, 15645968, 15139512, 15585917, 15480537, 15109980, 15027282, 15399515, 15589367, 15274914, 15144602, 15120170, 15070211, 15514386, 15905539, 15258733, 15387875, 15342266, 15161083, 15690058];[1219593, 1254325, 1218964, 1214634, 1225984, 1210944, 1223474, 1242783, 1234024, 1227843, 1253594, 1221964, 1244684, 1228104, 1223444, 1219134, 1235614, 1217054, 1221164, 1237414, 1222234, 1220214, 1217554, 1246645, 1224703, 1233724, 1222814, 1230424, 1230944, 1232144, 1227414, 1231985, 1243844, 1257204, 1248035, 1230393, 1221324, 1234034, 1234914, 1225534, 1238704, 1237443, 1225824, 1215873, 1238743, 1247414, 1226354, 1249065, 1257334, 1243444];[13263071, 13270301, 13721556, 13262640, 13343161, 13312871, 13460843, 13255010, 13233880, 13310421, 13498673, 14012279, 13248110, 13298871, 13660295, 14273262, 13250480, 13344342, 13387282, 13230571, 13283861, 13204940, 14096810, 13243731, 13349312, 13216779, 13449532, 13455273, 13475153, 13256151, 13204970, 13768996, 13210900, 13668496, 13567404, 13225530, 13143370, 13508503, 13255191, 13405302, 13268721, 13228380, 13202240, 13649215, 13916007, 13337952, 13493993, 13435793, 13253941, 13680345];[713938, 656367, 639067, 647468, 650598, 653987, 698898, 638367, 655418, 1163113, 660387, 740378, 652138, 650468, 639598, 693517, 639217, 640418, 664068, 648798, 637477, 1105792, 683528, 655677, 666147, 665687, 1124443, 686418, 659978, 672558, 641737, 644987, 684768, 660217, 665098, 654057, 662588, 656978, 1099262, 644078, 637177, 654347, 642147, 649298, 750789, 673367, 667528, 657408, 649808, 766269]
T500V1000_0.2;500;1000;2;0.2;experiment_data/medium/T500V1000_0.2_T.csv;experiment_data/medium/T500V1000_0.2_V.csv;1839;2760;RecordEnumeration;[1, 1, 1, 1, 1, 1, 1, 1, 1, 1, 1, 1, 1, 1, 1, 1, 1, 1, 1, 1, 1, 1, 1, 1, 1, 1, 1, 1, 1, 1, 1, 1, 1, 1, 1, 1, 1, 1, 1, 1, 1, 1, 1, 1, 1, 1, 1, 1, 1, 1];[10562540, 10657722, 10659541, 11105857, 10616700, 10885833, 10647990, 10625511, 10590380, 10690622, 10589240, 10634560, 10655111, 10652360, 10602090, 10612431, 10680201, 10855813, 10587661, 10613881, 10926734, 10631211, 10840433, 10802843, 10648550, 11025155, 10647951, 12764835, 10733262, 10727142, 10978775, 10719841, 10748863, 11178758, 10739992, 10930674, 10991705, 11045665, 10853892, 11166947, 10871602, 10729033, 11015636, 10739692, 10722682, 11020425, 10770643, 10720951, 11064616, 10770402];[816869, 831460, 814309, 818380, 827969, 828929, 827159, 838629, 813599, 835980, 808819, 829809, 827199, 829239, 822519, 814480, 817209, 826870, 825170, 823060, 808579, 824870, 832829, 818670, 829929, 834269, 819929, 825379, 828750, 822239, 822660, 828509, 826140, 830280, 845080, 812349, 823069, 885410, 831869, 837960, 818349, 835620, 825750, 828010, 832500, 829509, 825050, 816629, 827819, 836549];[9132394, 9195735, 9207365, 9607729, 9176635, 9418767, 9194894, 9153884, 9164814, 9241545, 9153054, 9190394, 9212745, 9203134, 9152344, 9177014, 9251885, 9394766, 9143124, 9177605, 9496988, 9180474, 9340316, 9347956, 9180044, 9482028, 9213715, 11298049, 9291115, 9267736, 9537099, 9273955, 9294106, 9725281, 9268285, 9485138, 9544808, 9496728, 9395416, 9696930, 9415816, 9271196, 9576009, 9284135, 9273585, 9580599, 9314996, 9268395, 9610559, 9317296];[613277, 630527, 637867, 679748, 612096, 638137, 625937, 632998, 611967, 613097, 627367, 614357, 615167, 619987, 627227, 620937, 611107, 634177, 619367, 613216, 621167, 625867, 667288, 636217, 638577, 708858, 614307, 641407, 613397, 637167, 619016, 617377, 628617, 623197, 626627, 633187, 623828, 663527, 626607, 632057, 637437, 622217, 613877, 627547, 616597, 610317, 630597, 635927, 626238, 616557]
T500V1000_0.8;500;1000;2;0.8;experiment_data/medium/T500V1000_0.8_T.csv;experiment_data/medium/T500V1000_0.8_V.csv;1800;3001;RecordEnumeration;[1, 1, 1, 1, 1, 1, 1, 1, 1, 1, 1, 1, 1, 1, 1, 1, 1, 1, 1, 1, 1, 1, 1, 1, 1, 1, 1, 1, 1, 1, 1, 1, 1, 1, 1, 1, 1, 1, 1, 1, 1, 1, 1, 1, 1, 1, 1, 1, 1, 1];[11018036, 10668081, 10680231, 10951895, 10621971, 10600681, 10944454, 10625919, 10595861, 10924844, 10632251, 10751762, 11238909, 10711393, 10686631, 11441270, 10626320, 10629741, 10923404, 10845153, 10653411, 10709531, 10714022, 10701222, 10832483, 10677800, 10798802, 10754323, 11203807, 10717342, 10958293, 10805263, 10711682, 10662552, 10664372, 10667651, 10627292, 10660611, 10632581, 10621700, 10655282, 10621281, 10639791, 10954465, 11069746, 10643291, 10652422, 10665450, 10640481, 10625191];[811300, 816549, 807939, 799549, 802359, 793049, 794189, 821089, 798039, 805659, 798929, 820139, 810850, 831080, 807659, 809499, 817779, 806299, 798169, 796309, 820769, 810889, 815340, 816050, 820470, 828569, 804729, 823840, 810169, 821539, 816189, 832239, 841010, 818230, 821330, 811099, 809960, 811759, 812629, 807789, 822340, 808559, 812529, 817779, 816899, 816419, 812700, 808169, 817799, 839000];[9193675, 9169335, 9186984, 9148634, 9121414, 9112434, 9140503, 9119163, 9110034, 9110923, 9145704, 9248135, 9416247, 9183585, 9181984, 9481587, 9122583, 9142815, 9113953, 9354406, 9138394, 9176484, 9202614, 9194844, 9307845, 9160764, 9296125, 9221134, 9652890, 9186545, 9447227, 9187465, 9181654, 9150474, 9146504, 9166344, 9121144, 9156944, 9118424, 9115743, 9136323, 9108814, 9139674, 9419087, 9432307, 9137674, 9149844, 9159064, 9129494, 9098363];[1013061, 682197, 685308, 1003712, 698198, 695198, 1009762, 685667, 687788, 1008262, 687618, 683488, 1011812, 696728, 696988, 1150184, 685958, 680627, 1011282, 694438, 694248, 722158, 696068, 690328, 704168, 688467, 697948, 709349, 740748, 709258, 694877, 785559, 689018, 693848, 696538, 690208, 696188, 691908, 701528, 698168, 696619, 703908, 687588, 717599, 820540, 689198, 689878, 698217, 693188, 687828]
T1200V1000_0.2;1200;1000;2;0.2;experiment_data/medium/T1200V1000_0.2_T.csv;experiment_data/medium/T1200V1000_0.2_V.csv;4413;2886;RecordEnumeration;[1, 1, 1, 1, 1, 1, 1, 1, 1, 1, 1, 1, 1, 1, 1, 1, 1, 1, 1, 1, 1, 1, 1, 1, 1, 1, 1, 1, 1, 1, 1, 1, 1, 1, 1, 1, 1, 1, 1, 1, 1, 1, 1, 1, 1, 1, 1, 1, 1, 1];[27365021, 27688735, 28212341, 26774974, 26802193, 26962666, 26892945, 28253351, 28570424, 28072849, 27542163, 27262499, 27404600, 27441761, 29110520, 27203869, 31662450, 27176787, 27309380, 28408874, 28774706, 29562444, 27578773, 27287228, 27257450, 28120759, 30647487, 27431121, 28288731, 27914147, 27228989, 27401681, 27153579, 28347101, 27475623, 33465521, 27153047, 27285759, 27998738, 27511892, 28889257, 28809046, 27062216, 27273910, 27364871, 28438493, 28215441, 30642479, 27212779, 27311410];[2307016, 2345287, 2340747, 2324717, 2336066, 2330296, 2347446, 2322946, 2350827, 2375627, 2337667, 2385367, 2350946, 2333306, 2382067, 2361247, 2330377, 2347166, 2330586, 2337787, 2359966, 2432597, 2330926, 2344076, 2336797, 2405278, 2345017, 2355497, 2357057, 2339737, 2343236, 2360617, 2330867, 2353346, 2326747, 2349627, 2331506, 2347146, 2334307, 2373927, 2484668, 2363276, 2352237, 2354607, 2349067, 2349317, 2353377, 2357157, 2349276, 2362417];[24236385, 24562099, 25160836, 23731469, 23740519, 23897451, 23814081, 24168595, 25444049, 24954584, 24475458, 24142444, 24324376, 24382967, 25861484, 24101634, 28557284, 24128053, 24252285, 25284058, 25527350, 26321268, 24528599, 24194394, 24175325, 24922723, 26161726, 24340776, 25211306, 24855232, 24176634, 24308596, 24094484, 25246107, 24428398, 30364435, 24100103, 24233885, 24853162, 24398317, 25637671, 25623191, 23942971, 24197214, 24280726, 24252115, 25132415, 27495343, 24143114, 24214195];[821620, 781349, 710758, 718788, 725608, 734919, 731418, 1761810, 775548, 742638, 729038, 734688, 729278, 725488, 866969, 740988, 774789, 701568, 726509, 787029, 887390, 808579, 719248, 748758, 745328, 792758, 2140744, 734848, 720368, 719178, 709119, 732468, 728228, 747648, 720478, 751459, 721438, 704728, 811269, 739648, 766918, 822579, 767008, 722089, 735078, 1837061, 729649, 789979, 720389, 734798]
T700V1000_0.2;700;1000;2;0.2;experiment_data/medium/T700V1000_0.2_T.csv;experiment_data/medium/T700V1000_0.2_V.csv;2591;2806;RecordEnumeration;[1, 1, 1, 1, 1, 1, 1, 1, 1, 1, 1, 1, 1, 1, 1, 1, 1, 1, 1, 1, 1, 1, 1, 1, 1, 1, 1, 1, 1, 1, 1, 1, 1, 1, 1, 1, 1, 1, 1, 1, 1, 1, 1, 1, 1, 1, 1, 1, 1, 1];[15550987, 15100302, 15033631, 15212822, 15143022, 15676319, 15230782, 16158334, 15334145, 15149542, 17803721, 15183652, 15320555, 15356494, 15355515, 15246223, 15306584, 15843519, 16355105, 15530607, 15324445, 15350404, 15867291, 15338185, 15370444, 15393935, 15333434, 15312954, 15663487, 16344315, 15874740, 15509576, 15421675, 15547616, 15991901, 15653378, 15503726, 15731198, 15532717, 16040273, 15769809, 15767520, 15693599, 15731998, 15626137, 15564927, 15895791, 15638818, 15861259, 15805590];[1177953, 1211894, 1200934, 1219354, 1243264, 1217954, 1228114, 1231174, 1214944, 1225734, 1207713, 1189334, 1221664, 1250814, 1222164, 1223694, 1243464, 1222043, 1251744, 1242834, 1252885, 1226834, 1233754, 1241874, 1242894, 1234084, 1233314, 1225134, 1239654, 1248594, 1346855, 1234704, 1236504, 1240894, 1238514, 1232614, 1227254, 1243594, 1238865, 1230984, 1232294, 1243335, 1275075, 1247434, 1243844, 1251385, 1234394, 1233754, 1253374, 1227754];[13230790, 13240561, 13182279, 13333261, 13234580, 13813077, 13322621, 14172911, 13459913, 13271510, 15917200, 13352051, 13413993, 13428353, 13462943, 13354161, 13391232, 13457253, 14333472, 13607395, 13392302, 13451722, 13964239, 13434833, 13461703, 13489513, 13435462, 13409312, 13735856, 13834117, 13836777, 13579864, 13498443, 13608874, 14066110, 13704676, 13571574, 13795956, 13586304, 14111391, 13847887, 13812207, 13710656, 13765296, 13651375, 13608554, 13512854, 13726056, 13856567, 13874388];[1142244, 647847, 650418, 660207, 665178, 645288, 680047, 754249, 659288, 652298, 678808, 642267, 684898, 677327, 670408, 668368, 671888, 1164223, 769889, 680378, 679258, 671848, 669298, 661478, 665847, 670338, 664658, 678508, 687977, 1261604, 691108, 695008, 686728, 697848, 687277, 716088, 704898, 691648, 707548, 697898, 689628, 711978, 707868, 719268, 730918, 704988, 1148543, 679008, 751318, 703448]
T600V1000_0.4;600;1000;2;0.4;experiment_data/medium/T600V1000_0.4_T.csv;experiment_data/medium/T600V1000_0.4_V.csv;2197;2873;RecordEnumeration;[1, 1, 1, 1, 1, 1, 1, 1, 1, 1, 1, 1, 1, 1, 1, 1, 1, 1, 1, 1, 1, 1, 1, 1, 1, 1, 1, 1, 1, 1, 1, 1, 1, 1, 1, 1, 1, 1, 1, 1, 1, 1, 1, 1, 1, 1, 1, 1, 1, 1];[13055458, 13083498, 13169759, 13234700, 13366092, 13626395, 13004418, 13083927, 13013287, 12987166, 13576415, 13226980, 12952508, 12938927, 13010648, 13700676, 13180481, 13393372, 13121899, 13025839, 12980357, 13128458, 13489633, 13185769, 13028777, 13019538, 13078619, 13401702, 13137610, 13179740, 13247741, 13137049, 13037837, 14019139, 13667375, 13034798, 13054590, 13051459, 13083428, 13394171, 13075418, 13295061, 13423012, 13083928, 15374255, 13068079, 13064959, 13091787, 13041059, 12964246];[1002781, 1017012, 1012401, 1024582, 1021432, 1027301, 1006702, 1005401, 1012211, 998601, 1012162, 1011441, 1006502, 993061, 1002402, 1015492, 1009152, 1012372, 997442, 1001412, 994961, 1004111, 1002231, 1001681, 1005651, 1015212, 1003302, 995951, 1002212, 1013912, 1009222, 1018931, 1003241, 1014392, 1019312, 1001102, 1001372, 1009362, 999291, 1012491, 991631, 1010981, 1011931, 1030552, 998622, 992421, 996321, 1022361, 1007572, 1004561];[11347009, 11394249, 11471290, 11375899, 11627412, 11455810, 11323578, 11385139, 11319598, 11312408, 11491121, 11533231, 11283208, 11273139, 11321178, 11883285, 11358100, 11289168, 11452450, 11351379, 11311498, 11453900, 11385359, 11514741, 11340898, 11322198, 11406990, 11343799, 11455720, 11480640, 11560451, 11429870, 11356749, 12174888, 11527991, 11357278, 11374950, 11360879, 11408840, 11323288, 11389719, 11598672, 11584192, 11378419, 11333369, 11389480, 11390310, 11407579, 11362799, 11284268];[705668, 672237, 686068, 834219, 717248, 1143284, 674138, 693387, 681478, 676157, 1073132, 682308, 662798, 672727, 687068, 801899, 813229, 1091832, 672007, 673048, 673898, 670447, 1102043, 669347, 682228, 682128, 668327, 1061952, 679678, 685188, 678068, 688248, 677847, 829859, 1120072, 676418, 678268, 681218, 675297, 1058392, 694068, 685408, 826889, 674957, 3042264, 686178, 678328, 661847, 670688, 675417]
T800V1000_1.0;800;1000;2;1.0;experiment_data/medium/T800V1000_1.0_T.csv;experiment_data/medium/T800V1000_1.0_V.csv;2933;3364;RecordEnumeration;[1, 1, 1, 1, 1, 1, 1, 1, 1, 1, 1, 1, 1, 1, 1, 1, 1, 1, 1, 1, 1, 1, 1, 1, 1, 1, 1, 1, 1, 1, 1, 1, 1, 1, 1, 1, 1, 1, 1, 1, 1, 1, 1, 1, 1, 1, 1, 1, 1, 1];[17730801, 21036288, 17580189, 19250149, 17643320, 18178615, 18726773, 18193017, 17682621, 18185796, 17647540, 18345389, 19069136, 18218648, 17609349, 19605791, 18155246, 18379559, 17796421, 18208528, 17668250, 18251267, 18245506, 18582991, 19621462, 19729844, 17775473, 17923153, 17756101, 17723941, 17728111, 17761981, 19181029, 17924693, 18492090, 17923824, 18040416, 17884472, 17781761, 17775812, 17813462, 19270888, 17736402, 17662792, 17863303, 17776271, 17960433, 17695733, 17721222, 17671260];[1580278, 1568057, 1598408, 1572958, 1596788, 1575678, 1579518, 1591228, 1633768, 1572688, 1582938, 1556968, 1592008, 1593048, 1576027, 1570667, 1579528, 1587128, 1585178, 1572088, 1590618, 1595778, 1564747, 1580578, 3388228, 1586018, 1628239, 1580398, 1598098, 1575708, 1575048, 1560287, 1579998, 1574648, 1578858, 1586318, 1580969, 1573897, 1597978, 1579467, 1598538, 1584708, 1597469, 1555448, 1565698, 1602328, 1574827, 1593419, 1569398, 1535327];[15248873, 15223513, 15156302, 15838800, 15238413, 15217632, 16214484, 15240343, 15242473, 15245923, 15262283, 15391345, 16561508, 15248304, 15235903, 16563708, 15716318, 15422765, 15395134, 15264454, 15278583, 15287654, 15810479, 15581097, 15422375, 17068974, 15314864, 15513926, 15330264, 15341784, 15319264, 15395685, 16645840, 15521596, 16095533, 15481266, 15632378, 15480396, 15363064, 15381695, 15384765, 16760430, 15319564, 15288634, 15471166, 15374174, 15571637, 15287914, 15319554, 15325734];[901650, 4244718, 825479, 1838391, 808119, 1385305, 932771, 1361446, 806380, 1367185, 802319, 1397076, 915620, 1377296, 797419, 1471416, 859400, 1369666, 816109, 1371986, 799049, 1367835, 870280, 1421316, 810859, 1074852, 832370, 828829, 827739, 806449, 833799, 806009, 955191, 828449, 817699, 856240, 827069, 830179, 820719, 814650, 830159, 925750, 819369, 818710, 826439, 799769, 813969, 814400, 832270, 810199]
T1000V1000_0.2;1000;1000;2;0.2;experiment_data/medium/T1000V1000_0.2_T.csv;experiment_data/medium/T1000V1000_0.2_V.csv;3678;2842;RecordEnumeration;[1, 1, 1, 1, 1, 1, 1, 1, 1, 1, 1, 1, 1, 1, 1, 1, 1, 1, 1, 1, 1, 1, 1, 1, 1, 1, 1, 1, 1, 1, 1, 1, 1, 1, 1, 1, 1, 1, 1, 1, 1, 1, 1, 1, 1, 1, 1, 1, 1, 1];[22776228, 22337654, 21867048, 21974389, 22410874, 22854410, 22410064, 22909610, 22218233, 22213862, 22749108, 22327654, 22885460, 22275273, 22030040, 22241442, 22574277, 23071722, 22644947, 23032942, 22338724, 22131300, 22486385, 22601326, 23096852, 22813330, 23098554, 22405285, 22280853, 22415066, 22541916, 23281525, 24234606, 22414895, 23227393, 23293774, 23657029, 24223636, 23216084, 24021893, 22357293, 23142932, 23171214, 23889492, 23620218, 23883440, 22686358, 22675848, 23282895, 22650007];[1870681, 1932602, 1911212, 1938892, 1937952, 1914392, 1908811, 1931882, 1903062, 1929992, 1913311, 2069324, 1911642, 1923951, 1912262, 1929172, 1907292, 1932052, 1919792, 1929022, 1929082, 1932791, 1913131, 1960572, 1940022, 1945472, 1941373, 1962143, 1952772, 2033064, 1949632, 1964103, 1936402, 1978903, 2015923, 1963962, 1958373, 1960593, 1941382, 1969963, 1962682, 2001762, 1984873, 1960923, 1956012, 1984433, 1954092, 1970053, 1961682, 1972732];[20085418, 19671363, 19233928, 19308899, 19759754, 19440551, 19786695, 20258450, 19623233, 19565522, 20097088, 19557872, 19506591, 19646543, 19417300, 19601572, 19947367, 19612683, 20030337, 20383171, 19704384, 19497331, 19855676, 19905846, 19632592, 20148069, 20411442, 19718004, 19608713, 19660303, 19885666, 19816415, 21510405, 19696073, 20464412, 20551103, 20131699, 21454704, 20560344, 21224271, 19679983, 20391031, 20479183, 20262210, 20767016, 21148319, 19988397, 19966507, 20392752, 19947306];[820129, 733689, 721908, 726598, 713168, 1499467, 714558, 719278, 691938, 718348, 738709, 700458, 1467227, 704779, 700478, 710698, 719618, 1526987, 694818, 720749, 705258, 701178, 717578, 734908, 1524238, 719789, 745739, 725138, 719368, 721699, 706618, 1501007, 787799, 739919, 747058, 778709, 1566957, 808339, 714358, 827659, 714628, 750139, 707158, 1666359, 897190, 750688, 743869, 739288, 928461, 729969]
T1400V1000_0.2;1400;1000;2;0.2;experiment_data/medium/T1400V1000_0.2_T.csv;experiment_data/medium/T1400V1000_0.2_V.csv;5159;2924;RecordEnumeration;[1, 1, 1, 1, 1, 1, 1, 1, 1, 1, 1, 1, 1, 1, 1, 1, 1, 1, 1, 1, 1, 1, 1, 1, 1, 1, 1, 1, 1, 1, 1, 1, 1, 1, 1, 1, 1, 1, 1, 1, 1, 1, 1, 1, 1, 1, 1, 1, 1, 1];[33625152, 32657711, 32253985, 37606017, 32737942, 32339597, 34197587, 32278186, 33985496, 33828715, 32669951, 32937704, 34331349, 32742541, 33027485, 34037717, 34118507, 33695533, 36205942, 33116217, 34193968, 34795835, 33108735, 32891734, 34631274, 34682524, 33634631, 34222889, 34712474, 34730185, 37003120, 33815173, 33580970, 34347080, 33780542, 32990515, 40044975, 33259528, 32794253, 34509082, 33351848, 33198886, 34675234, 33787923, 34386510, 34549402, 33224398, 32597031, 37171252, 33526531];[2751881, 2792961, 2776561, 2773161, 2746681, 2798432, 2759532, 2764301, 2763631, 2800402, 2765291, 2736411, 2756761, 2786892, 2779352, 2780762, 2749321, 2788181, 2813143, 2819382, 2777611, 2749891, 2780061, 2798531, 2788312, 2763642, 2777231, 2791102, 2761321, 2762412, 2832642, 2764221, 2767631, 2739731, 2796761, 2769752, 2768532, 2782321, 2755892, 2771332, 2745141, 2760671, 2757951, 2768111, 2756931, 2746761, 2744402, 2775082, 2737631, 2783792];[29920490, 29048690, 28659855, 34011337, 29184761, 28744926, 30633217, 28721296, 30369115, 30228313, 29104330, 29398914, 30749029, 29165071, 29428964, 30451096, 30533496, 30037752, 32522559, 29483965, 30592328, 31232175, 29488384, 29286083, 31045733, 31066412, 30052861, 30644718, 31119453, 31101283, 33291718, 30217573, 29985960, 30817400, 30181352, 29415504, 31069053, 29658617, 29219271, 29320593, 29790388, 29588636, 29477805, 30177323, 30771059, 29336583, 29656557, 29017199, 31117163, 29871809];[952781, 816060, 817569, 821519, 806500, 796239, 804838, 792589, 852750, 800000, 800330, 802379, 825559, 790578, 819169, 805859, 835690, 869600, 870240, 812870, 824029, 813769, 840290, 807120, 797229, 852470, 804539, 787069, 831700, 866490, 878760, 833379, 827379, 789949, 802429, 805259, 6207390, 818590, 819090, 2417157, 816319, 849579, 2439478, 842489, 858520, 2466058, 823439, 804750, 3316458, 870930]
T900V1000_0.0;900;1000;2;0.0;experiment_data/medium/T900V1000_0.0_T.csv;experiment_data/medium/T900V1000_0.0_V.csv;3317;2693;RecordEnumeration;[1, 1, 1, 1, 1, 1, 1, 1, 1, 1, 1, 1, 1, 1, 1, 1, 1, 1, 1, 1, 1, 1, 1, 1, 1, 1, 1, 1, 1, 1, 1, 1, 1, 1, 1, 1, 1, 1, 1, 1, 1, 1, 1, 1, 1, 1, 1, 1, 1, 1];[19787635, 19634703, 19760474, 19537821, 19796275, 19734134, 20531433, 19742664, 20018097, 23888050, 21048489, 20646584, 19961677, 20636004, 21348482, 20961089, 20018678, 20696225, 21043729, 20593894, 20064299, 20598383, 21487184, 20959587, 21014489, 21146289, 20146768, 22156132, 20159690, 20661534, 20128588, 24161296, 20071638, 20702804, 20954407, 20646555, 20084798, 20664724, 20088958, 20564183, 20816946, 20659155, 20059478, 20736035, 20117889, 20592945, 20450042, 21681177, 21645695, 20632154];[1732170, 1800231, 1759700, 1748660, 1760600, 1761020, 1750530, 1761700, 1770440, 1782350, 1801380, 1790980, 1768760, 1781120, 1742650, 1826971, 1774491, 1782840, 1781870, 1779011, 1758720, 1776590, 1755760, 1789630, 1776640, 1776030, 1761930, 1781911, 1778961, 1782100, 1756370, 1786581, 1738260, 1781740, 1773269, 1831981, 1752710, 1783380, 1754530, 1783500, 1763050, 1781461, 1772270, 1777050, 1746460, 1790071, 1763190, 1785331, 1769470, 1795180];[17422088, 17210965, 17375207, 17166094, 17408108, 17360017, 18043905, 17344677, 17596320, 21421123, 18561691, 18228067, 17572270, 18217387, 18870594, 18480490, 17612700, 18275077, 18597051, 18178576, 17674521, 18200446, 18974475, 18483999, 18544171, 18694642, 17745291, 19665313, 17745421, 18254577, 17718730, 21725767, 17684591, 18289237, 18506200, 18194327, 17710551, 18256657, 17711871, 18153666, 18421469, 18247117, 17670791, 18323968, 17749462, 18184496, 18057755, 19249938, 19107727, 18213496];[633377, 623507, 625567, 623067, 627567, 613097, 736998, 636287, 651337, 684577, 685418, 627537, 620647, 637497, 735238, 653628, 631487, 638308, 664808, 636307, 631058, 621347, 756949, 685958, 693678, 675617, 639547, 708908, 635308, 624857, 653488, 648948, 648787, 631827, 674938, 620247, 621537, 624687, 622557, 627017, 632427, 630577, 616417, 635017, 621967, 618378, 629097, 645908, 768498, 623478]
T500V1000_0.3;500;1000;2;0.3;experiment_data/medium/T500V1000_0.3_T.csv;experiment_data/medium/T500V1000_0.3_V.csv;1836;2814;RecordEnumeration;[1, 1, 1, 1, 1, 1, 1, 1, 1, 1, 1, 1, 1, 1, 1, 1, 1, 1, 1, 1, 1, 1, 1, 1, 1, 1, 1, 1, 1, 1, 1, 1, 1, 1, 1, 1, 1, 1, 1, 1, 1, 1, 1, 1, 1, 1, 1, 1, 1, 1];[10630611, 10972295, 10658030, 10727032, 10996044, 10658811, 10663961, 11007455, 11165257, 10650441, 10943634, 10619802, 10704692, 10958374, 10647971, 10863913, 11047455, 10878554, 11231657, 11054036, 10643461, 10663230, 11254138, 10725441, 10655210, 10978714, 10744202, 10704081, 11226117, 10682021, 10650782, 10978044, 10789382, 11268618, 10779253, 10737272, 11078776, 10939424, 10892693, 10813613, 10743211, 10802612, 10715061, 11226258, 10756701, 10744622, 10742482, 10755603, 10808362, 10746942];[804879, 815930, 815929, 813659, 818829, 805199, 809669, 798799, 804679, 818409, 802209, 800169, 820099, 810959, 809439, 808409, 823459, 803589, 820830, 838890, 806139, 802949, 817489, 818939, 807919, 809629, 819049, 822369, 800529, 811489, 802179, 815359, 803749, 813709, 835770, 802709, 815839, 818739, 846270, 813749, 821579, 820809, 797759, 800969, 819989, 801839, 816659, 807989, 817609, 817139];[9194125, 9194664, 9212494, 9265655, 9215724, 9216785, 9204384, 9258405, 9644360, 9186155, 9189764, 9185075, 9244385, 9190804, 9210074, 9412957, 9255305, 9393407, 9680319, 9246535, 9209005, 9230934, 9460038, 9261385, 9221024, 9215034, 9293556, 9241615, 9456347, 9229405, 9212125, 9201725, 9338206, 9714490, 9304335, 9302496, 9568849, 9435437, 9395656, 9358327, 9288285, 9332656, 9277825, 9749711, 9304895, 9315256, 9287586, 9308776, 9332296, 9286226];[631607, 961701, 629607, 647718, 961491, 636827, 649908, 950251, 716218, 645877, 951661, 634558, 640208, 956611, 628458, 642547, 968691, 681558, 730508, 968611, 628317, 629347, 976611, 645117, 626267, 954051, 631597, 640097, 969241, 641127, 636478, 960960, 647427, 740419, 639148, 632067, 694088, 685248, 650767, 641537, 633347, 649147, 639477, 675578, 631817, 627527, 638237, 638838, 658457, 643577]
T900V1000_0.1;900;1000;2;0.1;experiment_data/medium/T900V1000_0.1_T.csv;experiment_data/medium/T900V1000_0.1_V.csv;3273;2735;RecordEnumeration;[1, 1, 1, 1, 1, 1, 1, 1, 1, 1, 1, 1, 1, 1, 1, 1, 1, 1, 1, 1, 1, 1, 1, 1, 1, 1, 1, 1, 1, 1, 1, 1, 1, 1, 1, 1, 1, 1, 1, 1, 1, 1, 1, 1, 1, 1, 1, 1, 1, 1];[19857286, 19802305, 19722834, 19717055, 21089549, 19893187, 19890045, 20481823, 19901746, 19898656, 20137638, 19904756, 21377003, 19953528, 19949656, 20788377, 19953496, 20521364, 20950679, 20480802, 20412581, 20253190, 19996427, 20638555, 20682945, 20265740, 21309622, 20016837, 20166948, 20032527, 20137008, 20002516, 21510644, 20008717, 20111209, 20260891, 19958256, 19963016, 20674374, 20199069, 20628874, 19891016, 19888096, 19765223, 19855136, 19786794, 20728505, 19894316, 20071098, 19922045];[1786520, 1782750, 1787211, 1770951, 1784830, 1803661, 1780040, 1786481, 1768040, 1787020, 1797450, 1811541, 1791831, 1809651, 1806530, 1769560, 1790860, 1800501, 1780911, 1783660, 1782770, 1791860, 1782340, 1789161, 1775460, 1766520, 1777710, 1794751, 1781870, 1779150, 1778980, 1823090, 1740430, 1790931, 1774091, 1781161, 1794010, 1763320, 1771380, 1787850, 1779860, 1798520, 1781530, 1771340, 1767200, 1772570, 1782810, 1764860, 1759730, 1786260];[17430518, 17377547, 17289196, 17306177, 18562410, 17432878, 17436228, 18053395, 17482469, 17464058, 17694431, 17439967, 18826723, 17501269, 17488939, 18356859, 17510129, 18045065, 18407269, 17996094, 17913013, 17778302, 17531239, 18195847, 18218227, 17810062, 18759933, 17548309, 17722431, 17597280, 17684461, 17528899, 18948135, 17526858, 17664380, 17808063, 17503518, 17540568, 18225107, 17730151, 18154296, 17426708, 17425038, 17338986, 17423748, 17350747, 18217557, 17466019, 17642920, 17466848];[640248, 642008, 646427, 639927, 742309, 656648, 673777, 641947, 651237, 647578, 645757, 653248, 758449, 642608, 654187, 661958, 652507, 675798, 762499, 701048, 716798, 683028, 682848, 653547, 689258, 689158, 771979, 673777, 662647, 656097, 673567, 650527, 822079, 690928, 672738, 671667, 660728, 659128, 677887, 681068, 694718, 665788, 681528, 654897, 664188, 663477, 728138, 663437, 668448, 668937]
T1200V1000_0.8;1200;1000;2;0.8;experiment_data/medium/T1200V1000_0.8_T.csv;experiment_data/medium/T1200V1000_0.8_V.csv;4419;3538;RecordEnumeration;[1, 1, 1, 1, 1, 1, 1, 1, 1, 1, 1, 1, 1, 1, 1, 1, 1, 1, 1, 1, 1, 1, 1, 1, 1, 1, 1, 1, 1, 1, 1, 1, 1, 1, 1, 1, 1, 1, 1, 1, 1, 1, 1, 1, 1, 1, 1, 1, 1, 1];[27650864, 27856927, 29238152, 27554443, 26889305, 27139778, 27848236, 28879979, 28933988, 28344602, 27330331, 27577653, 27832996, 27416531, 28439173, 27678795, 32060595, 27526092, 27515913, 27509673, 27404101, 28516984, 27878978, 28497993, 27600633, 27542332, 28629665, 27715255, 29147762, 27511932, 27482392, 27545663, 27813435, 28547854, 27577703, 32031174, 27771154, 28261861, 30430546, 27598153, 28721906, 28753956, 27634524, 27891477, 27939677, 29004408, 27833696, 28671936, 27580623, 27708495];[2355186, 2361387, 2268615, 2394217, 2323526, 2296276, 2322836, 2316317, 2302826, 2284886, 2297867, 2344547, 2303846, 2301026, 2340377, 2287156, 2312577, 2312306, 2278916, 2294836, 2284886, 2285216, 2282877, 2289315, 2312706, 2295046, 2283196, 2277696, 2291477, 2295196, 2292206, 2306436, 2273526, 2274686, 2303396, 2335757, 2281755, 2317016, 2330747, 2325557, 2299386, 2401187, 2319386, 2293276, 2315856, 2316806, 2309817, 2295826, 2281466, 2292736];[24076444, 24470698, 25993626, 24226355, 23674978, 23935162, 24539968, 24430198, 25608351, 25143045, 24125664, 24323696, 24565969, 24188365, 25156205, 24407977, 28767567, 24315576, 24312096, 24298456, 24216885, 25309157, 24653790, 25183816, 24354176, 24329666, 24260185, 24527938, 25875554, 24280066, 24286636, 24310966, 24614019, 25367368, 24344796, 28742656, 24570149, 24991064, 27035407, 24335866, 25483519, 25381788, 24305786, 24657830, 24708311, 24541988, 24591649, 25438879, 24390167, 24502238];[1219234, 1024842, 975911, 933871, 890801, 908340, 985432, 2133464, 1022811, 916671, 906800, 909410, 963181, 927140, 942591, 983662, 980451, 898210, 924901, 916381, 902330, 922611, 942311, 1024862, 933751, 917620, 2086284, 909621, 980731, 936670, 903550, 928261, 925890, 905800, 929511, 952761, 919250, 953781, 1064392, 936730, 939001, 970981, 1009352, 940371, 915510, 2145614, 932230, 937231, 908990, 913521]
T800V1000_0.3;800;1000;2;0.3;experiment_data/medium/T800V1000_0.3_T.csv;experiment_data/medium/T800V1000_0.3_V.csv;2934;2872;RecordEnumeration;[1, 1, 1, 1, 1, 1, 1, 1, 1, 1, 1, 1, 1, 1, 1, 1, 1, 1, 1, 1, 1, 1, 1, 1, 1, 1, 1, 1, 1, 1, 1, 1, 1, 1, 1, 1, 1, 1, 1, 1, 1, 1, 1, 1, 1, 1, 1, 1, 1, 1];[17555679, 18002864, 17673360, 18700592, 17478278, 17918304, 17624991, 21252961, 17523700, 18177576, 17562029, 18096336, 17551338, 18204967, 17595470, 18044855, 17558710, 18147876, 17503850, 18150006, 17896724, 18177106, 19025396, 18158257, 17713531, 18091587, 17675500, 18257267, 17747472, 21907969, 17724131, 19482421, 17800402, 19728134, 17902563, 18484269, 17841933, 18484579, 17991014, 18652322, 19006956, 18554401, 17828461, 18755013, 18268798, 19117656, 18105056, 18483190, 18106195, 18991765];[1571408, 1562937, 1593988, 1557828, 1558848, 1541918, 1550038, 1533507, 1566188, 1523177, 1543447, 1533608, 1559247, 1558527, 1573978, 1558298, 1549258, 1561568, 1556098, 1557248, 1566548, 1555478, 1586148, 1571678, 1558118, 1535488, 1550787, 1559068, 1556598, 1560978, 1551267, 1562478, 1551117, 1559698, 1560927, 1555517, 1526577, 1539337, 1552877, 1537558, 1530898, 1565388, 1561627, 1551718, 1547508, 1570147, 1560808, 1571848, 1560007, 1573418];[15313954, 15775730, 15421065, 16349245, 15257463, 15725509, 15411155, 16166913, 15280824, 15434195, 15350454, 15374635, 15330414, 15442486, 15362134, 15294953, 15341075, 15399875, 15290814, 15438855, 15615628, 15416044, 16648399, 15374925, 15482535, 15342425, 15467476, 15442315, 15494476, 16055912, 15489556, 16481577, 15560497, 16624759, 15657858, 15674698, 15641548, 15706478, 15755549, 15859809, 16735550, 15603507, 15614207, 15942761, 15984681, 16264974, 15839810, 15679618, 15828920, 16022722];[670317, 664197, 658307, 793519, 661967, 650877, 663798, 3552541, 676688, 1220204, 668128, 1188093, 661677, 1203954, 659358, 1191604, 668377, 1186433, 656938, 1153903, 714548, 1205584, 790849, 1211654, 672878, 1213674, 657237, 1255884, 696398, 4291079, 683308, 1438366, 688788, 1543677, 683778, 1254054, 673808, 1238764, 682588, 1254955, 740508, 1385506, 652627, 1260534, 736609, 1282535, 704438, 1231724, 717268, 1395625]
T700V1000_0.7;700;1000;2;0.7;experiment_data/medium/T700V1000_0.7_T.csv;experiment_data/medium/T700V1000_0.7_V.csv;2576;3104;RecordEnumeration;[1, 1, 1, 1, 1, 1, 1, 1, 1, 1, 1, 1, 1, 1, 1, 1, 1, 1, 1, 1, 1, 1, 1, 1, 1, 1, 1, 1, 1, 1, 1, 1, 1, 1, 1, 1, 1, 1, 1, 1, 1, 1, 1, 1, 1, 1, 1, 1, 1, 1];[16007632, 15583238, 15683968, 15824400, 15846129, 19987357, 16526348, 15500936, 15378314, 15367124, 15867770, 15381774, 15303535, 15592787, 15402265, 15202344, 15364535, 16452818, 15279684, 15281993, 15281183, 16830981, 15754409, 15313373, 15332873, 15390325, 15357465, 15592176, 16422967, 15935490, 15333914, 15439974, 15383423, 15609107, 15949230, 15350724, 15304204, 15456375, 15497385, 15989552, 15337994, 15376815, 15421405, 15363944, 15324054, 15432525, 15980463, 15382924, 15472435, 15337423];[1182854, 1203574, 1180054, 1202074, 1198313, 1190674, 1208144, 1196323, 1173383, 1174053, 1174363, 1196263, 1193804, 1179733, 1191643, 1192434, 1193864, 1192634, 1194434, 1180043, 1205364, 1202034, 1226754, 1203273, 1196593, 1207014, 1228944, 1219614, 1207244, 1219704, 1200814, 1191363, 1194443, 1197003, 1199163, 1218764, 1206424, 1207863, 1264254, 1209864, 1187224, 1181723, 1205004, 1180204, 1185434, 1185444, 1247505, 1201773, 1192143, 1191483];[13584124, 13609425, 13753796, 13833587, 13794727, 14337793, 14473214, 13559794, 13465173, 13444803, 13964039, 13442272, 13402272, 13629514, 13492763, 13284421, 13450623, 13561844, 13354521, 13365072, 13338621, 14712037, 13778686, 13361922, 13404572, 13441313, 13395172, 13602384, 14372243, 13486403, 13398572, 13494023, 13435392, 13625325, 13516403, 13375912, 13355062, 13482463, 13478273, 14024440, 13408282, 13442213, 13477562, 13439952, 13392202, 13486423, 13468803, 13439652, 13545144, 13402752];[1240654, 770239, 750118, 788739, 853089, 4458890, 844990, 744819, 739758, 748268, 729368, 743239, 707459, 783540, 717859, 725489, 720048, 1698340, 730729, 736878, 737198, 916910, 748969, 748178, 731708, 741998, 733349, 770178, 843480, 1229383, 734528, 754588, 753588, 786779, 1233664, 756048, 742718, 766049, 754858, 755248, 742488, 752879, 738839, 743788, 746418, 760658, 1264155, 741499, 735148, 743188]
T1300V1000_0.4;1300;1000;2;0.4;experiment_data/medium/T1300V1000_0.4_T.csv;experiment_data/medium/T1300V1000_0.4_V.csv;4713;3136;RecordEnumeration;[1, 1, 1, 1, 1, 1, 1, 1, 1, 1, 1, 1, 1, 1, 1, 1, 1, 1, 1, 1, 1, 1, 1, 1, 1, 1, 1, 1, 1, 1, 1, 1, 1, 1, 1, 1, 1, 1, 1, 1, 1, 1, 1, 1, 1, 1, 1, 1, 1, 1];[29729558, 29227881, 29961660, 30321164, 30480355, 29926469, 29503004, 30648157, 29696316, 30242743, 32663500, 30210901, 30055141, 31061112, 29878047, 29972220, 30862609, 30285443, 29934138, 35921166, 31814900, 30024520, 32961053, 29942990, 29959809, 31267524, 30085400, 30819049, 32008303, 31848162, 31765431, 32372826, 30536337, 31003381, 32379286, 30229183, 30187422, 31677989, 31642148, 30223952, 32531078, 32072714, 29843648, 31435596, 31245804, 30019470, 31289464, 31815630, 29772758, 31466456];[2472338, 2431447, 2436468, 2523579, 2432398, 2423478, 2461288, 2454948, 2448288, 2464578, 2457228, 2424557, 2434698, 2438988, 2474608, 2461618, 2441767, 2498908, 2523098, 2536258, 2476188, 2470438, 2463448, 2483259, 2477828, 2500869, 2483058, 2481048, 2484079, 2583869, 2519088, 2486958, 2468979, 2485978, 2483378, 2473828, 2481278, 2468418, 2506308, 2486298, 2520618, 2479028, 2479978, 2500009, 2497678, 2505248, 2538388, 2482028, 2513199, 2499748];[26435891, 25891964, 26648242, 26974495, 27244668, 26684212, 26231717, 27339710, 26430289, 26914945, 29326732, 26942475, 26799404, 27784884, 26552160, 26669362, 27575122, 26927375, 26571431, 27735835, 28400062, 26692932, 28384341, 26602401, 26633842, 26701452, 26723652, 27419911, 27386620, 28355492, 28354622, 27790755, 27203369, 27633333, 27673103, 26908905, 26825874, 26961445, 28219680, 26851554, 27589693, 28694055, 26516991, 26716882, 27812386, 26637742, 26613102, 28413842, 26421489, 26773554];[821329, 904470, 876950, 823090, 803289, 818779, 809999, 853499, 817739, 863220, 879540, 843869, 821039, 837240, 851279, 841240, 845720, 859160, 839609, 5649073, 938650, 861150, 2113264, 857330, 848139, 2065203, 878690, 918090, 2137604, 908801, 891721, 2095113, 863989, 884070, 2222805, 846450, 880270, 2248126, 916160, 886100, 2420767, 899631, 846679, 2218705, 935740, 876480, 2137974, 919760, 838070, 2193154]
T500V1000_0.9;500;1000;2;0.9;experiment_data/medium/T500V1000_0.9_T.csv;experiment_data/medium/T500V1000_0.9_V.csv;1841;3037;RecordEnumeration;[1, 1, 1, 1, 1, 1, 1, 1, 1, 1, 1, 1, 1, 1, 1, 1, 1, 1, 1, 1, 1, 1, 1, 1, 1, 1, 1, 1, 1, 1, 1, 1, 1, 1, 1, 1, 1, 1, 1, 1, 1, 1, 1, 1, 1, 1, 1, 1, 1, 1];[10767522, 10819364, 10661951, 10672572, 10639820, 10654331, 10691051, 10719321, 10708592, 10914413, 11122836, 10658391, 10646030, 10891964, 10655290, 10718732, 10661820, 10687361, 10686619, 10734311, 10772513, 10730611, 10685320, 10941714, 10786323, 10816521, 10741710, 10699100, 10721672, 10966524, 10668991, 10673379, 10680670, 10735451, 10883645, 10645051, 10701552, 10817632, 10697911, 10638870, 10918024, 10711771, 10647890, 10704071, 10725391, 10712081, 10668251, 10695401, 10631481, 10655790];[819540, 815690, 827750, 820330, 813329, 819699, 814969, 824179, 822650, 814389, 840929, 835710, 820579, 814509, 827709, 821049, 822059, 822199, 815609, 826869, 829820, 825719, 829009, 818709, 845930, 839209, 846459, 834969, 814520, 828709, 856560, 831079, 830819, 827399, 816610, 824239, 822140, 826159, 836319, 828419, 818680, 848379, 820099, 820239, 838819, 845239, 830729, 832619, 829020, 816939];[9222724, 9276256, 9122553, 9144243, 9118803, 9117884, 9156644, 9189494, 9177674, 9381796, 9456787, 9116493, 9118223, 9364576, 9121113, 9189755, 9115103, 9143694, 9165653, 9190224, 9225605, 9188704, 9139213, 9390807, 9229874, 9222054, 9169843, 9144553, 9184864, 9411897, 9099083, 9127783, 9141654, 9175154, 9301416, 9120694, 9155794, 9278585, 9152384, 9109593, 9378906, 9154344, 9126964, 9158184, 9182044, 9144714, 9129704, 9162854, 9099903, 9126003];[725258, 727418, 711648, 707999, 707688, 716748, 719438, 705648, 708268, 718228, 825120, 706188, 707228, 712879, 706468, 707928, 724658, 721468, 705357, 717218, 717088, 716188, 717098, 732198, 710519, 755258, 725408, 719578, 722288, 725918, 713348, 714517, 708197, 732898, 765619, 700118, 723618, 712888, 709208, 700858, 720438, 709048, 700827, 725648, 704528, 722128, 707818, 699928, 702558, 712848]
T1000V1000_0.9;1000;1000;2;0.9;experiment_data/medium/T1000V1000_0.9_T.csv;experiment_data/medium/T1000V1000_0.9_V.csv;3677;3468;RecordEnumeration;[1, 1, 1, 1, 1, 1, 1, 1, 1, 1, 1, 1, 1, 1, 1, 1, 1, 1, 1, 1, 1, 1, 1, 1, 1, 1, 1, 1, 1, 1, 1, 1, 1, 1, 1, 1, 1, 1, 1, 1, 1, 1, 1, 1, 1, 1, 1, 1, 1, 1];[22550556, 22073710, 21978639, 22967521, 22676786, 27082547, 22344353, 22991342, 22092030, 22101681, 22074889, 23539147, 22995520, 23862391, 22029750, 22332943, 22229962, 23107982, 22687907, 22938811, 22265783, 22259312, 23402525, 23570967, 26634212, 22360404, 23037611, 22747217, 22256692, 22707386, 24384396, 23275644, 22542706, 22209883, 22336344, 22920790, 23811310, 22570536, 23077872, 22362144, 22325933, 22383503, 22424004, 27881266, 22424215, 23292773, 23263334, 22286743, 22268723, 22377984];[1862851, 1876331, 1884932, 1883532, 1880261, 1863521, 1883622, 1860512, 1894611, 1865462, 1870621, 1876332, 1890941, 1881142, 1910502, 1875881, 1862811, 1873441, 1869131, 1878272, 1883072, 1928862, 1975032, 1908472, 1926332, 1925392, 1898302, 1907761, 1910582, 1920781, 1925682, 1958072, 1920802, 1923712, 1920212, 1923422, 1923982, 1917072, 1922512, 1903362, 1915892, 1921081, 1911552, 1933962, 1879652, 1845261, 1878231, 1865211, 1868031, 1884561];[19822025, 19310349, 19238647, 20162429, 19854555, 19882675, 19564581, 20243529, 19333909, 19341809, 19341849, 20725644, 19443470, 21006838, 19257858, 19582152, 19510312, 19549491, 19963706, 20195309, 19498291, 19438430, 20439201, 20677574, 19605892, 19559142, 20230499, 19942736, 19416760, 19860745, 21444793, 19593222, 19722583, 19373350, 19546172, 20100378, 20152528, 19739184, 20282950, 19595022, 19520111, 19590182, 19619712, 20360540, 19537371, 20491921, 20372571, 19511182, 19526922, 19597322];[865680, 887030, 855060, 921560, 941970, 5336351, 896150, 887301, 863510, 894410, 862419, 937171, 1661109, 974411, 861390, 874910, 856839, 1685050, 855070, 865230, 884420, 892020, 988292, 984921, 5101988, 875870, 908810, 896720, 929350, 925860, 1013921, 1724350, 899321, 912821, 869960, 896990, 1734800, 914280, 872410, 863760, 889930, 872240, 892740, 5586764, 1007192, 955591, 1012532, 910350, 873770, 896101]
T900V1000_0.6;900;1000;2;0.6;experiment_data/medium/T900V1000_0.6_T.csv;experiment_data/medium/T900V1000_0.6_V.csv;3282;3133;RecordEnumeration;[1, 1, 1, 1, 1, 1, 1, 1, 1, 1, 1, 1, 1, 1, 1, 1, 1, 1, 1, 1, 1, 1, 1, 1, 1, 1, 1, 1, 1, 1, 1, 1, 1, 1, 1, 1, 1, 1, 1, 1, 1, 1, 1, 1, 1, 1, 1, 1, 1, 1];[20295480, 19888785, 24297325, 19795653, 20964458, 19921976, 20663894, 20418292, 21178430, 20096989, 20572473, 19986487, 20604374, 20261239, 20676605, 19938457, 20660744, 21343711, 20673065, 20025127, 20984888, 21254552, 21030727, 20031278, 20555613, 22489535, 20038668, 19952936, 19976147, 20649764, 19944305, 19964857, 19982376, 19938167, 20067128, 20531783, 20650864, 20656823, 20680934, 20085767, 20110738, 19976427, 19943865, 22334634, 20539312, 20343110, 20790445, 20173909, 19943066, 20223510];[1696659, 1696339, 1718250, 1709539, 1719840, 1707049, 1709339, 1703220, 1721020, 1724790, 1702849, 1706720, 1685639, 1713309, 1738250, 1700120, 1692699, 1733619, 1713990, 1684899, 1705800, 1721210, 1715889, 1693219, 1702219, 3563740, 1731260, 1706749, 1696019, 1706769, 1717759, 1731780, 1699639, 1694430, 1712080, 1721780, 1709570, 1760409, 1705319, 1713909, 1738700, 1711140, 1698359, 1695230, 1700639, 1730799, 1705759, 1759600, 1701709, 1728370];[17844403, 17396747, 18145975, 17337616, 17753921, 17468428, 17485548, 17942773, 17888323, 17606810, 17457278, 17534228, 17456968, 17796602, 17558859, 17498968, 17521789, 18751912, 17555419, 17606040, 17876083, 18717112, 17837911, 17574130, 17456418, 17960444, 17544749, 17466148, 17514359, 18173506, 17452297, 17475668, 17535389, 17477828, 17602780, 17943124, 18132865, 18143586, 18163125, 17623199, 17596319, 17523039, 17503088, 19755764, 18007504, 17839953, 18106646, 17642520, 17462588, 17723281];[754418, 795699, 4433100, 748498, 1490697, 746499, 1469007, 772299, 1569087, 765389, 1412346, 745539, 1461767, 751328, 1379496, 739369, 1446256, 858180, 1403656, 734188, 1403005, 816230, 1476927, 763929, 1396976, 965351, 762659, 780039, 765769, 769489, 774249, 757409, 747348, 765909, 752268, 866879, 808429, 752828, 812490, 748659, 775719, 742248, 742418, 883640, 831169, 772358, 978040, 771789, 778769, 771859]
T1400V1000_0.7;1400;1000;2;0.7;experiment_data/medium/T1400V1000_0.7_T.csv;experiment_data/medium/T1400V1000_0.7_V.csv;5154;3558;RecordEnumeration;[1, 1, 1, 1, 1, 1, 1, 1, 1, 1, 1, 1, 1, 1, 1, 1, 1, 1, 1, 1, 1, 1, 1, 1, 1, 1, 1, 1, 1, 1, 1, 1, 1, 1, 1, 1, 1, 1, 1, 1, 1, 1, 1, 1, 1, 1, 1, 1, 1, 1];[31703660, 34802484, 32090784, 32866132, 33668520, 32109443, 32021953, 33590832, 32753281, 33157806, 33663111, 32629629, 32308916, 34333709, 32377317, 32481778, 35497292, 33786602, 33230277, 40291106, 32719721, 32312646, 34220227, 32484087, 32955583, 34489220, 32577018, 32438658, 34258508, 32673429, 34326489, 34869765, 32657308, 34206138, 34361968, 34430980, 32703251, 32572689, 32546769, 33608061, 33287777, 33081425, 33400838, 32705853, 33932045, 32371757, 32712180, 32978625, 32249355, 32733773];[2609160, 2657000, 2647840, 2640430, 2637120, 2691400, 2672260, 2820522, 2674381, 2721711, 2690370, 2684600, 2658680, 2673480, 2662180, 2670870, 2663000, 2677650, 2655591, 2697840, 2640610, 2643460, 2681330, 2661930, 2699141, 2741411, 2669370, 2674110, 2750261, 2704160, 2680710, 2779551, 2657190, 2710321, 2728020, 2741531, 2689320, 2657401, 2653500, 2659500, 2709910, 2668050, 2841952, 2761472, 2693841, 2703811, 2712560, 2687581, 2674240, 2733682];[28151579, 31067152, 28400642, 29207951, 30076870, 28450872, 28387062, 29800308, 29042309, 29443674, 29999370, 28961698, 28647174, 30693428, 28750426, 28848737, 31833291, 30112871, 29508944, 31017161, 29074839, 28708085, 28841146, 28814396, 28945428, 29256061, 28927867, 28785557, 28925587, 28969628, 30614657, 29517385, 29028518, 30448465, 29054179, 30587786, 29019729, 28928847, 28915638, 29916899, 29564165, 29365303, 29524064, 28951639, 30076231, 28666325, 29041739, 29316722, 28592364, 29009879];[942921, 1078332, 1042302, 1017751, 954530, 967171, 962631, 970002, 1036591, 992421, 973371, 983331, 1003062, 966801, 964711, 962171, 1001001, 996081, 1065742, 6576105, 1004272, 961101, 2697751, 1007761, 1311014, 2491748, 979781, 978991, 2582660, 999641, 1031122, 2572829, 971600, 1047352, 2579769, 1101663, 994202, 986441, 977631, 1031662, 1013702, 1048072, 1034822, 992742, 1161973, 1001621, 957881, 974322, 982751, 990212]
T700V1000_0.3;700;1000;2;0.3;experiment_data/medium/T700V1000_0.3_T.csv;experiment_data/medium/T700V1000_0.3_V.csv;2574;2838;RecordEnumeration;[1, 1, 1, 1, 1, 1, 1, 1, 1, 1, 1, 1, 1, 1, 1, 1, 1, 1, 1, 1, 1, 1, 1, 1, 1, 1, 1, 1, 1, 1, 1, 1, 1, 1, 1, 1, 1, 1, 1, 1, 1, 1, 1, 1, 1, 1, 1, 1, 1, 1];[15235972, 15201612, 15463675, 15068520, 15664037, 15440266, 15407874, 15396634, 15211662, 15182162, 15246203, 15751418, 15349024, 15228852, 15270893, 15273514, 15814319, 15420375, 15286303, 15421674, 15415183, 15646178, 15935301, 15974591, 15360005, 15336514, 15321814, 16398666, 19568792, 15292513, 15416315, 15296664, 15296104, 15722358, 15356964, 15317514, 15337474, 15496586, 15258423, 15817639, 15815968, 15302732, 15309564, 15358904, 15328524, 15856140, 15424344, 15966760, 15345504, 15696848];[1196433, 1216374, 1227034, 1224124, 1218974, 1216244, 1225154, 1316955, 1235764, 1241365, 1244764, 1238474, 1312565, 1240454, 1234754, 1240625, 1244824, 1259514, 1245354, 1241243, 1241114, 1243544, 1271904, 1241294, 1241635, 1226044, 1244134, 1226854, 1244124, 1227414, 1251824, 1235034, 1244625, 1235134, 1234974, 1243084, 1228984, 1225934, 1255504, 1263744, 1250764, 1230143, 1237064, 1237854, 1241864, 1241684, 1256504, 1264854, 1263854, 1227514];[13339661, 13314431, 13562694, 13182409, 13744045, 13516663, 13476512, 13375461, 13292241, 13258060, 13308051, 13340471, 13350571, 13299790, 13332421, 13352142, 13853827, 13484803, 13334891, 13494633, 13477452, 13653425, 13905988, 13533793, 13413282, 13424522, 13395032, 14387493, 14783648, 13365571, 13467133, 13350202, 13354591, 13778216, 13424572, 13381502, 13416642, 13566134, 13300631, 13819327, 13371961, 13377721, 13371162, 13407262, 13399082, 13921988, 13463612, 13990608, 13399322, 13767506];[699878, 670807, 673947, 661987, 701018, 707359, 706208, 704218, 683657, 682737, 693388, 1172473, 685888, 688608, 703718, 680747, 715668, 676058, 706058, 685798, 696617, 749209, 757409, 1199504, 705088, 685948, 682648, 784319, 3541020, 699528, 697358, 711428, 696888, 709008, 697418, 692928, 691848, 704518, 702288, 734568, 1193243, 694868, 701338, 713788, 687578, 692468, 704228, 711298, 682328, 701828]
T600V1000_0.5;600;1000;2;0.5;experiment_data/medium/T600V1000_0.5_T.csv;experiment_data/medium/T600V1000_0.5_V.csv;2218;2939;RecordEnumeration;[1, 1, 1, 1, 1, 1, 1, 1, 1, 1, 1, 1, 1, 1, 1, 1, 1, 1, 1, 1, 1, 1, 1, 1, 1, 1, 1, 1, 1, 1, 1, 1, 1, 1, 1, 1, 1, 1, 1, 1, 1, 1, 1, 1, 1, 1, 1, 1, 1, 1];[13561454, 13123358, 13145640, 12972506, 13050038, 13520631, 13065387, 13045688, 13039109, 13178209, 15889350, 13083178, 13032838, 13038527, 13062428, 13523562, 13116919, 13106219, 13145780, 13097548, 13209049, 13215419, 13671005, 13805218, 13044687, 13028617, 13701016, 13474383, 13288420, 13320230, 13524034, 13083649, 13000847, 13063437, 13557144, 13087997, 13386002, 13173399, 13827047, 13540773, 13057978, 13458864, 13117528, 13111549, 13601935, 13203580, 13195700, 13263009, 13866657, 13026187];[1033872, 1028561, 1022932, 1014461, 1016372, 1016341, 1012881, 1006512, 1011562, 1021881, 1017542, 999831, 1012422, 1004441, 1000731, 1013481, 1007312, 1027352, 1005412, 1010871, 1024211, 1009261, 1020682, 1020832, 1019191, 1002961, 1012502, 1023852, 1008271, 1016301, 1020522, 1020572, 1016481, 1014661, 1018842, 1010591, 1005142, 1021381, 1001312, 1027972, 1005952, 1009942, 1011231, 1012382, 1021742, 1015671, 1023942, 1004781, 1017751, 1019291];[11810144, 11403899, 11405780, 11271478, 11336908, 11365568, 11350169, 11345908, 11320179, 11444830, 11402429, 11392339, 11329748, 11325678, 11369979, 11408309, 11422799, 11385679, 11444350, 11390379, 11457780, 11491760, 11513100, 12015657, 11333268, 11329628, 11966246, 11385879, 11587141, 11561241, 11765843, 11379889, 11292418, 11362559, 11442519, 11376778, 11682102, 11438470, 12003846, 11381318, 11355548, 11685073, 11406789, 11401809, 11480540, 11469961, 11461570, 11564051, 12046407, 11306348];[717438, 690898, 716928, 686567, 696758, 1138722, 702337, 693268, 707368, 711498, 3469379, 691008, 690668, 708408, 691718, 1101772, 686808, 693188, 696018, 696298, 727058, 714398, 1137223, 768729, 692228, 696028, 722268, 1064652, 693008, 742688, 737669, 683188, 691948, 686217, 1095783, 700628, 698758, 713548, 821889, 1131483, 696478, 763849, 699508, 697358, 1099653, 717948, 710188, 694177, 802499, 700548]
T1100V1000_0.5;1100;1000;2;0.5;experiment_data/medium/T1100V1000_0.5_T.csv;experiment_data/medium/T1100V1000_0.5_V.csv;4055;3151;RecordEnumeration;[1, 1, 1, 1, 1, 1, 1, 1, 1, 1, 1, 1, 1, 1, 1, 1, 1, 1, 1, 1, 1, 1, 1, 1, 1, 1, 1, 1, 1, 1, 1, 1, 1, 1, 1, 1, 1, 1, 1, 1, 1, 1, 1, 1, 1, 1, 1, 1, 1, 1];[25641311, 24694910, 24580780, 25083543, 25132515, 25789233, 24758651, 30154502, 26247317, 25165685, 25169745, 25292835, 25852653, 24948663, 25930163, 25268027, 26753983, 25993345, 24967673, 26709281, 25665911, 25124974, 25279967, 25298396, 26597591, 25119045, 30444964, 25083664, 25050124, 25219265, 25217346, 27637933, 25776603, 25885883, 25257096, 26678612, 25772641, 25627892, 26715793, 25223216, 26955845, 25101555, 25491058, 26815604, 26125436, 30997721, 25201467, 26863414, 25732981, 25252396];[2090044, 2109744, 2093484, 2102153, 2109204, 2096954, 2101474, 2108644, 2073263, 2115014, 2112574, 2095813, 2107184, 2111134, 2101153, 2108934, 2108964, 2130554, 2112454, 2083213, 2107574, 2130473, 2104254, 2101474, 2110804, 2121874, 2107863, 2073713, 2093964, 2103623, 2108324, 2108904, 2131035, 2109354, 2121964, 2092223, 2112664, 2113964, 2141124, 2101434, 2116734, 2115144, 2107273, 2079703, 2089564, 2106484, 2120535, 2129754, 2113704, 2119974];[22775008, 21790717, 21680706, 22160961, 22227422, 21924729, 21865928, 27194878, 23220563, 22188722, 22273872, 22396353, 22039120, 22048310, 23029271, 22383434, 23775430, 23012891, 22056240, 23776099, 22703817, 22170742, 22390814, 22385883, 22550295, 22208722, 27523902, 22218592, 22135461, 22303203, 22301673, 23497476, 22640816, 22988250, 22334583, 23657488, 22779038, 22708248, 23779290, 22326443, 23968231, 22210972, 22589276, 22928870, 23185832, 28038018, 22244492, 23808060, 22565376, 22291152];[776259, 794449, 806590, 820429, 795889, 1767550, 791249, 850980, 953491, 861949, 783299, 800669, 1706349, 789219, 799739, 775659, 869589, 849900, 798979, 849969, 854520, 823759, 784899, 811039, 1936492, 788449, 813199, 791359, 820699, 812439, 807349, 2031553, 1004752, 788279, 800549, 928901, 880939, 805680, 795379, 795339, 870880, 775439, 794509, 1807031, 850040, 853219, 836440, 925600, 1053901, 841270]
T500V1000_0.4;500;1000;2;0.4;experiment_data/medium/T500V1000_0.4_T.csv;experiment_data/medium/T500V1000_0.4_V.csv;1844;2850;RecordEnumeration;[1, 1, 1, 1, 1, 1, 1, 1, 1, 1, 1, 1, 1, 1, 1, 1, 1, 1, 1, 1, 1, 1, 1, 1, 1, 1, 1, 1, 1, 1, 1, 1, 1, 1, 1, 1, 1, 1, 1, 1, 1, 1, 1, 1, 1, 1, 1, 1, 1, 1];[10918292, 10800553, 10811882, 10794672, 10758011, 10781902, 10777332, 10787523, 11216287, 10805293, 10749282, 10770782, 10819233, 10727822, 10808572, 10926264, 10907303, 10808752, 10864681, 10768211, 10789144, 10823992, 13726956, 11259927, 10852854, 11087736, 10916004, 10817062, 11091395, 10769642, 10809502, 11071166, 10828284, 10770152, 11122187, 10785262, 11285078, 11209837, 11317898, 10814212, 11125047, 10786772, 10790342, 11091505, 10851312, 10842742, 11181327, 11255628, 10969264, 11149847];[800379, 822670, 807939, 812299, 797529, 806699, 802349, 819390, 823469, 827290, 822379, 801219, 819099, 812179, 801389, 803279, 827369, 828439, 810379, 818660, 820710, 818229, 816570, 830839, 822730, 822639, 809109, 829119, 817889, 809919, 808349, 826770, 816180, 820110, 822890, 826519, 814369, 824609, 839029, 839249, 805829, 826089, 810719, 817529, 814679, 835579, 819770, 832990, 826679, 823560];[9436566, 9282125, 9340325, 9299125, 9303155, 9290705, 9287885, 9284725, 9608139, 9303666, 9247345, 9304065, 9332066, 9230445, 9338836, 9435897, 9370916, 9295805, 9371775, 9280154, 9302986, 9334385, 12120568, 9669330, 9367547, 9630160, 9457177, 9335206, 9626939, 9321496, 9357546, 9602879, 9360346, 9307295, 9667180, 9317935, 9689010, 9726631, 9658830, 9319746, 9673260, 9309856, 9333705, 9632649, 9393076, 9357466, 9710120, 9748220, 9466677, 9662889];[681347, 695758, 663618, 683248, 657327, 684498, 687098, 683408, 784679, 674337, 679558, 665498, 668068, 685198, 668347, 687088, 709018, 684508, 682527, 669397, 665448, 671378, 789818, 759758, 662577, 634937, 649718, 652737, 646567, 638227, 643607, 641517, 651758, 642747, 632117, 640808, 781699, 658597, 820039, 655217, 645958, 650827, 645918, 641327, 643557, 649697, 651437, 674418, 675908, 663398]
T500V1000_1.0;500;1000;2;1.0;experiment_data/medium/T500V1000_1.0_T.csv;experiment_data/medium/T500V1000_1.0_V.csv;1826;3096;RecordEnumeration;[1, 1, 1, 1, 1, 1, 1, 1, 1, 1, 1, 1, 1, 1, 1, 1, 1, 1, 1, 1, 1, 1, 1, 1, 1, 1, 1, 1, 1, 1, 1, 1, 1, 1, 1, 1, 1, 1, 1, 1, 1, 1, 1, 1, 1, 1, 1, 1, 1, 1];[10789782, 11103726, 10724451, 10826582, 11103616, 10772882, 11044996, 11134406, 10749083, 10761003, 11098615, 10740031, 10777171, 11091865, 10918222, 10825923, 10755053, 10879342, 10979284, 10754462, 10777362, 10806012, 10765341, 10743183, 10747272, 10720911, 10716163, 10739901, 10731072, 10720301, 10752742, 10719741, 10716521, 10693151, 10738881, 10764151, 10765871, 10814593, 10764581, 10778612, 10750552, 10751091, 10736932, 10746832, 10767143, 10750003, 10768392, 10840154, 10882963, 10870553];[811379, 817060, 815869, 831529, 844429, 808859, 813959, 816119, 820010, 825050, 823259, 808759, 809809, 818779, 818369, 841739, 838370, 845430, 851349, 842539, 831939, 850160, 852179, 829489, 837770, 835299, 827830, 826479, 838370, 824109, 822970, 836349, 827029, 823079, 825189, 828769, 835009, 832610, 822919, 869469, 832209, 830539, 830689, 828210, 827500, 829379, 822030, 834240, 826699, 844340];[9204375, 9213484, 9183494, 9242904, 9201855, 9238175, 9460378, 9226145, 9210855, 9180784, 9202944, 9195394, 9210694, 9212064, 9361155, 9228045, 9195295, 9272734, 9353176, 9180084, 9215175, 9194474, 9194484, 9179995, 9195894, 9171794, 9171734, 9201344, 9168014, 9179114, 9213964, 9166534, 9179653, 9149924, 9184744, 9212904, 9214124, 9253865, 9220384, 9188624, 9207065, 9189114, 9193755, 9202094, 9214604, 9189375, 9217524, 9257255, 9275265, 9299185];[774028, 1073182, 725088, 752149, 1057332, 725848, 770659, 1092142, 718218, 755169, 1072412, 735878, 756668, 1061022, 738698, 756139, 721388, 761178, 774759, 731839, 730248, 761378, 718678, 733699, 713608, 713818, 716599, 712078, 724688, 717078, 715808, 716858, 709839, 720148, 728948, 722478, 716738, 728118, 721278, 720519, 711278, 731438, 712488, 716528, 725039, 731249, 728838, 748659, 780999, 727028]
T600V1000_0.0;600;1000;2;0.0;experiment_data/medium/T600V1000_0.0_T.csv;experiment_data/medium/T600V1000_0.0_V.csv;2202;2681;RecordEnumeration;[1, 1, 1, 1, 1, 1, 1, 1, 1, 1, 1, 1, 1, 1, 1, 1, 1, 1, 1, 1, 1, 1, 1, 1, 1, 1, 1, 1, 1, 1, 1, 1, 1, 1, 1, 1, 1, 1, 1, 1, 1, 1, 1, 1, 1, 1, 1, 1, 1, 1];[13079727, 13030128, 13060928, 13138809, 13745646, 12987587, 13678076, 13132019, 13036388, 14322053, 13074238, 13156208, 13365851, 13221660, 13478153, 13087278, 13036658, 13283591, 13107118, 12997508, 13200600, 13596134, 13132860, 13059908, 13018497, 13074438, 13478992, 13019647, 13052158, 13268711, 13138849, 13046869, 13075768, 13488383, 13247871, 13040909, 12996187, 13311051, 13484464, 13103629, 13119939, 13066388, 13345272, 13668414, 13930777, 13324791, 13088198, 13046089, 13039868, 13234489];[1049581, 1045671, 1047252, 1048212, 1042272, 1052772, 1044302, 1051362, 1043532, 1056152, 1057662, 1067341, 1056582, 1079842, 1060172, 1070142, 1050942, 1042262, 1066812, 1058152, 1075582, 1049112, 1055603, 1067992, 1050222, 1077332, 1061472, 1054152, 1049042, 1049132, 1071792, 1093293, 1066672, 1056692, 1054992, 1056072, 1062661, 1064932, 1061663, 1050592, 1054682, 1045612, 1067143, 1060352, 1060212, 1072142, 1054982, 1057483, 1050252, 1089782];[11393289, 11346269, 11350759, 11453750, 11626381, 11301748, 11893435, 11404859, 11355489, 11960726, 11378559, 11430689, 11648962, 11470320, 11378899, 11372639, 11339309, 11594612, 11415049, 11303048, 11464920, 11461539, 11439990, 11357629, 11327418, 11364839, 11382389, 11342788, 11365409, 11575252, 11409070, 11314059, 11378379, 11365629, 11552481, 11350519, 11291438, 11588062, 11360489, 11403359, 11426440, 11376539, 11580701, 11531000, 12149337, 11606712, 11383719, 11355219, 11335319, 11502390];[636857, 638188, 662917, 636847, 1076993, 633067, 740339, 675798, 637367, 1305175, 638017, 658178, 660307, 671498, 1039082, 644497, 646407, 646717, 625257, 636308, 660098, 1085483, 637267, 634287, 640857, 632267, 1035131, 622707, 637707, 644327, 657987, 639517, 630717, 1066062, 640398, 634318, 642088, 658057, 1062312, 649678, 638817, 644237, 697428, 1077062, 721228, 645937, 649497, 633387, 654297, 642317]
T900V1000_0.2;900;1000;2;0.2;experiment_data/medium/T900V1000_0.2_T.csv;experiment_data/medium/T900V1000_0.2_V.csv;3295;2824;RecordEnumeration;[1, 1, 1, 1, 1, 1, 1, 1, 1, 1, 1, 1, 1, 1, 1, 1, 1, 1, 1, 1, 1, 1, 1, 1, 1, 1, 1, 1, 1, 1, 1, 1, 1, 1, 1, 1, 1, 1, 1, 1, 1, 1, 1, 1, 1, 1, 1, 1, 1, 1];[19832325, 19722214, 19789046, 19698263, 19817475, 19885277, 19838984, 19834836, 19806605, 20009396, 19810155, 20239179, 20226029, 20129038, 20637643, 20054778, 20007776, 20253731, 20666563, 20177857, 20118588, 19989276, 21019148, 20043187, 20549082, 21540974, 20126218, 19991178, 20035577, 20042297, 20872488, 20582193, 20705454, 20308070, 20135277, 19988275, 20049998, 20423762, 20129908, 20009906, 20742395, 19917397, 20136808, 20053857, 20129008, 19872935, 19992826, 19959266, 21177300, 19954466];[1813371, 1812551, 1783571, 1791551, 1777590, 1770121, 1783330, 1807001, 1791221, 1982642, 1788821, 1807960, 1802120, 1830741, 1805880, 1821511, 1816690, 1771301, 1822450, 1816320, 1776650, 1788640, 1799551, 1766540, 1818390, 1814191, 1783390, 1792871, 1793130, 1774420, 1803571, 1800540, 1806040, 1795030, 1880521, 1776649, 1807331, 1800071, 1769000, 1798950, 1808201, 1774861, 1794970, 1808750, 1780850, 1795030, 1797780, 1781170, 1802341, 1792610];[17320196, 17231525, 17323927, 17237505, 17359367, 17445518, 17378816, 17341427, 17337797, 17321866, 17337487, 17751531, 17726850, 17598289, 18153536, 17556149, 17516748, 17748141, 18140826, 17672720, 17672570, 17508539, 18523869, 17591910, 18009794, 18915084, 17658450, 17518609, 17573719, 17576309, 18376119, 18047354, 18171695, 17765841, 17570069, 17508318, 17564729, 17913813, 17674200, 17515778, 18256577, 17462398, 17654750, 17558429, 17677470, 17390117, 17517048, 17485018, 18650701, 17488658];[698758, 678138, 681548, 669207, 680518, 669638, 676838, 686408, 677587, 704888, 683847, 679688, 697059, 700008, 678227, 677118, 674338, 734289, 703287, 688817, 669368, 692097, 695728, 684737, 720898, 811699, 684378, 679698, 668728, 691568, 692798, 734299, 727719, 747199, 684687, 703308, 677938, 709878, 686708, 695178, 677617, 680138, 687088, 686678, 670688, 687788, 677998, 693078, 724258, 673198]
T600V1000_0.1;600;1000;2;0.1;experiment_data/medium/T600V1000_0.1_T.csv;experiment_data/medium/T600V1000_0.1_V.csv;2203;2742;RecordEnumeration;[1, 1, 1, 1, 1, 1, 1, 1, 1, 1, 1, 1, 1, 1, 1, 1, 1, 1, 1, 1, 1, 1, 1, 1, 1, 1, 1, 1, 1, 1, 1, 1, 1, 1, 1, 1, 1, 1, 1, 1, 1, 1, 1, 1, 1, 1, 1, 1, 1, 1];[13149629, 13191829, 13575454, 13130808, 13125069, 13195530, 13150709, 13540554, 13213289, 13495624, 13389792, 13327611, 13869877, 13483373, 13207910, 13246980, 13158689, 13102178, 13437981, 13635114, 13188050, 13272660, 13216779, 13213900, 14257531, 13223430, 13167110, 13208000, 13167629, 13141799, 13496502, 13719225, 13221581, 13343641, 14024049, 13193109, 16081193, 13112339, 13206889, 13032498, 13177650, 13465372, 13510993, 13100498, 13212949, 13229660, 13155108, 13167249, 13752717, 13070688];[1082422, 1068572, 1055492, 1040911, 1051822, 1044272, 1073752, 1060172, 1056912, 1058092, 1071792, 1052612, 1067742, 1058722, 1070632, 1073772, 1066212, 1059022, 1056392, 1063612, 1061362, 1064072, 1069722, 1055802, 1071942, 1055752, 1052162, 1047322, 1049342, 1053652, 1061302, 1067142, 1062572, 1061732, 1063062, 1055252, 1060272, 1057152, 1052412, 1040122, 1052652, 1065092, 1053952, 1077752, 1057022, 1059672, 1053741, 1070042, 1081783, 1056632];[11411099, 11471360, 11422329, 11424170, 11425339, 11510731, 11430839, 11431160, 11505820, 11703073, 11640712, 11577731, 11742303, 11744303, 11467420, 11509131, 11446200, 11390689, 11724212, 11491550, 11476480, 11557151, 11494540, 11504731, 12097777, 11499540, 11462870, 11501140, 11462810, 11432269, 11763133, 11545751, 11477741, 11636792, 12261510, 11473620, 11688843, 11391479, 11486340, 11327698, 11473430, 11347468, 11786993, 11370149, 11506890, 11483971, 11447410, 11433820, 11579601, 11355378];[656108, 651897, 1097633, 665727, 647908, 640527, 646118, 1049222, 650557, 734459, 677288, 697268, 1059832, 680348, 669858, 664077, 646277, 652467, 657377, 1079952, 650208, 651437, 652517, 653367, 1087812, 668138, 652078, 659538, 655477, 655878, 672067, 1106332, 681268, 645117, 699477, 664237, 3332078, 663708, 668137, 664678, 651568, 1052812, 670048, 652597, 649037, 686017, 653957, 663387, 1091333, 658678]
T1000V1000_0.3;1000;1000;2;0.3;experiment_data/medium/T1000V1000_0.3_T.csv;experiment_data/medium/T1000V1000_0.3_V.csv;3690;2925;RecordEnumeration;[1, 1, 1, 1, 1, 1, 1, 1, 1, 1, 1, 1, 1, 1, 1, 1, 1, 1, 1, 1, 1, 1, 1, 1, 1, 1, 1, 1, 1, 1, 1, 1, 1, 1, 1, 1, 1, 1, 1, 1, 1, 1, 1, 1, 1, 1, 1, 1, 1, 1];[22222032, 22827739, 22420994, 22240631, 22357513, 22433974, 23158202, 23293103, 23059291, 22279961, 22286492, 24056963, 22747918, 24165294, 22793118, 22181371, 24101654, 22465444, 23183563, 23917232, 22975881, 23520246, 22595707, 22846270, 22969510, 23377495, 23030000, 24156323, 23183813, 22902709, 23114433, 24370754, 23647267, 22732608, 23279174, 24116213, 23808800, 23999692, 23754750, 23442615, 23306375, 23291315, 23007980, 23543476, 24943353, 23881231, 23538857, 23155873, 23315804, 23799680];[1941612, 1974823, 1970333, 1976202, 1960062, 1969142, 1967772, 1970542, 2010603, 1998202, 1976982, 1993373, 1985112, 2002773, 1981953, 1991842, 1977163, 2010073, 1977313, 1976703, 1972783, 1988112, 2017043, 1991383, 1967132, 1991143, 1992162, 1994362, 1992783, 1988552, 1979453, 1968112, 2004342, 1965242, 1980313, 1963412, 1982553, 1960322, 1958413, 1985062, 1958723, 1991663, 1975642, 2010473, 1971822, 1957042, 1978222, 1983133, 1997782, 1979323];[19516131, 20103637, 19632772, 19484780, 19641293, 19696813, 19561392, 20550522, 20301720, 19544611, 19558951, 21247251, 20019617, 20543263, 20045087, 19460531, 21305441, 19702233, 19648133, 21133600, 20277750, 20723885, 19815455, 20105298, 20220369, 19707883, 20227629, 21257811, 20359980, 20071608, 20312990, 21523603, 20075477, 20005737, 20376471, 21252921, 20971008, 20385871, 20908987, 20642554, 20480463, 20455752, 20193529, 20676924, 21054099, 21074559, 20742025, 20352730, 20479952, 20925457];[764289, 749279, 817889, 779649, 756158, 768019, 1629038, 772039, 746968, 737148, 750559, 816339, 743189, 1619258, 766078, 728998, 819050, 753138, 1558117, 806929, 725348, 808249, 763209, 749589, 782009, 1678469, 810209, 904150, 831050, 842549, 821990, 879039, 1567448, 761629, 922390, 899880, 855239, 1653499, 887350, 814999, 867189, 843900, 838809, 856079, 1917432, 849630, 818610, 820010, 838070, 894900]
T1000V1000_1.0;1000;1000;2;1.0;experiment_data/medium/T1000V1000_1.0_T.csv;experiment_data/medium/T1000V1000_1.0_V.csv;3726;3576;RecordEnumeration;[1, 1, 1, 1, 1, 1, 1, 1, 1, 1, 1, 1, 1, 1, 1, 1, 1, 1, 1, 1, 1, 1, 1, 1, 1, 1, 1, 1, 1, 1, 1, 1, 1, 1, 1, 1, 1, 1, 1, 1, 1, 1, 1, 1, 1, 1, 1, 1, 1, 1];[23218364, 22955719, 23603737, 22856650, 23507687, 23773449, 22619597, 23168442, 22968210, 24158724, 24488229, 24207855, 23322246, 23054801, 23929952, 24400026, 24503427, 24366936, 22605336, 23182293, 23244193, 25506179, 25212885, 24135503, 22818679, 22821879, 24046163, 24333364, 24845971, 23191313, 22446534, 23220493, 24466017, 24994653, 23210213, 23346254, 23295904, 24119613, 24296925, 24077053, 23867290, 23112612, 23816500, 24513937, 23301064, 23201272, 24551289, 24232305, 24408187, 23879411];[1881881, 1920981, 1914592, 1941833, 1927172, 1952772, 1941702, 1948712, 1943802, 1947082, 1927132, 2044073, 1947413, 1960712, 1938032, 1945602, 1928952, 1966792, 1955022, 1958693, 1930112, 1929882, 1927092, 1970322, 1941702, 1982272, 1925722, 1950342, 1958002, 1955623, 1940102, 1942502, 1937902, 1965872, 1922602, 1963222, 1908442, 1944082, 1922992, 2021263, 1925392, 1945172, 1942032, 1967052, 1921972, 1959462, 1907472, 1936562, 1921062, 1944423];[20270960, 20008987, 19673803, 19972707, 20640644, 20680244, 19658543, 20152318, 20086328, 20416021, 21481684, 21115430, 20393502, 20187899, 20275170, 21465533, 21530144, 21178990, 19664633, 20295700, 20372681, 21572584, 22047930, 21103539, 19938516, 19865066, 21106080, 21161159, 20775015, 20237439, 19563341, 20296140, 21462583, 20919647, 20289910, 20470291, 20437941, 21127039, 21282331, 20984397, 19967706, 20228500, 20931728, 21376712, 20327370, 20270479, 21584795, 20593524, 21447443, 20871796];[1065523, 1025751, 2015342, 942110, 939871, 1140433, 1019352, 1067412, 938080, 1795621, 1079413, 1048352, 981331, 906190, 1716750, 988891, 1044331, 1221154, 985681, 927900, 941400, 2003713, 1237863, 1061642, 938461, 974541, 1014361, 1221863, 2112954, 998251, 943091, 981851, 1065532, 2109134, 997701, 912741, 949521, 1048492, 1091602, 1071393, 1974192, 938940, 942740, 1170173, 1051722, 971331, 1059022, 1702219, 1039682, 1063192]
T1200V1000_0.3;1200;1000;2;0.3;experiment_data/medium/T1200V1000_0.3_T.csv;experiment_data/medium/T1200V1000_0.3_V.csv;4391;2994;RecordEnumeration;[1, 1, 1, 1, 1, 1, 1, 1, 1, 1, 1, 1, 1, 1, 1, 1, 1, 1, 1, 1, 1, 1, 1, 1, 1, 1, 1, 1, 1, 1, 1, 1, 1, 1, 1, 1, 1, 1, 1, 1, 1, 1, 1, 1, 1, 1, 1, 1, 1, 1];[28105088, 28673484, 28439203, 28290592, 29766538, 28423963, 28474512, 29071939, 28611015, 29219941, 27652823, 29642226, 29020528, 28352531, 28079509, 28770985, 30321684, 28048817, 27475522, 29163780, 29333702, 29301123, 28140570, 28742295, 28300500, 29729377, 28434751, 29465544, 29266911, 28766626, 30483954, 29629017, 27639074, 29871837, 29403343, 28841398, 28058178, 28576513, 29730717, 28970549, 28221630, 27775854, 29855378, 29530495, 27289430, 28081549, 28527604, 31495547, 28043997, 29071589];[2301886, 2379936, 2424908, 2358727, 2384407, 2371247, 2349556, 2438048, 2360307, 2353966, 2323976, 2366537, 2425137, 2347557, 2361997, 2426097, 2456968, 2350486, 2420238, 2355486, 2424037, 2364067, 2336677, 2344966, 2388637, 2398077, 2354826, 2336116, 2368646, 2367656, 2457057, 2384718, 2369097, 2384277, 2415787, 2353587, 2398357, 2361846, 2422247, 2443898, 2324867, 2339226, 2432577, 2399577, 2360087, 2374027, 2348337, 2396867, 2362496, 2362567];[24917422, 25459919, 25208166, 25082455, 26546431, 25158015, 25268906, 25764222, 25426678, 24898213, 24540998, 26436419, 25764252, 25203605, 24904742, 25481479, 27044417, 24912992, 24247475, 25933184, 26010455, 26116216, 25017654, 25627160, 25077494, 26453090, 25269296, 26284358, 24772131, 25556070, 27189438, 26402339, 24477728, 26637111, 26125806, 25713532, 24884332, 25345987, 26409490, 25715592, 25104524, 24654119, 26562291, 26288898, 24126963, 24898913, 25339348, 26798454, 24884392, 25918093];[885780, 833629, 806129, 849410, 835700, 894701, 856050, 869669, 824030, 1967762, 787849, 839270, 831139, 801369, 812770, 863409, 820299, 785339, 807809, 875110, 899210, 820840, 786239, 770169, 834369, 878210, 810629, 845070, 2126134, 842900, 837459, 841960, 792249, 850449, 861750, 774279, 775489, 868680, 898980, 811059, 792239, 782509, 860510, 842020, 802380, 808609, 839919, 2300226, 797109, 790929]
T700V1000_0.8;700;1000;2;0.8;experiment_data/medium/T700V1000_0.8_T.csv;experiment_data/medium/T700V1000_0.8_V.csv;2587;3170;RecordEnumeration;[1, 1, 1, 1, 1, 1, 1, 1, 1, 1, 1, 1, 1, 1, 1, 1, 1, 1, 1, 1, 1, 1, 1, 1, 1, 1, 1, 1, 1, 1, 1, 1, 1, 1, 1, 1, 1, 1, 1, 1, 1, 1, 1, 1, 1, 1, 1, 1, 1, 1];[15365154, 15338914, 15166732, 15297093, 15715619, 15576547, 15499726, 16551347, 16387235, 15700448, 15226093, 15585728, 15550516, 15633996, 15303683, 15462815, 15858138, 15283842, 16225044, 15176751, 15254372, 15895401, 15288033, 15419353, 15316054, 15279002, 15766369, 15427485, 15494146, 15595787, 15399266, 16557877, 15364304, 16173384, 15452295, 15560695, 15412275, 15474286, 15854279, 16318746, 15431434, 15397284, 15607176, 18293728, 15282052, 15333635, 15485555, 15543126, 15545245, 15495006];[1171613, 1178883, 1189194, 1171193, 1207514, 1173723, 1182874, 1183463, 1189893, 1199043, 1181624, 1181964, 1199084, 1218213, 1252254, 1190604, 1205263, 1194613, 1189124, 1190104, 1215054, 1175394, 1185914, 1211893, 1210124, 1202173, 1210324, 1225864, 1228614, 1217294, 1253895, 1203003, 1213484, 1217644, 1225524, 1215893, 1214814, 1218934, 1205193, 1215694, 1217363, 1211724, 1208083, 1222844, 1196623, 1210804, 1195683, 1227954, 1223263, 1221714];[13442092, 13415942, 13237240, 13374172, 13261811, 13587554, 13522043, 14452604, 14342072, 13762286, 13305251, 13548434, 13560673, 13624084, 13310521, 13515623, 13423302, 13337231, 14142690, 13245679, 13292090, 13459263, 13362151, 13446642, 13337021, 13308791, 13796376, 13438592, 13498123, 13621025, 13392402, 14471534, 13394542, 13648505, 13472883, 13548783, 13436982, 13481423, 13885727, 14316803, 13464092, 13425232, 13649324, 16288735, 13302690, 13369222, 13506813, 13513583, 13498323, 13511004];[751449, 744089, 740298, 751728, 1246294, 815270, 794809, 915280, 855270, 739119, 739218, 855330, 790759, 791699, 740908, 756588, 1229573, 751998, 893230, 740968, 747228, 1260744, 739968, 760818, 768909, 768038, 759669, 763029, 767409, 757468, 752969, 883340, 756278, 1307235, 753888, 796019, 760479, 773929, 763359, 786249, 749979, 760328, 749769, 782149, 782739, 753609, 783059, 801589, 823659, 762288]
T1100V1000_0.0;1100;1000;2;0.0;experiment_data/medium/T1100V1000_0.0_T.csv;experiment_data/medium/T1100V1000_0.0_V.csv;4051;2675;RecordEnumeration;[1, 1, 1, 1, 1, 1, 1, 1, 1, 1, 1, 1, 1, 1, 1, 1, 1, 1, 1, 1, 1, 1, 1, 1, 1, 1, 1, 1, 1, 1, 1, 1, 1, 1, 1, 1, 1, 1, 1, 1, 1, 1, 1, 1, 1, 1, 1, 1, 1, 1];[24632368, 25892133, 24725930, 25598620, 25090575, 24682908, 24754200, 24848021, 26200116, 24997433, 26402070, 25258705, 25324047, 25133975, 25106793, 26544931, 25210438, 26083547, 25859502, 25617841, 25716471, 26247239, 26101067, 25393038, 25551500, 25995905, 25713464, 26843733, 25741063, 26276049, 26125197, 25540571, 25699801, 25523740, 26530453, 25513678, 26517082, 25976085, 25763302, 26952846, 25822223, 26538502, 25558411, 25405559, 25889835, 25984555, 26981566, 25528770, 26350699, 25520080];[2138124, 2172384, 2175995, 2178155, 2183875, 2171204, 2167334, 2178294, 2177174, 2193735, 2190995, 2172984, 2196725, 2208235, 2197725, 2201565, 2197356, 2220146, 2223725, 2226615, 2227515, 2244846, 2206125, 2184365, 2215285, 2216305, 2199645, 2204534, 2174685, 2234866, 2212845, 2205846, 2190734, 2184915, 2215455, 2187614, 2201025, 2206035, 2195885, 2225845, 2204355, 2213206, 2221495, 2204885, 2227756, 2218256, 2212645, 2202825, 2214885, 2228625];[21817917, 22940230, 21888118, 22752718, 22217822, 21837827, 21919638, 21991519, 22340253, 22127470, 23533307, 22433534, 22447904, 22256532, 22213751, 22583716, 22344304, 23181583, 22906389, 22708428, 22766988, 23215454, 23231104, 22515805, 22607047, 23065432, 22794250, 22915880, 22859290, 23351715, 23226184, 22650227, 22819480, 22657107, 22547847, 22652787, 23651199, 23115093, 22873049, 24026723, 22932750, 23647869, 22664908, 22504476, 22996041, 23066702, 23034691, 22620387, 23443387, 22624947];[676327, 779519, 661817, 667747, 688878, 673877, 667228, 678208, 1682689, 676228, 677768, 652187, 679418, 669208, 695317, 1759650, 668778, 681818, 729388, 682798, 721968, 786939, 663838, 692868, 729168, 714168, 719569, 1723319, 707088, 689468, 686168, 684498, 689587, 681718, 1767151, 673277, 664858, 654957, 694368, 700278, 685118, 677427, 672008, 696198, 666038, 699597, 1734230, 705558, 692427, 666508]
T800V1000_0.4;800;1000;2;0.4;experiment_data/medium/T800V1000_0.4_T.csv;experiment_data/medium/T800V1000_0.4_V.csv;2937;2964;RecordEnumeration;[1, 1, 1, 1, 1, 1, 1, 1, 1, 1, 1, 1, 1, 1, 1, 1, 1, 1, 1, 1, 1, 1, 1, 1, 1, 1, 1, 1, 1, 1, 1, 1, 1, 1, 1, 1, 1, 1, 1, 1, 1, 1, 1, 1, 1, 1, 1, 1, 1, 1];[17933823, 18038655, 17510409, 17715992, 20747076, 17595719, 18126526, 17592979, 18158816, 17782493, 18479840, 17661060, 18172847, 17762982, 18079726, 17649171, 18142455, 17697250, 18098815, 18083575, 18811994, 17628090, 18290148, 18225387, 18319668, 17883334, 21479894, 17740912, 18274658, 17705240, 18311258, 17792052, 18240227, 18524381, 18179106, 17673402, 18217657, 17804043, 18520480, 18167897, 18266278, 17683901, 18369579, 17763182, 18217767, 17689171, 18332007, 18384089, 21201360, 17824542];[1577717, 1600338, 1550288, 1548148, 1550258, 1552827, 1540758, 1567608, 1571097, 1559208, 1561868, 1599148, 1562708, 1588538, 1573038, 1560078, 1588978, 1556237, 1548327, 1560538, 1552588, 1558868, 1580538, 1578878, 1572288, 1601218, 1570638, 1554438, 1556818, 1571107, 1572058, 1562078, 1580168, 1555888, 1552528, 1551188, 1550468, 1567608, 1559727, 1557758, 1579778, 1549728, 1556037, 1585498, 1576058, 1559308, 1555207, 1580058, 1581477, 1559477];[15383995, 15734259, 15260483, 15461816, 18432699, 15360014, 15903250, 15338234, 15869681, 15538687, 16195404, 15364364, 15931781, 15467646, 15811829, 15383505, 15858540, 15447105, 15864000, 15791219, 16471857, 15370925, 16015182, 15927161, 16049532, 15601668, 16180734, 15488066, 15398125, 15454945, 15461065, 15531836, 15412435, 16250414, 15392364, 15437436, 15428715, 15532037, 15645178, 15857750, 15431795, 15430965, 15550897, 15468556, 15375814, 15434505, 15482266, 16102123, 15481266, 15567337];[972111, 704058, 699638, 706028, 764119, 682878, 682518, 687137, 718038, 684598, 722568, 697548, 678358, 706798, 694859, 705588, 694937, 693908, 686488, 731818, 787549, 698297, 694428, 719348, 697848, 680448, 3728522, 698408, 1319715, 679188, 1278135, 698138, 1247624, 718079, 1234214, 684778, 1238474, 704398, 1315575, 752389, 1254705, 703208, 1262645, 709128, 1265895, 695358, 1294534, 701908, 4138617, 697728]
T1100V1000_0.1;1100;1000;2;0.1;experiment_data/medium/T1100V1000_0.1_T.csv;experiment_data/medium/T1100V1000_0.1_V.csv;4066;2750;RecordEnumeration;[1, 1, 1, 1, 1, 1, 1, 1, 1, 1, 1, 1, 1, 1, 1, 1, 1, 1, 1, 1, 1, 1, 1, 1, 1, 1, 1, 1, 1, 1, 1, 1, 1, 1, 1, 1, 1, 1, 1, 1, 1, 1, 1, 1, 1, 1, 1, 1, 1, 1];[25213276, 24863022, 26069026, 24901532, 30386694, 25357428, 25675361, 25575900, 26210657, 26616592, 25427160, 28515415, 25708932, 25262725, 25644632, 25401858, 26323739, 25232867, 25595781, 25642221, 25462250, 27285901, 26167697, 30934871, 25614021, 27243088, 25930794, 26354628, 28795628, 25592801, 26437411, 25464769, 25442049, 25763323, 26322239, 26606872, 25828373, 25351089, 25655861, 25899004, 26594392, 27182130, 30995092, 25841933, 25587151, 25646731, 25835214, 28300952, 25565940, 28483533];[2123724, 2157874, 2185725, 2141834, 2162004, 2174095, 2392817, 2266546, 2214095, 2217245, 2218566, 2173945, 2192815, 2168144, 2190475, 2282286, 2196305, 2179105, 2212905, 2193935, 2225686, 2168965, 2196615, 2153344, 2192635, 2188874, 2299106, 2191154, 2246036, 2201165, 2211976, 2190435, 2197225, 2373987, 2293986, 2193495, 2213855, 2211826, 2223815, 2168695, 2204085, 2178175, 2205935, 2189094, 2219705, 2211285, 2178885, 2173095, 2216195, 2183915];[22404654, 22021140, 22160132, 22076511, 27494792, 22480665, 22463095, 22590896, 23220644, 22689267, 22491326, 25595661, 22814119, 22403604, 22655587, 22400234, 23418646, 22354944, 22683828, 22750318, 22499756, 23369816, 23232464, 28053819, 22712169, 24166524, 22911170, 23416036, 24667700, 22685918, 23521757, 22581846, 22567886, 22686968, 23306805, 23717099, 22908720, 22432435, 22735028, 23029781, 22616557, 24248396, 28073989, 22878680, 22641058, 22720918, 22939711, 22908930, 22644757, 25509289];[684898, 684008, 1723169, 683187, 729898, 702668, 819449, 718458, 775918, 1710080, 717268, 745809, 701998, 690977, 798570, 719338, 708788, 698818, 699048, 697968, 736808, 1747120, 738618, 727708, 709217, 887690, 720518, 747438, 1881892, 705718, 703678, 692488, 676938, 702368, 721448, 696278, 705798, 706828, 697018, 700528, 1773750, 755559, 715168, 774159, 726388, 714528, 716618, 3218927, 704988, 790329]
T600V1000_0.2;600;1000;2;0.2;experiment_data/medium/T600V1000_0.2_T.csv;experiment_data/medium/T600V1000_0.2_V.csv;2194;2792;RecordEnumeration;[1, 1, 1, 1, 1, 1, 1, 1, 1, 1, 1, 1, 1, 1, 1, 1, 1, 1, 1, 1, 1, 1, 1, 1, 1, 1, 1, 1, 1, 1, 1, 1, 1, 1, 1, 1, 1, 1, 1, 1, 1, 1, 1, 1, 1, 1, 1, 1, 1, 1];[13061507, 13084087, 13532415, 13063179, 13203330, 13293061, 13288831, 13135248, 13142710, 13778697, 13299091, 13103399, 13027228, 13055688, 13483643, 13081087, 13249530, 13240270, 13193850, 13058358, 13120519, 13783137, 13794576, 13126819, 13284592, 13563644, 13582845, 13119789, 13152879, 13067839, 13141869, 13487323, 13124539, 13257220, 13105301, 13184091, 13077418, 13157009, 13652925, 13102298, 13163751, 13022887, 13140980, 13552493, 14185440, 13138730, 13182560, 13578035, 13136839, 13119529];[1128732, 1132613, 1148524, 1138103, 1139493, 1127703, 1127813, 1184214, 1157814, 1090752, 1066302, 1086332, 1075152, 1072322, 1078332, 1070092, 1068312, 1065572, 1065312, 1059292, 1078522, 1069712, 1070302, 1093073, 1068833, 1061672, 1077083, 1063522, 1056142, 1066442, 1065602, 1059392, 1053392, 1069322, 1074113, 1057803, 1069482, 1071752, 1073552, 1065052, 1072233, 1069642, 1066263, 1066102, 1072632, 1081433, 1076642, 1084033, 1088592, 1079072];[11269308, 11273987, 11312349, 11246548, 11358289, 11450500, 11468120, 11275437, 11318959, 11567492, 11442480, 11343799, 11274428, 11310638, 11343349, 11325418, 11491760, 11488001, 11445550, 11326979, 11371409, 11597712, 11900545, 11353609, 11482460, 11742963, 11394680, 11373809, 11401099, 11319719, 11387629, 11370659, 11401049, 11517820, 11354880, 11435630, 11343418, 11420729, 11458250, 11368038, 11427380, 11285808, 11397279, 11400289, 12300779, 11381359, 11421280, 11802444, 11360569, 11360209];[663467, 677487, 1071542, 678528, 705548, 714858, 692898, 675597, 665937, 1120453, 790309, 673268, 677648, 672728, 1061962, 685577, 689458, 686697, 682988, 672087, 670588, 1115713, 823729, 680137, 733299, 759009, 1111082, 682458, 695638, 681678, 688638, 1057272, 670098, 670078, 676308, 690658, 664518, 664528, 1121123, 669208, 664138, 667437, 677438, 1086102, 812029, 675938, 684638, 691558, 687678, 680248]
T500V1000_0.5;500;1000;2;0.5;experiment_data/medium/T500V1000_0.5_T.csv;experiment_data/medium/T500V1000_0.5_V.csv;1852;2895;RecordEnumeration;[1, 1, 1, 1, 1, 1, 1, 1, 1, 1, 1, 1, 1, 1, 1, 1, 1, 1, 1, 1, 1, 1, 1, 1, 1, 1, 1, 1, 1, 1, 1, 1, 1, 1, 1, 1, 1, 1, 1, 1, 1, 1, 1, 1, 1, 1, 1, 1, 1, 1];[11316329, 10647871, 10660931, 10984325, 10665691, 10813693, 10968145, 10663442, 10730052, 11496451, 10781243, 10776263, 11115036, 10688761, 10731552, 10994515, 11169627, 10720051, 10966365, 10829104, 10713262, 10817422, 10808482, 11194118, 10816134, 10811712, 10832492, 10806242, 10811793, 10754342, 10827453, 11112016, 10953234, 10810343, 10802232, 11020266, 10815272, 10751632, 10747282, 11164557, 10801823, 10773872, 10779493, 10804382, 10874814, 10890944, 11088746, 10811434, 10772114, 10790264];[826269, 823159, 809729, 797729, 812609, 825729, 820170, 821660, 805029, 817730, 830360, 815789, 806019, 820759, 809539, 808849, 808649, 833959, 802059, 815399, 805200, 806999, 815869, 801330, 816810, 817259, 820379, 822029, 817139, 800039, 798019, 820569, 843100, 814029, 809509, 818879, 805539, 799069, 814499, 818329, 828039, 820139, 809990, 823729, 821219, 825919, 805079, 830680, 813760, 818030];[9485948, 9164725, 9187185, 9186205, 9198965, 9323056, 9175994, 9180465, 9255525, 9499038, 9288986, 9272796, 9284035, 9208855, 9246895, 9189785, 9548639, 9225144, 9157414, 9356877, 9242765, 9353436, 9323215, 9592699, 9338716, 9335226, 9355936, 9325996, 9322796, 9284645, 9363696, 9443208, 9408756, 9335056, 9331676, 9537269, 9338056, 9295125, 9272076, 9525009, 9311886, 9281625, 9304386, 9324035, 9375197, 9388667, 9615249, 9312516, 9297186, 9315976];[1004112, 659987, 664017, 1000391, 654117, 664908, 971981, 661317, 669498, 1179683, 661897, 687678, 1024982, 659147, 675118, 995881, 812339, 660948, 1006892, 656828, 665297, 656987, 669398, 800089, 660608, 659227, 656177, 658217, 671858, 669658, 665738, 848239, 701378, 661258, 661047, 664118, 671677, 657438, 660707, 821219, 661898, 672108, 665117, 656618, 678398, 676358, 668418, 668238, 661168, 656258]
T1200V1000_0.9;1200;1000;2;0.9;experiment_data/medium/T1200V1000_0.9_T.csv;experiment_data/medium/T1200V1000_0.9_V.csv;4419;3611;RecordEnumeration;[1, 1, 1, 1, 1, 1, 1, 1, 1, 1, 1, 1, 1, 1, 1, 1, 1, 1, 1, 1, 1, 1, 1, 1, 1, 1, 1, 1, 1, 1, 1, 1, 1, 1, 1, 1, 1, 1, 1, 1, 1, 1, 1, 1, 1, 1, 1, 1, 1, 1];[27718235, 28022440, 27469533, 27524522, 28545904, 27488082, 29990641, 27633543, 28572895, 30672799, 29279343, 34062827, 29432744, 28593444, 27999158, 27766206, 29712708, 27879456, 29247232, 28132260, 29858570, 28485043, 28873308, 28803007, 28050157, 27723285, 28933629, 27967858, 29105711, 28087169, 34167438, 28075359, 29605506, 27958597, 27984868, 29173710, 27909245, 29014750, 29718736, 28055948, 28094359, 28097149, 29329544, 28123321, 28034298, 28075878, 28100459, 30038531, 28180060, 35180538];[2308196, 2553540, 2410288, 2376157, 2339696, 2359517, 2374257, 2355456, 2379987, 2369577, 2356467, 2414028, 2346056, 2369687, 2394207, 2363547, 2373267, 2388517, 2403867, 2380617, 2386228, 2394917, 2418458, 2390637, 2386617, 2343807, 2380707, 2366667, 2361347, 2392537, 2374397, 2344577, 2361347, 2356587, 2368317, 2363406, 2373056, 2377387, 2367556, 2409737, 2371337, 2385237, 2374807, 2381268, 2386487, 2416177, 2400957, 2403518, 2457558, 2373287];[24434388, 24504319, 24089264, 24157624, 25234087, 24153554, 26566372, 24305786, 25123996, 25234156, 25854374, 30625058, 26046386, 24947653, 24631220, 24444768, 25021884, 24533278, 25867144, 24771072, 26402560, 25080965, 25438649, 25389498, 24696580, 24408657, 25566590, 24636710, 24543509, 24707291, 30799760, 24713911, 26182247, 24598619, 24613340, 24584949, 24530848, 25650372, 26175007, 24634080, 24727681, 24686980, 25904065, 24717421, 24627559, 24632770, 24673461, 25270377, 24720430, 31358805];[975651, 964581, 969981, 990741, 972121, 975011, 1050012, 972301, 1068912, 3069066, 1068502, 1023741, 1040302, 1276104, 973731, 957891, 2317557, 957661, 976221, 980571, 1069782, 1009161, 1016201, 1022872, 966960, 970821, 986332, 964481, 2200855, 987341, 993281, 1016871, 1061912, 1003391, 1003211, 2225355, 1005341, 986991, 1176173, 1012131, 995341, 1024932, 1050672, 1024632, 1020252, 1026931, 1026041, 2364636, 1002072, 1448446]
T1400V1000_0.3;1400;1000;2;0.3;experiment_data/medium/T1400V1000_0.3_T.csv;experiment_data/medium/T1400V1000_0.3_V.csv;5133;3045;RecordEnumeration;[1, 1, 1, 1, 1, 1, 1, 1, 1, 1, 1, 1, 1, 1, 1, 1, 1, 1, 1, 1, 1, 1, 1, 1, 1, 1, 1, 1, 1, 1, 1, 1, 1, 1, 1, 1, 1, 1, 1, 1, 1, 1, 1, 1, 1, 1, 1, 1, 1, 1];[32136354, 32173875, 32003074, 32195266, 32157105, 34190809, 32415788, 32440158, 35392082, 32802273, 32671211, 34226689, 34182418, 33674202, 35356681, 33038635, 32806982, 36741857, 33025075, 32627341, 40628031, 34037527, 33433329, 34586053, 33098396, 33002754, 34811625, 33301867, 34995936, 34477562, 33611732, 34921026, 34578393, 33447970, 33081517, 34744175, 34405081, 34564012, 34740795, 32860353, 32591361, 34647243, 33070395, 32813392, 35587563, 33168538, 32830054, 35078087, 32926864, 34257518];[2717250, 2758921, 2750072, 2749601, 2745941, 2931333, 2747741, 2788682, 2731031, 2753662, 2816292, 2750881, 2756771, 2780671, 2764701, 2746361, 2769181, 2752831, 2722351, 2746782, 2750381, 2726321, 2748681, 2757471, 2758382, 2770552, 2805212, 2952003, 2788781, 2816922, 2795432, 2791222, 2820432, 2812702, 2849713, 2778902, 2810572, 2789732, 2804732, 2795802, 2777272, 2789181, 2789452, 2800671, 2816692, 2787462, 2791552, 2798872, 2800032, 2809672];[28609385, 28590595, 28418152, 28610605, 28588115, 30421726, 28846658, 28823947, 31762860, 28947128, 29033910, 30606678, 30444206, 30027481, 31715360, 29449904, 29229932, 33109496, 29466685, 29043340, 37047011, 30468596, 29839588, 30996642, 29514405, 29390683, 31154014, 29494385, 31313415, 30824100, 29942230, 31229594, 30903761, 29587356, 29377054, 31108033, 30718689, 30784739, 29384144, 29188101, 28970649, 29234702, 29434654, 29147671, 30093811, 29516956, 29209502, 29644216, 29277742, 30497496];[809719, 824359, 834850, 835060, 823049, 837750, 821389, 827529, 898191, 1101483, 821009, 869130, 981441, 866050, 876620, 842370, 807869, 879530, 836039, 837219, 830639, 842610, 845060, 831940, 825609, 841519, 852399, 855479, 893740, 836540, 874070, 900210, 854200, 1047912, 854750, 857240, 875820, 989541, 2551919, 876450, 843440, 2623360, 846289, 865050, 2677060, 864120, 829000, 2634999, 849090, 950350]
T600V1000_0.6;600;1000;2;0.6;experiment_data/medium/T600V1000_0.6_T.csv;experiment_data/medium/T600V1000_0.6_V.csv;2208;2998;RecordEnumeration;[1, 1, 1, 1, 1, 1, 1, 1, 1, 1, 1, 1, 1, 1, 1, 1, 1, 1, 1, 1, 1, 1, 1, 1, 1, 1, 1, 1, 1, 1, 1, 1, 1, 1, 1, 1, 1, 1, 1, 1, 1, 1, 1, 1, 1, 1, 1, 1, 1, 1];[13088530, 13026837, 13017878, 13452513, 13031369, 13038598, 13364584, 13408313, 13595644, 13185520, 13153041, 13208558, 13421462, 13159538, 13156850, 13672056, 13167261, 13366572, 13185640, 13460973, 13523983, 13307570, 13507493, 13259350, 13498503, 13715495, 13208140, 13635676, 13194890, 13218730, 13130568, 13149149, 16030382, 13513063, 13539343, 13734646, 13175539, 14142861, 13236660, 13223330, 13172620, 13313081, 13098539, 13314750, 13643534, 13979928, 13175730, 13170410, 13240331, 13642135];[1026072, 1021201, 1017592, 999291, 1006022, 1015521, 1014132, 1015112, 1015671, 1013312, 1005712, 1013681, 1002691, 1017961, 1003182, 1013822, 996531, 1000611, 1003892, 1014042, 1003091, 1012561, 1011301, 1031702, 1005771, 1015261, 1019141, 1007712, 1001692, 1009801, 1011771, 997501, 1001741, 1014041, 1009431, 1030731, 1011661, 1012362, 1020462, 1018231, 1009212, 1005651, 1008962, 1009471, 1019611, 998771, 1013602, 1009592, 1012482, 1014682];[11360469, 11299888, 11293118, 11346339, 11338459, 11329799, 11625113, 11671623, 11484211, 11464000, 11447850, 11491660, 11719663, 11430009, 11437990, 11498111, 11466371, 11631632, 11468190, 11719153, 11433390, 11562541, 11759133, 11511790, 11774884, 11898285, 11480941, 11490121, 11478090, 11487561, 11409589, 11435880, 11472840, 11791084, 11809034, 11911476, 11453030, 11747934, 11493620, 11487691, 11458660, 11577692, 11385009, 11574151, 11479950, 12223759, 11455820, 11451880, 11494241, 11515821];[701989, 705748, 707168, 1106883, 686888, 693278, 725339, 721578, 1095762, 708208, 699479, 703217, 699108, 711568, 715678, 1160123, 704359, 734329, 713558, 727778, 1087502, 732468, 737059, 715858, 717848, 801949, 708058, 1137843, 715108, 721368, 709208, 715768, 3555801, 707938, 720878, 792439, 710848, 1382565, 722578, 717408, 704748, 729738, 704568, 731128, 1143973, 757398, 706308, 708938, 733608, 1111632]
T700V1000_0.4;700;1000;2;0.4;experiment_data/medium/T700V1000_0.4_T.csv;experiment_data/medium/T700V1000_0.4_V.csv;2549;2903;RecordEnumeration;[1, 1, 1, 1, 1, 1, 1, 1, 1, 1, 1, 1, 1, 1, 1, 1, 1, 1, 1, 1, 1, 1, 1, 1, 1, 1, 1, 1, 1, 1, 1, 1, 1, 1, 1, 1, 1, 1, 1, 1, 1, 1, 1, 1, 1, 1, 1, 1, 1, 1];[15065032, 15121062, 15936602, 15299644, 15223484, 15149412, 15664148, 15642817, 15364665, 15261593, 15258004, 15564348, 18114206, 15433755, 15382284, 15684038, 15533086, 15467135, 15713731, 15934381, 15460005, 15387335, 15407745, 15486486, 15899910, 15477686, 15592697, 15446596, 16519997, 15500706, 15474915, 15918391, 15505956, 15492466, 15428034, 15465916, 15949731, 15413674, 15525876, 15888800, 15637947, 15886400, 15453645, 15519215, 15594027, 15489856, 15570136, 15623717, 16242264, 16405776];[1198464, 1202364, 1206674, 1224044, 1271705, 1205134, 1227144, 1217243, 1223494, 1241504, 1254654, 1250995, 1251174, 1244094, 1236314, 1234614, 1245904, 1304535, 1258795, 1255044, 1247894, 1241904, 1236784, 1254205, 1248344, 1237044, 1248364, 1257285, 1242824, 1267794, 1260334, 1252304, 1249624, 1266955, 1236803, 1249714, 1236834, 1254194, 1257604, 1243644, 1252364, 1245844, 1243464, 1253364, 1244574, 1255444, 1255264, 1259624, 1251664, 1231944];[13165230, 13237000, 13509424, 13329852, 13248371, 13250250, 13619494, 13743056, 13423123, 13311912, 13304182, 13579185, 16137843, 13479023, 13443373, 13696166, 13570624, 13441692, 13748077, 13466153, 13493043, 13450083, 13472042, 13502943, 13938968, 13540024, 13617015, 13472223, 14451624, 13499724, 13497063, 13462383, 13556564, 13517393, 13479113, 13508844, 14004939, 13463072, 13557764, 13895548, 13662635, 13926938, 13499253, 13543473, 13616175, 13532234, 13595084, 13644555, 13745336, 14394753];[701338, 681698, 1220504, 745748, 703408, 694028, 817510, 682518, 718048, 708177, 699168, 734168, 725189, 710638, 702597, 753258, 716558, 720908, 706859, 1213184, 719068, 695348, 698919, 729338, 712598, 700618, 727318, 717088, 825549, 733188, 717518, 1203704, 699768, 708118, 712118, 707358, 707958, 696408, 710508, 749608, 722948, 713618, 710928, 722378, 733278, 702178, 719788, 719538, 1245264, 779079]
T900V1000_0.7;900;1000;2;0.7;experiment_data/medium/T900V1000_0.7_T.csv;experiment_data/medium/T900V1000_0.7_V.csv;3284;3202;RecordEnumeration;[1, 1, 1, 1, 1, 1, 1, 1, 1, 1, 1, 1, 1, 1, 1, 1, 1, 1, 1, 1, 1, 1, 1, 1, 1, 1, 1, 1, 1, 1, 1, 1, 1, 1, 1, 1, 1, 1, 1, 1, 1, 1, 1, 1, 1, 1, 1, 1, 1, 1];[19859775, 20201740, 19766875, 19756544, 19793965, 19826475, 20632475, 19753134, 19751215, 20739334, 19979016, 20276460, 20262049, 20259480, 20023178, 19865516, 19696623, 19854966, 20058648, 20918947, 20493032, 20011978, 19727905, 20363293, 20123758, 20207060, 19805986, 19935777, 19913236, 19979407, 20095259, 20045399, 21288332, 19973857, 19827755, 20020608, 23304705, 20052748, 20568863, 20030148, 20579933, 20145229, 20568884, 19999337, 20877426, 20100098, 20403702, 19887106, 20715505, 21298822];[1720269, 1744690, 1757930, 1759540, 1755070, 1730019, 1754150, 1762609, 1750500, 1748319, 1770380, 1781510, 1801450, 1787130, 1740670, 1735200, 1770220, 1755120, 1755330, 1760680, 1748389, 1757460, 1745840, 1742300, 1756900, 1739680, 1744890, 1753640, 1750080, 1751750, 1746440, 1753210, 1756870, 1755651, 1756270, 1731530, 1731520, 1836851, 1756930, 1779711, 1756390, 1804421, 1742360, 1739300, 1750509, 1744440, 1757900, 1718530, 1751100, 1727850];[17334847, 17681231, 17208716, 17218885, 17257627, 17316427, 18079365, 17198676, 17228056, 18009594, 17427198, 17704551, 17619810, 17688261, 17502799, 17333607, 17142034, 17314907, 17458919, 18277747, 17860703, 17458498, 17192426, 17745292, 17516539, 17669411, 17253347, 17390648, 17360817, 17426648, 17535810, 17493639, 18621952, 17416857, 17291897, 17484518, 20732895, 17415288, 18015464, 17450008, 17966534, 17524119, 18052375, 17468018, 18322258, 17546949, 17876633, 17341017, 18171366, 18676742];[804659, 775819, 800229, 778119, 781268, 780029, 798960, 791849, 772659, 981421, 781438, 790399, 840789, 784089, 779709, 796709, 784369, 784939, 844399, 880520, 883940, 796020, 789639, 875701, 850319, 797969, 807749, 791489, 802339, 801009, 813009, 798550, 909510, 801349, 779588, 804560, 840290, 800609, 796469, 800429, 857009, 816689, 774149, 792019, 804659, 808709, 769169, 827559, 793039, 894230]
T900V1000_0.3;900;1000;2;0.3;experiment_data/medium/T900V1000_0.3_T.csv;experiment_data/medium/T900V1000_0.3_V.csv;3265;2905;RecordEnumeration;[1, 1, 1, 1, 1, 1, 1, 1, 1, 1, 1, 1, 1, 1, 1, 1, 1, 1, 1, 1, 1, 1, 1, 1, 1, 1, 1, 1, 1, 1, 1, 1, 1, 1, 1, 1, 1, 1, 1, 1, 1, 1, 1, 1, 1, 1, 1, 1, 1, 1];[20469132, 20072008, 20948788, 19871496, 20599895, 20417401, 21666126, 19884735, 20635345, 19925547, 21806397, 19947366, 20588314, 20379302, 22107992, 20152121, 20597845, 21942009, 21005608, 20056527, 20194401, 20741605, 21835808, 20164689, 20379982, 20144128, 21115820, 20630844, 20396812, 20126198, 20123869, 20445702, 21585345, 20374801, 20127529, 21577626, 20056008, 20098949, 20195489, 20494763, 20021997, 20131040, 20415222, 21023750, 20122877, 20220748, 20210670, 20333781, 20097949, 20218830];[1763640, 1772930, 1785930, 1794241, 1796400, 1778720, 1798990, 1795720, 1779100, 1773531, 1793660, 1780020, 1768110, 1795170, 1799081, 1853872, 1797791, 3593741, 1801950, 1799670, 1827711, 1830100, 1779400, 1795250, 1814101, 1782500, 1765020, 1785310, 1825620, 1816680, 1791551, 1903712, 1797250, 1798600, 1798980, 1795521, 1801161, 1774941, 1794400, 1806411, 1799510, 1767391, 1793860, 1786490, 1831100, 1791440, 1820821, 1965022, 1802651, 1791881];[17271026, 17589830, 17672061, 17378327, 17363868, 17929823, 18100126, 17398897, 17415608, 17435938, 18516200, 17464218, 17395808, 17872573, 18056345, 17573720, 17408288, 17628470, 18455480, 17512189, 17645571, 18124016, 19209928, 17650341, 17836853, 17650870, 18562160, 18113476, 17836653, 17601310, 17608600, 17833682, 18960165, 17845253, 17612400, 18962026, 17537619, 17610160, 17688111, 17973564, 17529209, 17654961, 17886684, 18496181, 17579089, 17715250, 17684741, 17666940, 17574370, 17702421];[1434466, 709248, 1490797, 698928, 1439627, 708858, 1767010, 690118, 1440637, 716078, 1496537, 703128, 1424396, 711559, 2252566, 724529, 1391766, 719798, 748178, 744668, 721119, 787489, 846480, 719098, 729028, 710758, 788640, 732058, 734539, 708208, 723718, 708308, 827930, 730948, 716149, 820079, 717228, 713848, 712978, 714788, 693278, 708688, 734678, 741079, 712688, 714058, 705108, 701819, 720928, 724528]
T700V1000_0.9;700;1000;2;0.9;experiment_data/medium/T700V1000_0.9_T.csv;experiment_data/medium/T700V1000_0.9_V.csv;2550;3233;RecordEnumeration;[1, 1, 1, 1, 1, 1, 1, 1, 1, 1, 1, 1, 1, 1, 1, 1, 1, 1, 1, 1, 1, 1, 1, 1, 1, 1, 1, 1, 1, 1, 1, 1, 1, 1, 1, 1, 1, 1, 1, 1, 1, 1, 1, 1, 1, 1, 1, 1, 1, 1];[15325583, 15820100, 15293913, 15271464, 15271903, 15457866, 15736898, 15277494, 15292943, 15494354, 15305645, 15424244, 15294194, 15946131, 15390785, 16587827, 15314264, 15301134, 15750998, 15364824, 15598997, 16636650, 15374725, 15341504, 15425844, 16829172, 15574116, 15799320, 15376485, 15370825, 17254046, 15376233, 15503616, 15419506, 15499767, 15918211, 15621497, 15503635, 15619998, 15724888, 16158513, 16235325, 16404246, 15897701, 15590088, 15417055, 15410525, 15871050, 15780750, 15447004];[1195993, 1191004, 1176183, 1166533, 1184363, 1168834, 1180323, 1175954, 1189443, 1166283, 1200334, 1187773, 1184084, 1165763, 1193034, 1183703, 1188584, 1171503, 1187043, 1197484, 1194733, 1210734, 1198544, 1189323, 1211363, 1180494, 1216674, 1215474, 1219114, 1204474, 1189534, 1206853, 1212184, 1203854, 1203684, 1212294, 1191593, 1218914, 1215134, 1208743, 1203243, 1209674, 1225654, 1196184, 1232785, 1217814, 1204913, 1188693, 1219574, 1205573];[13367712, 13352272, 13349542, 13357482, 13330462, 13511443, 13803237, 13336271, 13345191, 13563483, 13358942, 13486463, 13357982, 13430883, 13439352, 14537065, 13370422, 13389103, 13806937, 13390612, 13634125, 14496955, 13401352, 13372942, 13446713, 13780807, 13588934, 13750876, 13372802, 13378862, 14593336, 13372531, 13519963, 13428523, 13533504, 13919979, 13654015, 13507403, 13648155, 13681255, 14088300, 14159431, 13756066, 13861488, 13588214, 13417232, 13431443, 13900438, 13788077, 13469463];[761878, 1276824, 768188, 747449, 757078, 777589, 753338, 765269, 758309, 764588, 746369, 750008, 752128, 1349485, 758399, 867059, 755258, 740528, 757018, 776728, 770139, 928961, 774829, 779239, 767768, 1867871, 768508, 832970, 784569, 787489, 1471176, 796849, 771469, 787129, 762579, 785938, 775889, 777318, 756709, 834890, 866970, 866220, 1422526, 840029, 769089, 782009, 774169, 781919, 773099, 771968]
T1300V1000_0.5;1300;1000;2;0.5;experiment_data/medium/T1300V1000_0.5_T.csv;experiment_data/medium/T1300V1000_0.5_V.csv;4807;3247;RecordEnumeration;[1, 1, 1, 1, 1, 1, 1, 1, 1, 1, 1, 1, 1, 1, 1, 1, 1, 1, 1, 1, 1, 1, 1, 1, 1, 1, 1, 1, 1, 1, 1, 1, 1, 1, 1, 1, 1, 1, 1, 1, 1, 1, 1, 1, 1, 1, 1, 1, 1, 1];[30247453, 30106363, 31405147, 30219874, 29756538, 31147763, 29924149, 30662218, 31056174, 29840360, 29924150, 35836156, 31196215, 30939541, 31929982, 30438725, 30309804, 31184015, 30111842, 31736821, 31571218, 30841379, 30166982, 33231187, 30318025, 30905762, 31474008, 30762660, 30484856, 32167215, 30104622, 30007280, 31585508, 31281814, 29677976, 33206568, 31197734, 30050942, 31854272, 30415356, 31416128, 32770422, 32140826, 30390896, 32702851, 32566180, 29958009, 32242077, 30652698, 30014792];[2473548, 2574660, 2518199, 2568849, 2560429, 2510458, 2505308, 2520178, 2562640, 2514699, 2540929, 2493908, 2543349, 2498928, 2502918, 2522098, 2542389, 2509079, 2705681, 2536409, 2527689, 2534378, 2528018, 2512009, 2518999, 2541839, 2511449, 2507179, 2545688, 2507448, 2531759, 2533259, 2556669, 2516918, 2525788, 2537269, 2499478, 2525439, 2535538, 2524699, 2507979, 2551299, 2499829, 2532259, 2536978, 4698633, 2512978, 2510649, 2534788, 2531349];[26792374, 26576252, 27995338, 26728234, 26303009, 27720345, 26511351, 27162538, 27579563, 26402710, 26495031, 27747155, 27637634, 27430582, 27102868, 27004727, 26866245, 26545562, 26506741, 28222781, 26786934, 27367721, 26714783, 28522684, 26879145, 27465392, 26789464, 27341151, 27021787, 27349241, 26680392, 26541271, 26737764, 27792835, 26258308, 28159970, 27769146, 26625932, 26968797, 26984557, 27983678, 27975727, 28656646, 26903126, 27869717, 26969876, 26529411, 28780227, 27192299, 26589043];[981531, 955451, 891610, 922791, 893100, 916960, 907490, 979502, 913971, 922951, 888190, 5595093, 1015232, 1010031, 2324196, 911900, 901170, 2129374, 899420, 977631, 2256595, 939280, 924181, 2196494, 919881, 898531, 2173095, 914330, 917381, 2310526, 892471, 932750, 2291075, 972061, 893880, 2509329, 929110, 899571, 2349937, 906100, 924471, 2243396, 984351, 955511, 2296156, 897671, 915620, 951201, 925611, 894400]
T500V1000_0.6;500;1000;2;0.6;experiment_data/medium/T500V1000_0.6_T.csv;experiment_data/medium/T500V1000_0.6_V.csv;1838;2935;RecordEnumeration;[1, 1, 1, 1, 1, 1, 1, 1, 1, 1, 1, 1, 1, 1, 1, 1, 1, 1, 1, 1, 1, 1, 1, 1, 1, 1, 1, 1, 1, 1, 1, 1, 1, 1, 1, 1, 1, 1, 1, 1, 1, 1, 1, 1, 1, 1, 1, 1, 1, 1];[10672203, 10649993, 10892365, 10718973, 10628152, 10921085, 10850704, 10682453, 10935777, 10653924, 10643762, 10938577, 10632092, 10642891, 10906526, 10665323, 10684383, 13388355, 10658483, 10693853, 10993217, 10717132, 10647263, 10948156, 10643243, 10626383, 11826816, 10642543, 10788994, 11032406, 10626472, 10644842, 10955188, 10612043, 10612983, 10943446, 10591922, 10663413, 11030947, 10652903, 10869976, 11233559, 10718694, 10659542, 10972446, 10671791, 10680623, 10980348, 10651603, 10663063];[808830, 824100, 812189, 808839, 814029, 804970, 797029, 817429, 813480, 799970, 812119, 810530, 808909, 819629, 794479, 809479, 805650, 812980, 819300, 822410, 817280, 855480, 807569, 816060, 807829, 807469, 816179, 835760, 805569, 826889, 812809, 812769, 814960, 803460, 805280, 816869, 796439, 817990, 814590, 808089, 815670, 840929, 839690, 814759, 811669, 813529, 806779, 802280, 804749, 809379];[9198776, 9157945, 9428718, 9242207, 9154905, 9451288, 9377268, 9192166, 9449919, 9192636, 9167055, 9457719, 9159145, 9162795, 9451059, 9190996, 9217115, 9640071, 9179475, 9193066, 9179886, 9183915, 9182596, 9154415, 9165536, 9148666, 9706172, 9149635, 9312428, 9205806, 9153766, 9163795, 9147096, 9143605, 9150696, 9139815, 9136635, 9189605, 9218866, 9186736, 9242887, 9396848, 9216696, 9189426, 9171346, 9187875, 9215386, 9191816, 9178236, 9188356];[664597, 667948, 651458, 667927, 659218, 664827, 676407, 672858, 672378, 661318, 664588, 670328, 664038, 660467, 660988, 664848, 661618, 2935304, 659708, 678377, 996051, 677737, 657098, 977681, 669878, 670248, 1304465, 657148, 670997, 999711, 659897, 668278, 993132, 664978, 657007, 986762, 658848, 655818, 997491, 658078, 811419, 995782, 662308, 655357, 989431, 670387, 658458, 986252, 668618, 665328]
T1100V1000_0.2;1100;1000;2;0.2;experiment_data/medium/T1100V1000_0.2_T.csv;experiment_data/medium/T1100V1000_0.2_V.csv;4027;2862;RecordEnumeration;[1, 1, 1, 1, 1, 1, 1, 1, 1, 1, 1, 1, 1, 1, 1, 1, 1, 1, 1, 1, 1, 1, 1, 1, 1, 1, 1, 1, 1, 1, 1, 1, 1, 1, 1, 1, 1, 1, 1, 1, 1, 1, 1, 1, 1, 1, 1, 1, 1, 1];[25838136, 24808015, 28810370, 25690766, 25196611, 25075378, 25195581, 26115841, 25163219, 24973697, 25466194, 25655865, 26276942, 25905379, 26054920, 25218350, 25111649, 25629536, 25283202, 26104842, 26344653, 29689872, 25757606, 25936528, 25307031, 25224780, 26388835, 25356512, 25169430, 25558824, 26520815, 26440015, 25764927, 27132493, 25848228, 25671105, 25469303, 25505385, 26329962, 25692555, 29663182, 25489174, 25445574, 25841757, 25380423, 27184473, 26249302, 25281202, 25764936, 25405922];[2122054, 2152555, 2163025, 2118565, 2159995, 2126944, 2171565, 2109625, 2179585, 2141345, 2169175, 2134854, 2178975, 2141544, 2166775, 2142675, 2164885, 2166536, 2183585, 2157345, 2191875, 2173115, 2155374, 2143985, 2201626, 2148455, 2169436, 2153395, 2183385, 2172375, 2156645, 2177285, 2161325, 2155775, 2169925, 2184135, 2182745, 2152815, 2183815, 2159815, 2184606, 2138095, 2246776, 2138214, 2144045, 2139455, 2141784, 2150535, 2133594, 2147804];[23014274, 21907962, 25882557, 22816343, 22311447, 22219626, 22293477, 23278767, 22257806, 22108844, 22580190, 22752322, 22345827, 23036336, 23168117, 22346277, 22239216, 22739601, 22360858, 23220138, 23357769, 26764168, 22842193, 22921164, 22403517, 22357457, 23489680, 22459448, 22269306, 22661461, 23622852, 22500169, 22885254, 24204269, 22941524, 22756332, 22581130, 22603431, 23426209, 22777081, 26750898, 22559220, 22465819, 22950914, 22510049, 24172918, 23335349, 22387628, 22910584, 22538980];[701808, 747498, 764788, 755858, 725169, 728808, 730539, 727449, 725828, 723508, 716829, 768689, 1752140, 727499, 720028, 729398, 707548, 723399, 738759, 727359, 795009, 752589, 760039, 871379, 701888, 718868, 729719, 743669, 716739, 724988, 741318, 1762561, 718348, 772449, 736779, 730638, 705428, 749139, 719938, 755659, 727678, 791859, 732979, 752629, 726329, 872100, 772169, 743039, 720758, 719138]
T1100V1000_0.6;1100;1000;2;0.6;experiment_data/medium/T1100V1000_0.6_T.csv;experiment_data/medium/T1100V1000_0.6_V.csv;4062;3267;RecordEnumeration;[1, 1, 1, 1, 1, 1, 1, 1, 1, 1, 1, 1, 1, 1, 1, 1, 1, 1, 1, 1, 1, 1, 1, 1, 1, 1, 1, 1, 1, 1, 1, 1, 1, 1, 1, 1, 1, 1, 1, 1, 1, 1, 1, 1, 1, 1, 1, 1, 1, 1];[24989688, 25298652, 25161720, 30805825, 25347562, 26094790, 25335271, 25221620, 25335231, 25675795, 28327397, 26161830, 25392942, 25773906, 25931489, 26527186, 26334253, 26837759, 25710097, 25523623, 25604465, 25524523, 30890014, 26014080, 26348122, 25877267, 25289972, 25488324, 25316111, 26404394, 25721416, 25247219, 25498083, 25632634, 26576915, 25886417, 26347723, 27256285, 26935080, 25561213, 25510234, 30658633, 25414912, 27951452, 25401913, 25547125, 25677676, 26396465, 26202282, 25876667];[2120375, 2109005, 2148575, 2127465, 2162395, 2141314, 2109054, 2110414, 2106714, 2130615, 2120615, 2128184, 2147995, 2103424, 2131955, 2152215, 2125654, 2125484, 2151075, 2126924, 2145045, 2133724, 2141384, 2105705, 2145444, 2162215, 2135725, 2134995, 2136735, 2136205, 2141475, 2126264, 2159075, 2134744, 2139094, 2121214, 2175925, 2129585, 2171515, 2164974, 2186356, 2138965, 2159925, 2115594, 2141815, 2122285, 2147675, 2113135, 2151745, 2121814];[21979633, 22355198, 22168595, 23404409, 22346567, 23110376, 22378037, 22270596, 22383587, 22705351, 25281431, 23139706, 22388337, 22784192, 22863353, 22536730, 23312019, 23849175, 22714042, 22548499, 22613320, 22530129, 23541541, 22988495, 23355049, 22875103, 22305907, 22520969, 22333946, 23438909, 22725591, 22274566, 22505978, 22664091, 22529719, 22930084, 23308558, 24223289, 23835794, 22559430, 22480999, 23394809, 22416467, 24905737, 22413128, 22578260, 22671351, 23378499, 23205577, 22889263];[889680, 834449, 844550, 5273951, 838600, 843100, 848180, 840610, 844930, 839829, 925351, 893940, 856610, 886290, 936181, 1838241, 896580, 863100, 844980, 848200, 846100, 860670, 5207089, 919880, 847629, 839949, 848340, 832360, 845430, 829280, 854350, 846389, 833030, 833799, 1908102, 835119, 863240, 903411, 927771, 836809, 842879, 5124859, 838520, 930121, 846970, 846580, 858650, 904831, 844960, 865590]
T800V1000_0.5;800;1000;2;0.5;experiment_data/medium/T800V1000_0.5_T.csv;experiment_data/medium/T800V1000_0.5_V.csv;2927;3030;RecordEnumeration;[1, 1, 1, 1, 1, 1, 1, 1, 1, 1, 1, 1, 1, 1, 1, 1, 1, 1, 1, 1, 1, 1, 1, 1, 1, 1, 1, 1, 1, 1, 1, 1, 1, 1, 1, 1, 1, 1, 1, 1, 1, 1, 1, 1, 1, 1, 1, 1, 1, 1];[17656404, 17978997, 17986286, 18369491, 17759964, 18685895, 17590323, 17755154, 17664913, 17718154, 18141739, 17831255, 19269931, 17870484, 18512894, 17982557, 17893487, 18334450, 18214809, 17988527, 17948897, 17980998, 17882605, 19431283, 17905036, 18043168, 17946627, 17983036, 17901156, 18012527, 17971737, 18073008, 18153258, 18018097, 18139518, 17938026, 17769975, 18397001, 17949916, 18486031, 17946377, 18044427, 17903386, 18037958, 17884975, 18658213, 17847895, 19025339, 17937246, 17974146];[1557378, 1569108, 1596278, 1565978, 1571898, 1561348, 1557708, 1558858, 1570078, 1574528, 1571608, 1580688, 1593508, 1616978, 1602819, 1606629, 1583419, 1559278, 1617758, 1602648, 1595959, 1576238, 1603888, 1607018, 1594508, 1589268, 1598899, 1568038, 1594188, 1581208, 1598668, 1591248, 1586878, 1571598, 1597208, 1637978, 1603449, 1573948, 1579138, 1584738, 1595919, 1577828, 1597099, 1595778, 1602708, 1608708, 1598888, 1604829, 1614108, 1607838];[15384487, 15667680, 15665070, 15992284, 15474028, 16327727, 15336947, 15486668, 15382687, 15416478, 15849183, 15533849, 16871004, 15549598, 16208547, 15650570, 15590070, 16050744, 15848792, 15672061, 15648430, 15679241, 15575779, 16982075, 15583460, 15706011, 15638070, 15671950, 15611150, 15721991, 15649980, 15756241, 15841162, 15701691, 15598329, 15579919, 15439618, 16093295, 15635090, 16138535, 15631800, 15754531, 15601759, 15716571, 15569239, 16329887, 15507558, 16607361, 15615399, 15649900];[714539, 742209, 724938, 811229, 714038, 796820, 695668, 709628, 712148, 727148, 720948, 716718, 805419, 703908, 701528, 725358, 719998, 724428, 748259, 713818, 704508, 725519, 702938, 842190, 727068, 747889, 709658, 743048, 695818, 709328, 723089, 725519, 725218, 744808, 943981, 720129, 726908, 729758, 735688, 762758, 718658, 712068, 704528, 725609, 713028, 719618, 741449, 813149, 707739, 716408]
T1000V1000_0.4;1000;1000;2;0.4;experiment_data/medium/T1000V1000_0.4_T.csv;experiment_data/medium/T1000V1000_0.4_V.csv;3696;3019;RecordEnumeration;[1, 1, 1, 1, 1, 1, 1, 1, 1, 1, 1, 1, 1, 1, 1, 1, 1, 1, 1, 1, 1, 1, 1, 1, 1, 1, 1, 1, 1, 1, 1, 1, 1, 1, 1, 1, 1, 1, 1, 1, 1, 1, 1, 1, 1, 1, 1, 1, 1, 1];[23802964, 22934194, 22302015, 22655690, 22678050, 23896974, 22716072, 23458780, 22222165, 22388447, 22419337, 22480299, 23564932, 23019635, 26279033, 23151898, 22395048, 22424117, 22517958, 23352619, 22539249, 22541679, 22928044, 22687002, 23674082, 22755172, 23683562, 22814972, 24129077, 22911624, 23399319, 23487819, 22762572, 26637657, 22791102, 23576302, 23122555, 24262651, 23786253, 22727352, 22488939, 22638030, 22769072, 25814697, 24634654, 24686804, 24258970, 22539700, 23683473, 23801785];[1931812, 1991843, 1998192, 2013463, 2054664, 1975042, 1982573, 1995243, 1989263, 2030803, 1994953, 1984403, 1991373, 2145945, 1980923, 1980953, 1995113, 2056113, 1994643, 1975083, 1963352, 2023853, 2053984, 2008123, 2002103, 1976002, 1998563, 2013673, 2007313, 2028284, 1997283, 2006792, 1996483, 1997534, 1989043, 2002543, 1995523, 2043224, 2013323, 2026924, 1987953, 2016973, 2007873, 2027023, 1969803, 2060014, 2000394, 1990894, 1998943, 2038334];[20114881, 20005490, 19488064, 19667366, 19799067, 20120052, 19912249, 20684788, 19445864, 19574046, 19632426, 19695946, 19758518, 20105091, 23483050, 20360765, 19593756, 19584285, 19709426, 19684177, 19776248, 19699446, 20058791, 19890819, 19952919, 19990110, 20871050, 19996680, 21198964, 20098671, 20578507, 19850868, 19952599, 23801653, 20002450, 20621658, 20326483, 21332796, 20129662, 19907119, 19693737, 19809058, 19940909, 21924762, 21743640, 21758410, 21361936, 19764237, 20819880, 20904501];[1756271, 936861, 815759, 974861, 824319, 1801880, 821250, 778749, 787038, 783598, 791958, 799950, 1815041, 768599, 815060, 810180, 806179, 783719, 813889, 1693359, 799649, 818380, 815269, 788060, 1719060, 789060, 813949, 804619, 922800, 784669, 823529, 1630159, 813490, 838470, 799609, 952101, 800549, 886631, 1643268, 793309, 807249, 811999, 820290, 1862912, 921211, 868380, 896640, 784569, 864650, 858950]
T600V1000_0.7;600;1000;2;0.7;experiment_data/medium/T600V1000_0.7_T.csv;experiment_data/medium/T600V1000_0.7_V.csv;2187;3047;RecordEnumeration;[1, 1, 1, 1, 1, 1, 1, 1, 1, 1, 1, 1, 1, 1, 1, 1, 1, 1, 1, 1, 1, 1, 1, 1, 1, 1, 1, 1, 1, 1, 1, 1, 1, 1, 1, 1, 1, 1, 1, 1, 1, 1, 1, 1, 1, 1, 1, 1, 1, 1];[12938388, 12961179, 14054412, 12996709, 12923208, 13144541, 12955740, 16297717, 13089930, 13130750, 12987428, 12970549, 13397874, 12999261, 13035611, 13162912, 13061770, 12963220, 12995570, 13438106, 13007659, 13299634, 12994080, 13015361, 14242656, 13076180, 13045799, 13304513, 13021879, 12966210, 12984799, 13371004, 12984210, 13652798, 13108622, 13267353, 13663627, 13134921, 12975289, 12965059, 12970940, 13658788, 13235933, 13538666, 13075771, 13028481, 12961979, 13246752, 13442193, 12984809];[1011931, 1007591, 1019702, 1019211, 1002911, 1000031, 1027462, 1017702, 1007312, 1023381, 1009961, 1008022, 1009282, 1001882, 1001852, 1012012, 1023772, 1006422, 1009412, 997822, 1009341, 1009372, 1025882, 1009942, 1014102, 1025472, 1007341, 1010181, 1013231, 1007842, 1004981, 1001672, 1009382, 1007422, 1024872, 1012112, 1015252, 1005401, 1033422, 1006311, 1011972, 996152, 1024052, 1021232, 1019942, 1005142, 999052, 998261, 1019181, 1008552];[11217069, 11248010, 11826736, 11266880, 11224769, 11401142, 11230320, 11320040, 11362600, 11390511, 11252489, 11265289, 11313670, 11295280, 11332141, 11433392, 11320170, 11259450, 11280320, 11285510, 11302150, 11581224, 11259110, 11307140, 12025889, 11327240, 11321050, 11569393, 11295990, 11257889, 11270770, 11236819, 11280380, 11795196, 11363441, 11528932, 11459692, 11412401, 11235059, 11243589, 11248050, 11578623, 11437722, 11758045, 11331950, 11310070, 11251039, 11529843, 11283079, 11266299];[709388, 705578, 1207974, 710618, 695528, 743368, 697958, 3959975, 720018, 716858, 724978, 697238, 1074922, 702099, 701618, 717508, 717828, 697348, 705838, 1154774, 696168, 709038, 709088, 698279, 1202665, 723468, 717408, 724939, 712658, 700479, 709048, 1132513, 694448, 850180, 720309, 726309, 1188683, 717119, 706808, 715159, 710918, 1084013, 774159, 759389, 723879, 713269, 711888, 718648, 1139933, 709958]
T1400V1000_0.8;1400;1000;2;0.8;experiment_data/medium/T1400V1000_0.8_T.csv;experiment_data/medium/T1400V1000_0.8_V.csv;5115;3652;RecordEnumeration;[1, 1, 1, 1, 1, 1, 1, 1, 1, 1, 1, 1, 1, 1, 1, 1, 1, 1, 1, 1, 1, 1, 1, 1, 1, 1, 1, 1, 1, 1, 1, 1, 1, 1, 1, 1, 1, 1, 1, 1, 1, 1, 1, 1, 1, 1, 1, 1, 1, 1];[33945001, 32469184, 33129111, 32780646, 32565554, 33529386, 32016018, 32579504, 33121311, 33284723, 34052841, 32775496, 33125831, 34174533, 34267095, 38329501, 32671375, 33206572, 34887711, 34309615, 35033372, 35707650, 32984950, 33084140, 34630429, 35561870, 35319446, 36491069, 33890130, 32918179, 34536536, 34556397, 35017752, 36734983, 34869391, 33083411, 34751659, 34394625, 34364125, 36646001, 34165402, 33247552, 36046975, 34158373, 34248783, 36541170, 34631509, 34703979, 39600916, 34223064];[2623660, 2699322, 2731461, 2683740, 2686121, 2660001, 2652670, 2658831, 2675801, 2667071, 2706531, 2716381, 2650560, 2716591, 2744852, 2679001, 2721241, 2722731, 2663070, 2698941, 2806292, 2849482, 2669551, 2695121, 2703181, 2738082, 3185837, 2663210, 2688251, 2654631, 2680650, 2752321, 2715861, 2671611, 2695231, 2669241, 2681401, 2660700, 2710371, 2808452, 2672710, 2682841, 2648091, 2677611, 2734971, 2715161, 2733462, 2681711, 2680411, 2671601];[30199938, 28750491, 29294337, 29053814, 28792281, 29688531, 28281266, 28846921, 29405338, 29538270, 30041125, 28989383, 29335288, 30150127, 30467621, 34262054, 28943313, 29404618, 31117928, 30507071, 31106378, 31802496, 29312867, 29321617, 30845175, 31577083, 31016977, 32761557, 30134446, 29274506, 30830204, 30644822, 31080007, 32982279, 31100417, 29411699, 30990006, 30508140, 30527641, 32768767, 30454750, 29554890, 32275591, 30236078, 30381689, 32670256, 30830795, 30887695, 30217758, 30132727];[1121403, 1019371, 1103313, 1043092, 1087152, 1180854, 1082082, 1073752, 1040172, 1079382, 1305185, 1069732, 1139983, 1307815, 1054622, 1388446, 1006821, 1079223, 1106713, 1103603, 1120702, 1055672, 1002532, 1067402, 1082073, 1246705, 1116632, 1066302, 1067433, 989042, 1025682, 1159254, 1221884, 1081093, 1073743, 1002471, 1080252, 1225785, 1126113, 1068782, 1037942, 1009821, 1123293, 1244684, 1132123, 1155753, 1067252, 1134573, 6702747, 1418736]
T1200V1000_1.0;1200;1000;2;1.0;experiment_data/medium/T1200V1000_1.0_T.csv;experiment_data/medium/T1200V1000_1.0_V.csv;4346;3697;RecordEnumeration;[1, 1, 1, 1, 1, 1, 1, 1, 1, 1, 1, 1, 1, 1, 1, 1, 1, 1, 1, 1, 1, 1, 1, 1, 1, 1, 1, 1, 1, 1, 1, 1, 1, 1, 1, 1, 1, 1, 1, 1, 1, 1, 1, 1, 1, 1, 1, 1, 1, 1];[29157985, 30409969, 28743769, 28940283, 28500468, 28325747, 29021024, 29797514, 31710793, 29825053, 29439629, 29009263, 28442047, 29969605, 29833783, 32626505, 29799724, 28565678, 29673652, 30221428, 29785683, 29374707, 31723604, 30158527, 30341859, 28736572, 29552690, 30107956, 29207095, 31761215, 30551581, 30464789, 29124035, 29682732, 29993675, 29219016, 30001095, 31069717, 30948335, 30708543, 29143195, 30158488, 30037355, 30256818, 29648210, 29584590, 31005068, 29740112, 30816793, 30860705];[2366467, 2409308, 2546739, 2449168, 2509049, 2388878, 2419578, 2414778, 2457218, 2417828, 2478599, 2565959, 2447648, 2401748, 2426318, 2443208, 2466859, 2460578, 2530389, 2416778, 2418128, 2515569, 2458698, 2413468, 2491759, 2439799, 2488019, 2405698, 2391848, 2437498, 2440248, 2494658, 2484938, 2487869, 2518129, 2459698, 2421448, 2437597, 2444157, 2460858, 2449368, 2436358, 2418907, 2443538, 2559649, 2447988, 2466529, 2478129, 2453778, 2445458];[25671445, 25435072, 25048377, 25477013, 24930787, 24819256, 25562224, 26294153, 26319852, 26204752, 25773766, 25393652, 24907666, 26200611, 26336813, 28899112, 26162701, 24723724, 26018890, 26680857, 25172209, 25796826, 28117923, 26544305, 26604305, 25279461, 25971318, 25175649, 25776536, 28196034, 26750258, 26723867, 25515814, 26089070, 26370383, 25713416, 26494415, 27379405, 27256924, 25657375, 25632364, 26629657, 26513005, 26613396, 25947118, 26000839, 26079040, 26103810, 27271263, 27283614];[1120073, 2565589, 1148653, 1014102, 1060632, 1117613, 1039222, 1088583, 2933723, 1202473, 1187264, 1049652, 1086733, 1367246, 1070652, 1284185, 1170164, 1381376, 1124373, 1123793, 2195346, 1062312, 1146983, 1200754, 1245795, 1017312, 1093353, 2526609, 1038711, 1127683, 1361075, 1246264, 1123283, 1105793, 1105163, 1045902, 1085232, 1252715, 1247254, 2590310, 1061463, 1092473, 1105443, 1199884, 1141443, 1135763, 2459499, 1158173, 1091752, 1131633]
T700V1000_1.0;700;1000;2;1.0;experiment_data/medium/T700V1000_1.0_T.csv;experiment_data/medium/T700V1000_1.0_V.csv;2582;3286;RecordEnumeration;[1, 1, 1, 1, 1, 1, 1, 1, 1, 1, 1, 1, 1, 1, 1, 1, 1, 1, 1, 1, 1, 1, 1, 1, 1, 1, 1, 1, 1, 1, 1, 1, 1, 1, 1, 1, 1, 1, 1, 1, 1, 1, 1, 1, 1, 1, 1, 1, 1, 1];[15218364, 15335017, 15167334, 15997284, 15175145, 15381917, 15234465, 15204964, 15147385, 15411017, 15882983, 15408817, 15349627, 15286256, 15385287, 15722691, 15298906, 15615299, 15326426, 15479048, 18215539, 15271525, 15198715, 15497078, 15307716, 16638082, 15214095, 15789830, 15438917, 16343217, 15329905, 15239755, 15774502, 15385037, 15301066, 15232885, 15443237, 15589239, 15335657, 15948124, 15286014, 15290866, 15356785, 15343867, 15702011, 15260735, 15280186, 15617050, 15363627, 15832192];[1204513, 1177754, 1201754, 1175033, 1184704, 1212534, 1191124, 1189123, 1178644, 1191794, 1195914, 1182794, 1219174, 1187874, 1202004, 1212804, 1189644, 1199433, 1207463, 1202454, 1197744, 1189153, 1189054, 1191554, 1195794, 1211865, 1189764, 1204543, 1181003, 1202664, 1200083, 1195684, 1191734, 1198154, 1232864, 1190043, 1188793, 1213864, 1204434, 1204804, 1208354, 1209404, 1293715, 1220584, 1197734, 1202263, 1203274, 1186264, 1197904, 1207303];[13222842, 13363304, 13195431, 14054562, 13223533, 13374764, 13266063, 13242252, 13196842, 13435684, 13381024, 13428214, 13361994, 13321463, 13411864, 13746859, 13334333, 13632897, 13348234, 13508915, 16221776, 13310903, 13234192, 13415484, 13325733, 14445915, 13260573, 13305003, 13483215, 14241383, 13350813, 13257772, 13792879, 13393214, 13317033, 13266323, 13458345, 13543016, 13360394, 13471375, 13303802, 13292323, 13283912, 13345004, 13735548, 13292303, 13307443, 13652117, 13355444, 13805419];[791009, 793959, 770149, 767689, 766908, 794619, 777278, 773589, 771899, 783539, 1306045, 797809, 768459, 776919, 771419, 763028, 774929, 782969, 770729, 767679, 796019, 771469, 775469, 890040, 786189, 980302, 763758, 1280284, 774699, 899170, 779009, 786299, 789889, 793669, 751169, 776519, 796099, 832359, 770829, 1271945, 773858, 789139, 779158, 778279, 768729, 766169, 769469, 778669, 810279, 819470]
T800V1000_0.0;800;1000;2;0.0;experiment_data/medium/T800V1000_0.0_T.csv;experiment_data/medium/T800V1000_0.0_V.csv;2936;2679;RecordEnumeration;[1, 1, 1, 1, 1, 1, 1, 1, 1, 1, 1, 1, 1, 1, 1, 1, 1, 1, 1, 1, 1, 1, 1, 1, 1, 1, 1, 1, 1, 1, 1, 1, 1, 1, 1, 1, 1, 1, 1, 1, 1, 1, 1, 1, 1, 1, 1, 1, 1, 1];[17758685, 17923355, 17688093, 17715314, 17673673, 17773323, 17918367, 18006987, 19183300, 18959148, 17828186, 17795325, 17741873, 17803505, 17940318, 18692604, 17853485, 17836965, 17900916, 17965806, 17809824, 17826955, 17860435, 17639202, 17888655, 17728034, 18687085, 17765823, 17991907, 19501245, 17898767, 17663694, 17869215, 17698585, 17950716, 17805554, 18868788, 17597722, 17901405, 17610342, 18473473, 21163174, 17838215, 18425342, 18692006, 18812538, 17750534, 18283831, 17737985, 18523272];[1606839, 1596548, 1590708, 1582588, 1605958, 1576827, 1586928, 1543678, 1576178, 1584618, 1642969, 1585349, 1596938, 1601528, 1642619, 1601958, 1639599, 1583358, 1628089, 1676069, 1578448, 1578328, 1612888, 1601028, 1589748, 1611779, 1630199, 1636178, 1645459, 1621829, 1629359, 1610278, 1617328, 1609779, 1636818, 1629509, 1637889, 1617839, 1608718, 1601108, 1636159, 1653019, 1571478, 1584918, 1581388, 1586999, 1607128, 1599399, 1619849, 1723449];[15508579, 15692770, 15463757, 15476338, 15425977, 15571579, 15677671, 15789432, 16879234, 16651382, 15538579, 15570819, 15507308, 15564409, 15651411, 16430439, 15572679, 15606809, 15630090, 15648390, 15593879, 15604230, 15617870, 15416747, 15669920, 15476148, 16363288, 15473558, 15723911, 17153118, 15627470, 15419198, 15615660, 15443768, 15683741, 15529508, 16572651, 15347976, 15634479, 15368217, 16095425, 18835427, 15585319, 16209417, 16385279, 16530020, 15476788, 16035045, 15460628, 16141605];[643267, 634037, 633628, 656388, 641738, 624917, 653768, 673877, 727888, 723148, 646638, 639157, 637627, 637568, 646288, 660207, 641207, 646798, 642737, 641347, 637497, 644397, 629677, 621427, 628987, 640107, 693598, 656087, 622537, 726298, 641938, 634218, 636227, 645038, 630157, 646537, 658248, 631907, 658208, 641017, 741889, 674728, 681418, 631007, 725339, 695519, 666618, 649387, 657508, 658218]
T1300V1000_0.0;1300;1000;2;0.0;experiment_data/medium/T1300V1000_0.0_T.csv;experiment_data/medium/T1300V1000_0.0_V.csv;4798;2646;RecordEnumeration;[1, 1, 1, 1, 1, 1, 1, 1, 1, 1, 1, 1, 1, 1, 1, 1, 1, 1, 1, 1, 1, 1, 1, 1, 1, 1, 1, 1, 1, 1, 1, 1, 1, 1, 1, 1, 1, 1, 1, 1, 1, 1, 1, 1, 1, 1, 1, 1, 1, 1];[30534132, 30479780, 30103246, 30099085, 29913314, 29661211, 30021065, 30408150, 29865773, 29981335, 30221177, 29750743, 29990596, 30238469, 35577070, 30558272, 30547872, 32895419, 30138447, 30305739, 31648883, 30357929, 30186387, 31733695, 31424711, 30505381, 33269284, 30230056, 30247607, 31858216, 30404760, 32425672, 32340981, 30416440, 30570092, 32929389, 31604383, 31583524, 33045640, 32481134, 30416299, 32291721, 30535741, 30713463, 31803457, 30568522, 30492290, 36956386, 31134509, 30285999];[2538959, 2604080, 2580120, 2699831, 2620170, 2630800, 2637770, 2662421, 2665371, 2615170, 2858913, 2622960, 2628991, 2632211, 2665891, 2590250, 2627151, 2573240, 2670171, 2596120, 2655970, 2655581, 2653841, 2624890, 2648890, 2776192, 2663601, 2626479, 2603349, 2632180, 2633151, 2631890, 2631500, 2606000, 2623540, 2597950, 2558149, 2573200, 2632730, 2605620, 2626550, 2669170, 2593770, 2724281, 2640261, 2615011, 2611870, 2610901, 2598970, 2625141];[27232344, 27112361, 26707077, 26686136, 26563925, 26300802, 26665027, 27019621, 26455334, 26636396, 26634586, 26385614, 26634306, 26842479, 32147080, 27230244, 27157722, 29542490, 26747838, 26980521, 28280755, 26962590, 26793238, 28366726, 27995222, 26987971, 29841554, 26873069, 26912370, 28504318, 27037171, 29030134, 27523266, 27091642, 27225913, 27988772, 28301526, 28266346, 27848561, 29126195, 27066311, 27311285, 27220793, 27278304, 27056492, 27240293, 27165882, 27156642, 27781170, 26955580];[762829, 763339, 816049, 713118, 729219, 729609, 718268, 726108, 745068, 729769, 727678, 742169, 727299, 763779, 764099, 737778, 762999, 779689, 720438, 729098, 712158, 739758, 739308, 742079, 780599, 741218, 764129, 730508, 731888, 721718, 734438, 763648, 2186215, 718798, 720639, 2342667, 744708, 743978, 2564349, 749319, 723438, 2311266, 721178, 710878, 2106704, 713218, 714538, 7188843, 754369, 705278]
T800V1000_0.1;800;1000;2;0.1;experiment_data/medium/T800V1000_0.1_T.csv;experiment_data/medium/T800V1000_0.1_V.csv;2954;2712;RecordEnumeration;[1, 1, 1, 1, 1, 1, 1, 1, 1, 1, 1, 1, 1, 1, 1, 1, 1, 1, 1, 1, 1, 1, 1, 1, 1, 1, 1, 1, 1, 1, 1, 1, 1, 1, 1, 1, 1, 1, 1, 1, 1, 1, 1, 1, 1, 1, 1, 1, 1, 1];[17600992, 17549142, 18662554, 18085299, 17703614, 17632762, 17815034, 17691893, 17630222, 17674174, 17664533, 17677894, 17822485, 17956206, 17661083, 18727966, 18222339, 17639882, 17722844, 17730113, 17656983, 17939117, 17691593, 17645603, 17647744, 18991289, 17724784, 17666963, 17681454, 17770284, 17688464, 17760044, 17762744, 17695434, 18896058, 17861787, 17603011, 17689664, 17623043, 17553851, 17550142, 17513982, 17717285, 17704903, 17729874, 17537672, 18474413, 17727644, 17632223, 17651853];[1607958, 1601019, 1583468, 1607589, 1598299, 1563867, 1596888, 1589518, 1580828, 1586818, 1570298, 1592529, 1569968, 1606348, 1577868, 1600909, 1603868, 1614009, 1615958, 1613398, 1577378, 1576918, 1660729, 1574878, 1577519, 1565068, 1585098, 1557138, 1561298, 1552658, 1602179, 1582398, 1555747, 1580978, 1539968, 1578369, 1561488, 1559918, 1583998, 1573478, 1568878, 1547548, 1588979, 1576408, 1570458, 1559998, 1565198, 1593748, 1554408, 1544127];[15335517, 15292496, 16309487, 15782292, 15442997, 15420867, 15560519, 15464478, 15406827, 15425778, 15447307, 15428227, 15597610, 15663280, 15413938, 16347218, 15916883, 15374656, 15456578, 15468898, 15431858, 15577760, 15392057, 15426118, 15415517, 16685242, 15492959, 15453957, 15458728, 15563489, 15436037, 15518369, 15559959, 15480318, 16588201, 15622350, 15369796, 15405757, 15389197, 15343666, 15332866, 15317506, 15475288, 15478438, 15510378, 15334497, 16234467, 15473728, 15416797, 15448288];[657517, 655627, 769599, 695418, 662318, 648028, 657627, 637897, 642567, 661578, 646928, 657138, 654907, 686578, 669277, 779839, 701588, 651217, 650308, 647817, 647747, 784439, 638807, 644607, 654708, 740979, 646727, 655868, 661428, 654137, 650248, 659277, 647038, 634138, 767889, 661068, 671727, 723989, 649848, 636707, 648398, 648928, 653018, 650057, 649038, 643177, 674748, 660168, 661018, 659438]
T700V1000_0.5;700;1000;2;0.5;experiment_data/medium/T700V1000_0.5_T.csv;experiment_data/medium/T700V1000_0.5_V.csv;2588;2975;RecordEnumeration;[1, 1, 1, 1, 1, 1, 1, 1, 1, 1, 1, 1, 1, 1, 1, 1, 1, 1, 1, 1, 1, 1, 1, 1, 1, 1, 1, 1, 1, 1, 1, 1, 1, 1, 1, 1, 1, 1, 1, 1, 1, 1, 1, 1, 1, 1, 1, 1, 1, 1];[15134314, 15547689, 15024833, 15057424, 15297896, 15158195, 15667180, 15447718, 15193795, 15259496, 15184635, 15721011, 15281537, 15350666, 15592230, 15446268, 15279605, 15758990, 15873033, 15299957, 15277915, 15278255, 15805631, 16059615, 15431597, 15338767, 15263635, 15297555, 15308986, 15498318, 16135455, 15422187, 15337447, 15351056, 15283286, 15767882, 15286106, 15285407, 16038884, 15346986, 15843152, 15308126, 15318276, 15285805, 15274945, 15238585, 15538278, 15899884, 15321687, 15608389];[1213394, 1203364, 1204854, 1205734, 1212534, 1221514, 1221774, 1275115, 1224174, 1215545, 1215964, 1209424, 1250405, 1253984, 1248844, 1251995, 1257444, 1249414, 1283165, 1241345, 1243204, 1229814, 1229874, 1263915, 1266294, 1242474, 1248774, 1229585, 1244814, 1274215, 1258934, 1253944, 1247055, 1241424, 1259725, 1231774, 1248574, 1267265, 1255554, 1257994, 1261974, 1246224, 1241764, 1240904, 1253714, 1227024, 1234594, 1246565, 1256995, 1237364];[13223872, 13179792, 13132322, 13158312, 13384654, 13253943, 13266263, 13469515, 13278733, 13350543, 13275543, 13806559, 13312873, 13380454, 13603307, 13482815, 13301363, 13649327, 13351004, 13361024, 13331123, 13344523, 13787998, 14055151, 13452714, 13382324, 13309663, 13356753, 13349193, 13515405, 13593626, 13451435, 13375534, 13382224, 13319933, 13340904, 13320024, 13313553, 13931250, 13358044, 13881860, 13355024, 13350904, 13338233, 13316303, 13289473, 13570126, 13408385, 13348774, 13650566];[697048, 1164533, 687657, 693378, 700708, 682738, 1179143, 703088, 690888, 693408, 693128, 705028, 718259, 716228, 740079, 711458, 720798, 860249, 1238864, 697588, 703588, 703918, 787759, 740549, 712589, 713969, 705198, 711217, 714979, 708698, 1282895, 716808, 714858, 727408, 703628, 1195204, 717508, 704589, 852080, 730948, 699318, 706878, 725608, 706668, 704928, 722088, 733558, 1244934, 715918, 720459]
T1300V1000_0.1;1300;1000;2;0.1;experiment_data/medium/T1300V1000_0.1_T.csv;experiment_data/medium/T1300V1000_0.1_V.csv;4782;2773;RecordEnumeration;[1, 1, 1, 1, 1, 1, 1, 1, 1, 1, 1, 1, 1, 1, 1, 1, 1, 1, 1, 1, 1, 1, 1, 1, 1, 1, 1, 1, 1, 1, 1, 1, 1, 1, 1, 1, 1, 1, 1, 1, 1, 1, 1, 1, 1, 1, 1, 1, 1, 1];[30381950, 30240487, 33104290, 30620962, 31244719, 32391582, 30435140, 30412240, 32355672, 30525102, 30332339, 32625396, 32576044, 31068467, 30728102, 32339591, 30349850, 32111959, 32150700, 31826836, 32564974, 30990407, 30946627, 31159606, 31371980, 31179048, 32504793, 30879475, 36020074, 30960267, 32183599, 32459853, 31911287, 31671844, 34249723, 30859314, 30926276, 32462582, 31109298, 32146600, 32404542, 31035696, 30791524, 32624705, 30817946, 32911867, 32239469, 30936416, 30576260, 32487364];[2519909, 2672110, 2635090, 2724891, 2659380, 2627090, 2630060, 2669411, 2601390, 2633671, 2671201, 2643701, 4618083, 2566029, 2669770, 2602840, 2576580, 2591040, 2622110, 2619720, 2577929, 2626740, 2602540, 2677040, 2601950, 2605710, 2672080, 2611510, 2642060, 2585470, 2599999, 2630770, 2626070, 2637550, 2628830, 2608950, 2623290, 2617220, 2608760, 2641800, 2640580, 2659411, 2589020, 2544589, 2588710, 2589109, 2552049, 2546479, 2532049, 2567090];[27046512, 26794878, 26860609, 27109652, 27776950, 27232603, 27038491, 26974860, 27395625, 27124332, 26904219, 27691308, 27193322, 27630508, 27305304, 28943273, 27019271, 28702550, 28737461, 28413146, 29199736, 27608818, 27497447, 27722378, 28003322, 27799479, 29023083, 27502936, 32622845, 27563667, 28720930, 29043345, 28448878, 28220915, 30788534, 27486946, 27514477, 29065904, 27716169, 28669070, 28983603, 27604777, 27436245, 29204386, 27464767, 29495319, 27365394, 27629398, 27286223, 27689839];[815529, 773499, 3608591, 786419, 808389, 2531889, 766589, 767969, 2358657, 767099, 756919, 2290387, 764639, 871930, 753028, 793478, 753999, 818369, 791129, 793970, 787309, 754849, 846640, 760188, 766708, 773859, 809630, 765029, 755169, 811130, 862670, 785738, 836339, 813379, 832359, 763418, 788509, 779458, 784369, 835730, 780359, 771508, 766259, 875730, 764469, 827439, 2322026, 760539, 757988, 2230435]
T1200V1000_0.4;1200;1000;2;0.4;experiment_data/medium/T1200V1000_0.4_T.csv;experiment_data/medium/T1200V1000_0.4_V.csv;4380;3088;RecordEnumeration;[1, 1, 1, 1, 1, 1, 1, 1, 1, 1, 1, 1, 1, 1, 1, 1, 1, 1, 1, 1, 1, 1, 1, 1, 1, 1, 1, 1, 1, 1, 1, 1, 1, 1, 1, 1, 1, 1, 1, 1, 1, 1, 1, 1, 1, 1, 1, 1, 1, 1];[28260195, 27238223, 27380486, 28067723, 28076232, 28817232, 27474606, 28679580, 28605570, 27552267, 28883843, 27616667, 28545587, 27418127, 27390995, 28234795, 28362106, 28412787, 27900720, 28896003, 27705308, 27443326, 29349707, 29503549, 28884254, 27702589, 28589978, 27634248, 29232226, 27708200, 27700369, 28747431, 27817940, 27527896, 29159876, 28056973, 27713920, 27710658, 28666369, 27633538, 28321586, 29642680, 27772740, 28937202, 28015504, 28857543, 29099745, 29938664, 27784709, 28724582];[2313327, 2342857, 2365508, 2384477, 2377197, 2383997, 2351057, 2344477, 2387218, 2424288, 2358277, 2391767, 2371117, 2369608, 2354707, 2335367, 2366507, 2376168, 2404057, 2389098, 2385287, 2380697, 2393547, 2374957, 2387148, 2382857, 2362227, 2362157, 2382657, 2378608, 2358887, 2379158, 2368877, 2403988, 2387248, 2384807, 2372058, 2394257, 2384387, 2340157, 2458898, 2387707, 2376938, 2391717, 2358797, 2381268, 2352447, 2408847, 2387997, 2375738];[25146639, 24091977, 24140748, 24864236, 24877816, 24384771, 24322540, 25521703, 25384842, 24329510, 25614735, 24424871, 25357141, 24249069, 24176948, 25038698, 25016368, 25111768, 24680584, 25680315, 24524842, 24257310, 26098270, 26257592, 24465442, 24502192, 25415212, 24464372, 25988609, 24505752, 24550103, 25565184, 24644843, 24318059, 25927088, 24853126, 24525472, 24491671, 25495533, 24471841, 25022838, 26372643, 24579862, 24465532, 24851297, 25641305, 25901608, 26680767, 24594723, 25495984];[800229, 803389, 874230, 819010, 821219, 2048464, 801009, 813400, 833510, 798469, 910831, 800029, 817329, 799450, 859340, 860730, 979231, 924851, 816079, 826590, 795179, 805319, 857890, 871000, 2031664, 817540, 812539, 807719, 860960, 823840, 791379, 803089, 804220, 805849, 845540, 819040, 816390, 824730, 786449, 821540, 839850, 882330, 815940, 2079953, 805410, 834970, 845690, 849050, 801989, 852860]
T900V1000_0.8;900;1000;2;0.8;experiment_data/medium/T900V1000_0.8_T.csv;experiment_data/medium/T900V1000_0.8_V.csv;3307;3300;RecordEnumeration;[1, 1, 1, 1, 1, 1, 1, 1, 1, 1, 1, 1, 1, 1, 1, 1, 1, 1, 1, 1, 1, 1, 1, 1, 1, 1, 1, 1, 1, 1, 1, 1, 1, 1, 1, 1, 1, 1, 1, 1, 1, 1, 1, 1, 1, 1, 1, 1, 1, 1];[19889688, 20428086, 19855969, 20430525, 19830759, 20468824, 21191283, 20769580, 20567616, 20991291, 19977490, 20492355, 19949809, 20769979, 21189364, 26649729, 20278743, 21031012, 20408745, 21055103, 20288331, 20874030, 21461556, 20879901, 21020692, 21402956, 20473296, 21007541, 20279973, 21016913, 21014731, 21449606, 20815469, 20982172, 20380235, 20968062, 20475265, 24636324, 20373925, 21138972, 20949691, 21185573, 20239773, 21246594, 20973982, 21080953, 20540896, 21449366, 21776900, 21693719];[1760100, 1771011, 1768921, 1774340, 1763051, 1744000, 1771990, 1765571, 1789780, 1776670, 1737930, 1781270, 1747510, 1751730, 1760330, 1786681, 1750190, 1759250, 1773710, 1761541, 1800960, 1760630, 1771570, 1782361, 1749870, 1762140, 1769800, 1791240, 1767541, 1770011, 1765190, 1800751, 1771630, 1796241, 1790850, 1761300, 1768200, 1785601, 1750340, 1757589, 1754270, 1754580, 1771881, 1739740, 1735220, 1763301, 1776671, 1761770, 1756620, 1784950];[17282058, 17846356, 17280158, 17839806, 17272458, 17902835, 18523693, 18161239, 17878336, 18376632, 17419580, 17904436, 17385090, 18188479, 18461433, 23926086, 17698524, 18428502, 17815275, 18413112, 17662712, 18287861, 18724395, 18262920, 18440062, 18759616, 17880026, 18382982, 17674713, 18427982, 18347481, 18767985, 18200830, 18331691, 17761255, 18353682, 17874695, 18327781, 17803145, 17812165, 18367571, 17880446, 17654923, 17923496, 18412272, 17811055, 17925756, 18098988, 19107180, 18282050];[847530, 810719, 806890, 816379, 795250, 821989, 895600, 842770, 899500, 837989, 819980, 806649, 817209, 829770, 967601, 936962, 830029, 843260, 819760, 880450, 824659, 825539, 965591, 834620, 830760, 881200, 823470, 833319, 837719, 818920, 902060, 880870, 843009, 854240, 828130, 853080, 832370, 4522942, 820440, 1569218, 827850, 1550547, 812969, 1583358, 826490, 1506597, 838469, 1588608, 913100, 1626719]
T900V1000_0.4;900;1000;2;0.4;experiment_data/medium/T900V1000_0.4_T.csv;experiment_data/medium/T900V1000_0.4_V.csv;3299;2963;RecordEnumeration;[1, 1, 1, 1, 1, 1, 1, 1, 1, 1, 1, 1, 1, 1, 1, 1, 1, 1, 1, 1, 1, 1, 1, 1, 1, 1, 1, 1, 1, 1, 1, 1, 1, 1, 1, 1, 1, 1, 1, 1, 1, 1, 1, 1, 1, 1, 1, 1, 1, 1];[20608608, 19840288, 21823991, 21086993, 20750568, 20213623, 20775148, 20152852, 21184614, 20777850, 21021362, 20299103, 21174366, 20332154, 21078203, 20211842, 20875639, 20238673, 20851589, 22005473, 20682727, 20539097, 20954872, 20369685, 20203412, 20119612, 20288432, 20206293, 21554458, 21651999, 20769840, 20905800, 20344634, 20532676, 20736889, 20927441, 20387213, 20296164, 20475115, 20471486, 20261043, 20426795, 20233363, 20181562, 20241572, 20309563, 21292114, 21291665, 20299852, 20257953];[1797721, 1803171, 1807870, 1795521, 1836322, 1796761, 1786961, 1814151, 1817311, 1780061, 1815131, 1813690, 1828072, 1797081, 1805581, 1833041, 1808180, 1815281, 1806710, 3653962, 1768610, 1825331, 1788101, 1826891, 1804001, 1799411, 1787170, 1806071, 1789141, 1790061, 1806831, 1804901, 1828121, 1815831, 1789331, 1781690, 1802820, 1784091, 1802371, 1794381, 1790761, 1786931, 1783171, 1782740, 1782760, 1787520, 1786810, 1794751, 1779020, 1806561];[17346260, 17314449, 18465593, 18444872, 17461860, 17674723, 17542661, 17602583, 17923326, 18187559, 17669213, 17725044, 17833996, 17786715, 17802855, 17629292, 17585952, 17683803, 17561162, 17617812, 18170159, 17924796, 18304761, 17714464, 17662553, 17576582, 17753094, 17658643, 18939358, 19025179, 18202720, 18311910, 17758575, 17943486, 18182719, 18332682, 17837565, 17749454, 17917156, 17899946, 17725474, 17892755, 17662473, 17640903, 17715924, 17772184, 18722325, 18725275, 17769974, 17706653];[1464627, 722668, 1550528, 846600, 1452386, 742139, 1445526, 736118, 1443977, 810230, 1537018, 760369, 1512298, 748358, 1469767, 749509, 1481507, 739589, 1483717, 733699, 743958, 788970, 862010, 828330, 736858, 743619, 748168, 741579, 825959, 836759, 760289, 788989, 757938, 773359, 764839, 813069, 746828, 762619, 755588, 777159, 744808, 747109, 787719, 757919, 742888, 749859, 782979, 771639, 750858, 744739]
T600V1000_0.8;600;1000;2;0.8;experiment_data/medium/T600V1000_0.8_T.csv;experiment_data/medium/T600V1000_0.8_V.csv;2199;3080;RecordEnumeration;[1, 1, 1, 1, 1, 1, 1, 1, 1, 1, 1, 1, 1, 1, 1, 1, 1, 1, 1, 1, 1, 1, 1, 1, 1, 1, 1, 1, 1, 1, 1, 1, 1, 1, 1, 1, 1, 1, 1, 1, 1, 1, 1, 1, 1, 1, 1, 1, 1, 1];[15498557, 13547714, 13069261, 13072018, 13016209, 13431414, 13048968, 13030778, 13137300, 13076060, 13104289, 13057578, 13451102, 13055769, 13307372, 13051929, 13062169, 13441714, 13047928, 13027798, 13122970, 13050038, 13058119, 13048139, 13441764, 13007269, 13111048, 13105969, 13177319, 13487745, 13059279, 13109299, 13043938, 13046029, 13436633, 13023928, 13022389, 13076989, 13046089, 13037328, 13032598, 13463284, 13051688, 13049199, 13029018, 13265632, 13458393, 13150481, 13246980, 13072398];[1020082, 1013821, 1029412, 1019121, 1010592, 1010942, 1011731, 1014241, 1013862, 1007972, 1037692, 1009871, 1003891, 1014271, 1010992, 1027072, 1014582, 1016762, 1018941, 1015521, 1015232, 1021341, 1003852, 1010922, 1006332, 1002492, 1009761, 1041062, 1007191, 1035032, 1013652, 1004751, 1011631, 1008471, 1002651, 1013221, 995091, 1011872, 1016002, 1017151, 1027932, 1016672, 1017791, 1014081, 1009381, 1027872, 1027172, 1023972, 1020081, 1015041];[11273998, 11688833, 11336620, 11352669, 11293029, 11335270, 11332799, 11299149, 11408600, 11344960, 11357289, 11345419, 11321349, 11331509, 11583752, 11321189, 11334129, 11308209, 11318048, 11305859, 11407750, 11327499, 11325449, 11339909, 11333869, 11306699, 11335029, 11351279, 11430670, 11320829, 11341659, 11383910, 11325299, 11318089, 11345309, 11309579, 11308599, 11359219, 11321959, 11314459, 11306618, 11344359, 11334819, 11323009, 11320009, 11527162, 11349909, 11378340, 11517441, 11333769];[3204477, 845060, 703229, 700228, 712588, 1085202, 704438, 717388, 714838, 723128, 709308, 702288, 1125862, 709989, 712628, 703668, 713458, 1116743, 710939, 706418, 699988, 701198, 728818, 697308, 1101563, 698078, 766258, 713628, 739458, 1131884, 703968, 720638, 707008, 719469, 1088673, 701128, 718699, 705898, 708128, 705718, 698048, 1102253, 699078, 712109, 699628, 710598, 1081312, 748169, 709458, 723588]
T1100V1000_0.3;1100;1000;2;0.3;experiment_data/medium/T1100V1000_0.3_T.csv;experiment_data/medium/T1100V1000_0.3_V.csv;4029;2960;RecordEnumeration;[1, 1, 1, 1, 1, 1, 1, 1, 1, 1, 1, 1, 1, 1, 1, 1, 1, 1, 1, 1, 1, 1, 1, 1, 1, 1, 1, 1, 1, 1, 1, 1, 1, 1, 1, 1, 1, 1, 1, 1, 1, 1, 1, 1, 1, 1, 1, 1, 1, 1];[24908173, 25363078, 25409729, 28162920, 25493069, 25054656, 25267567, 25506700, 26884686, 26702894, 27357361, 25663542, 25423739, 25518570, 25421009, 26360050, 25667142, 32342678, 25501490, 25411689, 25400619, 25593161, 26973947, 25307817, 25203588, 25378708, 25391589, 26486441, 25296328, 26477811, 25363808, 25533412, 25478970, 25333059, 26289759, 26883947, 29606968, 27276820, 25359048, 25737733, 26099467, 26423441, 25482900, 26517213, 27701866, 25909233, 26655462, 25590921, 26506921, 25948865];[2143084, 2127634, 2150304, 2179004, 2143274, 2125315, 2165774, 2147514, 2135124, 2115974, 2135214, 2151154, 2136474, 2133584, 2157654, 2125314, 2144725, 2163984, 2139754, 2128304, 2118624, 2128494, 2141365, 2174704, 2154945, 2134454, 2133644, 2130164, 2123334, 2137184, 2145234, 2357127, 2160934, 2167755, 2153175, 2143235, 2179095, 2124184, 2135444, 2135534, 2142894, 2228605, 2149334, 2158005, 2171105, 2143364, 2139884, 2131814, 2158274, 2151274];[22021780, 22481756, 22406645, 25157266, 22578046, 22168592, 22346935, 22611587, 22877200, 23747920, 24298306, 22772759, 22537566, 22631328, 22510106, 23493237, 22776719, 29260084, 22565687, 22537807, 22504296, 22691818, 23907001, 22362874, 22255363, 22468876, 22471176, 22486916, 22380695, 23557298, 22456145, 22411156, 22564437, 22401975, 23377446, 23874182, 26604803, 24271546, 22454156, 22807810, 23161144, 23441567, 22581137, 23524058, 24655521, 22982961, 22689428, 22659208, 23575418, 22992362];[743309, 753688, 852780, 826650, 771749, 760749, 754858, 747599, 1872362, 839000, 923841, 739629, 749699, 753658, 753249, 741499, 745698, 918610, 796049, 745578, 777699, 772849, 925581, 770239, 793280, 775378, 786769, 1869361, 792299, 783329, 762429, 765129, 753599, 763329, 759138, 866530, 823070, 881090, 769448, 794389, 795429, 753269, 752429, 835150, 875240, 782908, 1826150, 799899, 773229, 805229]
T1400V1000_0.4;1400;1000;2;0.4;experiment_data/medium/T1400V1000_0.4_T.csv;experiment_data/medium/T1400V1000_0.4_V.csv;5135;3181;RecordEnumeration;[1, 1, 1, 1, 1, 1, 1, 1, 1, 1, 1, 1, 1, 1, 1, 1, 1, 1, 1, 1, 1, 1, 1, 1, 1, 1, 1, 1, 1, 1, 1, 1, 1, 1, 1, 1, 1, 1, 1, 1, 1, 1, 1, 1, 1, 1, 1, 1, 1, 1];[32880684, 32631032, 34363459, 32927835, 32952105, 34333721, 32814385, 32898325, 34685665, 33184608, 32868724, 34447562, 32781803, 33632392, 36099650, 33754554, 33338160, 35030659, 32945496, 33052146, 35020108, 33156087, 33173596, 34746155, 33436021, 33047426, 34746145, 33389050, 34265841, 35454864, 35645896, 33134108, 35091599, 35733117, 32764114, 35042008, 34622854, 35112411, 33502341, 33373430, 33181648, 33877796, 33426400, 33288119, 34130758, 35506765, 33547192, 33898656, 33473831, 39416079];[2689831, 2752822, 2761151, 2752302, 2764001, 2753522, 2739491, 2772031, 2747561, 2763492, 2780392, 2768131, 2771982, 2765471, 2762701, 2796602, 2801923, 2754661, 2743732, 2752731, 2751431, 2739911, 2794471, 2770121, 2771302, 2744741, 2764361, 2740181, 2748671, 2785852, 2836272, 2790022, 2757851, 4965537, 2789022, 2789261, 2865252, 2837633, 2822502, 2799372, 2810532, 2818112, 2774371, 2815292, 2777981, 2783882, 2796632, 2809782, 2876753, 2802622];[29318523, 29002240, 30714989, 29303354, 29317044, 30680829, 29181873, 29200663, 31043434, 29530976, 29205702, 30817421, 29138491, 29955551, 32414469, 30011522, 29640957, 29644748, 29310314, 29412755, 29653457, 29510796, 29461075, 29340264, 29757059, 29400105, 29335994, 29682889, 30568699, 29938021, 31800472, 29454556, 29686548, 29857210, 29055981, 31215795, 30830651, 31320597, 29779349, 29671508, 29448716, 30150974, 29770499, 29554577, 30420177, 31760352, 29833260, 29858880, 29697168, 35702166];[872330, 875970, 887319, 872179, 871060, 899370, 893021, 925631, 894670, 890140, 882630, 862010, 871330, 911370, 922480, 946430, 895280, 2631250, 891450, 886660, 2615220, 905380, 918050, 2635770, 907660, 902580, 2645790, 965980, 948471, 2730991, 1009152, 889530, 2647200, 910370, 919111, 1036952, 926951, 954181, 900490, 902550, 922400, 908710, 881530, 918250, 932600, 962531, 917300, 1229994, 899910, 911291]
T800V1000_0.6;800;1000;2;0.6;experiment_data/medium/T800V1000_0.6_T.csv;experiment_data/medium/T800V1000_0.6_V.csv;2936;3068;RecordEnumeration;[1, 1, 1, 1, 1, 1, 1, 1, 1, 1, 1, 1, 1, 1, 1, 1, 1, 1, 1, 1, 1, 1, 1, 1, 1, 1, 1, 1, 1, 1, 1, 1, 1, 1, 1, 1, 1, 1, 1, 1, 1, 1, 1, 1, 1, 1, 1, 1, 1, 1];[19845476, 17554880, 17473940, 17397498, 17451248, 17514029, 17442789, 17496989, 17461619, 17813884, 17559661, 17438988, 17460999, 17439049, 17635981, 17854383, 17615821, 17503230, 17512610, 17518650, 19004596, 17462049, 17630940, 17538170, 17613321, 17833303, 17557260, 17438439, 17439839, 17429448, 17646651, 17432969, 17466629, 17410489, 17430059, 17426708, 17421708, 17459640, 17402557, 17418219, 17590729, 17413739, 17451399, 17456688, 17799623, 17472448, 17429219, 17515550, 17476709, 17627091];[3217807, 1569947, 1576358, 1547188, 1567598, 1651999, 1577868, 1555987, 1569528, 1569658, 1617469, 1564537, 1585748, 1557748, 1557188, 1576378, 1575788, 1574608, 1561468, 1571398, 1578927, 1590988, 1546867, 1551857, 1565058, 1571608, 1574248, 1574988, 1571498, 1557988, 1564658, 1574918, 1549637, 1563527, 1548568, 1550107, 1566288, 1546708, 1560377, 1572918, 1650428, 1560018, 1547528, 1557827, 1582158, 1576798, 1572518, 1570218, 1576368, 1558658];[15910081, 15278525, 15196234, 15152382, 15154502, 15159953, 15163903, 15233394, 15183693, 15302345, 15228294, 15166413, 15175273, 15184323, 15354475, 15534147, 15344195, 15224544, 15238854, 15240504, 16619519, 15164183, 15384615, 15276034, 15294704, 15501887, 15266653, 15158063, 15169803, 15157812, 15374395, 15147213, 15213544, 15134023, 15174483, 15174663, 15147332, 15216204, 15147042, 15150033, 15231773, 15153693, 15206363, 15182113, 15505857, 15195753, 15151443, 15247574, 15197223, 15358555];[717588, 706408, 701348, 697928, 729148, 702077, 701018, 707608, 708398, 941881, 713898, 708038, 699978, 696978, 724318, 743858, 695838, 704078, 712288, 706748, 806150, 706878, 699458, 710279, 753559, 759808, 716359, 705388, 698538, 713648, 707598, 710838, 703448, 712939, 707008, 701938, 708088, 696728, 695138, 695268, 708528, 700028, 697508, 716748, 711608, 699897, 705258, 697758, 703118, 709878]
T1300V1000_0.2;1300;1000;2;0.2;experiment_data/medium/T1300V1000_0.2_T.csv;experiment_data/medium/T1300V1000_0.2_V.csv;4786;2900;RecordEnumeration;[1, 1, 1, 1, 1, 1, 1, 1, 1, 1, 1, 1, 1, 1, 1, 1, 1, 1, 1, 1, 1, 1, 1, 1, 1, 1, 1, 1, 1, 1, 1, 1, 1, 1, 1, 1, 1, 1, 1, 1, 1, 1, 1, 1, 1, 1, 1, 1, 1, 1];[30244774, 30048232, 31543049, 29807108, 29830550, 33187757, 30726450, 30058013, 31689762, 32095485, 29978751, 31850342, 30700469, 29984942, 30830610, 31598500, 30334604, 30873382, 31497569, 30224674, 31001813, 30562287, 30294925, 30631388, 31178475, 35562635, 30639929, 30588559, 32113896, 32238927, 30783572, 32883046, 30855631, 30991302, 31990835, 31989155, 31180914, 32589451, 31593800, 31039044, 32599141, 32680442, 33147178, 32562022, 30735680, 30779010, 32305738, 30860211, 31410148, 32600401];[2471798, 2545169, 2656830, 2537548, 2615720, 2593059, 2566219, 2571610, 2592340, 4493241, 2564639, 2610219, 2609139, 2616250, 2616169, 2609320, 2588969, 2623060, 2605629, 2608319, 2616190, 2598559, 2618050, 2612209, 2632740, 2582900, 2568919, 2599360, 2604460, 2665340, 2647101, 2646771, 2651800, 2661310, 2688941, 2654660, 2697000, 2669770, 2626050, 2630920, 2692551, 2620390, 2695171, 2814403, 2637450, 2632520, 2652940, 2623230, 2656730, 2658520];[26968807, 26472341, 26447331, 26474791, 26430591, 27979688, 27344382, 26702384, 26756025, 26802075, 26609523, 28416384, 27265511, 26578083, 27353731, 28149961, 26923466, 27449743, 27994859, 26821856, 27604594, 27162859, 26902136, 27225570, 27768966, 32169436, 27296741, 27199659, 28721537, 28707057, 27346571, 29430996, 27420202, 27527823, 28491975, 28517375, 27683865, 29130032, 28145880, 27623975, 29085351, 29222332, 29618137, 27447973, 27218440, 27307671, 27343981, 27440512, 27934838, 27580794];[804169, 1030722, 2438888, 794769, 784239, 2615010, 815849, 784019, 2341397, 800169, 804589, 823739, 825819, 790609, 860710, 839219, 822169, 800579, 897081, 794499, 781029, 800869, 774739, 793609, 776769, 810299, 774269, 789540, 787899, 866530, 789900, 805279, 783629, 802169, 809919, 817120, 800049, 789649, 821870, 784149, 821239, 837720, 833870, 2299646, 879790, 838819, 2308817, 796469, 818580, 2361087]
T1000V1000_0.5;1000;1000;2;0.5;experiment_data/medium/T1000V1000_0.5_T.csv;experiment_data/medium/T1000V1000_0.5_V.csv;3623;3118;RecordEnumeration;[1, 1, 1, 1, 1, 1, 1, 1, 1, 1, 1, 1, 1, 1, 1, 1, 1, 1, 1, 1, 1, 1, 1, 1, 1, 1, 1, 1, 1, 1, 1, 1, 1, 1, 1, 1, 1, 1, 1, 1, 1, 1, 1, 1, 1, 1, 1, 1, 1, 1];[22280024, 23552779, 22250423, 22389144, 23837871, 23500097, 26469782, 22506996, 22445506, 22663777, 23685981, 23658719, 22583088, 22312453, 22457455, 22632948, 23639799, 22607157, 23531907, 23120283, 23885462, 22744288, 22783800, 23561519, 22838770, 26578913, 22806470, 22778379, 23203933, 22765889, 23695740, 22771629, 22532316, 23245824, 22892590, 25083306, 23304306, 23541829, 23533808, 22865020, 24000323, 23355365, 24114585, 23626460, 27176878, 23583977, 23224775, 23915223, 23936633, 24431569];[1941033, 1993383, 1989422, 1975662, 1979632, 1939072, 2053604, 1958262, 1966603, 1979032, 1968803, 1986472, 1957113, 1989382, 1958992, 1988373, 1950962, 1956582, 1976192, 2002913, 1973663, 2009932, 1952103, 1969312, 1951952, 1995603, 1998533, 1989752, 1982212, 2004523, 1977223, 1981662, 1948362, 1978112, 1984962, 1968232, 1966763, 1974852, 1955842, 1968622, 1991923, 1978462, 1985713, 1961493, 1983793, 2005403, 2006973, 1969073, 1996073, 1985213];[19557782, 20600635, 19483412, 19621693, 19903957, 20649185, 23587298, 19751525, 19673324, 19859116, 20852758, 19965578, 19818786, 19505942, 19699574, 19851026, 19966107, 19843646, 20743406, 20296641, 20962158, 19924006, 20028488, 19914267, 20085499, 23746760, 19994558, 19968597, 20415292, 19959717, 20081688, 19993268, 19767285, 20457033, 20089479, 21294683, 20519204, 20782457, 20749766, 20059288, 21151571, 20521963, 20430953, 20801217, 24140364, 20687855, 20338492, 21050530, 20993679, 20652105];[781209, 958761, 777589, 791789, 1954282, 911840, 828880, 797209, 805579, 825629, 864420, 1706669, 807189, 817129, 798889, 793549, 1722730, 806929, 812309, 820729, 949641, 810350, 803209, 1677940, 801319, 836550, 813379, 820030, 806429, 801649, 1636829, 796699, 816669, 810679, 818149, 1820391, 818339, 784520, 828200, 837110, 856829, 854940, 1697919, 863750, 1052721, 890719, 879310, 895620, 946881, 1794251]
T1100V1000_0.7;1100;1000;2;0.7;experiment_data/medium/T1100V1000_0.7_T.csv;experiment_data/medium/T1100V1000_0.7_V.csv;4006;3330;RecordEnumeration;[1, 1, 1, 1, 1, 1, 1, 1, 1, 1, 1, 1, 1, 1, 1, 1, 1, 1, 1, 1, 1, 1, 1, 1, 1, 1, 1, 1, 1, 1, 1, 1, 1, 1, 1, 1, 1, 1, 1, 1, 1, 1, 1, 1, 1, 1, 1, 1, 1, 1];[29320995, 25297047, 25198467, 25238737, 26370118, 26203837, 25182956, 25128745, 26935116, 25382839, 26456702, 25735224, 26228541, 25353239, 25214556, 26258319, 25330119, 26295558, 25455069, 29724988, 25302549, 26462771, 25797403, 25732434, 26755395, 27046648, 25206037, 25638631, 25830653, 27773226, 25451949, 26210738, 25851223, 25796394, 25561780, 25569111, 26704585, 25577242, 29876881, 27487034, 25590311, 25564340, 25880514, 26725974, 26115337, 25547861, 26728454, 25741323, 26855266, 27444102];[2105495, 2153124, 2205005, 2179505, 2160484, 2158024, 2133544, 2146004, 2145774, 2167085, 2159475, 2159365, 2169865, 2154675, 2155484, 2171285, 2184265, 2183094, 2162344, 2160745, 2146355, 2173665, 2133914, 2173925, 2156375, 2177615, 2142164, 2144104, 2142765, 2160685, 2138514, 2153634, 2133444, 2166595, 2137624, 2180775, 2138385, 2176655, 2139015, 2147255, 2174135, 2181054, 2173184, 2170495, 2191965, 2176645, 2191545, 2183275, 2175425, 2151945];[26324720, 22186252, 22115202, 22194892, 23174093, 23144253, 22195952, 22101671, 23835782, 22298284, 22389645, 22681008, 23183295, 22300284, 22204893, 23205734, 22286484, 23256634, 22402726, 26657853, 22301464, 23378406, 22776169, 22688039, 23658509, 23907342, 22205693, 22616767, 22818069, 23034452, 22446965, 23191435, 22802549, 22726819, 22545876, 22497926, 23676539, 22518336, 26836496, 24371638, 22523506, 22498366, 22783630, 23662679, 23020592, 22490296, 23641469, 22661968, 22702219, 24210315];[890780, 957671, 878260, 864340, 1035541, 901560, 853460, 881070, 953560, 917470, 1907582, 894851, 875381, 898280, 854179, 881300, 859370, 855830, 889999, 906390, 854730, 910700, 887320, 870470, 940511, 961691, 858180, 877760, 869819, 2578089, 866470, 865669, 915230, 902980, 878280, 890410, 889661, 882251, 901370, 968141, 892670, 884920, 923700, 892800, 902780, 880920, 895440, 896080, 1977622, 1081842]
T600V1000_0.9;600;1000;2;0.9;experiment_data/medium/T600V1000_0.9_T.csv;experiment_data/medium/T600V1000_0.9_V.csv;2211;3161;RecordEnumeration;[1, 1, 1, 1, 1, 1, 1, 1, 1, 1, 1, 1, 1, 1, 1, 1, 1, 1, 1, 1, 1, 1, 1, 1, 1, 1, 1, 1, 1, 1, 1, 1, 1, 1, 1, 1, 1, 1, 1, 1, 1, 1, 1, 1, 1, 1, 1, 1, 1, 1];[13024968, 12999749, 12961098, 12970078, 12933287, 12970967, 13355802, 12991809, 13068779, 13047158, 13016589, 13401943, 13030778, 13008889, 13025067, 13040018, 14929840, 13046569, 12979178, 13101249, 13043019, 13080489, 13026979, 13422423, 13041527, 13029998, 12991118, 12999987, 13403283, 13002518, 12982417, 12951239, 12996217, 12985167, 12981988, 13404682, 12967598, 12999558, 12986608, 12935697, 13323252, 12953927, 12968529, 13002038, 12979397, 13461364, 13077929, 13064870, 13040928, 13042368];[1019732, 1006942, 999832, 993761, 991461, 1002581, 999451, 988332, 996392, 991801, 994012, 990192, 991971, 1004282, 988541, 987141, 1000461, 990441, 993092, 1010371, 988131, 1065863, 990172, 996631, 996161, 996451, 998081, 1000481, 1004202, 994631, 994511, 994131, 1010321, 992491, 994681, 1009051, 1003142, 995962, 1005192, 1002011, 991592, 1009011, 996312, 993701, 990651, 1016632, 1021742, 992602, 993861, 999071];[11283198, 11273148, 11236488, 11257699, 11229598, 11242568, 11231488, 11282468, 11345859, 11335539, 11310369, 11303208, 11318589, 11288548, 11319118, 11325989, 11276168, 11334659, 11267688, 11362629, 11330929, 11286668, 11311289, 11301079, 11328838, 11312259, 11269178, 11266828, 11308799, 11279248, 11270368, 11234899, 11275188, 11267688, 11262478, 11264068, 11236928, 11277348, 11253188, 11206988, 11241358, 11220318, 11258818, 11272918, 11267888, 11354740, 11323209, 11341759, 11324339, 11325099];[722038, 719659, 724778, 718618, 712228, 725818, 1124863, 721009, 726528, 719818, 712208, 1108543, 720218, 716059, 717408, 726888, 2653211, 721469, 718398, 728249, 723959, 727958, 725518, 1124713, 716528, 721288, 723859, 732678, 1090282, 728639, 717538, 722209, 710708, 724988, 724829, 1131563, 727528, 726248, 728228, 726698, 1090302, 724598, 713399, 735419, 720858, 1089992, 732978, 730509, 722728, 718198]
T1300V1000_0.6;1300;1000;2;0.6;experiment_data/medium/T1300V1000_0.6_T.csv;experiment_data/medium/T1300V1000_0.6_V.csv;4792;3344;RecordEnumeration;[1, 1, 1, 1, 1, 1, 1, 1, 1, 1, 1, 1, 1, 1, 1, 1, 1, 1, 1, 1, 1, 1, 1, 1, 1, 1, 1, 1, 1, 1, 1, 1, 1, 1, 1, 1, 1, 1, 1, 1, 1, 1, 1, 1, 1, 1, 1, 1, 1, 1];[31371195, 30263834, 30032662, 31947656, 30105773, 30440096, 33361060, 31018724, 30537997, 32374868, 30439635, 30658728, 32057085, 30674019, 31095203, 33453681, 31468188, 31142425, 32290398, 31267175, 30484117, 33801056, 31017953, 30486118, 33304668, 30718748, 30676969, 33820836, 32636732, 30350887, 30769650, 31395647, 31375758, 31049103, 30828712, 30386666, 31249635, 32426068, 30433936, 30875211, 30977803, 30490627, 30876252, 32729193, 36931180, 30617799, 30801870, 32552390, 30906462, 31269996];[2516068, 2534839, 2539019, 2551040, 2524139, 2538089, 2555439, 2548709, 2595509, 2567229, 2594080, 2590879, 2563959, 2597219, 2591349, 2580239, 2587489, 2558149, 2613300, 2576989, 2587309, 2574380, 2574690, 2602360, 2549758, 2562669, 2583229, 2580590, 4543712, 2543680, 2558699, 2728981, 2536620, 2604350, 2576990, 2578289, 2568078, 2597199, 2560529, 2569909, 2570569, 2563989, 2568069, 2566980, 2546749, 2540759, 2542338, 2571489, 2563889, 2560689];[26492251, 26725044, 26546332, 27171720, 26628794, 26956116, 28226901, 27490633, 26975527, 27385472, 26879475, 27075988, 27036908, 27081339, 27512323, 28405813, 27834787, 27568024, 27186140, 27695705, 26940707, 28712187, 27460812, 26921867, 28264502, 27193619, 27128749, 28712597, 27135609, 26815026, 27209700, 27655205, 27820157, 27437532, 27266790, 26840616, 27701455, 28807768, 26908176, 27312731, 27416502, 26949807, 27339321, 29145132, 33406790, 27119349, 27281301, 29009080, 27343411, 27737986];[2362876, 1003951, 947311, 2224896, 952840, 945891, 2578720, 979382, 966961, 2422167, 966080, 991861, 2456218, 995461, 991531, 2467629, 1045912, 1016252, 2490958, 994481, 956101, 2514489, 982451, 961891, 2490408, 962460, 964991, 2527649, 957411, 992181, 1001251, 1011461, 1018981, 1007221, 984932, 967761, 980102, 1021101, 965231, 992571, 990732, 976831, 968862, 1017081, 977641, 957691, 978231, 971821, 999162, 971321]
T900V1000_0.9;900;1000;2;0.9;experiment_data/medium/T900V1000_0.9_T.csv;experiment_data/medium/T900V1000_0.9_V.csv;3293;3395;RecordEnumeration;[1, 1, 1, 1, 1, 1, 1, 1, 1, 1, 1, 1, 1, 1, 1, 1, 1, 1, 1, 1, 1, 1, 1, 1, 1, 1, 1, 1, 1, 1, 1, 1, 1, 1, 1, 1, 1, 1, 1, 1, 1, 1, 1, 1, 1, 1, 1, 1, 1, 1];[19571263, 19827195, 19538333, 19446902, 19580414, 19502952, 19553212, 19587073, 19588123, 19521272, 19667174, 19655114, 19561443, 19544782, 19573192, 19589173, 19815355, 19615323, 19801745, 19591183, 20552215, 23166584, 19584193, 20131290, 19837926, 20179069, 19598372, 21821328, 19646504, 20741986, 20471863, 20406141, 19861877, 20185171, 19727965, 20200450, 19756506, 20169700, 19655104, 20155710, 19612854, 20193680, 21414803, 23827272, 20453732, 20230191, 19703465, 20257981, 19669984, 20206009];[1734120, 1729960, 1783681, 1746610, 1733590, 1720090, 1747049, 1723109, 1760000, 1730619, 1722610, 1734110, 1734370, 1722030, 1729359, 1744430, 1739359, 1758310, 1736269, 1736960, 1751891, 1772420, 1744070, 1751650, 1745029, 1744199, 1744599, 1749749, 1771450, 1747650, 1750730, 1754749, 1772351, 1752110, 1764960, 1760010, 1753920, 1757100, 1776420, 1728770, 1741430, 1733380, 1754820, 1754531, 1717599, 1754830, 1739060, 1742620, 1747510, 1736799];[17029433, 17020833, 16969043, 16910463, 17054395, 16986513, 17011754, 17059894, 17038494, 16990193, 17146055, 17108295, 17045654, 17013433, 17061994, 17045714, 17286607, 17049844, 17270547, 17009384, 17854353, 20570694, 17036703, 17588891, 17294627, 17642951, 17054084, 19178589, 17077615, 18123026, 17870543, 17847143, 17277527, 17627831, 17157515, 17646370, 17196496, 17616480, 17089485, 17621311, 17085235, 17656851, 18753213, 21265482, 17877843, 17697222, 17139385, 17679721, 17108415, 17655061];[807710, 1076402, 785609, 789829, 792429, 796349, 794409, 804070, 789629, 800460, 798509, 812709, 781419, 809319, 781839, 799029, 789389, 807169, 794929, 844839, 945971, 823470, 803420, 790749, 798270, 791919, 799689, 892990, 797439, 871310, 850590, 804249, 811999, 805230, 805490, 794070, 806090, 796120, 789199, 805629, 786189, 803449, 906770, 807259, 858290, 778139, 825020, 835640, 814059, 814149]
T1400V1000_0.9;1400;1000;2;0.9;experiment_data/medium/T1400V1000_0.9_T.csv;experiment_data/medium/T1400V1000_0.9_V.csv;5005;3754;RecordEnumeration;[1, 1, 1, 1, 1, 1, 1, 1, 1, 1, 1, 1, 1, 1, 1, 1, 1, 1, 1, 1, 1, 1, 1, 1, 1, 1, 1, 1, 1, 1, 1, 1, 1, 1, 1, 1, 1, 1, 1, 1, 1, 1, 1, 1, 1, 1, 1, 1, 1, 1];[35662037, 32785484, 32838995, 35061890, 33451610, 32683482, 34617784, 33040916, 32818404, 32714464, 32663402, 32613671, 33311530, 32906434, 32593551, 32941704, 33131347, 34315480, 33101207, 34500454, 32886035, 33624624, 33131226, 33085486, 34283461, 34320362, 34802585, 33542282, 33325020, 35976159, 33934457, 33292189, 36332202, 33315560, 33182138, 35042339, 33207897, 33167417, 34556263, 35366852, 33629692, 41156588, 33111647, 34415691, 34842197, 33402261, 33909597, 35305402, 34150479, 33548122];[2652001, 2745551, 2937834, 2791602, 2755551, 2742921, 2782721, 2742441, 2754611, 2743442, 2718691, 2740871, 2762552, 2762641, 2757431, 2753731, 2748411, 2757951, 2807862, 2761472, 2782152, 2789312, 2775361, 2762011, 2769852, 3042755, 2734931, 2739571, 2769342, 2767241, 2961724, 2785522, 2794241, 2792612, 2777702, 2754002, 2772151, 2755211, 2766871, 2767441, 2810402, 2765061, 2731821, 2760501, 2773032, 2766092, 2955054, 2775711, 2794942, 2782132];[30104003, 28928830, 28811218, 29462106, 29601137, 28859709, 28982530, 29228403, 28975840, 28905660, 28885619, 28806128, 29458076, 29065321, 28784248, 29118121, 29313194, 30349395, 29229923, 30439027, 29033870, 29758610, 29289693, 29206723, 30395017, 30145274, 30985212, 29695988, 29468725, 31993684, 29860440, 29410985, 32289727, 29430445, 29329924, 31154404, 29354714, 29318034, 30594699, 31430538, 29711278, 37273894, 29308743, 30556368, 30984903, 29558807, 29858770, 31446168, 30248985, 29631077];[2906033, 1111103, 1089943, 2808182, 1094922, 1080852, 2852533, 1070072, 1087953, 1065362, 1059092, 1066672, 1090902, 1078472, 1051872, 1069852, 1069742, 1208134, 1063422, 1299955, 1070013, 1076702, 1066172, 1116752, 1118592, 1132333, 1082442, 1106723, 1086953, 1215234, 1112293, 1095682, 1248234, 1092503, 1074512, 1133933, 1081032, 1094172, 1194693, 1168873, 1108012, 1117633, 1071083, 1098822, 1084262, 1077362, 1095773, 1083523, 1106552, 1134913]
T1200V1000_0.5;1200;1000;2;0.5;experiment_data/medium/T1200V1000_0.5_T.csv;experiment_data/medium/T1200V1000_0.5_V.csv;4410;3202;RecordEnumeration;[1, 1, 1, 1, 1, 1, 1, 1, 1, 1, 1, 1, 1, 1, 1, 1, 1, 1, 1, 1, 1, 1, 1, 1, 1, 1, 1, 1, 1, 1, 1, 1, 1, 1, 1, 1, 1, 1, 1, 1, 1, 1, 1, 1, 1, 1, 1, 1, 1, 1];[28690874, 27783164, 31980704, 27425240, 27456860, 27469239, 29320563, 29078049, 27748623, 27856044, 28337230, 27947936, 29861787, 27740873, 28866916, 27753674, 27680752, 27751103, 28967539, 29841969, 28065497, 32365389, 27849955, 27915605, 27994315, 28044297, 30876120, 28135287, 27874126, 28079319, 28001036, 29195910, 29948349, 28898237, 28059937, 27987596, 28109378, 28028617, 29931580, 28038197, 32423179, 29440744, 28397181, 28655614, 28334530, 29557805, 29402453, 27798664, 27895655, 30266763];[2328778, 2541141, 2395589, 2350649, 2379789, 2355218, 2343759, 2362569, 2341618, 2382948, 2366458, 2377249, 2379718, 2360478, 2398798, 2407209, 2357628, 2366308, 2414669, 2377979, 2398549, 2369379, 2367029, 2390419, 2392059, 2388509, 2400299, 2386698, 2357409, 2403889, 2386048, 2371518, 2369758, 2376249, 2367269, 2373979, 2395069, 2386009, 2392279, 2399859, 2372068, 2402249, 2386669, 2368538, 2452799, 2398519, 2419549, 2368159, 2359948, 2358939];[25519656, 24416903, 28754305, 24236171, 24229921, 24274481, 26053183, 25831690, 24542385, 24490774, 25076672, 24701167, 25421925, 24558925, 25620998, 24514655, 24474714, 24534825, 25578238, 26589849, 24798798, 29114230, 24633035, 24660116, 24727456, 24813308, 27583491, 24893129, 24643447, 24837069, 24757338, 24679156, 26664660, 25658048, 24836648, 24760287, 24865809, 24795198, 26676740, 24790518, 29121090, 26123264, 25099951, 25185543, 25026131, 26245285, 26092473, 24572145, 24698197, 26991093];[842440, 825120, 830810, 838420, 847150, 839540, 923621, 883790, 864620, 982322, 894100, 869520, 2060144, 821470, 847120, 831810, 848410, 849970, 974632, 874141, 868150, 881780, 849891, 865070, 874800, 842480, 892330, 855460, 873270, 838361, 857650, 2145236, 913931, 863940, 856020, 853330, 848500, 847410, 862561, 847820, 930021, 915231, 910561, 1101533, 855600, 914001, 890431, 858360, 837510, 916731]
T800V1000_0.7;800;1000;2;0.7;experiment_data/medium/T800V1000_0.7_T.csv;experiment_data/medium/T800V1000_0.7_V.csv;2931;3156;RecordEnumeration;[1, 1, 1, 1, 1, 1, 1, 1, 1, 1, 1, 1, 1, 1, 1, 1, 1, 1, 1, 1, 1, 1, 1, 1, 1, 1, 1, 1, 1, 1, 1, 1, 1, 1, 1, 1, 1, 1, 1, 1, 1, 1, 1, 1, 1, 1, 1, 1, 1, 1];[17502180, 17916175, 17312577, 17940806, 19771505, 17370209, 17311387, 17335148, 17385349, 17378948, 17369158, 17310158, 17341658, 17322417, 17486350, 17400578, 17420448, 17294606, 17609262, 17533920, 17951185, 17328118, 17334519, 17277508, 17398158, 17468030, 17411458, 17322678, 17302107, 17277057, 17291968, 17319048, 17296847, 17344459, 17377309, 17476439, 17339408, 17441849, 17353237, 17330167, 17374388, 17413839, 17393689, 17482769, 18464951, 17442179, 17442409, 17957655, 17535740, 17312708];[1562798, 1546178, 1550367, 1526288, 3271327, 1560989, 1540657, 1542898, 1567189, 1541078, 1580688, 1545058, 1544738, 1546177, 1553208, 1569088, 1535547, 1549487, 1539388, 1551248, 1569888, 1556958, 1577878, 1541718, 1556998, 1542128, 1566618, 1530828, 1552528, 1535797, 1546138, 1548778, 1552567, 1547438, 1543808, 1542338, 1570068, 1536958, 1547547, 1560598, 1555258, 1550848, 1551208, 1545878, 1551348, 1571538, 1555048, 1561398, 1575048, 1547198];[15219814, 15135383, 15049062, 15172614, 15781210, 15104142, 15067222, 15088152, 15105572, 15125382, 15088502, 15065142, 15085362, 15076892, 15223304, 15128752, 15178343, 15040571, 15314575, 15253744, 15650078, 15061362, 15044562, 15037332, 15126732, 15218254, 15134063, 15086792, 15044931, 15037152, 15046402, 15069802, 15044782, 15084393, 15127843, 15232373, 15057182, 15205553, 15093562, 15064672, 15119982, 15148583, 15136893, 15230843, 16010333, 15168482, 15157883, 15659198, 15242764, 15052602];[719568, 1234614, 713148, 1241904, 718968, 705078, 703508, 704098, 712588, 712488, 699968, 699958, 711558, 699348, 709838, 702738, 706558, 704548, 755299, 728928, 731219, 709798, 712079, 698458, 714428, 707648, 710777, 705058, 704648, 704108, 699428, 700468, 699498, 712628, 705658, 701728, 712158, 699338, 712128, 704897, 699148, 714408, 705588, 706048, 903270, 702159, 729478, 737059, 717928, 712908]
T900V1000_1.0;900;1000;2;1.0;experiment_data/medium/T900V1000_1.0_T.csv;experiment_data/medium/T900V1000_1.0_V.csv;3317;3469;RecordEnumeration;[1, 1, 1, 1, 1, 1, 1, 1, 1, 1, 1, 1, 1, 1, 1, 1, 1, 1, 1, 1, 1, 1, 1, 1, 1, 1, 1, 1, 1, 1, 1, 1, 1, 1, 1, 1, 1, 1, 1, 1, 1, 1, 1, 1, 1, 1, 1, 1, 1, 1];[20019708, 19313851, 19882556, 19373351, 19979497, 19456013, 20016308, 19385350, 20384632, 19698185, 20866508, 19472622, 20091129, 19449652, 19985667, 19417650, 20029179, 19468280, 23063484, 19627613, 20109369, 19514162, 20234190, 19626524, 20061150, 19575923, 21010270, 19604993, 20150850, 19573183, 20229311, 19563414, 20143380, 19573033, 21456965, 19614174, 20245780, 19703236, 20381413, 19654514, 20250351, 21510426, 19695024, 19746335, 19600184, 19987668, 20120100, 19699775, 19587404, 19657015];[1742900, 1735680, 1735200, 1725450, 1733269, 1727570, 1730160, 1718199, 1716950, 1737830, 1726350, 1744600, 1735700, 1738860, 1729319, 1718139, 1729120, 1753889, 1715630, 1710009, 1730160, 1720679, 1742860, 1735980, 1719000, 1738690, 1738280, 1748200, 1749660, 1725920, 1728740, 1728350, 1755320, 1733650, 1742980, 1756340, 1731249, 1781521, 1749140, 1745810, 1753620, 3521660, 1739150, 1735799, 1759710, 1758450, 1757790, 1749540, 1746400, 1735000];[17465899, 16788042, 17355418, 16843712, 17447739, 16921733, 17490859, 16869892, 17855353, 17144826, 18264908, 16932113, 17557250, 16923433, 17461559, 16907422, 17499520, 16922433, 17620001, 17118955, 17002814, 16991364, 17105525, 17091665, 16977004, 17040484, 17879415, 17044904, 17017535, 17034854, 17120255, 17020664, 17018184, 17029764, 17754773, 17047634, 17119945, 17109375, 17239647, 17101825, 17100515, 17170446, 17139215, 17184746, 17024205, 17406789, 17483690, 17139966, 17016624, 17104665];[810909, 790129, 791938, 804189, 798489, 806710, 795289, 797259, 812329, 815529, 875250, 795909, 798179, 787359, 794789, 792089, 800539, 791958, 3727853, 798649, 1376395, 802119, 1385805, 798879, 1365146, 796749, 1392575, 811889, 1383655, 812409, 1380316, 814400, 1369876, 809619, 1959212, 810200, 1394586, 812340, 1392626, 806879, 1396216, 818320, 816659, 825790, 816269, 822429, 878620, 810269, 824380, 817350]
T1000V1000_0.0;1000;1000;2;0.0;experiment_data/medium/T1000V1000_0.0_T.csv;experiment_data/medium/T1000V1000_0.0_V.csv;3672;2694;RecordEnumeration;[1, 1, 1, 1, 1, 1, 1, 1, 1, 1, 1, 1, 1, 1, 1, 1, 1, 1, 1, 1, 1, 1, 1, 1, 1, 1, 1, 1, 1, 1, 1, 1, 1, 1, 1, 1, 1, 1, 1, 1, 1, 1, 1, 1, 1, 1, 1, 1, 1, 1];[21201112, 21772358, 21822099, 24938355, 21491876, 21416154, 21464186, 21414764, 22091783, 21421625, 22178143, 21496646, 21449526, 21461365, 21482585, 22148793, 21832789, 22820541, 21468616, 21406896, 22112303, 21501616, 25264368, 21530145, 21536166, 21983810, 21745718, 22147924, 21581926, 22131241, 21651857, 21526656, 21514515, 21441235, 22250754, 21446155, 21431282, 21474066, 21495155, 22211192, 21649247, 25636492, 21552436, 21539796, 21597246, 22499806, 22822670, 21532565, 22115022, 21738599];[1891101, 1873101, 1892182, 1908112, 1863142, 1896592, 1873222, 1892681, 1873501, 1887942, 1858571, 1911802, 1868082, 1882932, 1861931, 1907731, 1855861, 1902552, 1897702, 1879822, 1875361, 1895112, 1914562, 1898031, 1945162, 1910661, 1929762, 1907932, 1928672, 1904952, 1914852, 1906122, 1920762, 1912192, 1912592, 1922942, 1903251, 1906512, 1914831, 1914071, 1931702, 1920352, 1936542, 1930462, 1927572, 1956442, 1974342, 1940392, 1930052, 1940193];[18724094, 18651263, 19336110, 19331741, 19033408, 18914675, 18995137, 18935246, 18974567, 18941656, 19718285, 18996227, 18989237, 18988927, 19014037, 19004687, 19377821, 20208871, 18980097, 18934067, 18973707, 18998907, 19663474, 19015307, 18984257, 19432052, 19195529, 18977327, 19044547, 19622013, 19122718, 19016667, 18988446, 18916106, 19082298, 18917546, 18914795, 18967677, 18972157, 19025117, 19103128, 20008938, 19015968, 18980787, 19059167, 19799796, 19381361, 18975136, 19578514, 19185519];[585917, 1247994, 593807, 3698502, 595326, 604887, 595827, 586837, 1243715, 592027, 601287, 588617, 592207, 589506, 606617, 1236375, 599107, 709118, 590817, 593007, 1263235, 607597, 3686332, 616807, 606747, 641097, 620427, 1262665, 608707, 604276, 614287, 603867, 605307, 612937, 1255864, 605667, 613236, 599877, 608167, 1272004, 614417, 3707202, 599926, 628547, 610507, 743568, 1466967, 617037, 606456, 612887]
T1000V1000_0.6;1000;1000;2;0.6;experiment_data/medium/T1000V1000_0.6_T.csv;experiment_data/medium/T1000V1000_0.6_V.csv;3677;3169;RecordEnumeration;[1, 1, 1, 1, 1, 1, 1, 1, 1, 1, 1, 1, 1, 1, 1, 1, 1, 1, 1, 1, 1, 1, 1, 1, 1, 1, 1, 1, 1, 1, 1, 1, 1, 1, 1, 1, 1, 1, 1, 1, 1, 1, 1, 1, 1, 1, 1, 1, 1, 1];[22309255, 22020672, 22654659, 22007912, 25943568, 22582497, 22222885, 22617658, 22304595, 22738230, 22005352, 22906453, 22031463, 22177734, 22011373, 22631099, 24601392, 22117604, 21888370, 22126474, 22037880, 22802010, 22845742, 27414584, 23304706, 22434245, 22464068, 22126643, 22862482, 22122144, 22746091, 23481909, 22222534, 22152954, 22044612, 22852602, 22083833, 22040252, 22097683, 23307686, 22848102, 22161933, 26271191, 22139773, 21901011, 22018152, 22796311, 24742802, 22437957, 23092874];[2002963, 1931412, 1914982, 1928662, 1931742, 1897862, 1925513, 1929412, 2041073, 1943392, 1929033, 1977443, 1960183, 1967053, 1967603, 1972403, 1987983, 1981733, 1957713, 1981403, 1985582, 1966102, 1957383, 1979303, 1965062, 1982822, 1974423, 1956962, 1961012, 1958293, 1965463, 1966282, 1960912, 1991393, 1960392, 1960742, 1962032, 1966312, 1968863, 1975332, 1978463, 1976022, 1971633, 1972283, 1969093, 1977902, 1977013, 1974002, 1996183, 1964762];[19529853, 19318872, 19222410, 19304352, 19848638, 19814776, 19450873, 19686535, 19477793, 19265131, 19273480, 20121531, 19285461, 19403422, 19251881, 19866017, 20960590, 19343622, 19144519, 19348612, 19275020, 19256480, 20098521, 21142352, 20411904, 19571813, 19652175, 19372402, 19332701, 19372852, 19995339, 20690097, 19462553, 19376842, 19293431, 19349932, 19323232, 19287001, 19330561, 20519205, 19317061, 19387132, 20056310, 19357741, 19119999, 19237091, 20023539, 20988340, 19609524, 20287482];[776439, 770388, 1517267, 774898, 4163188, 869859, 846499, 1001711, 785729, 1529707, 802839, 807479, 785819, 807259, 791889, 792679, 1652819, 792249, 786138, 796459, 777278, 1579428, 789838, 4292929, 927740, 879610, 837470, 797279, 1568769, 790999, 785289, 825530, 799069, 784719, 790789, 1541928, 798569, 786939, 798259, 813149, 1552578, 798779, 4243248, 809749, 811919, 803159, 795759, 1780460, 832250, 840630]
T1100V1000_0.8;1100;1000;2;0.8;experiment_data/medium/T1100V1000_0.8_T.csv;experiment_data/medium/T1100V1000_0.8_V.csv;4035;3445;RecordEnumeration;[1, 1, 1, 1, 1, 1, 1, 1, 1, 1, 1, 1, 1, 1, 1, 1, 1, 1, 1, 1, 1, 1, 1, 1, 1, 1, 1, 1, 1, 1, 1, 1, 1, 1, 1, 1, 1, 1, 1, 1, 1, 1, 1, 1, 1, 1, 1, 1, 1, 1];[24471670, 24628023, 24631121, 25554472, 25853197, 29665809, 25379090, 24562991, 24677832, 24650583, 25673705, 24596581, 25414770, 26448413, 24702552, 24674612, 24927216, 25656774, 24787734, 24627482, 25106768, 24703342, 25523544, 24878475, 30843723, 26049957, 24919466, 24971086, 25284080, 25706185, 24846656, 25596793, 24805793, 26527044, 24872505, 25368330, 25591913, 24714424, 24858094, 25298549, 25571993, 26050577, 25525012, 29907522, 25069207, 24738254, 24997057, 25012137, 27205142, 24955526];[2120154, 2161155, 2148544, 2143794, 2127515, 2154554, 2111424, 2121874, 2127475, 2117035, 2113255, 2115364, 2105173, 2106994, 2127025, 2127144, 2127785, 2155375, 2102594, 2105654, 2102194, 2133104, 2099315, 2142004, 2111964, 2100053, 2149355, 2131424, 2161925, 2124145, 2137685, 2122425, 2146594, 2102034, 2157065, 2137065, 2149315, 2097424, 2162605, 2109274, 2148445, 2197675, 2152205, 2124234, 2159855, 2114165, 2170295, 2161455, 2169585, 2190945];[21494426, 21618988, 21651017, 21696859, 22669740, 26629955, 22356736, 21584577, 21697428, 21662248, 21797940, 21640337, 22463227, 23395448, 21727008, 21693718, 21947711, 22656390, 21843500, 21683518, 22168374, 21722698, 21722279, 21882991, 27826879, 22989573, 21897130, 21975312, 22260725, 21848270, 21837841, 22622999, 21795689, 23380518, 21864800, 22375556, 22593748, 21771060, 21846050, 22305885, 22561918, 22141233, 22505768, 26888868, 22030962, 21732429, 21955752, 21977772, 22581619, 21906541];[857090, 847880, 831560, 1713819, 1055942, 881300, 910930, 856540, 852929, 871300, 1762510, 840880, 846370, 945971, 848519, 853750, 851720, 845009, 841640, 838310, 836200, 847540, 1701950, 853480, 904880, 960331, 872981, 864350, 861430, 1733770, 871130, 851369, 863510, 1044492, 850640, 855709, 848850, 845940, 849439, 883390, 861630, 1711669, 867039, 894420, 878390, 891660, 871010, 872910, 2453938, 858040]
T1400V1000_1.0;1400;1000;2;1.0;experiment_data/medium/T1400V1000_1.0_T.csv;experiment_data/medium/T1400V1000_1.0_V.csv;4864;3825;RecordEnumeration;[1, 1, 1, 1, 1, 1, 1, 1, 1, 1, 1, 1, 1, 1, 1, 1, 1, 1, 1, 1, 1, 1, 1, 1, 1, 1, 1, 1, 1, 1, 1, 1, 1, 1, 1, 1, 1, 1, 1, 1, 1, 1, 1, 1, 1, 1, 1, 1, 1, 1];[32206508, 31808944, 33721897, 32145438, 32238969, 33620234, 34008849, 32446303, 35046521, 32433002, 32743035, 36016053, 32968967, 32712745, 32594174, 32554292, 32358880, 32776325, 32568403, 32431942, 32248929, 32857416, 32237009, 32788556, 33327451, 32314440, 32504371, 32797386, 32437790, 34570846, 34285351, 34193233, 33260130, 32963378, 36036283, 33012469, 32663425, 33803247, 32681804, 34328894, 33925748, 32716955, 32848755, 33980169, 34449255, 34538185, 39941087, 33079569, 32486631, 36435898];[2852062, 2909203, 2913703, 2924734, 2958524, 2918623, 2929243, 2930334, 3000474, 2984425, 2955534, 2957324, 2981654, 2931924, 2918704, 2978954, 2943113, 3018234, 2983004, 3016705, 2940294, 2996514, 2986424, 2961104, 2966724, 2996904, 2953003, 3005384, 2991414, 2939454, 2967643, 2942184, 2996014, 3022485, 2964554, 3019145, 2975974, 2995184, 2994804, 3030525, 2969123, 2936704, 2942473, 2993094, 2964284, 2969704, 2949504, 2971104, 2944013, 2967514];[28357774, 27888179, 28431896, 28216492, 28279213, 28215083, 30056914, 28471926, 29444827, 28456006, 28778929, 29957373, 28980551, 28756519, 28641638, 28537936, 28394535, 28728709, 28559777, 28404185, 28321384, 28826121, 28231123, 28795230, 29347516, 28303264, 28554227, 28789630, 28427355, 30574070, 30215126, 30212086, 29172684, 28907311, 31940766, 28969332, 28671059, 29797181, 28664968, 29945103, 29917053, 28749509, 28847390, 29949963, 29989034, 30464009, 35948291, 29029152, 28526696, 32280570];[996672, 1011562, 2376298, 1004212, 1001232, 2486528, 1022692, 1044043, 2601220, 992571, 1008572, 3101356, 1006762, 1024302, 1033832, 1037402, 1021232, 1029382, 1025622, 1011052, 987251, 1034781, 1019462, 1032222, 1013211, 1014272, 997141, 1002372, 1019021, 1057322, 1102582, 1038963, 1091432, 1033582, 1130963, 1023992, 1016392, 1010882, 1022032, 1353266, 1039572, 1030742, 1058892, 1037112, 1495937, 1104472, 1043292, 1079313, 1015922, 1187814]
T1500V1000_0.0;1500;1000;2;0.0;experiment_data/medium/T1500V1000_0.0_T.csv;experiment_data/medium/T1500V1000_0.0_V.csv;5539;2656;RecordEnumeration;[1, 1, 1, 1, 1, 1, 1, 1, 1, 1, 1, 1, 1, 1, 1, 1, 1, 1, 1, 1, 1, 1, 1, 1, 1, 1, 1, 1, 1, 1, 1, 1, 1, 1, 1, 1, 1, 1, 1, 1, 1, 1, 1, 1, 1, 1, 1, 1, 1, 1];[35069921, 34257153, 36174094, 34221732, 34411484, 34354463, 36065724, 35016841, 34784477, 40801327, 36384558, 35442486, 34979742, 36084153, 36819092, 34276382, 36133393, 36139124, 36736888, 34646347, 34894929, 36454037, 36581948, 34567815, 34883720, 35844081, 36407577, 34651677, 34824490, 36195554, 35844879, 35829271, 34931001, 35952843, 36141774, 35370745, 34867890, 36425698, 34986341, 36705701, 34791840, 36641291, 36854892, 34990219, 34654186, 36215775, 35102432, 36307436, 34869020, 36533187];[3129505, 3143306, 3081225, 3073395, 3319748, 3091195, 3103816, 3131826, 3340508, 3161286, 3086386, 3109176, 3056785, 3118786, 3124436, 3068335, 3060445, 3091895, 3113025, 3113246, 3137396, 3089785, 3114216, 3079685, 3083585, 3069875, 3047525, 3134856, 3088866, 3095165, 3115115, 3057435, 3152367, 3106526, 3069475, 3041075, 3105715, 3050965, 3100226, 5364691, 3115156, 3088056, 3103976, 3400698, 3076005, 3073065, 3037705, 3403259, 3064095, 3100245];[31286798, 30422619, 30812093, 30501060, 30430628, 30585370, 30563480, 31231668, 30782022, 36925563, 30887754, 31605332, 31270159, 32311980, 31166677, 30531340, 32354640, 32356281, 31104165, 30850183, 31092186, 32685505, 30925834, 30817993, 31106047, 32101788, 32605463, 30845983, 31060646, 32439261, 31998316, 32045778, 31090786, 32188099, 32317880, 31609542, 31092187, 32696745, 31208188, 30673282, 30926225, 31230408, 33046808, 30936124, 30900524, 30795103, 31376999, 32204739, 31111597, 31022915];[653618, 691228, 2280776, 647277, 661108, 677898, 2398428, 653347, 661947, 714478, 2410418, 727978, 652798, 653387, 2527979, 676707, 718308, 690948, 2519698, 682918, 665347, 678747, 2541898, 670137, 694088, 672418, 754589, 670838, 674978, 661128, 731448, 726058, 687848, 658218, 754419, 720128, 669988, 677988, 677927, 667728, 750459, 2322827, 704108, 653397, 677657, 2347607, 687728, 699438, 693328, 2410027]
T1400V1000_0.5;1400;1000;2;0.5;experiment_data/medium/T1400V1000_0.5_T.csv;experiment_data/medium/T1400V1000_0.5_V.csv;5125;3293;RecordEnumeration;[1, 1, 1, 1, 1, 1, 1, 1, 1, 1, 1, 1, 1, 1, 1, 1, 1, 1, 1, 1, 1, 1, 1, 1, 1, 1, 1, 1, 1, 1, 1, 1, 1, 1, 1, 1, 1, 1, 1, 1, 1, 1, 1, 1, 1, 1, 1, 1, 1, 1];[32283919, 34143662, 32988898, 32229680, 35115642, 32862567, 33035878, 34781558, 34762478, 33441473, 34997871, 33572204, 33439953, 36679099, 35798500, 32556832, 33790707, 33602694, 32947748, 33751797, 33241192, 33413393, 33204820, 33211240, 32051057, 33336572, 34310624, 33494024, 32940097, 33388723, 40559295, 33295192, 34686588, 34093510, 34120421, 34477374, 34412954, 33472614, 33027818, 33683985, 35550588, 34651087, 36631959, 35249805, 34666567, 36789381, 35293814, 34375423, 34822729, 33566555];[2722081, 2722212, 2711571, 2710791, 2698921, 2674911, 2733502, 2718251, 2750452, 2791352, 2761751, 2711351, 2708881, 2732811, 4808925, 2735431, 2798862, 2708831, 2761972, 2703291, 2714842, 2797422, 2760731, 2762881, 2734581, 2692621, 2716702, 2752831, 2729631, 2788302, 2738061, 2683601, 2691721, 2724791, 2744052, 2752921, 2814952, 2760142, 2758402, 2798262, 2767272, 2773862, 2819222, 2731222, 2730521, 2791202, 2924393, 2823382, 2775082, 2854883];[28664618, 29175264, 29383497, 28604918, 29953963, 29238545, 29376306, 29617429, 31042325, 29711190, 29685411, 29915332, 29766381, 31306478, 30082765, 28888681, 29953443, 29983123, 29262485, 30121925, 29577499, 29680900, 29534858, 29559249, 28417966, 29730440, 30647291, 29771891, 29321536, 29675730, 36837192, 29681470, 30997486, 30458969, 30303457, 30769402, 30654021, 29763671, 29300445, 29995873, 31792034, 30896123, 32850236, 31500781, 30815463, 32885716, 31333549, 30510069, 30991195, 29727441];[897220, 2246186, 893830, 913971, 2462758, 949111, 926070, 2445878, 969701, 938931, 2550709, 945521, 964691, 2639810, 906810, 932720, 1038402, 910740, 923291, 926581, 948851, 935071, 909231, 889110, 898510, 913511, 946631, 969302, 888930, 924691, 984042, 930121, 997381, 909750, 1072912, 955051, 943981, 948801, 968971, 889850, 991282, 981102, 962501, 1017802, 1120583, 1112463, 1035872, 1041972, 1056452, 984231]
T1500V1000_0.1;1500;1000;2;0.1;experiment_data/medium/T1500V1000_0.1_T.csv;experiment_data/medium/T1500V1000_0.1_V.csv;5524;2813;RecordEnumeration;[1, 1, 1, 1, 1, 1, 1, 1, 1, 1, 1, 1, 1, 1, 1, 1, 1, 1, 1, 1, 1, 1, 1, 1, 1, 1, 1, 1, 1, 1, 1, 1, 1, 1, 1, 1, 1, 1, 1, 1, 1, 1, 1, 1, 1, 1, 1, 1, 1, 1];[34756709, 39821784, 35938171, 34450464, 34652967, 36897283, 37621251, 35687348, 37164847, 38192307, 38643681, 36643180, 36702071, 37625451, 38103806, 36260575, 36859142, 36330496, 35955382, 35163524, 34543465, 36394487, 34833800, 34776989, 34335313, 36107983, 34829529, 34568896, 34333843, 36681701, 34540745, 36923083, 34341923, 36275514, 35916341, 34875400, 34215653, 36487538, 34697287, 35461378, 34457704, 36335226, 34678758, 34962921, 34486736, 41605407, 36680110, 34446814, 38540951, 36266915];[3186467, 3043024, 2985854, 3060295, 3149216, 3165787, 3209777, 3108905, 3194007, 3160746, 3101175, 3082915, 3076295, 3172497, 3222667, 3143956, 3061005, 3105735, 3121436, 3097506, 3140666, 3117686, 3122276, 3157837, 3136616, 3126456, 3099565, 3155326, 3114606, 3158557, 3079755, 5394962, 3070525, 3108445, 3072345, 3437570, 3072996, 3166246, 3116236, 3412759, 3088725, 3131576, 3175137, 3396409, 3169767, 3167096, 3095696, 3030925, 3086025, 3048365];[30803663, 36012842, 30701852, 30649711, 30709372, 32924086, 31412450, 31781804, 33133760, 34245082, 32765245, 32800346, 32875457, 33707195, 31773483, 32324500, 33012658, 32497252, 32047827, 31319959, 30678341, 32534543, 30987035, 30917694, 30468249, 32252159, 30990845, 30685561, 30517859, 32824867, 30773043, 30820613, 30536010, 30781962, 32091437, 30723882, 30423799, 30776092, 30873683, 31347070, 30621501, 30872473, 30715272, 30866984, 30601501, 30804213, 32789495, 30689391, 34731748, 30734241];[766579, 765918, 2250465, 740458, 794379, 807410, 2999024, 796639, 837080, 786479, 2777261, 759919, 750319, 745759, 3107656, 792119, 785479, 727509, 786119, 746059, 724458, 742258, 724489, 701458, 730448, 729368, 739119, 728009, 701378, 698277, 687947, 707508, 735388, 2385107, 752559, 713948, 718858, 2545200, 707368, 701549, 747478, 2331177, 788349, 699528, 715468, 7634098, 794919, 726498, 723178, 2484309]
T800V1000_0.8;800;1000;2;0.8;experiment_data/medium/T800V1000_0.8_T.csv;experiment_data/medium/T800V1000_0.8_V.csv;2959;3274;RecordEnumeration;[1, 1, 1, 1, 1, 1, 1, 1, 1, 1, 1, 1, 1, 1, 1, 1, 1, 1, 1, 1, 1, 1, 1, 1, 1, 1, 1, 1, 1, 1, 1, 1, 1, 1, 1, 1, 1, 1, 1, 1, 1, 1, 1, 1, 1, 1, 1, 1, 1, 1];[17342629, 17350478, 17465030, 17348819, 17471801, 17327908, 17310397, 17295778, 17305778, 17265038, 17267337, 17366888, 17367989, 17314558, 17366969, 17314069, 17324939, 17318259, 17360409, 17311597, 17312468, 17540950, 17370750, 17300538, 17298998, 17292248, 17322969, 17322968, 17460381, 17563661, 17472349, 17510381, 17475340, 17500011, 17519550, 17410800, 17415869, 17419348, 17339958, 17469912, 17484299, 17357519, 17349888, 19585175, 17327408, 17767303, 17284349, 17814254, 17448699, 17813535];[1578508, 1531327, 1591818, 1558228, 1583039, 1570498, 1555947, 1555078, 1552678, 1553598, 1537897, 1560827, 1539627, 1537147, 1541348, 1541698, 1571098, 1546718, 1562618, 1553227, 1549498, 1547197, 1546018, 1551128, 1556987, 1555998, 1547798, 1543958, 1552238, 1583958, 1589288, 1549068, 1586999, 1564808, 1577898, 1546028, 1552918, 1552557, 1573788, 1571189, 1590488, 1566148, 1563108, 1558418, 1550587, 1562287, 1550328, 1548748, 1552378, 1563758];[15041702, 15076742, 15156554, 15070843, 15176164, 15028472, 15019071, 15018562, 15026492, 14997932, 15002592, 15091473, 15097273, 15055513, 15047242, 15056582, 15035142, 15058152, 15077943, 15032702, 15042852, 15264205, 15103093, 15030602, 15009022, 15014342, 15052593, 15049162, 15154134, 15255934, 15159483, 15232445, 15166123, 15193434, 15213774, 15142294, 15136103, 15100103, 15046162, 15177174, 15177053, 15047852, 15053792, 17297828, 15051502, 15482787, 15010982, 15534278, 15181533, 15534838];[722419, 742409, 716658, 719748, 712598, 728938, 735379, 722138, 726608, 713508, 726848, 714588, 731089, 721898, 778379, 715789, 718699, 713389, 719848, 725668, 720118, 729548, 721639, 718808, 732989, 721908, 722578, 729848, 754009, 723769, 723578, 728868, 722218, 741769, 727878, 722478, 726848, 766688, 720008, 721549, 716758, 743519, 732988, 728929, 725319, 722229, 723039, 731228, 714788, 714939]
T1300V1000_0.7;1300;1000;2;0.7;experiment_data/medium/T1300V1000_0.7_T.csv;experiment_data/medium/T1300V1000_0.7_V.csv;4793;3484;RecordEnumeration;[1, 1, 1, 1, 1, 1, 1, 1, 1, 1, 1, 1, 1, 1, 1, 1, 1, 1, 1, 1, 1, 1, 1, 1, 1, 1, 1, 1, 1, 1, 1, 1, 1, 1, 1, 1, 1, 1, 1, 1, 1, 1, 1, 1, 1, 1, 1, 1, 1, 1];[29207905, 29422548, 29299905, 29178194, 29389006, 31376159, 28991502, 29424847, 30527969, 29218014, 30260218, 30050294, 30492648, 29319105, 30396859, 30418958, 29395386, 29735080, 30525510, 29676330, 30487889, 31589052, 30439658, 29851251, 31395389, 29808471, 29882643, 35621508, 29706891, 29869793, 31313129, 29832641, 29678360, 30703311, 31656162, 30731562, 31702744, 31690673, 30603621, 31598921, 32723155, 31987086, 32189889, 29763101, 30405158, 31266189, 30225107, 29801103, 33620395, 29890433];[2421288, 2483719, 2484348, 2501819, 2461699, 2469528, 2473488, 2448468, 2455528, 2462088, 2462749, 2459688, 2450118, 2455238, 2452048, 2464688, 2469038, 2477788, 2449328, 2534759, 2512639, 2545589, 2537199, 2517849, 2518699, 2549039, 2554799, 2582400, 2484849, 2485839, 2527449, 2483738, 2493269, 2496628, 2490238, 2513759, 2532319, 2588250, 2510709, 2492378, 2511739, 2517029, 2523009, 2517149, 2511079, 2511989, 2560580, 2537380, 2532649, 2530979];[25875897, 25976918, 25915646, 25764975, 26004097, 27834449, 25599374, 26092509, 27109160, 25836315, 26870608, 26695576, 27112690, 25966597, 26954269, 27029030, 25987897, 26321932, 27138321, 26209860, 26929558, 28080352, 26887398, 26409452, 27875979, 26336892, 26389503, 27364373, 26295182, 26455233, 26651835, 26386732, 26231370, 26149259, 28129522, 26937428, 26962019, 28068702, 27118941, 26927338, 29217744, 28481206, 27594116, 26305711, 26950779, 26553634, 26687416, 26296602, 28543987, 26445673];[910720, 961911, 899911, 911400, 923210, 1072182, 918640, 883870, 963281, 919611, 926861, 895030, 929840, 897270, 990542, 925240, 938451, 935360, 937861, 931711, 1045692, 963111, 1015061, 923950, 1000711, 922540, 938341, 5674735, 926860, 928721, 2133845, 962171, 953721, 2057424, 1036402, 1280375, 2208406, 1033721, 973971, 2179205, 993672, 988851, 2072764, 940241, 943300, 2200566, 977111, 967121, 2543759, 913781]
T1200V1000_0.6;1200;1000;2;0.6;experiment_data/medium/T1200V1000_0.6_T.csv;experiment_data/medium/T1200V1000_0.6_V.csv;4415;3293;RecordEnumeration;[1, 1, 1, 1, 1, 1, 1, 1, 1, 1, 1, 1, 1, 1, 1, 1, 1, 1, 1, 1, 1, 1, 1, 1, 1, 1, 1, 1, 1, 1, 1, 1, 1, 1, 1, 1, 1, 1, 1, 1, 1, 1, 1, 1, 1, 1, 1, 1, 1, 1];[26933721, 26899253, 26929462, 27737091, 26670487, 28384199, 27126544, 27899832, 28799963, 27368917, 28077244, 26970453, 27122164, 28030804, 27436098, 28022135, 28186836, 27727661, 27680332, 28401299, 27130663, 27551798, 28238237, 27232605, 27242406, 28758872, 27122384, 28143875, 27657580, 28236157, 27059842, 27095234, 27311456, 27092304, 28157745, 28396978, 27265836, 27360637, 27630650, 27545539, 28158746, 27969543, 27047943, 26983572, 27133603, 29251748, 30218408, 27426737, 28069216, 27118604];[2282025, 2287996, 2368877, 2296786, 2324346, 2304366, 2287166, 2369946, 2298916, 2308606, 2354896, 2350737, 2301466, 2303886, 2307116, 2345016, 2344676, 2348177, 2319237, 2362596, 2329555, 2344926, 2354047, 2305806, 2372827, 2346516, 2306966, 2299246, 2381236, 2343246, 2314195, 2301206, 2321646, 2307476, 2338956, 2325146, 2351477, 2301256, 2311526, 2280476, 2306076, 2318226, 2339846, 2319546, 2296735, 2301166, 2347636, 2345056, 2306326, 2319786];[23827667, 23785987, 23750096, 24624716, 23538303, 25162812, 24005819, 24631956, 24707807, 24239062, 24892159, 23804167, 24010589, 24920469, 24277262, 24851979, 24983360, 24481504, 24511845, 25221683, 23984879, 24361693, 25036880, 24084040, 24052889, 25419625, 23970449, 24002569, 24456354, 25069262, 23926598, 23980549, 24166280, 23981279, 25012350, 25154912, 24055359, 24245121, 24506185, 24426134, 25019511, 24827638, 23863477, 23854527, 24012919, 25981051, 25949521, 24267901, 24935920, 23994219];[824029, 825270, 810489, 815589, 807838, 917021, 833559, 897930, 1793240, 821249, 830189, 815549, 810109, 806449, 851720, 825140, 858800, 897980, 849250, 817020, 816229, 845179, 847310, 842759, 816690, 992731, 844969, 1842060, 819990, 823649, 819049, 813479, 823530, 803549, 806439, 916920, 859000, 814260, 812939, 838929, 833159, 823679, 844620, 809499, 823949, 969531, 1921251, 813780, 826970, 804599]
T1100V1000_0.9;1100;1000;2;0.9;experiment_data/medium/T1100V1000_0.9_T.csv;experiment_data/medium/T1100V1000_0.9_V.csv;4056;3558;RecordEnumeration;[1, 1, 1, 1, 1, 1, 1, 1, 1, 1, 1, 1, 1, 1, 1, 1, 1, 1, 1, 1, 1, 1, 1, 1, 1, 1, 1, 1, 1, 1, 1, 1, 1, 1, 1, 1, 1, 1, 1, 1, 1, 1, 1, 1, 1, 1, 1, 1, 1, 1];[29623182, 25037820, 24780178, 24587666, 24811248, 25640407, 24785398, 25609847, 24820347, 24802537, 24944759, 25001320, 25658218, 25963971, 26812671, 24992280, 25045170, 25770839, 24933520, 30025306, 25220583, 25364454, 25674028, 25809930, 25951051, 24946080, 26537366, 26088002, 25432806, 25734488, 25130442, 25964661, 25263823, 24996839, 25412815, 25203654, 28040734, 25040461, 30514692, 25184902, 25080501, 25007419, 25403105, 26428815, 24947800, 25563557, 24904619, 24864919, 25538307, 25155553];[2154344, 2175894, 2133934, 2128144, 2136454, 2125884, 2115354, 2150584, 2131513, 2155004, 2113413, 2135844, 2136774, 2138194, 2146864, 2152364, 2140114, 2155164, 2134154, 2190314, 2148254, 2143574, 2176964, 2124754, 2159545, 2101284, 2133674, 2159014, 2181705, 2160144, 2164254, 2122344, 2127844, 2105793, 2139374, 2160745, 2179974, 2147044, 2169885, 2128814, 2168104, 2183224, 2284776, 2172194, 2163154, 2139464, 2182835, 2130364, 2207985, 2186205];[26556758, 21968826, 21768094, 21591892, 21820095, 21710803, 21785954, 22583223, 21816194, 21768484, 21948096, 21995966, 22624654, 22923287, 23681406, 21964396, 22025136, 21829105, 21929066, 26929272, 22197159, 22210009, 22611714, 22728305, 22045147, 21966466, 23342261, 22942357, 22343051, 22653414, 22066817, 22928067, 22232429, 21975836, 22382911, 22135228, 23985449, 21980416, 27412587, 22145308, 22025677, 21962846, 22212909, 22393811, 21888206, 22536213, 21820574, 21855595, 22420902, 22089938];[912080, 893100, 878150, 867630, 854699, 1803720, 884090, 876040, 872640, 879049, 883250, 869510, 896790, 902490, 984401, 875520, 879920, 1786570, 870300, 905720, 875170, 1010871, 885350, 956871, 1746359, 878330, 1061431, 986631, 908050, 920930, 899371, 914250, 903550, 915210, 890530, 907681, 1875311, 913001, 932220, 910780, 886720, 861349, 905420, 1862810, 896440, 887880, 901210, 878960, 909420, 879410]
T1000V1000_0.7;1000;1000;2;0.7;experiment_data/medium/T1000V1000_0.7_T.csv;experiment_data/medium/T1000V1000_0.7_V.csv;3690;3301;RecordEnumeration;[1, 1, 1, 1, 1, 1, 1, 1, 1, 1, 1, 1, 1, 1, 1, 1, 1, 1, 1, 1, 1, 1, 1, 1, 1, 1, 1, 1, 1, 1, 1, 1, 1, 1, 1, 1, 1, 1, 1, 1, 1, 1, 1, 1, 1, 1, 1, 1, 1, 1];[22440972, 22156238, 22557524, 22668225, 23074228, 23099478, 22987978, 22236261, 22173329, 22202658, 22299500, 26525488, 22513512, 23160111, 22589605, 22427552, 22353551, 22619844, 25248102, 23142408, 22441551, 22761444, 23136979, 23208040, 22537004, 23401132, 23391413, 23563064, 22804185, 22946158, 26574618, 22568722, 23289461, 22888248, 22837277, 23970219, 22672654, 23968920, 22649174, 22573542, 22591163, 22579382, 23152641, 23147629, 24399915, 22814826, 22512302, 22572692, 22776946, 26780900];[1957322, 1979582, 1988323, 2028173, 2020852, 1965332, 1987462, 2015583, 1986843, 1990032, 1985712, 1974693, 1952601, 1989133, 1983183, 1988383, 2008743, 2001713, 1973622, 1966502, 1997072, 2019912, 1986532, 1976392, 1998753, 1955362, 1975152, 1981212, 2061353, 1975652, 1956862, 1968631, 1916712, 1965353, 1991293, 1965902, 2001202, 1990333, 2023203, 1970892, 1960212, 1972982, 1955213, 1964071, 2011173, 2032813, 2013622, 1968291, 1958632, 1983642];[19625930, 19319636, 19722871, 19810442, 19445438, 20291737, 20181036, 19395788, 19378277, 19394197, 19496238, 19638120, 19717131, 20303048, 19776862, 19597270, 19529659, 19800112, 21438780, 20308157, 19605000, 19902983, 20282937, 19650160, 19721631, 20602411, 20532691, 20427669, 19892483, 20132496, 19714021, 19725551, 20558010, 20087635, 20039395, 21110836, 19846653, 20396879, 19792992, 19751271, 19789832, 19775951, 19587110, 20331358, 21294329, 19969064, 19675261, 19775792, 19947084, 19888853];[857720, 857020, 846330, 829610, 1607938, 842409, 819480, 824890, 808209, 818429, 817550, 4912675, 843780, 867930, 829560, 841899, 815149, 818019, 1835700, 867749, 839479, 838549, 867510, 1581488, 816620, 843359, 883570, 1154183, 850349, 838010, 4903735, 874540, 814739, 835260, 806589, 893481, 824799, 1581708, 832979, 851379, 841119, 830449, 1610318, 852200, 1094413, 812949, 823419, 828609, 871230, 4908405]
T1500V1000_0.2;1500;1000;2;0.2;experiment_data/medium/T1500V1000_0.2_T.csv;experiment_data/medium/T1500V1000_0.2_V.csv;5483;2896;RecordEnumeration;[1, 1, 1, 1, 1, 1, 1, 1, 1, 1, 1, 1, 1, 1, 1, 1, 1, 1, 1, 1, 1, 1, 1, 1, 1, 1, 1, 1, 1, 1, 1, 1, 1, 1, 1, 1, 1, 1, 1, 1, 1, 1, 1, 1, 1, 1, 1, 1, 1, 1];[34365554, 36074094, 34300634, 34790739, 34243544, 36381097, 34528578, 34601038, 34290424, 36033074, 34997492, 34938372, 34549849, 36536593, 34468312, 34909529, 35987412, 36601196, 34507635, 36227945, 35786910, 36895552, 37268455, 34873319, 35942951, 37628250, 35281884, 34707137, 36441037, 36785181, 38171836, 34632116, 35938211, 36745830, 34620396, 36967853, 36379496, 34899159, 34729007, 34385173, 36577468, 34542585, 34646226, 35905151, 41644045, 35153062, 34774108, 34972840, 37541290, 34866499];[3182445, 3239636, 3245686, 3505789, 3351918, 3248746, 3301187, 3501400, 3294497, 3301227, 3351247, 3496220, 3297267, 3340647, 3303337, 3531610, 3245897, 3305387, 3251418, 3345999, 3087775, 3038835, 3008824, 3079185, 3034674, 3119066, 3051815, 3037575, 3138996, 3066695, 5156509, 3031425, 3039595, 3045155, 3117045, 3028765, 3063335, 3056325, 3064015, 3018685, 3084835, 3078756, 3055055, 3085526, 3107515, 3066855, 3306898, 3102825, 3038545, 3177547];[30425101, 30420591, 30306519, 30491081, 30124078, 30745814, 30455752, 30336390, 30234269, 30275509, 30866766, 30688294, 30510893, 30632317, 30405767, 30626300, 31974416, 30710860, 30488649, 32041427, 31943926, 31339648, 33448972, 31030215, 32127797, 31545270, 31452350, 30869233, 32525672, 31084276, 32175878, 30810322, 32132397, 32825425, 30742602, 33107598, 32520142, 31072065, 30858893, 30608590, 32706374, 30682230, 30811212, 31944905, 32222058, 31322418, 30700411, 31078695, 32000786, 30934523];[758008, 2413867, 748429, 793869, 767548, 2386537, 771639, 763248, 761658, 2456338, 779479, 753858, 741689, 2563629, 759208, 751619, 767099, 2584949, 767568, 840519, 755209, 2517069, 810659, 763919, 780480, 2963914, 777719, 800329, 776369, 2634210, 839449, 790369, 766219, 875250, 760749, 831490, 796019, 770769, 806099, 757898, 786259, 781599, 779959, 874720, 6314472, 763789, 766799, 791320, 2501959, 754429]
T1100V1000_1.0;1100;1000;2;1.0;experiment_data/medium/T1100V1000_1.0_T.csv;experiment_data/medium/T1100V1000_1.0_V.csv;4042;3630;RecordEnumeration;[1, 1, 1, 1, 1, 1, 1, 1, 1, 1, 1, 1, 1, 1, 1, 1, 1, 1, 1, 1, 1, 1, 1, 1, 1, 1, 1, 1, 1, 1, 1, 1, 1, 1, 1, 1, 1, 1, 1, 1, 1, 1, 1, 1, 1, 1, 1, 1, 1, 1];[24730513, 25765194, 25247827, 25051104, 24809463, 25070445, 26103407, 24993184, 25911035, 25023935, 25015675, 25124617, 25215387, 25899326, 25014185, 24919874, 25114806, 25505541, 25977955, 25088586, 25887964, 26814435, 24958565, 24995344, 25217778, 25965677, 25041726, 25777494, 25584521, 25028376, 26590773, 25153195, 25901616, 25095057, 25054546, 25373339, 26149588, 26826925, 25575470, 26864937, 26365330, 26099907, 25453749, 25771884, 26222299, 25319119, 25986965, 25240338, 25156446, 25291528];[2148165, 2170615, 2213245, 2181314, 2158265, 2143694, 2132554, 2151974, 2126214, 2221035, 2189005, 2162155, 2198135, 2149455, 2116064, 2161355, 2150064, 2150215, 2172604, 2146885, 2120674, 2180174, 2189165, 2124134, 2155815, 2155455, 2099864, 2146835, 2199035, 2153645, 2133954, 2150964, 2139435, 2165525, 2158845, 2137294, 2205485, 2159464, 2150504, 2174905, 2162294, 2148494, 2161484, 2195545, 2153525, 2177545, 2170924, 2144994, 2155304, 2146884];[21685507, 22689418, 22097962, 21944830, 21737818, 22032631, 22087862, 21928810, 22879501, 21903890, 21924070, 22079022, 22094462, 22857701, 21992851, 21860729, 22035251, 22449256, 21980620, 22049681, 22858250, 23532408, 21850879, 21975000, 22159872, 22036431, 22037481, 22723489, 22480796, 21978330, 23537728, 22117481, 22860700, 22014551, 21987990, 22307454, 23023422, 22779500, 22499896, 23663780, 23189555, 22877881, 22390255, 22678279, 22138282, 22192113, 22873120, 22173133, 22074181, 22182673];[896841, 905161, 936620, 924960, 913380, 894120, 1882991, 912400, 905320, 899010, 902600, 883440, 922790, 892170, 905270, 897790, 929491, 906070, 1824731, 892020, 909040, 1101853, 918521, 896210, 902091, 1773791, 904381, 907170, 904690, 896401, 919091, 884750, 901481, 914981, 907711, 928591, 920681, 1887961, 925070, 1026252, 1013481, 1073532, 902010, 898060, 1930492, 949461, 942921, 922211, 926961, 961971]
T1300V1000_0.8;1300;1000;2;0.8;experiment_data/medium/T1300V1000_0.8_T.csv;experiment_data/medium/T1300V1000_0.8_V.csv;4800;3596;RecordEnumeration;[1, 1, 1, 1, 1, 1, 1, 1, 1, 1, 1, 1, 1, 1, 1, 1, 1, 1, 1, 1, 1, 1, 1, 1, 1, 1, 1, 1, 1, 1, 1, 1, 1, 1, 1, 1, 1, 1, 1, 1, 1, 1, 1, 1, 1, 1, 1, 1, 1, 1];[29320205, 29538106, 29141183, 29556216, 29999532, 29483046, 29441396, 29786329, 34455332, 29535566, 29643178, 30706510, 29557506, 29508845, 30805271, 30462607, 29783149, 30753941, 29673098, 29641248, 30742470, 31611431, 29719248, 30712380, 29618029, 30277055, 33167148, 30630838, 31714721, 31509079, 29104812, 29092231, 30132213, 29095853, 30462597, 30069483, 29148072, 29127551, 30195564, 29093861, 29194363, 34548863, 29122803, 29197471, 30340136, 29262583, 29010762, 30565318, 29064261, 29200613];[2501778, 2565789, 2535599, 2557339, 2528859, 2551809, 2531989, 2539449, 2596019, 2499798, 2527019, 2537299, 2528718, 2535878, 2573179, 2556989, 2571599, 2561029, 2516929, 2511539, 2507418, 2531239, 2560989, 2504608, 2501229, 2541629, 2536599, 2533289, 2493128, 2519039, 2496269, 2476248, 2478808, 2487719, 2518568, 2539229, 2493009, 2481278, 2480108, 2505008, 2453968, 2489338, 2478139, 2455897, 2477698, 2450438, 2468139, 2478138, 2513018, 2502448];[25828445, 26000916, 25650442, 26061997, 26520132, 25973956, 25947546, 26272499, 30856821, 26073057, 26148708, 27211800, 26065768, 26020966, 27270681, 26936507, 26247269, 27237731, 26206468, 26163358, 27250151, 27966779, 26183118, 27253431, 26151919, 26761365, 28382293, 27110788, 28115251, 27058218, 25713573, 25731484, 25693053, 25722284, 26688964, 25678383, 25758863, 25732843, 25820824, 25695423, 25837175, 26070507, 25716583, 25806403, 25862565, 25895045, 25601272, 26155168, 25637823, 25765874];[989982, 971401, 955142, 936880, 950541, 957281, 961861, 974381, 1002492, 962711, 967451, 957411, 963020, 952001, 961411, 969111, 964281, 955181, 949701, 966351, 984901, 1113413, 975141, 954341, 964881, 974061, 2248256, 986761, 1106342, 1931822, 894970, 884499, 1960352, 885850, 1255065, 1851871, 896200, 913430, 1894632, 893430, 903220, 5989018, 928081, 935171, 1999873, 917100, 941351, 1932012, 913420, 932291]
T1500V1000_0.3;1500;1000;2;0.3;experiment_data/medium/T1500V1000_0.3_T.csv;experiment_data/medium/T1500V1000_0.3_V.csv;5512;3048;RecordEnumeration;[1, 1, 1, 1, 1, 1, 1, 1, 1, 1, 1, 1, 1, 1, 1, 1, 1, 1, 1, 1, 1, 1, 1, 1, 1, 1, 1, 1, 1, 1, 1, 1, 1, 1, 1, 1, 1, 1, 1, 1, 1, 1, 1, 1, 1, 1, 1, 1, 1, 1];[34737377, 33428590, 35345584, 33428782, 34969770, 33523312, 34002399, 37323787, 35033160, 33751666, 33660013, 34733866, 37177924, 33537594, 33442491, 34835717, 34949489, 35200052, 33458423, 34775397, 35048841, 36794031, 35210542, 35126912, 33845367, 33724846, 33509123, 34944699, 35249413, 33956349, 33558684, 35098341, 33643256, 34044239, 33680016, 39944376, 33637825, 33803116, 36235254, 35139232, 33509703, 33917857, 33501703, 36968203, 33733596, 33986939, 33604254, 35503915, 34479714, 35326594];[3179217, 3176076, 3411769, 3235887, 3246607, 3209396, 3441340, 3201057, 3240587, 3210087, 3211456, 3097816, 3030724, 3038575, 3034904, 3063785, 3019284, 3071505, 3011384, 3015145, 2996255, 5091179, 3014214, 3066175, 3260418, 3039265, 3031985, 3068975, 3087215, 3041835, 3018985, 3022515, 3074486, 3060375, 3160367, 3040405, 3008724, 3206287, 2994534, 3039375, 3007114, 3263377, 2989705, 3024715, 3019665, 3232437, 3025645, 3002864, 3022525, 3213347];[29398126, 29481126, 31004114, 29429646, 29514568, 29563278, 29815721, 33259910, 29606118, 29773600, 29696779, 30867772, 31832383, 29734000, 29634349, 31002014, 29723360, 31356529, 29662050, 30986494, 29740219, 30840723, 31377528, 31303538, 29829870, 29909962, 29718529, 31121566, 31226347, 30147835, 29776900, 31282617, 29809261, 29945532, 29760970, 31120455, 29859112, 29804190, 32380560, 29936492, 29729260, 29899301, 29747439, 31700662, 29940592, 29992723, 29813090, 30120894, 30695280, 31308328];[2160034, 771388, 929701, 763249, 2208595, 750638, 745338, 862820, 2186455, 767979, 751778, 768278, 2314817, 765019, 773238, 769918, 2206845, 772018, 784989, 773758, 2312367, 862129, 818800, 757199, 755079, 775619, 758609, 754158, 935851, 766679, 762799, 793209, 759509, 1038332, 758679, 5783516, 769989, 792639, 860160, 2163365, 773329, 755179, 764559, 2242826, 773339, 761779, 765519, 2380157, 761909, 804919]
T1300V1000_0.9;1300;1000;2;0.9;experiment_data/medium/T1300V1000_0.9_T.csv;experiment_data/medium/T1300V1000_0.9_V.csv;4696;3670;RecordEnumeration;[1, 1, 1, 1, 1, 1, 1, 1, 1, 1, 1, 1, 1, 1, 1, 1, 1, 1, 1, 1, 1, 1, 1, 1, 1, 1, 1, 1, 1, 1, 1, 1, 1, 1, 1, 1, 1, 1, 1, 1, 1, 1, 1, 1, 1, 1, 1, 1, 1, 1];[28485084, 28709697, 29675838, 28628586, 28748147, 29637878, 29329154, 29601208, 29819279, 31210295, 28703196, 29573646, 28760326, 29275652, 29994051, 31274415, 29091681, 29908260, 28971390, 29157091, 30323474, 29184681, 29066372, 30172463, 29026120, 29071520, 30038601, 29945751, 29158221, 34078717, 29898070, 28826648, 29796758, 30512726, 28786807, 29843680, 28914248, 28821408, 29950121, 29892930, 28926260, 29995181, 28912489, 28919060, 29985112, 29202753, 29266263, 28838889, 29108331, 28806897];[2428717, 2451758, 2433138, 2473518, 2467628, 2429888, 2431288, 2464829, 2439078, 2461258, 2461888, 2449788, 2458947, 2451767, 2449288, 2507458, 2558289, 2448478, 2469158, 2479268, 2662390, 2478428, 2511469, 2503608, 2462648, 2469757, 2470998, 2454348, 2536939, 2475588, 2436227, 2420737, 2417537, 2430208, 2455128, 2430638, 2483968, 2450888, 2490828, 2477039, 2516879, 2483728, 2506969, 2495749, 2455368, 2725702, 2496678, 2481349, 2471188, 2494198];[25131036, 25342358, 26330969, 25249757, 25369419, 26315120, 25951535, 26174508, 26483311, 27746505, 25351798, 26242948, 25401849, 25933015, 25583521, 27696425, 25641221, 25601161, 25615521, 25768393, 25770442, 25743942, 25644332, 25741783, 25663922, 25704243, 25724222, 26110487, 25718192, 25671162, 26466441, 25494740, 25414099, 27120058, 25424619, 25424799, 25518340, 25429989, 25536231, 26488541, 25491610, 25524570, 25476940, 25492060, 25569361, 25537440, 25821904, 25434080, 25708182, 25378668];[925331, 915581, 911731, 905311, 911100, 892870, 946331, 961871, 896890, 1002532, 889510, 880910, 899530, 890870, 1961242, 1070532, 892171, 1858621, 886711, 909430, 1890642, 962311, 910571, 1927072, 899550, 897520, 1843381, 1380916, 903090, 5931967, 995402, 911171, 1965122, 962460, 907060, 1988243, 911940, 940531, 1923062, 927350, 917771, 1986883, 928580, 931251, 1960383, 939611, 947681, 923460, 928961, 934031]
T1500V1000_0.4;1500;1000;2;0.4;experiment_data/medium/T1500V1000_0.4_T.csv;experiment_data/medium/T1500V1000_0.4_V.csv;5518;3233;RecordEnumeration;[1, 1, 1, 1, 1, 1, 1, 1, 1, 1, 1, 1, 1, 1, 1, 1, 1, 1, 1, 1, 1, 1, 1, 1, 1, 1, 1, 1, 1, 1, 1, 1, 1, 1, 1, 1, 1, 1, 1, 1, 1, 1, 1, 1, 1, 1, 1, 1, 1, 1];[32661334, 33337472, 32775117, 38623321, 32806566, 34091732, 33911189, 34382794, 32789065, 33028879, 33683976, 34223372, 32844547, 33503414, 33851549, 34164171, 32768907, 33042640, 38670682, 32697156, 32930937, 32744536, 34074131, 32733786, 33073709, 32737886, 34152671, 32786137, 35880881, 32828946, 34088960, 32907767, 33088469, 33187960, 34249083, 32806587, 33910649, 32776986, 34173751, 32719626, 33208262, 32765426, 34176550, 32818857, 33342063, 32714145, 34017111, 32825835, 33418413, 33689087];[2927602, 3149395, 2953433, 2935093, 2956922, 2925333, 3029694, 2943293, 2960473, 2953493, 2919553, 2961513, 2944123, 2966273, 2997874, 2932893, 3002574, 2921963, 2925452, 2912042, 2925112, 2941753, 2926583, 2909783, 2943142, 2921893, 2973893, 2963654, 2932183, 3001483, 2923852, 2938443, 2921322, 2967963, 2899502, 2950804, 3114985, 2963603, 2953303, 2916042, 3183626, 2954603, 2923492, 2995943, 3136065, 2974363, 2942783, 2945282, 3191835, 2915813];[28974384, 29439259, 29065925, 29222876, 29077275, 30340239, 30122747, 29464089, 29068804, 29315787, 30003995, 29316827, 29141126, 29772603, 30100996, 29298907, 29005754, 29359298, 34955911, 29018555, 29245576, 29047744, 30386950, 29059484, 29361758, 29056834, 30425150, 29054735, 32042668, 29075025, 30411860, 29215636, 29402888, 29449378, 29440929, 29092135, 30019095, 29041724, 29312837, 29050395, 29253707, 29042774, 29330817, 29050345, 29444089, 28981134, 29169726, 29112575, 29450469, 30011035];[759348, 748818, 755759, 6465352, 772369, 826160, 758748, 1975412, 759788, 759599, 760428, 1945032, 759298, 764538, 752679, 1932371, 760579, 761379, 789319, 766559, 760249, 755039, 760598, 764519, 768809, 759159, 753628, 767748, 906030, 752438, 753248, 753688, 764259, 770619, 1908652, 763648, 776569, 771659, 1907611, 753189, 770929, 768049, 1922241, 772569, 761909, 758648, 1904602, 767978, 776109, 762239]
T1500V1000_0.5;1500;1000;2;0.5;experiment_data/medium/T1500V1000_0.5_T.csv;experiment_data/medium/T1500V1000_0.5_V.csv;5489;3341;RecordEnumeration;[1, 1, 1, 1, 1, 1, 1, 1, 1, 1, 1, 1, 1, 1, 1, 1, 1, 1, 1, 1, 1, 1, 1, 1, 1, 1, 1, 1, 1, 1, 1, 1, 1, 1, 1, 1, 1, 1, 1, 1, 1, 1, 1, 1, 1, 1, 1, 1, 1, 1];[33624281, 32586420, 33742732, 32855545, 33070357, 32599970, 33891346, 35381121, 33070905, 37794097, 33888744, 32858953, 32857494, 34143258, 34004716, 33234848, 32848933, 33998306, 33878615, 32784762, 32768652, 34130379, 33914905, 32809181, 33186877, 33817824, 32716262, 32788782, 32809544, 33846884, 33271237, 32735881, 32728391, 33888726, 32985234, 32867824, 32861413, 33999915, 33418170, 35249539, 32772592, 33976946, 32947514, 33206758, 33001795, 34016976, 33161956, 33150277, 32930874, 33998816];[3955903, 3002003, 2941572, 2994164, 3293497, 2946762, 3010374, 3007813, 3179695, 3016403, 2926902, 2933982, 2998424, 3069894, 2984833, 3008773, 3053113, 3014223, 2955523, 3001884, 2979683, 3075025, 2946673, 2943692, 2941232, 2935762, 2923872, 2932493, 2920143, 2928252, 2935282, 2972762, 2979133, 2942293, 2943482, 2977283, 2949932, 2930922, 2940203, 5178507, 2933272, 2974253, 2994253, 3140715, 2945123, 2959773, 2968352, 3141295, 2959293, 2964103];[28877409, 28799659, 28876919, 29056812, 28987641, 28869269, 28944340, 31542589, 29119722, 33969945, 29019111, 29109082, 29076442, 30271015, 29026721, 29432936, 28997831, 30190764, 28962221, 29003020, 28996511, 30260275, 29026201, 29076561, 29456046, 30077853, 28992690, 29052211, 29092152, 30126623, 29491976, 28969640, 28973260, 30149994, 29240973, 29109632, 29123192, 30276775, 29681208, 29270574, 29061662, 29083171, 29144602, 29266114, 29268484, 29099592, 29392395, 29217493, 29181042, 29100802];[790969, 784758, 1924241, 804569, 789219, 783939, 1936632, 830719, 771488, 807749, 1942731, 815889, 782628, 802349, 1993162, 793139, 797989, 793319, 1960871, 779858, 792458, 795079, 1942031, 788928, 789599, 804209, 799700, 804078, 797249, 792009, 843979, 793479, 775998, 796439, 800779, 780909, 788289, 792218, 796759, 800458, 777658, 1919522, 808659, 799929, 788188, 1957611, 801209, 791489, 790539, 1933911]
T1500V1000_0.6;1500;1000;2;0.6;experiment_data/medium/T1500V1000_0.6_T.csv;experiment_data/medium/T1500V1000_0.6_V.csv;5481;3466;RecordEnumeration;[1, 1, 1, 1, 1, 1, 1, 1, 1, 1, 1, 1, 1, 1, 1, 1, 1, 1, 1, 1, 1, 1, 1, 1, 1, 1, 1, 1, 1, 1, 1, 1, 1, 1, 1, 1, 1, 1, 1, 1, 1, 1, 1, 1, 1, 1, 1, 1, 1, 1];[32966617, 33028820, 33036428, 34137020, 33075300, 36042902, 32847057, 33926488, 32827276, 32834946, 32883697, 33980289, 32861996, 33443042, 33310020, 34310933, 32836236, 33228969, 32968538, 34145090, 33057268, 33376412, 33057378, 34256912, 32946468, 33163110, 32863466, 34013729, 33340932, 33671346, 33920138, 34177060, 32959998, 32891476, 33930338, 34215013, 33861549, 32989058, 33895887, 34183110, 32870687, 32944788, 33943219, 34091261, 35372685, 32775687, 33908739, 32841605, 32763976, 32858027];[3153775, 3233467, 3227826, 3180095, 3241277, 3170366, 2968974, 2971343, 2929463, 2944293, 2998734, 2934293, 2972613, 2922902, 3014673, 3026944, 2952783, 3216825, 2965453, 2990423, 3044304, 3122355, 2971673, 2938043, 2935513, 3129995, 2940863, 2932722, 2920363, 3261796, 2941693, 2943352, 2936773, 2945132, 2913023, 2979324, 2935893, 2994093, 2933632, 3013293, 2923413, 2932003, 2943793, 2934223, 5023466, 2928333, 2958184, 2939782, 2950103, 2974404];[28977743, 28985203, 28979133, 30129316, 29014534, 31937126, 29048434, 30131726, 29081344, 29076924, 29068944, 30239257, 29079264, 29681801, 29458608, 29275797, 29072094, 29185025, 29140665, 29170625, 29201465, 29418998, 29251586, 29334867, 29196446, 29204726, 29100954, 29128195, 29450698, 29577940, 30144576, 29199015, 29206486, 29110225, 30190746, 29203876, 30097586, 29155505, 30133995, 29179735, 29142785, 29194875, 30183127, 29117795, 29517199, 29014054, 30128846, 29069424, 28999074, 29066774];[835099, 810150, 829469, 827609, 819489, 935410, 829649, 823419, 816469, 813729, 816019, 806739, 810119, 838339, 836739, 2008192, 811359, 827119, 862420, 1984042, 811499, 835059, 834119, 1984002, 814509, 828389, 821649, 1952812, 969871, 831610, 833869, 2034693, 816739, 836119, 826569, 2031813, 828070, 839460, 828260, 1990082, 804489, 817910, 816299, 2039243, 832020, 833300, 821709, 832399, 814799, 816849]
T1500V1000_0.7;1500;1000;2;0.7;experiment_data/medium/T1500V1000_0.7_T.csv;experiment_data/medium/T1500V1000_0.7_V.csv;5549;3613;RecordEnumeration;[1, 1, 1, 1, 1, 1, 1, 1, 1, 1, 1, 1, 1, 1, 1, 1, 1, 1, 1, 1, 1, 1, 1, 1, 1, 1, 1, 1, 1, 1, 1, 1, 1, 1, 1, 1, 1, 1, 1, 1, 1, 1, 1, 1, 1, 1, 1, 1, 1, 1];[33033447, 33068558, 34179281, 33000397, 33012357, 33169079, 34220721, 33090908, 33108098, 33479043, 34354722, 33062057, 33285071, 33025598, 34354963, 33094359, 33332282, 33096688, 34431543, 33170559, 33373941, 33105749, 34309962, 33145920, 33554634, 34095959, 34360582, 33258550, 33122979, 34218950, 34280042, 33196839, 33174780, 34345072, 34287412, 33191319, 33072868, 34416123, 34411382, 35347394, 33032877, 34484014, 33098147, 33174470, 33168538, 34415833, 33187128, 33161019, 33127079, 34256762];[3182355, 3174136, 3171736, 3153955, 3172545, 3187845, 3184156, 3236796, 3201605, 3213506, 3165925, 3228196, 3422029, 3190995, 3154805, 3244396, 3404828, 3241516, 3229996, 3208145, 3443798, 3207186, 3227385, 3225436, 3402938, 3178205, 3209336, 3252626, 3241536, 3244536, 3209226, 3229336, 3224887, 3255366, 3238326, 3220516, 3169256, 3239376, 3262026, 5234559, 3188895, 3226536, 3178995, 3186736, 3188225, 3235456, 3200475, 3198336, 3201656, 3208646];[28977602, 29033713, 30118865, 28981503, 28989283, 29120314, 30174906, 28989333, 29042813, 29382407, 29199755, 28962802, 28997712, 28972813, 29252356, 28983293, 29069174, 28985513, 29231325, 29091024, 29063994, 29014993, 29132315, 29055064, 29280066, 30046295, 29120184, 29131114, 29015853, 30110605, 29025993, 29089864, 29092664, 30207896, 29016303, 29102194, 29049983, 30307287, 29116304, 29215174, 28979703, 30365468, 29046283, 29126224, 29109484, 30298477, 29114984, 29086383, 29057293, 30177876];[873490, 860709, 888680, 864939, 850529, 860920, 861659, 864779, 863680, 883130, 1989042, 871059, 865330, 861790, 1947802, 866670, 858280, 869659, 1970222, 871390, 866149, 883570, 1950262, 865420, 871630, 871459, 2031062, 874810, 865590, 863809, 2044823, 877639, 857229, 881810, 2032783, 868609, 853629, 869460, 2033052, 897661, 864279, 892010, 872869, 861510, 870829, 881900, 871669, 876300, 868130, 870240]
T1500V1000_0.8;1500;1000;2;0.8;experiment_data/medium/T1500V1000_0.8_T.csv;experiment_data/medium/T1500V1000_0.8_V.csv;5444;3723;RecordEnumeration;[1, 1, 1, 1, 1, 1, 1, 1, 1, 1, 1, 1, 1, 1, 1, 1, 1, 1, 1, 1, 1, 1, 1, 1, 1, 1, 1, 1, 1, 1, 1, 1, 1, 1, 1, 1, 1, 1, 1, 1, 1, 1, 1, 1, 1, 1, 1, 1, 1, 1];[32899636, 32867365, 38911494, 32905845, 33222840, 32961167, 34293981, 33078939, 33325501, 33065868, 34409854, 33020658, 33322401, 33669195, 34198371, 33059728, 33434272, 39426779, 34191290, 33163279, 33178950, 34013838, 34293332, 33040888, 33078967, 34320714, 34310611, 32989718, 33059989, 34126260, 34413954, 33096047, 33491263, 34433413, 33051019, 33115537, 33790806, 34255610, 33151269, 33076128, 34646156, 34158011, 33163609, 33147449, 33071618, 34369312, 33024528, 35400513, 33100668, 34332613];[2924912, 2976113, 2966393, 2944312, 3176126, 2963373, 2981513, 2938803, 3184816, 2978673, 2944053, 2958333, 3241896, 2967163, 2928963, 2980923, 3235216, 2938143, 2933542, 2921312, 2947103, 2919893, 3020293, 2976203, 2946402, 2986934, 3036193, 2919263, 2952633, 2963353, 3004814, 2973042, 2974103, 2953603, 2969884, 2963173, 2997963, 2972902, 2979843, 2993253, 2963773, 3001274, 2983173, 2982933, 2983233, 2979523, 2983443, 5256128, 2987643, 2955504];[29062423, 28983832, 30446819, 29058603, 29123754, 29103364, 29208645, 29231576, 29241075, 29187285, 29246836, 29160135, 29171945, 29769542, 29177855, 29177595, 29261046, 35485075, 29172705, 29321627, 29306437, 30179525, 29128105, 29163735, 29206495, 30412869, 29201675, 29164435, 29179635, 30242607, 29217276, 29216765, 29578080, 30553870, 29156705, 29255785, 29844862, 30368578, 29255716, 29187846, 30688972, 30261187, 29286776, 29244626, 29173325, 30470819, 29124195, 29233175, 29182704, 29275516];[912301, 907420, 5498282, 902930, 922960, 894430, 2103823, 908560, 899610, 899910, 2218965, 902190, 908560, 932490, 2091553, 901210, 938010, 1003561, 2085043, 920340, 925410, 914420, 2144934, 900950, 926070, 920911, 2072743, 906020, 927721, 920300, 2191864, 906240, 939080, 925940, 924430, 896579, 947981, 914130, 915710, 895029, 993411, 895550, 893660, 919890, 915060, 918970, 916890, 911210, 930321, 2101593]
T1500V1000_0.9;1500;1000;2;0.9;experiment_data/medium/T1500V1000_0.9_T.csv;experiment_data/medium/T1500V1000_0.9_V.csv;5303;3790;RecordEnumeration;[1, 1, 1, 1, 1, 1, 1, 1, 1, 1, 1, 1, 1, 1, 1, 1, 1, 1, 1, 1, 1, 1, 1, 1, 1, 1, 1, 1, 1, 1, 1, 1, 1, 1, 1, 1, 1, 1, 1, 1, 1, 1, 1, 1, 1, 1, 1, 1, 1, 1];[38811722, 33138298, 33465061, 33391752, 34274883, 33209370, 33571404, 33689145, 34267421, 33303891, 33471163, 33343362, 34371293, 33184482, 33379132, 38481589, 34430634, 33237120, 33246300, 34218051, 34493134, 33259771, 33275240, 34370052, 34488194, 33304410, 33465553, 34277271, 34335742, 33393372, 34424634, 34350412, 33375552, 33384962, 33239600, 34463574, 33339240, 33320842, 33447852, 34549645, 33282801, 33304110, 33461902, 34480604, 33302600, 35677348, 33256599, 34398493, 33449182, 33571794];[3191536, 3216055, 3418327, 3226496, 3208556, 3181716, 3487069, 3316157, 3174745, 3194346, 3387958, 3175355, 3170615, 3163076, 3376928, 3207966, 3171845, 3211486, 3187765, 3208955, 3206186, 3211686, 3191925, 3185776, 3209306, 3190685, 3232616, 3233956, 3195396, 3247656, 3176065, 3199625, 3281397, 3230846, 3178365, 3205316, 3214455, 3182476, 3184245, 3195756, 3167966, 3178935, 3199206, 3169385, 3183245, 5465181, 3241736, 3217656, 3252336, 3381807];[30113535, 28994083, 29127314, 29230205, 29058914, 29108864, 29159794, 29441368, 29051403, 29186685, 29152325, 29245796, 29149155, 29106425, 29094674, 34302972, 29149205, 29098474, 29135575, 30089626, 29243626, 29122345, 29157394, 30261366, 29130194, 29184364, 29314687, 30133705, 29038933, 29216735, 30315118, 30227286, 29164805, 29218815, 29135455, 30337867, 29196615, 29206305, 29329417, 30427219, 29166854, 29189825, 29338456, 30386899, 29188545, 29277556, 29080703, 29149874, 29252425, 29266666];[5506651, 928160, 919420, 935051, 2007413, 918790, 924541, 931620, 2041273, 922860, 930880, 922211, 2051523, 914981, 907530, 970651, 2109584, 927160, 922960, 919470, 2043322, 925740, 925921, 922910, 2148694, 929361, 918250, 909610, 2101413, 928981, 933451, 923501, 929350, 935301, 925780, 920391, 928170, 932061, 934190, 926670, 947981, 935350, 924240, 924320, 930810, 934611, 934160, 2030963, 944421, 923321]
T1500V1000_1.0;1500;1000;2;1.0;experiment_data/medium/T1500V1000_1.0_T.csv;experiment_data/medium/T1500V1000_1.0_V.csv;5105;3861;RecordEnumeration;[1, 1, 1, 1, 1, 1, 1, 1, 1, 1, 1, 1, 1, 1, 1, 1, 1, 1, 1, 1, 1, 1, 1, 1, 1, 1, 1, 1, 1, 1, 1, 1, 1, 1, 1, 1, 1, 1, 1, 1, 1, 1, 1, 1, 1, 1, 1, 1, 1, 1];[33273270, 33108018, 34279351, 33609893, 33327880, 38079484, 34436803, 34041259, 33382481, 34447543, 34786197, 33794115, 33435811, 34422212, 34907617, 34573514, 33373811, 34394081, 34494203, 33585754, 33648584, 34327882, 34863637, 33258940, 33127499, 34408503, 33194749, 33376362, 33174960, 34456793, 33292120, 33094887, 33181909, 34331812, 33165198, 35539234, 33006447, 36558456, 33143489, 33449321, 33216109, 34482803, 33256430, 33458202, 33163258, 35198930, 33128677, 33323983, 33468302, 39206337];[3140965, 2985994, 3015744, 2997033, 3202396, 3019624, 2970113, 2947983, 2989203, 3016724, 3008204, 3034453, 3000913, 2998503, 2983983, 4113685, 2975243, 2980963, 2936152, 3022934, 2984843, 2918913, 2963243, 2966363, 2939713, 2933492, 2945092, 3084855, 2952903, 2955103, 2963013, 2971333, 2968173, 2965613, 2975823, 5217617, 2935542, 2937802, 3037184, 3194025, 3002324, 2993333, 2978243, 3212395, 3001823, 2980013, 2989413, 3174896, 2966263, 3048974];[29169785, 29166694, 29136033, 29629589, 29190254, 34091129, 29322556, 30094755, 29450947, 30495419, 29545618, 29735611, 29471258, 30468249, 29610749, 29482088, 29423207, 30444128, 29422667, 29567919, 29675770, 30450528, 30944384, 29338466, 29211825, 30507000, 29302436, 29337496, 29269796, 30559020, 29385446, 29182144, 29268625, 30416818, 29246355, 29366106, 29133834, 30898473, 29163564, 29318906, 29273345, 29327216, 29339176, 29286996, 29233015, 30068404, 29201514, 29222816, 29557278, 29171615];[962520, 955330, 2127574, 983271, 935230, 968731, 2144134, 998521, 942331, 935400, 2232375, 1024051, 963640, 955460, 2312885, 977741, 975361, 968990, 2135384, 994901, 987971, 958441, 956010, 954111, 975961, 968011, 947221, 954011, 952261, 942670, 943661, 941410, 945111, 949381, 943020, 955511, 937071, 2722181, 942741, 936390, 940440, 2162254, 939011, 958811, 928420, 2150513, 937750, 926271, 944761, 6985748]
