experiment;len_T;len_V;max_id_rep;max_V_match_fraction;T_path;V_path;len_IDs_T;len_IDs_V;attack_name;num_queries;time_all;time_encode;time_reconstruct;time_subst
T1200V1000_0.7;1200;1000;2;0.7;experiment_data/medium/T1200V1000_0.7_T.csv;experiment_data/medium/T1200V1000_0.7_V.csv;3215;3407;Snake;[1, 1, 1, 1, 1, 1, 1, 1, 1, 1, 1, 1, 1, 1, 1, 1, 1, 1, 1, 1, 1, 1, 1, 1, 1, 1, 1, 1, 1, 1, 1, 1, 1, 1, 1, 1, 1, 1, 1, 1, 1, 1, 1, 1, 1, 1, 1, 1, 1, 1];[7110281, 3237557, 3156616, 3224706, 3393559, 3503530, 3566851, 3936035, 3923704, 3896155, 4327659, 4100566, 4316979, 4271078, 4561652, 4579863, 4714273, 4947286, 5029487, 6092630, 5990428, 5693105, 6472924, 7344304, 6046289, 8206084, 7591537, 9614119, 8664648, 8401226, 8660639, 7864079, 8514537, 8271574, 8063862, 9663340, 10011345, 8682969, 10433038, 10029844, 11031375, 11136496, 12388261, 12457581, 10934844, 13152268, 10862713, 13303450, 11333520, 10165546];[4370140, 242403, 199993, 193922, 193113, 195742, 192952, 248833, 195602, 193882, 194602, 199572, 198182, 198712, 200662, 243273, 203532, 197162, 202812, 196803, 199082, 196562, 195632, 253563, 221693, 218473, 216083, 220022, 209002, 213813, 214633, 281383, 220493, 205342, 215633, 214983, 223253, 212082, 201892, 299433, 219312, 289793, 251743, 275493, 361194, 288413, 305653, 315713, 296194, 215673];[1941302, 2153075, 2134154, 2226105, 2376537, 2491268, 2546329, 2853003, 2895493, 2894543, 3280747, 3080525, 3299898, 3264047, 3491840, 3508640, 3678661, 3922425, 4019366, 5056808, 4930487, 4643373, 5406682, 6175031, 4934376, 6928018, 6252671, 5250840, 7248332, 7130251, 6816328, 6661555, 7356693, 6727157, 6989779, 8326034, 8316695, 7494636, 9109894, 8183173, 9427257, 9515948, 9705671, 10411038, 9086703, 9844401, 9307736, 11769934, 9674461, 9033293];[798839, 842079, 822469, 804679, 823909, 816520, 827570, 834199, 832609, 807730, 852310, 820469, 818899, 808319, 869150, 827950, 832080, 827699, 807309, 839019, 860859, 853170, 870610, 915710, 890220, 1059593, 1122783, 4143257, 1207314, 1057162, 1629678, 921141, 937351, 1339075, 858450, 1122323, 1471397, 976251, 1121252, 1547238, 1384806, 1330755, 2430847, 1771050, 1486947, 3019454, 1249324, 1217803, 1362865, 916580]
T1300V1000_0.3;1300;1000;2;0.3;experiment_data/medium/T1300V1000_0.3_T.csv;experiment_data/medium/T1300V1000_0.3_V.csv;3457;3006;Snake;[1, 1, 1, 1, 1, 1, 1, 1, 1, 1, 1, 1, 1, 1, 1, 1, 1, 1, 1, 1, 1, 1, 1, 1, 1, 1, 1, 1, 1, 1, 1, 1, 1, 1, 1, 1, 1, 1, 1, 1, 1, 1, 1, 1, 1, 1, 1, 1, 1, 1];[7632776, 3189197, 3141845, 3265437, 3428829, 3537589, 3665132, 3830054, 4005076, 3978335, 4405780, 4974996, 4361910, 4560892, 4633413, 4581932, 4946927, 5386211, 5426701, 5921427, 6897268, 5598054, 6679207, 6935368, 5862787, 6925849, 7002480, 9706141, 7710938, 7003369, 7962190, 8344596, 7864139, 9163194, 9220065, 8928742, 9442138, 11030485, 10006803, 12169908, 11288168, 12556982, 14839538, 11619141, 13790386, 14723367, 13260160, 13193810, 14899889, 12699445];[4733463, 298064, 233192, 232183, 232933, 233222, 238963, 295303, 236533, 236783, 252763, 235972, 325054, 251203, 236493, 290823, 236833, 246093, 252272, 247853, 251543, 260193, 249103, 311533, 249583, 246463, 244673, 253443, 250113, 246252, 243243, 315344, 266132, 248013, 247333, 257303, 252543, 261813, 265663, 348364, 303623, 305563, 370074, 332043, 372984, 377734, 369004, 397905, 337884, 352164];[2202745, 2203535, 2217426, 2325406, 2492868, 2600570, 2727361, 2852463, 3084645, 3055844, 3450739, 3890144, 3334188, 3594611, 3704022, 3601541, 3996916, 4417850, 4429560, 4854785, 5827586, 4579792, 5599344, 5884407, 4906856, 5964918, 6047889, 5490793, 6745847, 6048679, 6685946, 7222022, 6865758, 7790558, 8166263, 7898730, 8035812, 9819651, 8714829, 10036624, 9970893, 10763692, 11776964, 10122695, 11591371, 11329138, 11478490, 11227767, 11512380, 11338369];[696568, 687598, 691227, 707848, 703028, 703797, 698808, 682288, 683898, 685708, 702278, 848880, 702668, 715078, 692898, 689568, 713178, 722268, 744869, 818789, 818139, 758069, 830760, 739428, 706348, 714468, 709918, 3961905, 714978, 708438, 1033001, 807230, 732249, 1124623, 806469, 772709, 1153783, 949021, 1026311, 1784920, 1013652, 1487727, 2692500, 1164403, 1826031, 3016495, 1412666, 1568138, 3049625, 1008912]
T1200V1000_0.0;1200;1000;2;0.0;experiment_data/medium/T1200V1000_0.0_T.csv;experiment_data/medium/T1200V1000_0.0_V.csv;3190;2665;Snake;[1, 1, 1, 1, 1, 1, 1, 1, 1, 1, 1, 1, 1, 1, 1, 1, 1, 1, 1, 1, 1, 1, 1, 1, 1, 1, 1, 1, 1, 1, 1, 1, 1, 1, 1, 1, 1, 1, 1, 1, 1, 1, 1, 1, 1, 1, 1, 1, 1, 1];[6902859, 2938884, 3288107, 3203737, 3522570, 3889435, 3564761, 5063307, 5041647, 4608963, 6004308, 5522033, 4115267, 5131658, 5720205, 4870715, 5847656, 5469992, 6878518, 7113911, 9113643, 7084431, 9402897, 7894839, 8331525, 8685438, 7948681, 18598281, 9679131, 9362247, 11386100, 8889921, 10176676, 12227709, 9961684, 10305976, 12787376, 11293708, 11893426, 13337971, 11867854, 13204560, 11597222, 11241307, 11839965, 14038209, 13497643, 10714472, 16687451, 12135748];[4386320, 238443, 199972, 216183, 201672, 204142, 205343, 251503, 209662, 248753, 262003, 231463, 213353, 210192, 223053, 302443, 241692, 234692, 222092, 309643, 347614, 312724, 265554, 331684, 358384, 369194, 393125, 262313, 324174, 269543, 302114, 424385, 373645, 352074, 361824, 315943, 303824, 309513, 281634, 369114, 434065, 367654, 484946, 312903, 455465, 317403, 312093, 361864, 306034, 311984];[1914942, 2080364, 2476628, 2378557, 2692311, 3048155, 2740511, 4003305, 3857404, 3360538, 4789744, 4325249, 3255357, 4084627, 4356639, 3723153, 4537892, 4465841, 5609714, 5788326, 7327783, 5528193, 7764218, 6374772, 6593855, 6954349, 6683576, 6676296, 8039592, 8090632, 8798390, 7186672, 8496916, 9622890, 8495727, 9008152, 10133675, 9937143, 10187176, 10429849, 10182445, 11577042, 9273595, 9778451, 9903613, 11423280, 12121818, 9140954, 12481852, 10661511];[601597, 620077, 611507, 608997, 628587, 637138, 618907, 808499, 974581, 999672, 952561, 965321, 646557, 836839, 1140513, 845119, 1068072, 769459, 1046712, 1015942, 1438246, 1243514, 1373125, 1188383, 1379286, 1361895, 871980, 11659672, 1315365, 1002072, 2285596, 1278864, 1306115, 2252745, 1104133, 981881, 2349877, 1047052, 1424616, 2539008, 1251344, 1259864, 1838681, 1149953, 1480887, 2297526, 1063732, 1211654, 3899565, 1162253]
T1300V1000_1.0;1300;1000;2;1.0;experiment_data/medium/T1300V1000_1.0_T.csv;experiment_data/medium/T1300V1000_1.0_V.csv;3318;3784;Snake;[1, 1, 1, 1, 1, 1, 1, 1, 1, 1, 1, 1, 1, 1, 1, 1, 1, 1, 1, 1, 1, 1, 1, 1, 1, 1, 1, 1, 1, 1, 1, 1, 1, 1, 1, 1, 1, 1, 1, 1, 1, 1, 1, 1, 1, 1, 1, 1, 1, 1];[7851779, 3370857, 3366528, 3466170, 3691422, 3878835, 3854063, 4262018, 4342369, 4426751, 4843685, 4529092, 4643573, 5025847, 4910256, 4885325, 5049676, 5533373, 5332350, 6105790, 6518063, 6016259, 6561215, 7111231, 6437113, 7735208, 7129211, 10563291, 7651847, 7568607, 9123674, 9016652, 9481118, 10234496, 9417328, 9979333, 11884085, 10974415, 11997766, 12413882, 12524502, 13486543, 12608124, 13763956, 13643345, 14647327, 13636634, 14981030, 14860669, 13389592];[4755294, 305183, 232972, 231103, 231683, 232333, 234092, 302723, 232983, 254963, 244503, 236033, 238573, 248293, 240393, 295913, 253922, 247193, 238672, 237203, 240692, 247933, 241093, 316964, 254813, 256523, 254963, 255433, 274523, 256713, 240683, 310923, 271633, 284773, 279104, 281303, 277223, 265813, 280113, 407865, 347053, 447665, 410975, 397974, 456175, 396214, 376204, 322584, 397034, 342934];[2197135, 2183275, 2255126, 2348867, 2569859, 2747982, 2726921, 3022235, 3209796, 3271988, 3665131, 3385349, 3455399, 3788353, 3735802, 3690572, 3894654, 4372680, 4188688, 4927466, 5318010, 4838595, 5361831, 5779376, 5268680, 6557795, 5948568, 5582474, 6444793, 6377123, 7595456, 7678537, 7945220, 8368545, 7884949, 8288254, 9322276, 9256946, 10080224, 9375497, 10409758, 10800063, 9465168, 11411540, 11102966, 11059866, 11477660, 12623383, 11385730, 11496491];[899350, 882399, 878430, 886200, 889880, 898520, 893050, 937060, 899590, 899800, 934051, 907710, 949601, 989201, 934061, 898840, 901100, 913500, 904990, 941121, 959361, 929731, 958291, 1014891, 913620, 920890, 925680, 4725384, 932531, 934771, 1287535, 1027192, 1264265, 1581178, 1253275, 1409776, 2284586, 1451656, 1637429, 2630520, 1767691, 2238815, 2731981, 1954442, 2084204, 3191247, 1782770, 2035063, 3077905, 1550167]
T1400V1000_0.6;1400;1000;2;0.6;experiment_data/medium/T1400V1000_0.6_T.csv;experiment_data/medium/T1400V1000_0.6_V.csv;3720;3411;Snake;[1, 1, 1, 1, 1, 1, 1, 1, 1, 1, 1, 1, 1, 1, 1, 1, 1, 1, 1, 1, 1, 1, 1, 1, 1, 1, 1, 1, 1, 1, 1, 1, 1, 1, 1, 1, 1, 1, 1, 1, 1, 1, 1, 1, 1, 1, 1, 1, 1, 1];[8355554, 3592231, 3657032, 3863994, 4029386, 4191087, 4387900, 4592833, 4840965, 4965745, 5874027, 5488693, 5454272, 6148399, 6354552, 6223621, 6947299, 6418763, 6941659, 7257703, 7739777, 6830337, 8291545, 8766340, 7899650, 9639100, 9807422, 6864379, 8939731, 9045773, 8011111, 8739200, 9277106, 8236924, 10652001, 10550050, 9385187, 11754262, 12440672, 11058885, 11420739, 13684206, 11543800, 13744096, 12960708, 12395920, 12179388, 13137840, 9313755, 11982787];[5161478, 316334, 267123, 266203, 269073, 270612, 269403, 325354, 275204, 278392, 276623, 281503, 277243, 278853, 274553, 337284, 277293, 292193, 282523, 294553, 280103, 299913, 297704, 381294, 314074, 340664, 322674, 300734, 289513, 305714, 289913, 358404, 316974, 309224, 323123, 343534, 313664, 343033, 349244, 559106, 554326, 450055, 467925, 424385, 440435, 334403, 369654, 368634, 390724, 306384];[2403007, 2491898, 2601209, 2803852, 2961274, 3122295, 3300918, 3431629, 3720792, 3806053, 4746944, 4300929, 4304319, 5003387, 5219659, 5001667, 5639635, 5202519, 5669524, 5990539, 6385702, 5566873, 6893728, 7270753, 6351802, 8187743, 8407295, 5737686, 7741648, 7778099, 6816728, 7465165, 7997001, 6946949, 9257135, 9089403, 8071452, 9913422, 10464629, 8966891, 9241665, 11451781, 9568688, 11574461, 11354709, 10613321, 10424659, 11176567, 8033871, 10701581];[791069, 783999, 788700, 793939, 799039, 798180, 817579, 835850, 844969, 881300, 850460, 906261, 872710, 866159, 860340, 884670, 1030371, 924051, 989612, 972611, 1073972, 963551, 1100113, 1114293, 1233774, 1110693, 1077453, 825959, 908570, 961960, 904470, 915631, 963131, 980751, 1071743, 1117113, 1000071, 1497807, 1626799, 1532888, 1624748, 1782370, 1507187, 1745250, 1165564, 1448196, 1385075, 1592639, 889160, 974822]
T1400V1000_0.0;1400;1000;2;0.0;experiment_data/medium/T1400V1000_0.0_T.csv;experiment_data/medium/T1400V1000_0.0_V.csv;3706;2675;Snake;[1, 1, 1, 1, 1, 1, 1, 1, 1, 1, 1, 1, 1, 1, 1, 1, 1, 1, 1, 1, 1, 1, 1, 1, 1, 1, 1, 1, 1, 1, 1, 1, 1, 1, 1, 1, 1, 1, 1, 1, 1, 1, 1, 1, 1, 1, 1, 1, 1, 1];[7736018, 3172597, 3266928, 3420279, 3918354, 3659520, 5995757, 3996826, 3942444, 4059787, 4248669, 5982868, 5245899, 4718954, 5083838, 5932157, 5785756, 7352633, 5327560, 5358321, 5608263, 5637504, 5866337, 5957368, 6702226, 6074600, 6075279, 6554155, 6523605, 7343293, 8435866, 7103132, 6976310, 7294813, 7487375, 9553838, 8001362, 8371775, 9622939, 10979075, 9329227, 8726709, 9112173, 9410257, 9081884, 9357007, 8909812, 9668511, 12595163, 9957873];[5007927, 329554, 258383, 252853, 254583, 269292, 253792, 369444, 255122, 257423, 256703, 253003, 283963, 273544, 267583, 336684, 273043, 293833, 298003, 274523, 265603, 282293, 267753, 337094, 271453, 296504, 268533, 264893, 276623, 279453, 292603, 362755, 292684, 269293, 300003, 287853, 291224, 301213, 309153, 374124, 361365, 347454, 296403, 308194, 324334, 302784, 321874, 300804, 334754, 356124];[2117714, 2234316, 2387667, 2550939, 3037755, 2779211, 4703933, 3008435, 3076726, 3176046, 3370579, 5087188, 4320419, 3812223, 4177877, 4932586, 4871786, 6408032, 4388979, 4440221, 4697963, 4687914, 4877235, 4991566, 5732085, 5125128, 5161839, 5561623, 5560784, 6387603, 7410744, 6071289, 6030848, 6350633, 6458814, 8496756, 6971710, 7318733, 8596538, 9761202, 8253874, 7660187, 8103442, 8289644, 8029561, 8289294, 7883170, 8681469, 11482770, 8814040];[610377, 608727, 620878, 616487, 626016, 611017, 1038032, 618947, 610596, 626318, 621387, 642677, 641517, 633187, 638378, 662887, 640927, 650768, 640578, 643577, 644697, 667297, 721349, 628708, 698688, 652968, 644907, 727639, 686198, 676237, 732519, 669088, 652778, 674887, 728558, 769229, 738428, 751829, 717248, 843749, 713988, 719068, 712328, 812419, 727989, 764929, 704768, 686238, 777639, 787709]
T1200V1000_0.1;1200;1000;2;0.1;experiment_data/medium/T1200V1000_0.1_T.csv;experiment_data/medium/T1200V1000_0.1_V.csv;3215;2740;Snake;[1, 1, 1, 1, 1, 1, 1, 1, 1, 1, 1, 1, 1, 1, 1, 1, 1, 1, 1, 1, 1, 1, 1, 1, 1, 1, 1, 1, 1, 1, 1, 1, 1, 1, 1, 1, 1, 1, 1, 1, 1, 1, 1, 1, 1, 1, 1, 1, 1, 1];[8877431, 4447590, 4671344, 4559053, 4899175, 5300310, 6069599, 7273693, 7400605, 6386593, 6438823, 5898797, 7448744, 8251735, 7913240, 5522893, 6107279, 8821010, 9454477, 8087801, 6501804, 9834302, 10009625, 7534434, 8040931, 10120325, 8463217, 8553128, 10744493, 10687632, 8245873, 10796893, 9888581, 10762112, 11474490, 10665111, 11037975, 11341569, 11218077, 11558731, 9597659, 12147858, 11966095, 12451562, 11364680, 11091236, 13598985, 9354476, 11286349, 11434740];[4830585, 405924, 242973, 246793, 257012, 220442, 252023, 372074, 389745, 437245, 264973, 251723, 285413, 350475, 347514, 392645, 218492, 244252, 364584, 360924, 257553, 266323, 351015, 492825, 289253, 326084, 373545, 296654, 262694, 365075, 350584, 283503, 444034, 353444, 365304, 315884, 350084, 349764, 356054, 472905, 339874, 303653, 396604, 401125, 410655, 322103, 341324, 357904, 233203, 312823];[3029194, 3122835, 3480080, 3327229, 3849724, 3966025, 4438120, 5367401, 5426442, 4698754, 4973766, 4650113, 5953098, 6367143, 6168520, 4358129, 5047728, 6932139, 7485875, 6610155, 5297541, 8020021, 8259694, 6038298, 6538404, 8398105, 6929568, 7250162, 9077983, 8919511, 7139291, 8941522, 8288254, 8921211, 9739611, 8969332, 9259035, 9539689, 9527068, 9767491, 8245223, 10520520, 10117044, 10517009, 9655480, 9530819, 11934676, 8032311, 9839202, 10027325];[1017652, 918831, 948291, 985031, 792439, 1113843, 1379456, 1534218, 1584418, 1250594, 1200084, 996961, 1210233, 1534117, 1397206, 772119, 841059, 1644619, 1604018, 1116722, 946710, 1547958, 1398916, 1003311, 1213274, 1396136, 1160104, 1006312, 1403816, 1403046, 755998, 1571868, 1156293, 1487457, 1369575, 1379895, 1428856, 1452116, 1334955, 1318335, 1012562, 1323685, 1452447, 1533428, 1298545, 1238314, 1322985, 964261, 1213944, 1094592]
T1400V1000_0.1;1400;1000;2;0.1;experiment_data/medium/T1400V1000_0.1_T.csv;experiment_data/medium/T1400V1000_0.1_V.csv;3718;2817;Snake;[1, 1, 1, 1, 1, 1, 1, 1, 1, 1, 1, 1, 1, 1, 1, 1, 1, 1, 1, 1, 1, 1, 1, 1, 1, 1, 1, 1, 1, 1, 1, 1, 1, 1, 1, 1, 1, 1, 1, 1, 1, 1, 1, 1, 1, 1, 1, 1, 1, 1];[8009052, 3847784, 3980015, 3511970, 3717332, 4011576, 3993596, 4056916, 4022516, 4064956, 6818287, 4462280, 4495781, 4571302, 4939046, 4968207, 5054757, 5608874, 5862937, 5360801, 5738185, 5554063, 5784985, 5955947, 5987148, 5973578, 6935349, 6617666, 6446433, 6722546, 7014770, 8145844, 8219643, 7478056, 7644067, 7911020, 7830929, 9302237, 8197313, 8456125, 9744411, 8709389, 10290998, 11313559, 10384748, 9850342, 10130534, 9856782, 10065325, 14501924];[5243120, 304264, 279643, 280383, 272093, 263694, 265373, 326593, 262043, 253053, 272683, 288873, 264203, 259373, 258033, 317964, 259283, 263003, 268213, 286723, 286353, 273163, 266933, 334054, 272443, 269323, 271553, 315994, 278913, 278343, 283814, 384685, 322563, 339654, 298213, 289683, 305973, 287994, 288203, 374464, 309394, 299883, 322724, 335834, 393764, 337764, 314433, 352004, 351054, 316743];[2136594, 2874613, 3049884, 2583779, 2800602, 3107865, 3061766, 3062165, 3114416, 3167165, 5683765, 3525890, 3579481, 3653981, 4011875, 3987596, 4122857, 4673203, 4917636, 4407930, 4791005, 4620353, 4801184, 4950376, 5046498, 5042777, 5965617, 5595144, 5484812, 5756786, 6028848, 7051951, 7101161, 6411373, 6633976, 6884238, 6798837, 8303985, 7182591, 7334393, 8725319, 7656897, 9179165, 10102945, 9163304, 8654268, 9057173, 8732670, 8962252, 13220800];[629338, 668907, 650488, 647808, 644637, 640017, 666457, 668158, 646057, 644738, 861839, 647517, 652097, 657948, 669138, 662647, 672617, 672668, 677088, 666148, 660827, 660547, 716868, 671517, 668207, 661478, 698179, 706528, 682708, 687417, 702108, 709208, 795919, 727029, 711878, 737099, 726119, 710258, 726519, 747268, 709698, 752609, 789109, 874780, 827680, 858310, 758928, 772108, 752019, 964381]
T500V1000_0.0;500;1000;2;0.0;experiment_data/medium/T500V1000_0.0_T.csv;experiment_data/medium/T500V1000_0.0_V.csv;1350;2666;Snake;[1, 1, 1, 1, 1, 1, 1, 1, 1, 1, 1, 1, 1, 1, 1, 1, 1, 1, 1, 1, 1, 1, 1, 1, 1, 1, 1, 1, 1, 1, 1, 1, 1, 1, 1, 1, 1, 1, 1, 1, 1, 1, 1, 1, 1, 1, 1, 1, 1, 1];[3470429, 1838690, 2024332, 1877822, 1956542, 2754711, 2552778, 2666590, 2937433, 2591209, 2906894, 3395460, 3482249, 2955813, 2785911, 3425559, 3252616, 2835092, 3969126, 3396650, 3390070, 4058186, 3917585, 4282039, 3749923, 4130097, 3877563, 4191809, 3772542, 4306869, 4753805, 5028486, 3044284, 4039266, 4515301, 4498101, 3649271, 4011476, 6107980, 5161189, 4780035, 3888985, 4681573, 5780987, 5776624, 4393129, 4456021, 5658384, 4316228, 5118037];[1878841, 110321, 97521, 93572, 93861, 88571, 105791, 141482, 92171, 111831, 106462, 123922, 114921, 113071, 88761, 110951, 111981, 103301, 101382, 142602, 111852, 95321, 121832, 162312, 138702, 150902, 118311, 107082, 126841, 97981, 116532, 141401, 163872, 87651, 108471, 128031, 116251, 99652, 100392, 248143, 148172, 133602, 134091, 136192, 152291, 117061, 99121, 110561, 124761, 91890];[952681, 1054782, 1188243, 1064992, 1159993, 1636718, 1487466, 1651938, 1850851, 1656319, 1852972, 2210235, 2117024, 2082204, 1933402, 2270456, 2174375, 1963432, 2473958, 2253396, 2434578, 2735121, 2759131, 2842312, 2648130, 2802662, 2762871, 2956584, 2698091, 3064375, 3285038, 3480769, 2244535, 3056325, 3369808, 3324918, 2732831, 2973143, 4550731, 3834263, 3643692, 2824313, 3360078, 4418581, 4338759, 3311767, 3499630, 4430720, 3448179, 3753953];[638907, 673587, 738568, 719258, 702688, 1029422, 959521, 873170, 994411, 823059, 947460, 1061303, 1250304, 760538, 763748, 1044152, 966260, 768359, 1393786, 1000652, 843640, 1227744, 1036622, 1277415, 963091, 1176533, 996381, 1128143, 947610, 1144513, 1352235, 1406316, 635877, 895290, 1037022, 1045152, 800189, 938681, 1456857, 1078783, 988171, 931070, 1187404, 1226214, 1285574, 964301, 857270, 1117103, 743288, 1272194]
T500V1000_0.7;500;1000;2;0.7;experiment_data/medium/T500V1000_0.7_T.csv;experiment_data/medium/T500V1000_0.7_V.csv;1337;2995;Snake;[1, 1, 1, 1, 1, 1, 1, 1, 1, 1, 1, 1, 1, 1, 1, 1, 1, 1, 1, 1, 1, 1, 1, 1, 1, 1, 1, 1, 1, 1, 1, 1, 1, 1, 1, 1, 1, 1, 1, 1, 1, 1, 1, 1, 1, 1, 1, 1, 1, 1];[3650432, 2019872, 2112514, 2170564, 2320626, 2368058, 2447358, 2303467, 1857111, 2075513, 2677420, 3084466, 3237227, 3255847, 2665651, 2731960, 2160564, 2530939, 3074025, 2876533, 3349698, 3237387, 2981054, 2541189, 3893514, 3684202, 3183116, 2826592, 3738112, 4057516, 3649342, 3449849, 4304159, 3963934, 5309411, 3350609, 3642572, 3736102, 4213978, 3976405, 4137607, 4341259, 4615143, 4097227, 5022688, 4322929, 4313949, 4138337, 5172928, 4719974];[1875472, 109081, 97381, 88971, 85281, 89852, 99891, 144982, 87461, 84301, 86611, 103382, 96361, 114221, 104891, 123431, 87541, 83311, 88861, 94121, 93911, 97141, 104231, 123251, 84381, 99821, 116761, 95581, 90241, 111271, 115972, 121301, 90641, 122471, 109801, 129162, 88031, 136601, 105591, 182122, 90041, 137041, 118752, 134542, 88372, 105641, 110361, 104391, 95841, 129641];[1035391, 1087862, 1139823, 1287224, 1384786, 1389126, 1547408, 1371625, 1064242, 1239874, 1602658, 2027023, 1996282, 2074134, 1739840, 1811990, 1373715, 1703440, 2064054, 1969443, 2328826, 2052234, 1989162, 1693679, 2659430, 2415737, 2212925, 1981372, 2554229, 2672230, 2626910, 2579290, 2961723, 2846692, 3785723, 2472938, 2698591, 2637520, 3030745, 2977304, 2934553, 3021164, 3247237, 3215657, 3687302, 3113736, 3123456, 3178306, 3847503, 3480160];[739569, 822929, 875310, 794369, 850559, 889080, 800059, 786860, 705408, 751338, 988151, 954061, 1144584, 1067492, 820920, 796539, 699308, 744188, 921110, 812969, 926961, 1088012, 887661, 724259, 1149703, 1168644, 853430, 749639, 1093642, 1274015, 906460, 749258, 1251795, 994771, 1413887, 748509, 855950, 961981, 1077642, 816979, 1113013, 1183054, 1249154, 747028, 1247014, 1103552, 1080132, 855640, 1229584, 1110173]
T500V1000_0.1;500;1000;2;0.1;experiment_data/medium/T500V1000_0.1_T.csv;experiment_data/medium/T500V1000_0.1_V.csv;1329;2714;Snake;[1, 1, 1, 1, 1, 1, 1, 1, 1, 1, 1, 1, 1, 1, 1, 1, 1, 1, 1, 1, 1, 1, 1, 1, 1, 1, 1, 1, 1, 1, 1, 1, 1, 1, 1, 1, 1, 1, 1, 1, 1, 1, 1, 1, 1, 1, 1, 1, 1, 1];[3808603, 2113544, 2874554, 2581680, 2635251, 2171124, 1950072, 1883811, 2377247, 2767932, 2699110, 3604311, 3334258, 3502220, 2439327, 2216815, 3148235, 2813721, 2960043, 3306338, 4149587, 3253297, 2477410, 3621681, 3505450, 3620252, 3122596, 3938835, 3907575, 3709532, 3290648, 4265329, 4874035, 4492041, 3129685, 3991405, 4506432, 5219749, 3396039, 5257839, 5028758, 4722034, 4397450, 5034497, 5998999, 5011568, 4505702, 6435383, 5220410, 6386812];[1879231, 121281, 109642, 100592, 136522, 102121, 91131, 110851, 102231, 96201, 96910, 94541, 145652, 129851, 100911, 119371, 91431, 114021, 100621, 91801, 147621, 146112, 98032, 110321, 124612, 99432, 155422, 100432, 129562, 133961, 107971, 136642, 128061, 141082, 177602, 91270, 146652, 124311, 145252, 114681, 140282, 163492, 131161, 127021, 154512, 144802, 124432, 96841, 174222, 119821];[1188333, 1271625, 1437877, 1520007, 1629039, 1368745, 1145643, 1130683, 1541997, 1878762, 1729880, 2313406, 2146234, 2303967, 1591798, 1454757, 2103864, 1974492, 2041083, 2274846, 2807492, 2273326, 1640869, 2491758, 2539418, 2624490, 2149945, 2736441, 2810592, 2802472, 2367837, 3153686, 3602131, 3269147, 2325786, 3009514, 3365988, 3781753, 2638000, 3948275, 3641992, 3639962, 3384909, 3888225, 4594563, 3906605, 3545770, 5081098, 3993176, 4935366];[741039, 720638, 1327035, 961081, 869690, 700258, 713298, 642277, 733019, 792969, 872320, 1196364, 1042372, 1068402, 746618, 642687, 952940, 725208, 818339, 939691, 1194474, 833859, 738509, 1019602, 841420, 896330, 817229, 1101962, 967421, 773099, 814840, 975001, 1143843, 1081812, 626297, 890621, 993792, 1313685, 612787, 1194883, 1246484, 918580, 881380, 1019251, 1249924, 960161, 835500, 1257444, 1053012, 1331625]
T600V1000_0.3;600;1000;2;0.3;experiment_data/medium/T600V1000_0.3_T.csv;experiment_data/medium/T600V1000_0.3_V.csv;1625;2854;Snake;[1, 1, 1, 1, 1, 1, 1, 1, 1, 1, 1, 1, 1, 1, 1, 1, 1, 1, 1, 1, 1, 1, 1, 1, 1, 1, 1, 1, 1, 1, 1, 1, 1, 1, 1, 1, 1, 1, 1, 1, 1, 1, 1, 1, 1, 1, 1, 1, 1, 1];[4515052, 1682869, 1835090, 2283146, 2489348, 2484357, 2548868, 2599698, 2106034, 2056933, 2534459, 3344738, 3003404, 3176856, 2299316, 3289076, 3153585, 2975024, 2941973, 2552740, 3533800, 3641671, 3858283, 2926283, 3959965, 4095818, 3744203, 2922623, 4797505, 4045766, 3273678, 3883944, 4306148, 4006765, 3222316, 5519173, 5755656, 3545410, 4454550, 4546032, 4651153, 5064676, 3851604, 4698593, 4981187, 3819422, 5658784, 4363769, 5231630, 6594345];[2198825, 128731, 103701, 103471, 108061, 120371, 107311, 160611, 110731, 101661, 100951, 113992, 104591, 114751, 104591, 125271, 108251, 153892, 114561, 116552, 101401, 119791, 120151, 149051, 101671, 124702, 119761, 111311, 102101, 132691, 118332, 131581, 132831, 128671, 119551, 116601, 184492, 142291, 107111, 188083, 108771, 152691, 135701, 106681, 150102, 140031, 103611, 121921, 104661, 151622];[890230, 930301, 1006761, 1396886, 1563077, 1630078, 1652288, 1677189, 1258094, 1306865, 1709830, 2463868, 1997653, 2309757, 1539897, 2335496, 2126454, 2135375, 2130464, 1781780, 2431027, 2603790, 2924223, 2116035, 2933363, 3125056, 2839553, 2146665, 3319998, 3166336, 2493309, 2924353, 3128145, 3042494, 2444217, 3925585, 4239379, 2728991, 3458339, 3578440, 3540111, 3843843, 3029904, 3632322, 3892945, 3004874, 4568052, 3546380, 3992226, 5334890];[1425997, 623837, 724628, 782789, 818210, 733908, 789269, 761898, 737209, 648407, 723678, 766878, 901160, 752348, 654828, 828309, 918880, 685757, 696948, 654408, 1001372, 918090, 813909, 661197, 924931, 846060, 784889, 664647, 1375406, 746739, 662037, 828010, 1045172, 835600, 658548, 1476987, 1331785, 674128, 889100, 779509, 1002271, 1068142, 685999, 959590, 938140, 674517, 987121, 695468, 1134743, 1107833]
T1100V1000_0.4;1100;1000;2;0.4;experiment_data/medium/T1100V1000_0.4_T.csv;experiment_data/medium/T1100V1000_0.4_V.csv;2930;3040;Snake;[1, 1, 1, 1, 1, 1, 1, 1, 1, 1, 1, 1, 1, 1, 1, 1, 1, 1, 1, 1, 1, 1, 1, 1, 1, 1, 1, 1, 1, 1, 1, 1, 1, 1, 1, 1, 1, 1, 1, 1, 1, 1, 1, 1, 1, 1, 1, 1, 1, 1];[6511664, 2690740, 2740152, 2912763, 2924893, 3001304, 3195866, 3216646, 3254158, 3465320, 3353359, 3535080, 3686712, 3649803, 3708632, 3999704, 3937706, 4020626, 4386740, 4140677, 4252748, 4507641, 4410160, 4554972, 4737194, 4629652, 4744863, 7203393, 4898415, 5614574, 5292830, 5180829, 5214948, 5618344, 5370621, 5468973, 5929277, 5774526, 5703934, 6377512, 6068428, 7246484, 6375682, 6472932, 6353883, 7039270, 7323964, 6893399, 7312414, 7395954];[3983855, 218332, 180692, 183752, 183962, 179812, 178472, 226843, 178752, 185252, 178333, 179362, 182342, 198253, 181302, 228132, 187373, 184722, 180412, 184982, 185852, 178872, 184922, 235393, 183162, 182782, 181462, 182523, 185372, 183972, 189302, 232262, 182862, 193182, 198282, 180892, 183542, 183252, 180131, 253313, 186342, 185893, 189082, 184771, 195013, 188692, 194643, 189723, 190333, 189242];[1811520, 1763440, 1836331, 1932642, 2027253, 2114364, 2208125, 2276635, 2361937, 2449018, 2474698, 2652030, 2668661, 2756642, 2826662, 2914113, 3041874, 3130906, 3298178, 3263597, 3369958, 3451539, 3513850, 3609841, 3645221, 3746892, 3844793, 4007206, 3988125, 4685594, 4126707, 4239569, 4325038, 4442481, 4462431, 4588803, 4726294, 4878156, 4815715, 5055517, 5145318, 6271502, 5155898, 5468662, 5448022, 5698144, 6392313, 5925897, 5988937, 6451463];[716289, 708968, 723129, 796369, 713678, 707128, 809269, 713168, 713469, 831050, 700328, 703688, 835709, 694908, 700668, 857459, 708459, 704998, 908150, 692098, 696938, 877230, 711388, 709738, 908811, 699978, 718608, 3013664, 724918, 745008, 976821, 708998, 707048, 982681, 709908, 699278, 1019441, 713118, 708088, 1068682, 736768, 789089, 1030702, 819499, 710848, 1152434, 737008, 777779, 1133144, 755249]
T600V1000_1.0;600;1000;2;1.0;experiment_data/medium/T600V1000_1.0_T.csv;experiment_data/medium/T600V1000_1.0_V.csv;1604;3210;Snake;[1, 1, 1, 1, 1, 1, 1, 1, 1, 1, 1, 1, 1, 1, 1, 1, 1, 1, 1, 1, 1, 1, 1, 1, 1, 1, 1, 1, 1, 1, 1, 1, 1, 1, 1, 1, 1, 1, 1, 1, 1, 1, 1, 1, 1, 1, 1, 1, 1, 1];[4426770, 1760679, 1776990, 1863501, 1973682, 1930972, 2032002, 2149364, 2219115, 2201416, 2446108, 2274485, 2411997, 2340837, 2356217, 2491848, 2567980, 2497248, 2538460, 2612819, 2760011, 2723101, 2748152, 2934612, 2953353, 2867773, 2931534, 3049696, 3164326, 3006855, 3066655, 3178596, 3374568, 3283588, 3667261, 3296068, 3525840, 3557500, 3467799, 3589521, 3598260, 3618781, 3645042, 3686963, 3773142, 3813993, 3953375, 3957064, 3944084, 3948525];[2140534, 123531, 100551, 100071, 100731, 100851, 98801, 129461, 101611, 100341, 100501, 101821, 113971, 99921, 98521, 137591, 99031, 99111, 104612, 98751, 99151, 100161, 99692, 133241, 99621, 108042, 101072, 100242, 104761, 99371, 103901, 127131, 100021, 100061, 100341, 101831, 99771, 101761, 102191, 150932, 100191, 103061, 101121, 101252, 101621, 101361, 117321, 102861, 101721, 101011];[892910, 925691, 960371, 1046962, 1079702, 1104783, 1174643, 1240334, 1277865, 1358736, 1559838, 1419246, 1440126, 1492687, 1520008, 1586008, 1621649, 1653079, 1700509, 1768680, 1790850, 1844281, 1898802, 1935162, 1979112, 2024103, 2076753, 2175075, 2165135, 2191816, 2248706, 2330667, 2393037, 2456339, 2810292, 2470279, 2542319, 2720680, 2655780, 2676850, 2735491, 2755802, 2805492, 2854743, 2907083, 2951934, 3065865, 3083744, 3085755, 3093835];[1393326, 711457, 716068, 716468, 793249, 725338, 758558, 779569, 839639, 742339, 785769, 753418, 857900, 748229, 737688, 768249, 847300, 745058, 733339, 745388, 870010, 778659, 749658, 866209, 874620, 735628, 753709, 774379, 894430, 715668, 714048, 720798, 881510, 727188, 756628, 723958, 883750, 735059, 709828, 761739, 762578, 759918, 738429, 730968, 764438, 760698, 770189, 770459, 756608, 753679]
T1000V1000_0.1;1000;1000;2;0.1;experiment_data/medium/T1000V1000_0.1_T.csv;experiment_data/medium/T1000V1000_0.1_V.csv;2665;2759;Snake;[1, 1, 1, 1, 1, 1, 1, 1, 1, 1, 1, 1, 1, 1, 1, 1, 1, 1, 1, 1, 1, 1, 1, 1, 1, 1, 1, 1, 1, 1, 1, 1, 1, 1, 1, 1, 1, 1, 1, 1, 1, 1, 1, 1, 1, 1, 1, 1, 1, 1];[6387222, 2414458, 2495228, 2666570, 2747802, 2746542, 2943823, 2982814, 2996954, 3205875, 3114915, 3274107, 3879034, 3363388, 3363847, 3755563, 3650732, 3629662, 3870514, 4217127, 3907995, 4245318, 4178238, 4185298, 4860095, 4343610, 4270679, 7127991, 4498191, 5441373, 4870165, 4786364, 5327681, 5120328, 5363151, 5236760, 6243101, 5200459, 6059030, 5809906, 6132130, 5682486, 6562445, 5826996, 6137500, 6768837, 6078049, 6955500, 6490184, 6290891];[3566620, 198883, 168142, 169812, 164762, 184793, 165642, 210572, 165682, 172811, 165392, 164832, 166432, 168842, 167041, 207403, 168512, 181643, 167282, 167631, 168812, 172162, 170012, 239943, 167922, 171962, 167652, 167382, 180722, 166562, 168232, 209412, 168572, 167932, 169702, 170742, 167742, 180822, 167732, 264863, 168592, 179383, 177652, 173742, 176122, 177452, 189702, 178333, 182292, 169471];[1501637, 1573908, 1682309, 1762860, 1937982, 1928562, 2006712, 2126524, 2186625, 2270846, 2310426, 2447878, 2928223, 2558589, 2573459, 2760511, 2864362, 2815402, 2919123, 3348898, 3087765, 3242417, 3369868, 3311978, 3782273, 3534500, 3478760, 3781883, 3692382, 4614063, 3829674, 3922455, 4519951, 4077546, 4516231, 4435871, 4846005, 4391710, 5083898, 4625092, 5229570, 4851345, 5406552, 4990037, 5290750, 5515863, 5223620, 6019019, 5339041, 5479283];[1318965, 641667, 644777, 733898, 645058, 633187, 771469, 645718, 644647, 762218, 639097, 661397, 784379, 635957, 623347, 787649, 617858, 632617, 784109, 700598, 651418, 830739, 638358, 633377, 909900, 637148, 624267, 3178726, 625087, 660748, 872259, 654497, 639158, 874850, 677218, 630147, 1229354, 627927, 807400, 919951, 733968, 651758, 978241, 663217, 670628, 1075522, 664727, 758148, 968851, 642137]
T1000V1000_0.8;1000;1000;2;0.8;experiment_data/medium/T1000V1000_0.8_T.csv;experiment_data/medium/T1000V1000_0.8_V.csv;2633;3351;Snake;[1, 1, 1, 1, 1, 1, 1, 1, 1, 1, 1, 1, 1, 1, 1, 1, 1, 1, 1, 1, 1, 1, 1, 1, 1, 1, 1, 1, 1, 1, 1, 1, 1, 1, 1, 1, 1, 1, 1, 1, 1, 1, 1, 1, 1, 1, 1, 1, 1, 1];[6569785, 2588911, 2662501, 2841553, 2900541, 2981145, 3160686, 3119306, 3193576, 3434558, 3388978, 4097977, 3556301, 3513890, 3884015, 4312509, 3762513, 3797062, 4702642, 4076117, 4091327, 4867765, 4235048, 4696314, 4819075, 4444450, 5073158, 6975349, 5077817, 5147059, 5490332, 5415571, 5384142, 5751775, 5644314, 5311641, 6307851, 5518703, 5652844, 6734067, 5733695, 6958439, 6249501, 6425972, 6401823, 7478274, 6126598, 6908000, 7314763, 6646175];[3547451, 202883, 171252, 166272, 168481, 170073, 185232, 213323, 170802, 182491, 170552, 175242, 172162, 172702, 169482, 209202, 177292, 169411, 167481, 170852, 168982, 169212, 175502, 221483, 176072, 175902, 168592, 169602, 173452, 174402, 169722, 229182, 176873, 182232, 173102, 176682, 174172, 170322, 194742, 238113, 187662, 174532, 194282, 174192, 184712, 176191, 182491, 172773, 184222, 195972];[1552297, 1593329, 1685240, 1764810, 1939171, 1965102, 2051563, 2097313, 2202555, 2347527, 2426537, 2930474, 2474488, 2557039, 2897113, 3122026, 2796302, 2839513, 3557561, 3090305, 3117106, 3679222, 3266297, 3674042, 3632891, 3484019, 4012395, 3953525, 3991925, 4127867, 4141787, 4348640, 4319249, 4485981, 4620883, 4339359, 4923426, 4463991, 4682703, 5225400, 4740494, 5832527, 4938887, 5396621, 5391891, 6075869, 5152778, 5864227, 5895627, 5643374];[1470037, 792699, 806009, 910471, 792889, 845970, 923891, 808670, 820219, 904540, 791889, 992261, 909651, 784149, 817420, 981281, 788919, 788138, 977600, 814960, 805239, 1019331, 793249, 800789, 1010112, 784529, 892171, 2852222, 912440, 844790, 1178823, 837749, 888020, 1083562, 850329, 795600, 1210253, 884390, 775399, 1270554, 805539, 951380, 1116332, 855159, 825220, 1226214, 791329, 871000, 1234914, 806829]
T700V1000_0.0;700;1000;2;0.0;experiment_data/medium/T700V1000_0.0_T.csv;experiment_data/medium/T700V1000_0.0_V.csv;1874;2713;Snake;[1, 1, 1, 1, 1, 1, 1, 1, 1, 1, 1, 1, 1, 1, 1, 1, 1, 1, 1, 1, 1, 1, 1, 1, 1, 1, 1, 1, 1, 1, 1, 1, 1, 1, 1, 1, 1, 1, 1, 1, 1, 1, 1, 1, 1, 1, 1, 1, 1, 1];[4278129, 1871212, 1898882, 1954212, 2013603, 2063404, 2111644, 2186485, 2207386, 2307976, 2336107, 2372166, 2480808, 2524209, 2553729, 2624920, 2640200, 2686322, 2744311, 2810561, 2842702, 2892624, 2963984, 3031415, 3429399, 3105656, 3162296, 3215587, 3250727, 3338588, 3398828, 3512430, 3631542, 3544680, 3596910, 3633720, 3768352, 3755692, 3822444, 3880233, 3920025, 6131511, 4140977, 4092987, 4150638, 4515091, 4306230, 4290010, 4383720, 5129948];[2624370, 144702, 118911, 116581, 115551, 116442, 116671, 143642, 116832, 116021, 130702, 115931, 115472, 119082, 120201, 143272, 116661, 116242, 121261, 117861, 123111, 116662, 116491, 145672, 125441, 118672, 115851, 116332, 115532, 122192, 116681, 149112, 117902, 116551, 117661, 115951, 118241, 117041, 117801, 152111, 117192, 117612, 124852, 120092, 119852, 118952, 121092, 119782, 119011, 118471];[1036752, 1105233, 1149403, 1214994, 1266005, 1318975, 1384666, 1423956, 1477747, 1574558, 1589978, 1642359, 1737239, 1757640, 1801921, 1859671, 1901341, 1953623, 1995293, 2079593, 2106753, 2161165, 2223795, 2271176, 2577800, 2368217, 2433787, 2477748, 2510528, 2594040, 2652540, 2730601, 2890333, 2791211, 2853052, 2895042, 3028244, 3005114, 3088956, 3108546, 3180036, 3258897, 3352098, 3349358, 3408719, 3532780, 3540341, 3547311, 3631832, 3936895];[617007, 621277, 630568, 622637, 632047, 627987, 610307, 618887, 612807, 617397, 615427, 613876, 628097, 647487, 631607, 621977, 622198, 616457, 627757, 613107, 612838, 614797, 623698, 614567, 726158, 618767, 612658, 621507, 624667, 622356, 629607, 632717, 623307, 636918, 626197, 622727, 621867, 633537, 615687, 619576, 622797, 2755002, 664027, 623537, 622067, 863359, 644797, 622917, 632877, 1074582]
T700V1000_0.6;700;1000;2;0.6;experiment_data/medium/T700V1000_0.6_T.csv;experiment_data/medium/T700V1000_0.6_V.csv;1838;3066;Snake;[1, 1, 1, 1, 1, 1, 1, 1, 1, 1, 1, 1, 1, 1, 1, 1, 1, 1, 1, 1, 1, 1, 1, 1, 1, 1, 1, 1, 1, 1, 1, 1, 1, 1, 1, 1, 1, 1, 1, 1, 1, 1, 1, 1, 1, 1, 1, 1, 1, 1];[4978317, 2261896, 2167005, 2191405, 2413588, 2151225, 2178674, 2535119, 2786971, 2595119, 2723882, 2466797, 2619020, 2995425, 2959114, 2909612, 2833912, 3183456, 3417589, 3482660, 3082894, 2956274, 2966984, 3065175, 3223937, 3113735, 3185646, 3245217, 3462429, 3392159, 3406880, 3537240, 3745902, 3609981, 3668112, 3757933, 3897745, 3818563, 3825233, 3920884, 3923884, 4004866, 4064947, 4140256, 4161447, 4200858, 4276739, 4388179, 4395300, 4451191];[2507648, 152002, 129462, 119821, 122552, 125362, 117141, 154922, 124631, 121351, 122542, 123961, 122651, 118432, 123332, 149081, 118391, 116151, 123001, 133292, 132631, 117001, 117731, 150602, 117681, 117351, 122981, 116771, 120001, 132872, 118052, 146702, 120241, 117901, 117901, 117901, 119102, 118361, 120561, 164702, 119781, 135242, 120112, 120001, 118851, 119192, 118992, 118811, 119541, 119162];[1066152, 1257834, 1297345, 1320746, 1453586, 1318645, 1368815, 1628288, 1784370, 1743160, 1799431, 1641308, 1686730, 2079094, 2083324, 2051233, 1905952, 2276896, 2413428, 2506148, 2106244, 2142385, 2168935, 2243376, 2287117, 2311836, 2385308, 2448108, 2506779, 2562229, 2617030, 2672750, 2722591, 2782501, 2840163, 2912024, 2912303, 3020474, 3032414, 3085074, 3122406, 3194387, 3266027, 3316138, 3355978, 3372278, 3479169, 3559900, 3565561, 3616001];[1404517, 852060, 740198, 750838, 837450, 707218, 692718, 751909, 877970, 730608, 801909, 701528, 809639, 797899, 752458, 709298, 809569, 790409, 881160, 843220, 844019, 696888, 680318, 671197, 819139, 684548, 677357, 680338, 835649, 697058, 671798, 717788, 903070, 709579, 710048, 728008, 866340, 679728, 672258, 671108, 681697, 675237, 678808, 704117, 686618, 709388, 678578, 709468, 710198, 716028]
T900V1000_0.5;900;1000;2;0.5;experiment_data/medium/T900V1000_0.5_T.csv;experiment_data/medium/T900V1000_0.5_V.csv;2385;3066;Snake;[1, 1, 1, 1, 1, 1, 1, 1, 1, 1, 1, 1, 1, 1, 1, 1, 1, 1, 1, 1, 1, 1, 1, 1, 1, 1, 1, 1, 1, 1, 1, 1, 1, 1, 1, 1, 1, 1, 1, 1, 1, 1, 1, 1, 1, 1, 1, 1, 1, 1];[5807856, 2297116, 2381997, 2530309, 2522669, 2559889, 2740132, 2729641, 2830782, 2992054, 2908163, 3021034, 3216297, 3108416, 3193427, 3426158, 3295128, 3328858, 3615410, 3509121, 3568510, 3825623, 3710362, 3842343, 4094395, 3975544, 4021906, 4266088, 4145378, 4247579, 4300468, 4435040, 4402031, 4448441, 4597273, 4729334, 4778755, 4820985, 4935436, 4931306, 4929196, 5031487, 5208869, 5312881, 5246479, 5260179, 5376702, 5598634, 5765206, 5792315];[3183486, 180042, 149802, 148992, 164972, 150022, 147972, 191262, 148681, 152932, 156201, 149202, 167562, 148812, 153862, 183531, 147892, 147492, 149711, 149272, 148582, 148661, 147762, 193472, 147641, 151721, 155452, 149052, 148022, 153632, 148691, 190062, 152152, 151142, 149972, 151242, 150732, 150212, 148632, 202172, 151802, 150251, 149982, 151572, 151061, 151021, 149682, 150352, 171202, 154411];[1383216, 1413916, 1515307, 1578458, 1650509, 1705670, 1773581, 1836171, 1955902, 1994153, 2045123, 2121313, 2191445, 2259076, 2327827, 2393787, 2462098, 2499828, 2615660, 2666531, 2730921, 2801842, 2881502, 2951133, 3035664, 3110525, 3163326, 3212906, 3304618, 3398059, 3468580, 3542600, 3547201, 3593921, 3744763, 3848434, 3923935, 3985606, 4078266, 4039416, 4091596, 4191018, 4346289, 4456931, 4406770, 4420799, 4537762, 4724484, 4875565, 4915485];[1241154, 703158, 716888, 802859, 707188, 704197, 818579, 702208, 726199, 844969, 706839, 750519, 857290, 700528, 711738, 848840, 685138, 681538, 850039, 693318, 689007, 875120, 681098, 697738, 911090, 713298, 703128, 904130, 692738, 695888, 683197, 702378, 702678, 703378, 702538, 729658, 704088, 685167, 708538, 689718, 685798, 690218, 712598, 704378, 688648, 688359, 689258, 723798, 718439, 722419]
T800V1000_0.9;800;1000;2;0.9;experiment_data/medium/T800V1000_0.9_T.csv;experiment_data/medium/T800V1000_0.9_V.csv;2153;3295;Snake;[1, 1, 1, 1, 1, 1, 1, 1, 1, 1, 1, 1, 1, 1, 1, 1, 1, 1, 1, 1, 1, 1, 1, 1, 1, 1, 1, 1, 1, 1, 1, 1, 1, 1, 1, 1, 1, 1, 1, 1, 1, 1, 1, 1, 1, 1, 1, 1, 1, 1];[5449973, 2239825, 2280926, 2344547, 2500238, 2462609, 2533360, 2627099, 2786531, 2722541, 2786562, 2845003, 3038615, 2986493, 3017905, 3275307, 3297247, 3149546, 3231907, 3299578, 3490390, 3597721, 3508211, 3580831, 3799694, 3661682, 3826914, 3842094, 4053857, 4205588, 4092525, 4291969, 4323920, 4347829, 4239418, 4465001, 4623551, 4704883, 4581991, 5034457, 4651093, 4687043, 4954767, 4919966, 4934935, 4964237, 5084167, 5360011, 5227720, 5443151];[2851513, 167092, 138512, 137472, 138651, 138272, 136702, 174391, 140892, 140252, 138372, 138912, 145672, 139601, 138412, 169742, 147651, 137762, 138702, 139062, 138462, 139062, 140392, 183062, 139472, 141462, 138822, 140362, 139792, 136852, 139401, 178562, 148492, 139241, 140421, 140052, 156671, 140881, 141961, 193702, 143122, 140161, 139312, 151792, 142551, 144502, 146551, 151472, 147912, 146351];[1260705, 1278054, 1348615, 1421906, 1492657, 1543038, 1614459, 1666759, 1749640, 1788860, 1847361, 1906672, 1991083, 2038463, 2092584, 2271135, 2235245, 2257816, 2334276, 2407877, 2468318, 2686650, 2616510, 2634840, 2739172, 2752282, 2881223, 2911513, 2961724, 3272347, 3142835, 3296998, 3220517, 3428819, 3334348, 3538310, 3487949, 3755773, 3663221, 4038386, 3704053, 3758102, 3935435, 3985435, 4014865, 4054846, 4074367, 4375249, 4288579, 4503721];[1337755, 794679, 793799, 785169, 868930, 781299, 782199, 785949, 895999, 793429, 800829, 799419, 901860, 808429, 786909, 834430, 914351, 753968, 758929, 752639, 883610, 772009, 751309, 762929, 921050, 767938, 806869, 790219, 952341, 796389, 810289, 816409, 954911, 779769, 764649, 786639, 978931, 808229, 776809, 802369, 803918, 788780, 880020, 782739, 777519, 764889, 863249, 833290, 791229, 793079]
T800V1000_0.2;800;1000;2;0.2;experiment_data/medium/T800V1000_0.2_T.csv;experiment_data/medium/T800V1000_0.2_V.csv;2115;2814;Snake;[1, 1, 1, 1, 1, 1, 1, 1, 1, 1, 1, 1, 1, 1, 1, 1, 1, 1, 1, 1, 1, 1, 1, 1, 1, 1, 1, 1, 1, 1, 1, 1, 1, 1, 1, 1, 1, 1, 1, 1, 1, 1, 1, 1, 1, 1, 1, 1, 1, 1];[5400192, 2091853, 2087483, 2164595, 2299696, 2298045, 2463658, 2437708, 2570489, 2523278, 2625400, 2673591, 2828951, 2768651, 2935783, 2916344, 3100826, 3061065, 3031884, 3130955, 3396988, 3230778, 3282458, 3579680, 3570011, 3489279, 3553570, 3733153, 4157658, 3782054, 3815984, 3886465, 4566493, 3992255, 4065176, 4105527, 4412229, 4368490, 4599082, 4479581, 4690134, 4574052, 4926296, 4646003, 4683423, 4886556, 4788824, 4917987, 5152558, 5116219];[2858652, 163372, 136911, 132912, 133821, 134211, 133141, 171262, 133541, 133951, 134932, 133492, 135071, 134431, 143321, 166122, 134242, 139532, 135411, 135641, 151651, 133732, 132962, 176322, 144922, 133151, 133581, 154282, 134122, 145292, 138712, 169942, 138802, 142681, 137181, 136172, 150201, 140992, 139061, 201963, 137572, 142801, 138042, 156222, 137742, 137602, 151352, 140302, 154421, 139292];[1262985, 1302894, 1314245, 1410586, 1462867, 1536927, 1680610, 1634549, 1722070, 1767320, 1861412, 1916722, 1952862, 2013503, 2138184, 2133485, 2226215, 2298476, 2297286, 2396647, 2489449, 2488569, 2545769, 2743921, 2666540, 2753231, 2815032, 2954993, 3124075, 2983044, 3071465, 3107386, 3479540, 3241877, 3322188, 3362418, 3437649, 3606971, 3784333, 3641171, 3903614, 3751113, 4069956, 3865754, 3939064, 4117427, 4026296, 4167068, 4360259, 4322669];[1278555, 625587, 636327, 621097, 703008, 626907, 649907, 631897, 714878, 622007, 629056, 623377, 741018, 620717, 654278, 616737, 740369, 623057, 599187, 598667, 755888, 608477, 603727, 659437, 758549, 602897, 604957, 623878, 899461, 653718, 605807, 609137, 948151, 607697, 605807, 606937, 824379, 620527, 675688, 636447, 648948, 680138, 718298, 624027, 606617, 631527, 611176, 610617, 637878, 654258]
T700V1000_0.1;700;1000;2;0.1;experiment_data/medium/T700V1000_0.1_T.csv;experiment_data/medium/T700V1000_0.1_V.csv;1866;2750;Snake;[1, 1, 1, 1, 1, 1, 1, 1, 1, 1, 1, 1, 1, 1, 1, 1, 1, 1, 1, 1, 1, 1, 1, 1, 1, 1, 1, 1, 1, 1, 1, 1, 1, 1, 1, 1, 1, 1, 1, 1, 1, 1, 1, 1, 1, 1, 1, 1, 1, 1];[4282199, 2061474, 1916001, 1994442, 2028013, 2096935, 2137194, 2211415, 2258355, 2299016, 2345107, 2403277, 2452808, 2502478, 2547469, 2642360, 2661700, 2707201, 2766292, 2942503, 2889963, 2928134, 2987864, 3062435, 3078204, 3133925, 3184145, 3303288, 3288088, 3337319, 3418359, 3672923, 3499371, 3558831, 3608171, 3698212, 3767534, 3794733, 3885054, 3937765, 4070897, 3998135, 4066397, 4111006, 4175377, 4274469, 4354109, 4335319, 4388499, 4453182];[2607870, 147702, 121921, 131851, 119231, 122282, 117901, 143612, 120971, 117221, 118112, 117561, 118751, 118601, 117421, 147022, 125841, 116861, 118011, 128711, 128861, 119692, 123001, 148222, 118921, 117621, 117471, 117712, 118772, 117362, 118911, 150332, 120882, 119021, 119121, 123511, 118832, 118351, 119862, 154692, 119342, 121211, 119072, 119521, 119331, 121102, 123571, 121142, 120511, 121082];[1038862, 1082933, 1163253, 1213533, 1259434, 1327296, 1386856, 1424166, 1494347, 1531938, 1591518, 1651909, 1694289, 1749189, 1797810, 1844360, 1902552, 1958873, 2016183, 2154345, 2126005, 2163514, 2222105, 2276186, 2322346, 2384147, 2423037, 2552209, 2531169, 2587699, 2658421, 2878293, 2749701, 2809743, 2852232, 2932964, 3001904, 3036204, 3121395, 3138535, 3310138, 3239416, 3311567, 3343988, 3421539, 3517520, 3574691, 3574360, 3611101, 3684113];[635467, 830839, 630827, 649058, 649348, 647357, 632437, 643637, 643037, 649857, 635477, 633807, 639768, 634688, 632238, 650978, 633307, 631467, 632098, 659447, 635097, 644928, 642758, 638027, 636937, 632157, 643637, 633367, 638147, 632258, 641027, 644298, 628788, 630067, 636818, 641737, 646798, 640178, 643797, 644538, 641417, 637508, 635758, 647497, 634507, 635847, 655847, 639817, 656887, 647987]
T500V1000_0.2;500;1000;2;0.2;experiment_data/medium/T500V1000_0.2_T.csv;experiment_data/medium/T500V1000_0.2_V.csv;1337;2760;Snake;[1, 1, 1, 1, 1, 1, 1, 1, 1, 1, 1, 1, 1, 1, 1, 1, 1, 1, 1, 1, 1, 1, 1, 1, 1, 1, 1, 1, 1, 1, 1, 1, 1, 1, 1, 1, 1, 1, 1, 1, 1, 1, 1, 1, 1, 1, 1, 1, 1, 1];[3143296, 1500927, 1517397, 1564258, 1618288, 1647878, 1668799, 1731620, 1745440, 1789700, 1836241, 1879752, 1924841, 1948392, 1977242, 2039933, 2056504, 2096064, 2125264, 2180765, 2208876, 2271716, 2266936, 2349346, 2367506, 2380217, 2428207, 2469799, 2519478, 2567449, 2616799, 2655360, 2715921, 2725301, 2808502, 2798562, 2902133, 2896033, 2886373, 2950673, 2960453, 3021824, 3073015, 3108915, 3102125, 3131155, 3282417, 3252717, 3281277, 3354419];[1803541, 103011, 85711, 85481, 84581, 91471, 84891, 108661, 84491, 84561, 84971, 84231, 90881, 84821, 84831, 104081, 84932, 86221, 84831, 84651, 84692, 91631, 84472, 104361, 84301, 84631, 84921, 84711, 85460, 84851, 91371, 106401, 85341, 85951, 88841, 85581, 85221, 85401, 85041, 108671, 85961, 86051, 86071, 88001, 87661, 87031, 164202, 89051, 91291, 85851];[733098, 771369, 816709, 862180, 918320, 939610, 979581, 1008912, 1048682, 1096332, 1134363, 1185734, 1209793, 1238624, 1283434, 1321125, 1355045, 1391996, 1432716, 1482027, 1516557, 1569178, 1565797, 1633128, 1663758, 1678149, 1732320, 1774290, 1817811, 1874752, 1902681, 1931592, 2007143, 2022463, 2081944, 2083864, 2179025, 2197305, 2169064, 2224025, 2248335, 2299506, 2364287, 2408937, 2403677, 2426897, 2481908, 2530579, 2575339, 2646310];[606657, 626547, 614977, 616597, 615387, 616797, 604327, 614047, 612267, 608807, 616907, 609787, 624167, 624947, 608977, 614727, 616527, 617847, 607717, 614087, 607627, 610907, 616667, 611857, 619447, 617437, 610966, 610798, 616207, 607846, 622747, 617367, 623437, 616887, 637717, 629117, 637887, 613327, 632268, 617977, 626157, 636267, 622657, 611977, 610787, 617227, 636307, 633087, 614647, 622258]
T1200V1000_0.2;1200;1000;2;0.2;experiment_data/medium/T1200V1000_0.2_T.csv;experiment_data/medium/T1200V1000_0.2_V.csv;3211;2886;Snake;[1, 1, 1, 1, 1, 1, 1, 1, 1, 1, 1, 1, 1, 1, 1, 1, 1, 1, 1, 1, 1, 1, 1, 1, 1, 1, 1, 1, 1, 1, 1, 1, 1, 1, 1, 1, 1, 1, 1, 1, 1, 1, 1, 1, 1, 1, 1, 1, 1, 1];[6731797, 2801002, 3144785, 2976304, 3066084, 3167436, 3272557, 3419009, 3444088, 3540560, 3725762, 4055345, 3833574, 3924905, 4021656, 4123897, 4873155, 4312779, 4433250, 4947556, 4799615, 4617012, 4849546, 4885025, 5042407, 5076507, 5163549, 5416892, 5362712, 5456472, 5500172, 6659586, 5784755, 5817765, 5942478, 6060570, 6081489, 6356532, 6426793, 6441733, 6638304, 6649415, 7734328, 6941139, 7012069, 9925593, 7371745, 7825750, 8285524, 7775529];[4299589, 252993, 214992, 213613, 215132, 211612, 213672, 254003, 217072, 212972, 212892, 213022, 225263, 213243, 232773, 258253, 222962, 238163, 215962, 231023, 239553, 214602, 212683, 260543, 216342, 223112, 214653, 213423, 216913, 212903, 212922, 265433, 228292, 230852, 224633, 220613, 220243, 218012, 230752, 277653, 218642, 222172, 220632, 243213, 226592, 233183, 226243, 228683, 225023, 250283];[1779790, 1893492, 2258616, 2112174, 2207035, 2311496, 2397987, 2520389, 2578859, 2676111, 2862853, 3179356, 2957693, 3053694, 3128886, 3201167, 3822363, 3428089, 3556131, 3943224, 3901304, 3752103, 3976786, 3977235, 4161067, 4195648, 4294518, 4543842, 4481181, 4587692, 4629963, 5620054, 4894046, 4909796, 5054607, 5163359, 5201739, 5469633, 5521013, 5497812, 5724945, 5753545, 6679896, 6000508, 6109550, 6048749, 6459404, 6919149, 6960519, 6835638];[652418, 654517, 671177, 650517, 643917, 644328, 660898, 644617, 648157, 651477, 650017, 662967, 650618, 657968, 659997, 664477, 827830, 646527, 661157, 773309, 658758, 650307, 660077, 647247, 664998, 657747, 654378, 659627, 664618, 655877, 657287, 774099, 662417, 677117, 663238, 676598, 659507, 668887, 675028, 666268, 694717, 673698, 833800, 697418, 675927, 3643661, 686098, 677918, 1099982, 689608]
T500V1000_0.8;500;1000;2;0.8;experiment_data/medium/T500V1000_0.8_T.csv;experiment_data/medium/T500V1000_0.8_V.csv;1298;3001;Snake;[1, 1, 1, 1, 1, 1, 1, 1, 1, 1, 1, 1, 1, 1, 1, 1, 1, 1, 1, 1, 1, 1, 1, 1, 1, 1, 1, 1, 1, 1, 1, 1, 1, 1, 1, 1, 1, 1, 1, 1, 1, 1, 1, 1, 1, 1, 1, 1, 1, 1];[3212126, 1570287, 1761060, 1637339, 1675538, 1710950, 1837080, 1801211, 1817331, 1867401, 1993792, 1956152, 1978222, 2031243, 2161035, 2120234, 2118864, 2188934, 2364677, 2248685, 2279736, 2568559, 2472058, 2438119, 2424828, 2465218, 2643740, 2861462, 2605321, 2609550, 2796252, 2761532, 2717131, 2756961, 2798062, 2846632, 2902073, 2931333, 3122916, 3032296, 3073824, 3075754, 3112495, 3176716, 3185226, 3214366, 3565381, 3313367, 3343878, 3933304];[1801300, 104851, 86131, 85911, 85160, 86941, 100181, 106922, 86431, 95041, 88241, 87011, 87121, 87051, 88061, 108011, 88291, 101991, 86611, 86881, 86101, 85171, 90381, 109582, 85831, 85741, 86191, 86441, 88912, 85191, 91641, 108842, 89111, 85951, 85651, 87771, 87041, 87211, 86721, 111972, 87361, 87771, 87061, 86951, 87641, 86971, 88081, 92651, 86951, 87111];[737808, 786829, 828840, 864390, 902570, 950621, 983591, 1013971, 1057322, 1094893, 1146233, 1179383, 1211134, 1255504, 1288245, 1336975, 1354525, 1398236, 1458536, 1480446, 1513357, 1784450, 1586678, 1635889, 1662569, 1698829, 1757070, 2066543, 1830531, 1848911, 1890222, 1965962, 1951072, 1987762, 2030083, 2075953, 2130724, 2166644, 2337167, 2213186, 2287475, 2294986, 2344997, 2399027, 2422697, 2446548, 2663800, 2529868, 2572390, 3055575];[673018, 678607, 846089, 687038, 687808, 673388, 753308, 680318, 673578, 677467, 759318, 689758, 679967, 688688, 784729, 675248, 676048, 688707, 819530, 681358, 680278, 698938, 794999, 692648, 676428, 680648, 800479, 708478, 685878, 675448, 814389, 686728, 676948, 683248, 682328, 682908, 684308, 677478, 699028, 707138, 698988, 692997, 680437, 690738, 674888, 680847, 813500, 690848, 684537, 790618]
T700V1000_0.2;700;1000;2;0.2;experiment_data/medium/T700V1000_0.2_T.csv;experiment_data/medium/T700V1000_0.2_V.csv;1889;2806;Snake;[1, 1, 1, 1, 1, 1, 1, 1, 1, 1, 1, 1, 1, 1, 1, 1, 1, 1, 1, 1, 1, 1, 1, 1, 1, 1, 1, 1, 1, 1, 1, 1, 1, 1, 1, 1, 1, 1, 1, 1, 1, 1, 1, 1, 1, 1, 1, 1, 1, 1];[4151968, 1887522, 1909442, 1968703, 2058483, 2083784, 2127834, 2220936, 2262416, 2313696, 2342787, 2425208, 2464417, 2508380, 2571050, 2634640, 2655911, 2721590, 2789203, 2835372, 2909972, 2947533, 3022304, 3107656, 3106205, 3135866, 3207737, 3329298, 3314508, 3361718, 3408668, 3483699, 3520720, 3606022, 3632052, 3698342, 3744212, 3776973, 3867004, 3909225, 3936545, 4006345, 4054816, 4096937, 4875835, 4382771, 4321148, 4368369, 4447661, 4499231];[2482169, 150062, 123412, 120122, 126631, 121931, 119531, 151112, 122202, 120431, 120712, 120672, 120421, 120022, 121972, 147502, 121212, 120321, 127282, 125331, 121111, 120001, 120971, 151412, 122291, 121641, 127152, 120421, 126992, 120161, 121931, 156272, 122611, 126862, 122392, 121442, 123851, 120911, 122912, 155532, 121872, 121141, 121441, 121621, 122261, 141892, 137551, 125541, 125322, 129051];[1027852, 1088603, 1155423, 1217404, 1286305, 1322855, 1377105, 1432277, 1487366, 1548398, 1578898, 1671348, 1694619, 1752260, 1803191, 1851731, 1901842, 1971932, 2031703, 2073234, 2143734, 2185755, 2253366, 2307777, 2346797, 2385098, 2446468, 2564519, 2555329, 2589139, 2649210, 2696080, 2760192, 2833392, 2872093, 2933613, 2978714, 3020714, 3110745, 3114655, 3177386, 3241917, 3290857, 3329378, 3986306, 3584821, 3543950, 3584970, 3670061, 3717062];[641947, 648857, 630607, 631177, 645547, 638998, 631198, 637547, 652848, 644867, 643177, 633188, 649377, 636098, 645887, 635407, 632857, 629337, 630218, 636807, 645127, 641777, 647967, 648467, 637117, 629127, 634117, 644358, 632187, 652418, 637527, 631347, 637917, 645768, 637567, 643287, 641647, 635348, 633347, 639038, 637287, 643287, 642518, 645938, 767268, 656058, 639647, 657858, 652278, 653118]
T600V1000_0.4;600;1000;2;0.4;experiment_data/medium/T600V1000_0.4_T.csv;experiment_data/medium/T600V1000_0.4_V.csv;1595;2873;Snake;[1, 1, 1, 1, 1, 1, 1, 1, 1, 1, 1, 1, 1, 1, 1, 1, 1, 1, 1, 1, 1, 1, 1, 1, 1, 1, 1, 1, 1, 1, 1, 1, 1, 1, 1, 1, 1, 1, 1, 1, 1, 1, 1, 1, 1, 1, 1, 1, 1, 1];[3613301, 1684520, 1733340, 1807451, 1847030, 1897401, 1915522, 1993142, 2033544, 2076584, 2110904, 2192734, 2269966, 2306396, 2282216, 2339807, 2406518, 2422787, 2459438, 2564009, 2594599, 2601090, 2687040, 2739412, 2745351, 2829022, 2860394, 3117235, 2968233, 2992324, 3063604, 3083906, 3209527, 3167187, 3286477, 5491943, 3358409, 3345998, 3434049, 3620682, 3524481, 3529590, 3635421, 3776433, 3700853, 3675542, 3776062, 4028496, 3834854, 3934045];[2102704, 127202, 103411, 102741, 102181, 103971, 101661, 125381, 103211, 101531, 102371, 139281, 109112, 103071, 102391, 127392, 116402, 102351, 102921, 106121, 104281, 102841, 102821, 127572, 103921, 102231, 102382, 117451, 105211, 102511, 103401, 133122, 103081, 104172, 103981, 111511, 107861, 104592, 104281, 132472, 132522, 109721, 103871, 105861, 104892, 111581, 104601, 105701, 107381, 104561];[873380, 928641, 993791, 1056272, 1095072, 1142613, 1173374, 1229914, 1290955, 1318835, 1370266, 1415306, 1503587, 1541318, 1528727, 1574208, 1645119, 1680859, 1713480, 1796260, 1834631, 1853441, 1925862, 1965003, 1990133, 2068843, 2113694, 2294556, 2212565, 2248846, 2310346, 2298877, 2449228, 2409627, 2515339, 2604730, 2594210, 2600329, 2671350, 2666291, 2743552, 2783222, 2875803, 2848073, 2928343, 2923784, 3023754, 3022245, 3081155, 3174086];[637217, 628677, 636138, 648438, 649777, 650817, 640487, 637847, 639378, 656218, 638267, 638147, 657267, 662007, 651098, 638207, 644997, 639577, 643037, 661628, 655687, 644808, 658357, 646837, 651297, 657948, 644318, 705228, 650457, 640967, 649857, 651907, 657218, 653388, 667157, 2775702, 656338, 641077, 658418, 821919, 648407, 636647, 655747, 822499, 667618, 640177, 647707, 900550, 646318, 655398]
T800V1000_1.0;800;1000;2;1.0;experiment_data/medium/T800V1000_1.0_T.csv;experiment_data/medium/T800V1000_1.0_V.csv;2131;3364;Snake;[1, 1, 1, 1, 1, 1, 1, 1, 1, 1, 1, 1, 1, 1, 1, 1, 1, 1, 1, 1, 1, 1, 1, 1, 1, 1, 1, 1, 1, 1, 1, 1, 1, 1, 1, 1, 1, 1, 1, 1, 1, 1, 1, 1, 1, 1, 1, 1, 1, 1];[4817775, 2215385, 2250675, 2326585, 2382648, 2436678, 2516288, 2615370, 2619509, 2728922, 2748741, 2847101, 2876202, 2944833, 3002295, 3097906, 3128216, 3172406, 3238806, 3294047, 3456859, 3421519, 3477089, 3580910, 3610402, 3672362, 3795684, 3819524, 3889074, 3905545, 4012285, 4104966, 4237568, 4225488, 4274959, 4349939, 4369540, 4419410, 4483441, 4606652, 4654573, 4665343, 4831465, 4814315, 4867036, 4913736, 5831866, 5123099, 5201269, 5268109];[2862073, 175002, 144232, 144061, 142382, 141542, 141041, 174022, 140691, 141022, 149661, 147901, 141611, 141771, 145792, 185853, 144992, 141282, 141881, 142962, 142922, 156462, 147531, 175172, 143422, 144422, 142302, 144682, 141102, 143772, 142012, 173612, 149482, 151592, 145952, 143481, 143932, 142612, 142241, 180742, 142712, 143452, 143832, 146782, 149322, 148772, 144622, 151492, 154301, 151671];[1190813, 1269004, 1337444, 1422846, 1474437, 1532988, 1610098, 1653059, 1713319, 1812281, 1831631, 1925022, 1967793, 2027153, 2087794, 2146204, 2203045, 2271915, 2317266, 2380407, 2523718, 2498308, 2571029, 2630309, 2692451, 2749411, 2884603, 2899383, 2978944, 2988194, 3089744, 3164136, 3297697, 3289797, 3348748, 3412779, 3457299, 3500479, 3571551, 3644851, 3723842, 3744462, 3911675, 3881284, 3926565, 3980305, 4788594, 4177288, 4257009, 4298819];[764889, 771379, 768999, 759678, 765829, 762148, 765149, 788289, 765499, 775619, 767449, 774178, 766798, 775909, 768709, 765849, 780179, 759209, 779659, 770678, 790219, 766749, 758529, 775429, 774529, 778529, 768779, 775459, 769028, 773579, 780529, 767218, 790389, 784099, 780259, 793679, 768309, 776319, 769649, 781059, 788019, 777429, 775958, 786249, 791149, 784659, 898650, 794319, 789959, 817619]
T1400V1000_0.2;1400;1000;2;0.2;experiment_data/medium/T1400V1000_0.2_T.csv;experiment_data/medium/T1400V1000_0.2_V.csv;3757;2924;Snake;[1, 1, 1, 1, 1, 1, 1, 1, 1, 1, 1, 1, 1, 1, 1, 1, 1, 1, 1, 1, 1, 1, 1, 1, 1, 1, 1, 1, 1, 1, 1, 1, 1, 1, 1, 1, 1, 1, 1, 1, 1, 1, 1, 1, 1, 1, 1, 1, 1, 1];[7884990, 3291087, 3594322, 3488420, 3634402, 3844344, 3846264, 4035456, 5001176, 4202959, 4298909, 4582552, 4473691, 4589112, 4891545, 4860124, 4915945, 5788395, 5169059, 6290302, 5631454, 5693265, 5979238, 6316371, 6409113, 6189240, 6150600, 6263442, 6909819, 6755417, 7103571, 8516066, 7091560, 7350793, 7180242, 7562476, 7430884, 7490165, 8089781, 7960241, 8799981, 8396585, 8923922, 8607887, 8510116, 8607937, 8699649, 9533468, 9077494, 9226204];[5067288, 333024, 258394, 277454, 282584, 265593, 262643, 316394, 270323, 306834, 272703, 259173, 264603, 259383, 264373, 315943, 259712, 265663, 266413, 264343, 265863, 285943, 271633, 327793, 285834, 276893, 275583, 270743, 273283, 305724, 268863, 345154, 363984, 279763, 291034, 275573, 285273, 280813, 283893, 418205, 289874, 296853, 285324, 279993, 303613, 289263, 292173, 292423, 296704, 292193];[2125544, 2272306, 2398718, 2520658, 2652241, 2762241, 2873302, 3019014, 3671011, 3200997, 3321718, 3456729, 3513720, 3623391, 3730872, 3839163, 3966065, 4601842, 4189488, 5295751, 4428150, 4689063, 4991116, 4983537, 5404281, 5186829, 5153129, 5278071, 5884967, 5728025, 6080849, 7270712, 5984168, 6348372, 6158410, 6543344, 6421792, 6456173, 6906738, 6769997, 7653027, 7353274, 7854119, 7580026, 7430895, 7573066, 7654077, 8483006, 8015251, 8170953];[692158, 685757, 937210, 690308, 699577, 816510, 710319, 700048, 1059842, 695128, 704488, 866650, 695368, 706338, 896300, 705018, 690168, 920890, 713158, 730208, 937441, 718259, 716489, 1005041, 718998, 725518, 721888, 714628, 751569, 721668, 753859, 900200, 743408, 722658, 730798, 743559, 723819, 753179, 899150, 772039, 857080, 746458, 784479, 747868, 775608, 745608, 753399, 758039, 765539, 763058]
T1000V1000_0.2;1000;1000;2;0.2;experiment_data/medium/T1000V1000_0.2_T.csv;experiment_data/medium/T1000V1000_0.2_V.csv;2676;2842;Snake;[1, 1, 1, 1, 1, 1, 1, 1, 1, 1, 1, 1, 1, 1, 1, 1, 1, 1, 1, 1, 1, 1, 1, 1, 1, 1, 1, 1, 1, 1, 1, 1, 1, 1, 1, 1, 1, 1, 1, 1, 1, 1, 1, 1, 1, 1, 1, 1, 1, 1];[5923137, 2653579, 2675761, 2567638, 2663131, 2868304, 2835173, 2920983, 3109955, 3058015, 3137305, 3365248, 3287277, 3338878, 3610551, 3538420, 4215218, 3858264, 3749274, 3854324, 4121886, 3976464, 4048436, 4374959, 4329969, 4297799, 4434041, 4460251, 4556612, 4685593, 4690494, 4860605, 4865205, 4943696, 5047817, 5133749, 5162598, 5273500, 5335810, 5507872, 6159179, 5614204, 5682195, 5761495, 5822876, 5937067, 6116810, 6395022, 6243261, 7177932];[3533240, 212202, 171302, 170201, 169382, 171133, 177962, 212432, 167012, 168482, 184202, 169482, 167202, 167682, 168222, 204732, 172232, 175552, 168613, 168512, 170562, 170731, 169982, 208372, 172412, 171672, 172742, 178232, 177342, 170082, 186872, 231533, 177652, 174862, 172942, 175622, 173162, 174722, 171982, 234982, 181712, 192052, 175322, 196022, 176172, 178062, 178002, 179822, 186102, 177322];[1707339, 1795090, 1659030, 1751860, 1845752, 1907462, 2010674, 2057353, 2145434, 2245515, 2307266, 2377867, 2462147, 2516838, 2630060, 2685250, 3300558, 2854222, 2915843, 3029745, 3092075, 3142495, 3222677, 3295628, 3487020, 3467489, 3589331, 3612982, 3709312, 3842444, 3845694, 3957814, 4034466, 4108346, 4208207, 4293129, 4328099, 4434191, 4501891, 4598472, 5293400, 4745554, 4832575, 4895125, 4969346, 5080307, 5257680, 5453792, 5387761, 6247781];[682558, 646287, 845429, 645577, 647997, 789709, 646537, 651198, 797509, 644018, 645837, 817899, 657928, 654358, 812269, 648438, 742428, 828490, 664818, 656067, 859249, 663238, 655777, 870959, 670537, 658638, 671968, 669037, 669958, 673067, 657928, 671258, 653087, 660488, 666668, 664998, 661337, 664587, 661937, 674418, 684067, 676598, 674298, 670348, 677358, 678698, 681128, 761408, 669398, 752829]
T900V1000_0.0;900;1000;2;0.0;experiment_data/medium/T900V1000_0.0_T.csv;experiment_data/medium/T900V1000_0.0_V.csv;2415;2693;Snake;[1, 1, 1, 1, 1, 1, 1, 1, 1, 1, 1, 1, 1, 1, 1, 1, 1, 1, 1, 1, 1, 1, 1, 1, 1, 1, 1, 1, 1, 1, 1, 1, 1, 1, 1, 1, 1, 1, 1, 1, 1, 1, 1, 1, 1, 1, 1, 1, 1, 1];[5372560, 2234296, 2268145, 2462719, 2436088, 2498599, 2676290, 2667131, 2709011, 2909393, 3287007, 2937673, 3134255, 3113446, 3160586, 3441949, 3396009, 3383028, 3677391, 3560859, 3614591, 3889065, 3733043, 3848023, 4024985, 3917874, 3986716, 4282019, 4132907, 4187257, 4461241, 4471420, 4413920, 4464041, 4664163, 4604892, 4703583, 4780314, 4926435, 5025027, 4970467, 5021146, 5180598, 5522092, 5380642, 5464482, 5438512, 5525943, 5676925, 5653674];[3190006, 194223, 159791, 157502, 158962, 158032, 158412, 189942, 159782, 164622, 165302, 175362, 160621, 158512, 159432, 200732, 159082, 162572, 161722, 161781, 163762, 162252, 163362, 200452, 162531, 160881, 162032, 167272, 174792, 161922, 160752, 204812, 165252, 163732, 161522, 164222, 168532, 169122, 162581, 207292, 162393, 163261, 163992, 161591, 188173, 172122, 167412, 175572, 165242, 172012];[1345565, 1432457, 1494167, 1594989, 1670850, 1728810, 1799030, 1872911, 1946622, 2003233, 2387087, 2153415, 2227535, 2342927, 2395737, 2471908, 2616320, 2595619, 2742271, 2775151, 2844612, 2928944, 2942354, 3030634, 3045964, 3148106, 3192347, 3284078, 3332368, 3413248, 3465909, 3660542, 3621081, 3688332, 3898924, 3820693, 3913774, 3980625, 4140627, 4190537, 4188267, 4237838, 4398779, 4689533, 4571252, 4667473, 4631223, 4723794, 4881715, 4856144];[836989, 607616, 614187, 710228, 606276, 611757, 718848, 604278, 602607, 741538, 734618, 608896, 746099, 612007, 605417, 769309, 620607, 624837, 773398, 623927, 606217, 797869, 627327, 616937, 816490, 608887, 632337, 830669, 625747, 612087, 834580, 606066, 627587, 611977, 603717, 619977, 621277, 630567, 623227, 627198, 619807, 620047, 617827, 670968, 621217, 624887, 639877, 626577, 629968, 625518]
T500V1000_0.3;500;1000;2;0.3;experiment_data/medium/T500V1000_0.3_T.csv;experiment_data/medium/T500V1000_0.3_V.csv;1334;2814;Snake;[1, 1, 1, 1, 1, 1, 1, 1, 1, 1, 1, 1, 1, 1, 1, 1, 1, 1, 1, 1, 1, 1, 1, 1, 1, 1, 1, 1, 1, 1, 1, 1, 1, 1, 1, 1, 1, 1, 1, 1, 1, 1, 1, 1, 1, 1, 1, 1, 1, 1];[3140056, 1520637, 1527258, 1731328, 1654119, 1671359, 1714789, 1755350, 1982142, 1805531, 1868101, 1901672, 1935642, 1974293, 2016933, 2081823, 2080964, 2149315, 2186675, 2211266, 2439257, 2294856, 2355057, 2374567, 2419367, 2430447, 2468408, 2521409, 2551599, 2583489, 2626969, 2708260, 2757200, 2753071, 2751852, 2852912, 2869822, 2907602, 2920863, 3004004, 3100365, 3073865, 3104724, 3133805, 3119805, 3174496, 3210767, 3328258, 3315448, 3346198];[1792291, 105221, 92352, 87610, 91721, 87571, 86881, 104871, 87941, 89221, 87141, 87621, 93001, 87361, 86241, 106581, 86451, 85821, 86291, 85892, 87511, 93151, 93101, 108361, 87041, 85851, 86861, 94071, 87471, 85961, 86230, 109861, 86850, 87631, 87112, 86741, 88261, 87410, 87291, 111051, 90581, 91332, 87790, 91061, 87361, 87701, 87351, 89801, 90321, 90331];[732458, 784149, 816330, 868629, 917771, 944461, 991471, 1025312, 1232514, 1094233, 1134783, 1191574, 1213224, 1244844, 1299065, 1347045, 1362276, 1428547, 1458837, 1480287, 1629898, 1577388, 1619718, 1623469, 1691139, 1703339, 1754089, 1802171, 1818441, 1864181, 1906331, 1946512, 2024363, 2032783, 2041903, 2130694, 2145684, 2194785, 2204245, 2251825, 2357047, 2354017, 2391027, 2414637, 2403337, 2447177, 2499529, 2597509, 2590880, 2630020];[615307, 631267, 618576, 775089, 644627, 639327, 636437, 625167, 661687, 622077, 646177, 622477, 629417, 642088, 631627, 628197, 632237, 634947, 641547, 645087, 721848, 624317, 642238, 642737, 641187, 641257, 627458, 625167, 645687, 633347, 634408, 651887, 645987, 632657, 622837, 635477, 635877, 625407, 629327, 641128, 652737, 628516, 625907, 628107, 629107, 639618, 623887, 640948, 634247, 625847]
T900V1000_0.1;900;1000;2;0.1;experiment_data/medium/T900V1000_0.1_T.csv;experiment_data/medium/T900V1000_0.1_V.csv;2371;2735;Snake;[1, 1, 1, 1, 1, 1, 1, 1, 1, 1, 1, 1, 1, 1, 1, 1, 1, 1, 1, 1, 1, 1, 1, 1, 1, 1, 1, 1, 1, 1, 1, 1, 1, 1, 1, 1, 1, 1, 1, 1, 1, 1, 1, 1, 1, 1, 1, 1, 1, 1];[5213409, 2252496, 2636890, 2412807, 2508268, 2545060, 2631611, 2739492, 2762000, 2850043, 2886033, 2968754, 3038135, 3642481, 3178867, 3271258, 3342787, 3366677, 3458939, 3570910, 3626502, 3668951, 3750382, 3848875, 3892675, 3915474, 3983815, 4199898, 4178746, 4345100, 4387240, 4518981, 4544801, 4499911, 4577822, 4713334, 4812175, 4784524, 4872325, 5006797, 4999717, 5117528, 7473884, 5261290, 6036358, 5675375, 5450872, 5524723, 5889357, 5824676];[3235677, 196272, 160452, 164992, 163182, 165932, 161632, 192493, 161661, 159952, 163332, 163482, 175522, 163772, 164632, 201043, 162111, 163191, 166012, 176892, 165712, 162641, 163911, 202603, 167142, 162912, 161932, 163082, 164981, 162212, 163342, 210042, 169772, 170802, 165762, 164832, 165972, 168122, 168672, 209663, 166962, 167732, 167711, 168092, 168502, 172542, 172192, 167952, 172482, 168831];[1357825, 1427887, 1805541, 1604868, 1717539, 1744330, 1837601, 1899871, 1953782, 2045203, 2095464, 2172965, 2228255, 2803011, 2370387, 2440677, 2542529, 2569129, 2652460, 2749631, 2817502, 2873783, 2939823, 3017184, 3080166, 3105545, 3185676, 3404269, 3378508, 3536630, 3556380, 3664361, 3723622, 3696202, 3759113, 3912185, 4002816, 3984795, 4051686, 4127056, 4193648, 4303379, 4335889, 4446450, 5183178, 4589863, 4644763, 4708243, 4780094, 4992627];[619907, 628337, 670897, 642947, 627547, 634798, 632378, 647128, 646557, 644888, 627237, 632307, 634358, 675698, 643848, 629538, 638147, 634357, 640467, 644387, 643288, 632527, 646648, 629088, 645367, 647017, 636207, 632547, 635257, 646258, 667518, 644578, 651407, 632907, 652947, 636317, 643387, 631607, 651967, 670078, 639107, 646417, 2970284, 646748, 684678, 912970, 633917, 648528, 936781, 663218]
T1200V1000_0.8;1200;1000;2;0.8;experiment_data/medium/T1200V1000_0.8_T.csv;experiment_data/medium/T1200V1000_0.8_V.csv;3217;3538;Snake;[1, 1, 1, 1, 1, 1, 1, 1, 1, 1, 1, 1, 1, 1, 1, 1, 1, 1, 1, 1, 1, 1, 1, 1, 1, 1, 1, 1, 1, 1, 1, 1, 1, 1, 1, 1, 1, 1, 1, 1, 1, 1, 1, 1, 1, 1, 1, 1, 1, 1];[6770887, 3389949, 2984164, 3104335, 3278537, 3314787, 3378039, 3527501, 3573091, 3657092, 3741192, 3864433, 4012677, 4076207, 4153178, 4224037, 4755534, 4910537, 4496671, 4735173, 4822285, 4879895, 5091387, 5429852, 5138799, 5333350, 5333101, 5386231, 5629884, 5742135, 5801856, 6172930, 6638034, 6008917, 6805707, 6259330, 6276531, 6462304, 6567356, 6573895, 6801948, 6894859, 6909389, 7051621, 7193412, 10181146, 7376844, 7967501, 8048362, 7735788];[4193988, 260833, 206852, 200062, 199092, 209942, 199993, 244783, 204513, 200603, 202622, 206182, 210183, 217553, 209883, 249292, 204962, 203653, 217722, 207742, 205492, 203102, 205322, 255903, 210572, 203942, 206413, 202782, 220162, 223433, 207602, 263733, 223832, 236942, 223452, 209392, 208812, 209943, 222833, 264613, 211843, 212493, 218723, 211673, 228993, 213133, 218283, 214343, 223653, 216672];[1771030, 2273866, 1973322, 2102384, 2248786, 2299396, 2375257, 2478848, 2570700, 2643140, 2732371, 2846552, 2985934, 3049065, 3135436, 3172326, 3742022, 3888825, 3469090, 3724232, 3814704, 3854113, 4046106, 4313249, 4100577, 4281399, 4304709, 4362170, 4505811, 4694313, 4726864, 5063678, 5296200, 4924136, 5727895, 5214839, 5224489, 5414982, 5508673, 5479443, 5742775, 5826426, 5834456, 5979918, 6120850, 6078829, 6307341, 6868828, 6536345, 6663096];[805869, 855250, 803990, 801889, 830659, 805449, 802789, 803870, 797878, 813349, 806199, 811699, 816560, 809589, 807859, 802419, 808550, 818059, 809859, 803199, 802089, 822680, 839959, 860700, 827650, 848009, 821979, 821279, 903911, 824389, 867390, 845519, 1118002, 847839, 854360, 835099, 843230, 837379, 835850, 829839, 847330, 855940, 856210, 860030, 843569, 3889184, 851220, 884330, 1288364, 856020]
T800V1000_0.3;800;1000;2;0.3;experiment_data/medium/T800V1000_0.3_T.csv;experiment_data/medium/T800V1000_0.3_V.csv;2132;2872;Snake;[1, 1, 1, 1, 1, 1, 1, 1, 1, 1, 1, 1, 1, 1, 1, 1, 1, 1, 1, 1, 1, 1, 1, 1, 1, 1, 1, 1, 1, 1, 1, 1, 1, 1, 1, 1, 1, 1, 1, 1, 1, 1, 1, 1, 1, 1, 1, 1, 1, 1];[4847106, 2062843, 2087814, 2167834, 2369626, 2340277, 2372096, 2454568, 2586009, 2551279, 2612170, 2828432, 2889444, 2827951, 2839032, 2927252, 3094435, 3402948, 3095296, 3156766, 3367219, 3798652, 3337658, 3463150, 3478729, 3529801, 3567900, 3660381, 3740643, 3768172, 3833843, 3948704, 3944306, 4080877, 4159406, 4269309, 4282838, 4288328, 4345820, 5043218, 4578602, 4611302, 4802135, 4766064, 4719463, 4925225, 4871325, 4934586, 4967477, 5057227];[2848613, 171772, 138612, 136571, 140121, 147962, 138571, 173302, 138761, 138441, 140892, 137851, 145402, 137971, 136152, 166231, 136312, 136761, 143802, 136822, 137062, 136961, 153712, 172093, 138191, 144622, 137741, 154951, 154252, 142911, 136781, 176142, 139552, 139012, 137921, 142812, 141751, 138191, 139522, 175842, 146302, 138251, 140782, 144872, 141091, 139581, 155952, 154902, 139922, 140501];[1185614, 1255134, 1332245, 1400326, 1522288, 1563468, 1611918, 1658989, 1722750, 1788011, 1852681, 1929502, 1991893, 2064633, 2077263, 2143054, 2208845, 2505298, 2317857, 2399257, 2466008, 2989914, 2563879, 2659650, 2699811, 2757022, 2804641, 2877093, 2954054, 2993434, 3068095, 3147555, 3184527, 3309078, 3389158, 3478779, 3497959, 3508690, 3572461, 4210628, 3793183, 3812964, 3969035, 3968385, 3952615, 4126396, 4078556, 4151817, 4193997, 4271309];[812879, 635937, 616957, 630937, 707217, 628847, 621607, 622277, 724498, 624827, 618597, 761079, 752149, 625347, 625617, 617967, 749278, 760889, 633637, 620687, 764149, 671777, 620067, 631407, 640727, 628157, 625518, 628337, 632337, 631827, 628967, 625007, 620227, 632787, 632327, 647718, 643128, 641447, 633837, 656748, 639117, 660087, 692318, 652807, 625757, 659248, 636817, 627867, 633558, 645417]
T700V1000_0.7;700;1000;2;0.7;experiment_data/medium/T700V1000_0.7_T.csv;experiment_data/medium/T700V1000_0.7_V.csv;1874;3104;Snake;[1, 1, 1, 1, 1, 1, 1, 1, 1, 1, 1, 1, 1, 1, 1, 1, 1, 1, 1, 1, 1, 1, 1, 1, 1, 1, 1, 1, 1, 1, 1, 1, 1, 1, 1, 1, 1, 1, 1, 1, 1, 1, 1, 1, 1, 1, 1, 1, 1, 1];[4155908, 1912231, 1981592, 2059654, 2160844, 2139994, 2213446, 2287166, 2332435, 2391538, 2392977, 2509759, 2543089, 2605880, 2605769, 2736931, 3014584, 2782722, 2860992, 3004053, 2935393, 3014325, 3233927, 3119235, 3203777, 3225426, 3289077, 3487830, 3383008, 3543431, 3490780, 3607762, 3665821, 3700351, 3737752, 3765762, 3824994, 3907894, 3967956, 4043725, 4045385, 4214959, 4118706, 4316579, 4246728, 4320108, 4426751, 4465420, 4643013, 4662454];[2462678, 150661, 121611, 124072, 121681, 121841, 126912, 148142, 121361, 129572, 120671, 120812, 120912, 121272, 121691, 147032, 121601, 123432, 125901, 121071, 123181, 122042, 122722, 155402, 119952, 121151, 120661, 121211, 131421, 135132, 123672, 150742, 144691, 125561, 136442, 123161, 123952, 123511, 127832, 159872, 123511, 122282, 126191, 124211, 134302, 124511, 130302, 124101, 125392, 130582];[1011412, 1075472, 1155923, 1223313, 1320355, 1319505, 1373326, 1430956, 1490957, 1556688, 1574098, 1675479, 1723879, 1777690, 1782040, 1868751, 2164475, 1956473, 2031604, 2144044, 2101544, 2174245, 2354926, 2261515, 2370587, 2404537, 2462718, 2638720, 2543749, 2683661, 2662730, 2736801, 2802042, 2866493, 2884622, 2937643, 2993624, 3062885, 3127006, 3161636, 3202166, 3366729, 3287167, 3423219, 3392478, 3476889, 3577420, 3616251, 3774443, 3770163];[681818, 686098, 704058, 712269, 718808, 698648, 713208, 708068, 720117, 705278, 698208, 713468, 698298, 706918, 702038, 721148, 728508, 702817, 703487, 738938, 710668, 718038, 756279, 702318, 713238, 699738, 705698, 727899, 707838, 724638, 704378, 720219, 719088, 708297, 716688, 704958, 707418, 721498, 713118, 722217, 719708, 725948, 705348, 769149, 719948, 718708, 719029, 725068, 743178, 761709]
T1300V1000_0.4;1300;1000;2;0.4;experiment_data/medium/T1300V1000_0.4_T.csv;experiment_data/medium/T1300V1000_0.4_V.csv;3411;3136;Snake;[1, 1, 1, 1, 1, 1, 1, 1, 1, 1, 1, 1, 1, 1, 1, 1, 1, 1, 1, 1, 1, 1, 1, 1, 1, 1, 1, 1, 1, 1, 1, 1, 1, 1, 1, 1, 1, 1, 1, 1, 1, 1, 1, 1, 1, 1, 1, 1, 1, 1];[7252583, 3338989, 3128815, 3248017, 3535360, 4142867, 3551510, 3842415, 3764513, 3856694, 4107466, 4080997, 4189338, 4466240, 4881555, 4553262, 4765124, 4693293, 4798314, 5131547, 5052117, 5176838, 5609154, 5555193, 6487232, 5594074, 5692625, 5802285, 5855287, 5970318, 6606915, 6422833, 6851018, 6796696, 7132331, 6683336, 7630367, 7554376, 7437874, 7731378, 7895280, 7441475, 7801698, 7821599, 7818409, 7866191, 8122872, 8324314, 8216983, 8396845];[4568882, 286974, 236522, 239413, 233683, 233883, 236502, 280054, 234743, 234463, 236242, 233733, 233663, 243343, 239023, 289503, 236573, 242513, 240162, 238232, 245022, 241012, 247403, 298554, 244182, 274603, 257433, 242862, 242343, 242583, 240373, 308474, 265123, 243392, 266423, 247243, 247543, 246703, 243053, 324254, 257223, 255333, 255353, 259773, 256723, 254334, 256343, 274453, 254073, 260023];[1962702, 2074373, 2178345, 2291516, 2453728, 3113165, 2605980, 2720002, 2800482, 2905743, 3008975, 3134946, 3235156, 3321837, 3922434, 3546110, 3612690, 3738222, 3840164, 3954035, 4073397, 4202568, 4368630, 4515471, 5275669, 4594222, 4706614, 4840275, 4872946, 4996986, 5632834, 5347130, 5838736, 5802246, 6113930, 5703665, 6615265, 6553794, 6405892, 6626565, 6861248, 6437303, 6739906, 6783417, 6804347, 6848278, 7097301, 7274673, 7195421, 7387514];[720999, 977642, 713948, 717088, 847949, 795819, 709028, 842359, 729288, 716488, 862249, 712318, 720519, 901060, 720098, 717649, 915861, 712558, 717988, 939280, 733698, 733258, 993121, 741168, 967381, 725249, 728578, 719148, 739998, 730749, 733708, 767229, 747159, 751058, 751978, 732428, 767559, 753879, 788929, 780559, 776809, 748839, 806439, 778409, 757339, 763579, 769228, 775188, 767489, 749308]
T1000V1000_0.9;1000;1000;2;0.9;experiment_data/medium/T1000V1000_0.9_T.csv;experiment_data/medium/T1000V1000_0.9_V.csv;2675;3468;Snake;[1, 1, 1, 1, 1, 1, 1, 1, 1, 1, 1, 1, 1, 1, 1, 1, 1, 1, 1, 1, 1, 1, 1, 1, 1, 1, 1, 1, 1, 1, 1, 1, 1, 1, 1, 1, 1, 1, 1, 1, 1, 1, 1, 1, 1, 1, 1, 1, 1, 1];[5784315, 2603669, 2807201, 2933993, 2829482, 3002074, 2972383, 3125304, 3272298, 3183556, 3310457, 3521820, 3441529, 3877284, 3782492, 3688623, 3734982, 3997695, 3896974, 3969766, 4258938, 4128087, 4259409, 4637224, 4421140, 4611652, 5659104, 4801865, 4696894, 4820215, 5262279, 5945417, 5627464, 5386261, 5201508, 5388381, 5458332, 5479652, 5551383, 5692255, 5706625, 5776866, 5926077, 6934128, 6114910, 6182581, 6202020, 6300421, 6438603, 6470284];[3502489, 216702, 172541, 191522, 175592, 173542, 169362, 228212, 185943, 172662, 171662, 170672, 170072, 172372, 174692, 211803, 184642, 173962, 170202, 170352, 177462, 170722, 170722, 216983, 173762, 172442, 175532, 212413, 176233, 177262, 172271, 218772, 204352, 175642, 180752, 189532, 178732, 177532, 175572, 223423, 178982, 178212, 178172, 184932, 184503, 180172, 180802, 178542, 181172, 181932];[1482327, 1590748, 1655679, 1935022, 1847591, 1907462, 2007463, 2097633, 2145795, 2220125, 2350467, 2396247, 2480658, 2898833, 2638570, 2676411, 2758111, 2849002, 2914723, 2993844, 3081864, 3157206, 3276527, 3372299, 3426158, 3630932, 4038196, 3785123, 3718182, 3821473, 4266688, 4701144, 4599452, 4355849, 4197617, 4369539, 4440910, 4471821, 4550561, 4638262, 4698304, 4773544, 4906335, 5751155, 5078388, 5159959, 5185459, 5276780, 5410551, 5458053];[799499, 796219, 978981, 807449, 806299, 921070, 795558, 799459, 940560, 790769, 788328, 954901, 790799, 806079, 969230, 800409, 792229, 974731, 812049, 805570, 999612, 800159, 812160, 1047942, 821220, 808278, 1445376, 804329, 802479, 821480, 823320, 1025501, 823660, 854770, 823139, 829310, 838690, 830299, 825250, 830570, 829339, 825110, 841570, 998041, 852019, 842450, 835759, 845099, 846880, 830299]
T500V1000_0.9;500;1000;2;0.9;experiment_data/medium/T500V1000_0.9_T.csv;experiment_data/medium/T500V1000_0.9_V.csv;1339;3037;Snake;[1, 1, 1, 1, 1, 1, 1, 1, 1, 1, 1, 1, 1, 1, 1, 1, 1, 1, 1, 1, 1, 1, 1, 1, 1, 1, 1, 1, 1, 1, 1, 1, 1, 1, 1, 1, 1, 1, 1, 1, 1, 1, 1, 1, 1, 1, 1, 1, 1, 1];[3230487, 1603438, 1606039, 1658799, 1694309, 3307107, 1852571, 1826440, 1854690, 1964743, 1936882, 2000812, 2014861, 2122604, 2076023, 2159095, 2167424, 2275956, 2238715, 2286257, 2321156, 2447408, 2378038, 2452067, 2434017, 2599270, 2511309, 2547800, 2576639, 2781651, 2675600, 2718732, 2721041, 2934294, 2823752, 2879722, 2926794, 3107765, 2987873, 3034925, 3038945, 3364808, 3144886, 3168867, 3188046, 3512200, 3297638, 3324728, 3419209, 3608540];[1805641, 123391, 85911, 85531, 86731, 87551, 87781, 106831, 86790, 86001, 86321, 102851, 87570, 87441, 97141, 107591, 111031, 85431, 85481, 96502, 86481, 85651, 86901, 118261, 91121, 85521, 85621, 85561, 86021, 91490, 84941, 108722, 85591, 85921, 86391, 86511, 86401, 86321, 85051, 111072, 86811, 88451, 87721, 86361, 86921, 102231, 87481, 93451, 92241, 88151];[741508, 782649, 823750, 875600, 913910, 938470, 1062202, 1029501, 1065712, 1094782, 1155093, 1193103, 1214223, 1246614, 1280404, 1354956, 1362365, 1397436, 1460747, 1492557, 1538197, 1538897, 1588649, 1632548, 1639168, 1686699, 1723540, 1769791, 1802000, 1853101, 1899491, 1914612, 1942662, 2010103, 2045203, 2098114, 2146574, 2161954, 2212934, 2231375, 2252806, 2399468, 2350346, 2387207, 2399887, 2531179, 2508399, 2516048, 2623720, 2626209];[683338, 697398, 696378, 697668, 693668, 2281086, 702588, 690108, 702188, 783960, 695468, 704858, 713068, 788549, 698478, 696548, 694028, 793089, 692487, 697198, 696478, 822860, 702488, 701258, 703728, 827050, 702148, 692448, 688618, 837060, 691168, 695398, 692788, 838270, 692158, 695097, 693819, 859490, 689888, 692478, 699328, 876889, 706819, 695299, 701238, 878790, 701758, 715229, 703248, 894180]
T900V1000_0.6;900;1000;2;0.6;experiment_data/medium/T900V1000_0.6_T.csv;experiment_data/medium/T900V1000_0.6_V.csv;2380;3133;Snake;[1, 1, 1, 1, 1, 1, 1, 1, 1, 1, 1, 1, 1, 1, 1, 1, 1, 1, 1, 1, 1, 1, 1, 1, 1, 1, 1, 1, 1, 1, 1, 1, 1, 1, 1, 1, 1, 1, 1, 1, 1, 1, 1, 1, 1, 1, 1, 1, 1, 1];[5233291, 2344207, 2537759, 2748672, 2537408, 2720151, 2666991, 3094914, 2933873, 2862853, 2931543, 3203496, 3090975, 3149216, 3370668, 3307507, 3325508, 3610691, 3503099, 3595950, 3873663, 3783622, 3850824, 3915385, 3942195, 3994876, 4077046, 4134457, 4239878, 4266669, 5095188, 4488911, 4505450, 4554982, 4677413, 4704894, 5620013, 4856225, 5009437, 5028837, 5099298, 5142998, 5229670, 5234819, 5490202, 5444021, 5667244, 5806446, 5790565, 5806456];[3184587, 198132, 157492, 156792, 155321, 155872, 166892, 194522, 157572, 155052, 167462, 153412, 157002, 170092, 154322, 191662, 157092, 154872, 155642, 153971, 161781, 159741, 154622, 194392, 156002, 155712, 157582, 155372, 155471, 153602, 156702, 206903, 157041, 157952, 163422, 160902, 155361, 161582, 171702, 199612, 160542, 158901, 158632, 156912, 175982, 167802, 178172, 165712, 161211, 162362];[1327356, 1427197, 1483867, 1869232, 1662589, 1726660, 1797391, 2156304, 1920031, 1995223, 2059973, 2144684, 2223465, 2270916, 2344246, 2408507, 2455818, 2565469, 2631029, 2718301, 2812662, 2895083, 2977594, 2998125, 3054984, 3105085, 3203067, 3250967, 3352529, 3397489, 4076986, 3566530, 3625631, 3665052, 3790183, 3814274, 4652183, 3972315, 4112297, 4088087, 4202108, 4250558, 4344320, 4349449, 4579182, 4552591, 4755284, 4900296, 4881045, 4907486];[721348, 718878, 896400, 722648, 719498, 837619, 702708, 744088, 856270, 712578, 704108, 905400, 710508, 708208, 872100, 707338, 712598, 890350, 716428, 723678, 899220, 728798, 718608, 722868, 731209, 734079, 716397, 728118, 731878, 715578, 861500, 715478, 722778, 731978, 723808, 729718, 812469, 722328, 725438, 741138, 736648, 733539, 726718, 728458, 735038, 723628, 733788, 740438, 748309, 736608]
T1400V1000_0.7;1400;1000;2;0.7;experiment_data/medium/T1400V1000_0.7_T.csv;experiment_data/medium/T1400V1000_0.7_V.csv;3752;3558;Snake;[1, 1, 1, 1, 1, 1, 1, 1, 1, 1, 1, 1, 1, 1, 1, 1, 1, 1, 1, 1, 1, 1, 1, 1, 1, 1, 1, 1, 1, 1, 1, 1, 1, 1, 1, 1, 1, 1, 1, 1, 1, 1, 1, 1, 1, 1, 1, 1, 1, 1];[8057261, 3416139, 3431400, 3550830, 4325480, 3865203, 3967675, 4280928, 4361309, 4634082, 4338919, 5392202, 4587472, 4659833, 4919496, 5014327, 5014066, 5229550, 5227389, 5389752, 5624714, 5596624, 5807546, 6069529, 6562834, 6088868, 6230260, 6355481, 6540614, 6583085, 7756348, 6903858, 6916788, 7095539, 7270552, 7290183, 7567196, 7621946, 8100511, 7977930, 9026844, 8013001, 8287544, 8471005, 8386305, 8732260, 8827820, 8865320, 9111963, 9289985];[5161479, 312124, 254533, 253403, 274254, 256112, 255233, 299733, 257703, 256713, 262593, 254563, 259753, 257643, 258563, 307504, 259033, 258403, 258683, 257083, 262463, 257983, 258403, 319994, 268933, 266432, 276443, 261443, 262693, 261073, 262193, 338884, 270553, 263852, 263433, 265033, 320583, 275463, 270523, 337454, 268904, 269263, 269023, 265963, 269293, 272834, 272723, 279893, 276073, 282143];[2081963, 2296686, 2365698, 2492288, 3229897, 2791322, 2898223, 3141306, 3274177, 3550320, 3253197, 4201338, 3502230, 3588131, 3824453, 3895514, 3923614, 4151197, 4140757, 4316859, 4514301, 4506411, 4710093, 4906895, 5449682, 4987646, 5103587, 5240939, 5422421, 5464802, 6416983, 5723714, 5791736, 5979877, 6141469, 6153290, 6382593, 6474413, 6946089, 6757657, 7853289, 6868088, 7125191, 7308402, 7233542, 7558646, 7667996, 7690128, 7931120, 8103342];[813819, 807329, 811169, 805139, 821329, 817769, 814219, 839889, 829429, 827049, 823129, 936301, 825489, 814059, 836480, 811309, 831419, 819950, 827949, 815810, 847950, 832230, 839050, 842640, 844219, 834790, 850230, 853099, 855500, 857210, 1077172, 841260, 854499, 851810, 865650, 871860, 864020, 872070, 883899, 882819, 904651, 875650, 893330, 896640, 883470, 900780, 887101, 895299, 904770, 904500]
T700V1000_0.3;700;1000;2;0.3;experiment_data/medium/T700V1000_0.3_T.csv;experiment_data/medium/T700V1000_0.3_V.csv;1872;2838;Snake;[1, 1, 1, 1, 1, 1, 1, 1, 1, 1, 1, 1, 1, 1, 1, 1, 1, 1, 1, 1, 1, 1, 1, 1, 1, 1, 1, 1, 1, 1, 1, 1, 1, 1, 1, 1, 1, 1, 1, 1, 1, 1, 1, 1, 1, 1, 1, 1, 1, 1];[4173837, 2090784, 1913662, 1998404, 2054013, 2144074, 2164424, 2233975, 2257356, 2347207, 2382567, 2463658, 2497398, 2530678, 2585179, 2664901, 2688001, 2749651, 2807773, 2855452, 2920704, 2968843, 3026314, 3087434, 3193675, 3187407, 3282197, 3325797, 3333938, 3378849, 3469088, 3534310, 3572391, 3615182, 3682462, 3775814, 3776914, 3870454, 3908943, 3985406, 4112676, 4039106, 4315349, 4178487, 4306869, 4305349, 4308459, 4382540, 4446012, 4480080];[2511978, 161692, 128172, 126882, 125371, 137771, 130801, 150462, 124651, 125012, 122861, 121721, 121061, 121251, 122881, 150802, 122422, 126921, 123732, 121931, 122612, 121931, 120951, 151421, 122481, 124062, 121072, 126801, 125862, 121462, 136891, 155332, 124332, 123862, 124221, 123832, 126182, 123692, 129221, 158532, 124101, 123642, 123271, 140221, 123801, 132231, 126911, 126822, 125672, 124921];[1024462, 1259794, 1139853, 1207344, 1279465, 1354675, 1372075, 1436766, 1484107, 1555838, 1607999, 1687379, 1715409, 1756329, 1802750, 1863472, 1910242, 1970802, 2029383, 2077794, 2145854, 2186325, 2255396, 2279456, 2401637, 2413958, 2476588, 2548529, 2545768, 2601629, 2677730, 2726791, 2795791, 2842302, 2902603, 2988904, 2990664, 3073244, 3117115, 3174136, 3330648, 3262366, 3493630, 3372769, 3504950, 3497770, 3524560, 3586370, 3646722, 3686082];[637397, 669298, 645637, 664178, 649177, 651628, 661548, 646747, 648598, 666357, 651707, 654558, 660928, 653098, 659548, 650627, 655337, 651928, 654658, 655727, 652238, 660587, 649967, 656557, 669557, 649387, 684537, 650467, 662308, 655758, 654467, 652187, 652268, 649018, 655638, 663078, 660068, 673518, 662607, 652738, 657927, 653098, 698448, 665497, 678118, 675348, 656988, 669348, 673618, 669077]
T1100V1000_0.5;1100;1000;2;0.5;experiment_data/medium/T1100V1000_0.5_T.csv;experiment_data/medium/T1100V1000_0.5_V.csv;2953;3151;Snake;[1, 1, 1, 1, 1, 1, 1, 1, 1, 1, 1, 1, 1, 1, 1, 1, 1, 1, 1, 1, 1, 1, 1, 1, 1, 1, 1, 1, 1, 1, 1, 1, 1, 1, 1, 1, 1, 1, 1, 1, 1, 1, 1, 1, 1, 1, 1, 1, 1, 1];[6182161, 2670871, 2726911, 2833612, 2916632, 3046086, 3097376, 3627391, 3253518, 3348317, 3425528, 3513180, 3591600, 3764382, 3762682, 3910825, 4008975, 4052277, 4138507, 4283538, 4288440, 4421381, 4444660, 4576462, 4630073, 4768574, 4836485, 5485371, 5022288, 5159309, 5300741, 5306670, 6225791, 5475162, 5575803, 5648685, 5736106, 5915577, 6492235, 6041668, 6773638, 6233732, 6235881, 6892089, 7281212, 6709366, 7031199, 6877677, 6855547, 7042859];[3849714, 227933, 186712, 187732, 182212, 181783, 183032, 232852, 182813, 182111, 182012, 185622, 183631, 182522, 191792, 225113, 183782, 184493, 184762, 184762, 187483, 191833, 184872, 236672, 185602, 186272, 185832, 191902, 187973, 188442, 189232, 237193, 204552, 200622, 191272, 187832, 188823, 187672, 202933, 241363, 191793, 210243, 191422, 197783, 191272, 201772, 197212, 201772, 199402, 193942];[1617339, 1727950, 1808430, 1918322, 2011812, 2131735, 2177095, 2645930, 2338896, 2445707, 2494808, 2598710, 2687940, 2862142, 2853942, 2967484, 3089715, 3133446, 3233377, 3357238, 3362808, 3493290, 3527060, 3605771, 3713502, 3844733, 3901534, 4536911, 4083747, 4231138, 4360100, 4330119, 5165719, 4527191, 4649763, 4708904, 4807484, 4982536, 5532563, 5058637, 5814606, 5279411, 5291650, 5937338, 6288302, 5735505, 6039918, 5889956, 5892887, 6076209];[715108, 714988, 731769, 727558, 722608, 732568, 737249, 748609, 731809, 720499, 748708, 728848, 720029, 719718, 716948, 718228, 735478, 734338, 720368, 741538, 738149, 736258, 732728, 734019, 730969, 737569, 749119, 756558, 750568, 739729, 751409, 739358, 855520, 747349, 734768, 751949, 739799, 745369, 756739, 741668, 767239, 744078, 752809, 756968, 801638, 772089, 794069, 785949, 763258, 772708]
T600V1000_0.5;600;1000;2;0.5;experiment_data/medium/T600V1000_0.5_T.csv;experiment_data/medium/T600V1000_0.5_V.csv;1616;2939;Snake;[1, 1, 1, 1, 1, 1, 1, 1, 1, 1, 1, 1, 1, 1, 1, 1, 1, 1, 1, 1, 1, 1, 1, 1, 1, 1, 1, 1, 1, 1, 1, 1, 1, 1, 1, 1, 1, 1, 1, 1, 1, 1, 1, 1, 1, 1, 1, 1, 1, 1];[3622251, 1710820, 1736519, 1954312, 1845591, 1886721, 1940992, 2001562, 2034113, 2069504, 2132864, 2165424, 2215995, 2297535, 2315196, 2352487, 2386566, 2450598, 2487489, 2589039, 2584229, 2623440, 2691070, 4504660, 2814691, 2797932, 2865993, 3036094, 2923973, 2976113, 3004544, 3303638, 3126125, 3162175, 3213306, 3528980, 3306198, 3359928, 3418979, 3664001, 3497929, 3556601, 3566471, 3796353, 3742842, 3694392, 3785813, 4081846, 3907254, 3961646];[2111284, 126992, 104861, 103951, 103971, 102941, 103171, 124491, 104611, 103841, 117981, 103161, 102881, 103221, 105681, 128532, 103601, 102642, 105311, 103601, 104511, 109471, 102891, 128921, 124021, 104401, 103402, 104461, 105541, 103521, 105412, 135202, 105581, 106661, 105051, 104921, 105471, 118791, 104111, 134441, 104981, 104242, 104622, 105901, 104581, 106871, 106411, 106801, 105241, 106702];[868280, 922111, 968641, 1185783, 1084723, 1129742, 1171584, 1222123, 1266524, 1317685, 1365716, 1412686, 1450647, 1516387, 1549898, 1569428, 1626458, 1677359, 1717610, 1815750, 1826840, 1856061, 1929651, 1951832, 2026123, 2022994, 2102684, 2127154, 2164915, 2215915, 2246155, 2337046, 2367707, 2393337, 2456408, 2589040, 2545939, 2575119, 2656380, 2678421, 2742231, 2777212, 2805911, 2850942, 2974813, 2934983, 3019324, 3044375, 3123876, 3180676];[642687, 661717, 663017, 664578, 656897, 654038, 666237, 654948, 662978, 647978, 649167, 649577, 662467, 677927, 659617, 654527, 656507, 670597, 664568, 669688, 652878, 657908, 658528, 2423907, 664547, 670537, 659907, 804479, 653517, 656677, 652977, 831390, 652837, 662177, 651847, 835019, 654788, 666018, 658488, 851139, 650717, 675147, 655938, 839510, 663448, 652538, 660078, 930670, 678137, 674268]
T500V1000_0.4;500;1000;2;0.4;experiment_data/medium/T500V1000_0.4_T.csv;experiment_data/medium/T500V1000_0.4_V.csv;1342;2850;Snake;[1, 1, 1, 1, 1, 1, 1, 1, 1, 1, 1, 1, 1, 1, 1, 1, 1, 1, 1, 1, 1, 1, 1, 1, 1, 1, 1, 1, 1, 1, 1, 1, 1, 1, 1, 1, 1, 1, 1, 1, 1, 1, 1, 1, 1, 1, 1, 1, 1, 1];[3186415, 1520137, 1550908, 1594238, 1677628, 1659529, 1893121, 1768000, 1795431, 1832731, 1857361, 1893642, 1968072, 1964012, 2001543, 2077804, 2091723, 2118524, 2174095, 2204525, 2233884, 2306836, 2303867, 2377637, 2414107, 2422787, 2587289, 2496618, 2584039, 2623660, 2621400, 2692791, 2719461, 2747971, 2768252, 4655164, 2854472, 2931914, 2985064, 3613421, 3055535, 3087444, 3094625, 3294808, 3166536, 3235587, 3253407, 3515530, 3347049, 3373518];[1802010, 103331, 86101, 86161, 86650, 86071, 86011, 105541, 87021, 87251, 86601, 86451, 86081, 85831, 85821, 111892, 86021, 85931, 86241, 86431, 86610, 86371, 87512, 106491, 88481, 86581, 89511, 88291, 102291, 88111, 87561, 114902, 87101, 87191, 86252, 86652, 89731, 87301, 88551, 114502, 91471, 89011, 88671, 87781, 94761, 97631, 89281, 88341, 89672, 89321];[748048, 780679, 818900, 873300, 943981, 941671, 1143953, 1025382, 1062573, 1101913, 1133223, 1180064, 1243694, 1248084, 1285755, 1328525, 1373405, 1396956, 1447906, 1486727, 1514367, 1565778, 1583598, 1617318, 1688709, 1689559, 1852121, 1777070, 1839291, 1902102, 1903382, 1933482, 1999113, 2023493, 2046413, 2096764, 2130574, 2200165, 2241736, 2613149, 2316247, 2357326, 2363097, 2388207, 2427258, 2485558, 2526699, 2598610, 2613000, 2629749];[636357, 636127, 645907, 634777, 646997, 631787, 663157, 637077, 645837, 643567, 637537, 627127, 638297, 630097, 629967, 637387, 632297, 635637, 639948, 631367, 632907, 654687, 632757, 653828, 636917, 646647, 645657, 631257, 642457, 633447, 630457, 644407, 633247, 637287, 635587, 2471748, 634167, 644448, 654777, 885770, 647817, 641107, 642857, 818820, 644517, 652398, 637427, 828579, 644377, 654448]
T500V1000_1.0;500;1000;2;1.0;experiment_data/medium/T500V1000_1.0_T.csv;experiment_data/medium/T500V1000_1.0_V.csv;1324;3096;Snake;[1, 1, 1, 1, 1, 1, 1, 1, 1, 1, 1, 1, 1, 1, 1, 1, 1, 1, 1, 1, 1, 1, 1, 1, 1, 1, 1, 1, 1, 1, 1, 1, 1, 1, 1, 1, 1, 1, 1, 1, 1, 1, 1, 1, 1, 1, 1, 1, 1, 1];[3252227, 1603818, 1616039, 1671301, 1722490, 1754069, 1785349, 1834071, 1854851, 1893722, 1936312, 1985163, 2012293, 2056603, 2075594, 2123174, 2155884, 2189965, 2212085, 2289526, 2303545, 2336877, 2412677, 2432198, 2519748, 2506648, 2536959, 2655470, 2605090, 2668630, 2689551, 2745392, 2744091, 2808092, 2879343, 2896833, 2919863, 2971133, 3094125, 3143715, 3082835, 3118944, 3176326, 3200667, 3264048, 3338418, 3392489, 3390498, 3443308, 3460279];[1810690, 109012, 88211, 86712, 91831, 88221, 87570, 108891, 89201, 88281, 86441, 86931, 86241, 87171, 86681, 107301, 87541, 87981, 92661, 86181, 87770, 87181, 88101, 110112, 101911, 88711, 94141, 88031, 88211, 88061, 88371, 110482, 87611, 93191, 87281, 87621, 87481, 100901, 87541, 112371, 89681, 87850, 89961, 89141, 88112, 88701, 90361, 88861, 89110, 89891];[742878, 779228, 824349, 878030, 910691, 957310, 992851, 1017592, 1060072, 1096773, 1131993, 1185634, 1214234, 1260894, 1271325, 1304625, 1359775, 1390106, 1414716, 1498157, 1509077, 1543808, 1611268, 1621798, 1691709, 1702199, 1722420, 1848171, 1816061, 1865791, 1899602, 1923722, 1952682, 2004803, 2072744, 2097474, 2121074, 2163524, 2285636, 2296996, 2285475, 2316876, 2366527, 2398707, 2456968, 2519768, 2587060, 2590749, 2630400, 2656420];[698659, 715578, 703479, 706559, 719968, 708538, 704928, 707588, 705578, 708668, 717878, 712598, 711818, 708538, 717588, 711248, 708568, 711878, 704708, 705188, 706698, 705888, 713308, 700288, 726128, 715738, 720398, 719268, 700818, 714778, 701578, 711188, 703798, 710098, 719318, 711738, 711308, 706708, 720948, 734348, 707679, 714218, 719838, 712819, 718968, 729949, 715068, 710888, 723798, 713968]
T600V1000_0.0;600;1000;2;0.0;experiment_data/medium/T600V1000_0.0_T.csv;experiment_data/medium/T600V1000_0.0_V.csv;1600;2681;Snake;[1, 1, 1, 1, 1, 1, 1, 1, 1, 1, 1, 1, 1, 1, 1, 1, 1, 1, 1, 1, 1, 1, 1, 1, 1, 1, 1, 1, 1, 1, 1, 1, 1, 1, 1, 1, 1, 1, 1, 1, 1, 1, 1, 1, 1, 1, 1, 1, 1, 1];[3643721, 1875691, 1713369, 1763119, 1806661, 1927053, 1910051, 1986622, 1996974, 2142485, 2081704, 2158124, 2191846, 2388927, 2270385, 2580958, 2360636, 2529419, 2497948, 2495298, 2527519, 2663200, 2628720, 2736351, 2725522, 2780833, 2822162, 2864322, 2908973, 2956713, 2989314, 3059654, 3088646, 3134545, 3184227, 3265687, 3313697, 3312987, 3365798, 3494020, 3881064, 3581851, 3553610, 4172928, 3635662, 3702032, 3819543, 3906406, 3861285, 3878873];[2140734, 125721, 105021, 103091, 104692, 102272, 103101, 126611, 111852, 106691, 104991, 104721, 105802, 106581, 106171, 129791, 107841, 106411, 119301, 106511, 106531, 112481, 106061, 136922, 109622, 112532, 109372, 105691, 107431, 111771, 106901, 130871, 104172, 106441, 105722, 112371, 110351, 106661, 107971, 138102, 107321, 114392, 109871, 107582, 110052, 110301, 109261, 109532, 109382, 109651];[881700, 944631, 987821, 1038901, 1084822, 1143223, 1198093, 1253914, 1280144, 1334026, 1369586, 1434466, 1480527, 1570458, 1547957, 1823291, 1643549, 1696349, 1756810, 1777970, 1819621, 1945722, 1917532, 1990332, 2011163, 2055464, 2104633, 2146904, 2177445, 2235305, 2278576, 2317956, 2375487, 2422998, 2454118, 2532309, 2584809, 2600439, 2652230, 2737851, 3070275, 2836192, 2838682, 3370179, 2918483, 2980864, 3091495, 3158027, 3122256, 3159726];[621287, 805339, 620527, 621127, 617147, 681558, 608857, 606097, 604978, 701768, 607127, 618937, 605517, 711888, 616257, 627876, 609246, 726659, 621837, 610817, 601367, 604997, 605127, 609097, 604737, 612837, 608157, 611727, 624097, 609637, 603837, 610827, 608987, 605106, 624387, 621007, 618537, 605887, 605597, 618067, 703468, 631267, 605057, 695167, 607127, 610867, 618787, 638847, 629647, 609496]
T900V1000_0.2;900;1000;2;0.2;experiment_data/medium/T900V1000_0.2_T.csv;experiment_data/medium/T900V1000_0.2_V.csv;2393;2824;Snake;[1, 1, 1, 1, 1, 1, 1, 1, 1, 1, 1, 1, 1, 1, 1, 1, 1, 1, 1, 1, 1, 1, 1, 1, 1, 1, 1, 1, 1, 1, 1, 1, 1, 1, 1, 1, 1, 1, 1, 1, 1, 1, 1, 1, 1, 1, 1, 1, 1, 1];[5268030, 2325147, 2341487, 2430538, 2490878, 2739921, 2621839, 2744680, 2879743, 2856182, 2929304, 3023864, 3082604, 3118755, 3205826, 3293718, 3335258, 3403339, 3462558, 3592729, 4110207, 3700152, 3925175, 3890714, 3895543, 3974474, 4057946, 4113836, 4317689, 4292868, 4429771, 5032067, 4752464, 6593634, 4686833, 4809004, 5000377, 4920366, 4909176, 5366520, 5142978, 5277270, 5564073, 5292571, 5350941, 6445112, 6119140, 5558143, 6066659, 5807586];[3234827, 192703, 162142, 160512, 160292, 175552, 161661, 196582, 164552, 168682, 169442, 161672, 164951, 161732, 170211, 199913, 162252, 161682, 163451, 160361, 164402, 164772, 163572, 200542, 166011, 162711, 165462, 163272, 169422, 183042, 164122, 209882, 169632, 166152, 167882, 167872, 167022, 164982, 171022, 221082, 171012, 164342, 169552, 167082, 167102, 174631, 170862, 177532, 171442, 172253];[1373615, 1481677, 1516397, 1604188, 1675459, 1903601, 1810881, 1889821, 2046603, 2024982, 2102034, 2199105, 2260366, 2301086, 2381347, 2434998, 2521038, 2587899, 2641890, 2764051, 3253267, 2874692, 3072655, 3018084, 3067674, 3134395, 3223866, 3271546, 3462500, 3448799, 3582431, 4134067, 3901704, 3712582, 3843644, 3957754, 3923005, 4079656, 4064806, 4229608, 4313369, 4438630, 4434691, 4459941, 4506822, 5286750, 5275230, 4698843, 4843815, 4956456];[659588, 650767, 662948, 665838, 655127, 660768, 649297, 658277, 668588, 662518, 657828, 663087, 657287, 655937, 654268, 658807, 651968, 653758, 657217, 668317, 692538, 660688, 688948, 672088, 661858, 677368, 668618, 679018, 685767, 661027, 683218, 688118, 681128, 2714900, 675307, 683378, 910350, 675728, 673348, 915830, 658597, 674298, 959830, 665548, 677017, 983731, 673048, 681768, 1051402, 678877]
T600V1000_0.1;600;1000;2;0.1;experiment_data/medium/T600V1000_0.1_T.csv;experiment_data/medium/T600V1000_0.1_V.csv;1601;2742;Snake;[1, 1, 1, 1, 1, 1, 1, 1, 1, 1, 1, 1, 1, 1, 1, 1, 1, 1, 1, 1, 1, 1, 1, 1, 1, 1, 1, 1, 1, 1, 1, 1, 1, 1, 1, 1, 1, 1, 1, 1, 1, 1, 1, 1, 1, 1, 1, 1, 1, 1];[3668122, 1707399, 1762810, 1805411, 1865951, 1867001, 1931662, 1993463, 2026713, 2054403, 2123433, 2145355, 2434649, 2271147, 2300346, 2357727, 2381027, 2414687, 2455607, 2547409, 2550329, 2605559, 4460491, 2776852, 2763522, 2784321, 2993324, 2874292, 2908863, 2971714, 3560531, 3091756, 3102336, 3135476, 3358748, 3251576, 3309638, 3336498, 3565612, 3930235, 3513200, 3510150, 3733342, 3599331, 3697382, 3714223, 3944895, 3800833, 3894624, 4382389];[2145215, 127621, 104101, 106952, 106241, 105761, 104201, 129471, 105301, 104731, 105051, 105421, 104112, 122702, 104031, 135092, 105041, 104721, 104381, 104351, 104301, 120331, 118402, 134602, 105301, 105101, 104511, 103911, 103861, 104301, 104532, 149932, 105742, 105181, 105632, 104931, 104232, 105722, 105782, 136832, 108481, 106321, 105451, 106631, 106521, 107702, 106791, 106331, 106001, 106531];[900610, 953201, 1021671, 1068652, 1136063, 1135163, 1198343, 1228534, 1294135, 1322935, 1390075, 1417396, 1664259, 1524018, 1574248, 1596448, 1656148, 1675089, 1727549, 1804370, 1821411, 1858891, 1917471, 2000643, 2027903, 2038533, 2120974, 2147574, 2181005, 2243646, 2561189, 2313186, 2368437, 2402737, 2455847, 2508078, 2582059, 2593999, 2650630, 3133446, 2768312, 2778152, 2808262, 2859102, 2949393, 2968824, 2997814, 3052594, 3157346, 3606110];[622297, 626577, 637038, 629807, 623647, 626077, 629118, 635458, 627277, 626737, 628307, 622538, 666278, 624427, 622067, 626187, 619838, 634877, 623677, 638688, 624617, 626337, 2424618, 641607, 630318, 640687, 767839, 622807, 623997, 623767, 894810, 628638, 628157, 627558, 797269, 638567, 623347, 636777, 809200, 659957, 636407, 625677, 819629, 633598, 641468, 637697, 840290, 641908, 631277, 669748]
T1000V1000_0.3;1000;1000;2;0.3;experiment_data/medium/T1000V1000_0.3_T.csv;experiment_data/medium/T1000V1000_0.3_V.csv;2688;2925;Snake;[1, 1, 1, 1, 1, 1, 1, 1, 1, 1, 1, 1, 1, 1, 1, 1, 1, 1, 1, 1, 1, 1, 1, 1, 1, 1, 1, 1, 1, 1, 1, 1, 1, 1, 1, 1, 1, 1, 1, 1, 1, 1, 1, 1, 1, 1, 1, 1, 1, 1];[5737654, 2694720, 2539179, 2620660, 3210906, 2787562, 2856983, 3080805, 3014844, 3093485, 3299227, 3262098, 3328558, 3571461, 3843243, 3655852, 3782323, 3796583, 3857904, 4191207, 4154807, 4155378, 4319599, 4244519, 4271228, 6699486, 4445571, 4517583, 4897726, 4712543, 4952855, 5736846, 5108038, 5180328, 6034689, 5180479, 5359271, 5678424, 5786624, 5592853, 5914977, 5662833, 5798815, 6178480, 5937428, 6021288, 7176302, 6230000, 6452253, 6780947];[3560510, 204302, 172692, 169202, 169912, 173802, 172282, 204342, 173662, 173302, 174062, 171513, 174322, 172192, 190592, 209663, 172702, 174462, 178932, 176052, 174902, 181942, 174052, 215103, 176282, 174352, 179082, 174193, 175902, 176912, 174811, 223813, 187022, 186992, 178452, 178653, 177222, 175352, 178051, 227062, 177232, 180902, 178592, 179232, 178922, 181602, 181602, 182992, 187222, 184122];[1492786, 1577798, 1675139, 1764600, 2238235, 1921632, 1996783, 2073943, 2151584, 2231825, 2313056, 2400637, 2459948, 2559879, 2901433, 2738261, 2767441, 2904263, 2987324, 3161966, 3256877, 3266857, 3274737, 3328578, 3391068, 3479789, 3567010, 3642091, 3785733, 3829643, 4047266, 4530621, 4189657, 4272068, 4845585, 4277658, 4455911, 4489791, 4892995, 4655753, 4687543, 4765713, 4890215, 4931065, 5020747, 5112698, 5888857, 5311660, 5526433, 5459252];[684358, 912620, 691348, 686858, 802759, 692128, 687918, 802520, 689598, 688358, 812109, 689948, 694288, 839390, 751218, 707928, 842180, 717858, 691648, 853189, 723028, 706579, 870810, 700838, 703878, 3045345, 699479, 701299, 936091, 705988, 730778, 982412, 731359, 721268, 1010652, 724168, 726138, 1013281, 715578, 710038, 1050202, 716218, 730008, 1068183, 737759, 726988, 1105843, 735348, 738598, 1137573]
T1200V1000_0.3;1200;1000;2;0.3;experiment_data/medium/T1200V1000_0.3_T.csv;experiment_data/medium/T1200V1000_0.3_V.csv;3189;2994;Snake;[1, 1, 1, 1, 1, 1, 1, 1, 1, 1, 1, 1, 1, 1, 1, 1, 1, 1, 1, 1, 1, 1, 1, 1, 1, 1, 1, 1, 1, 1, 1, 1, 1, 1, 1, 1, 1, 1, 1, 1, 1, 1, 1, 1, 1, 1, 1, 1, 1, 1];[7080501, 2828232, 2873232, 3259557, 3298228, 3168037, 3427688, 3579060, 3674711, 4493330, 3651223, 4137748, 4060386, 3939255, 4544132, 4424990, 4400150, 4462490, 4660722, 5121369, 5604673, 5063897, 4939345, 5572004, 5178939, 5534152, 5347931, 6179090, 5589712, 6052948, 5660724, 5911637, 6432854, 6244381, 6728796, 6883538, 6642086, 6991529, 7156741, 6977799, 7248013, 7767548, 7795197, 7564605, 7866609, 7950680, 8216643, 8237314, 8108152, 8450536];[4357980, 268693, 213272, 210342, 217473, 210713, 221322, 258743, 213712, 213922, 213633, 213823, 241083, 222763, 218413, 267323, 211532, 215962, 218942, 211983, 222112, 219092, 219962, 262483, 230433, 220822, 227053, 229923, 254522, 217502, 218782, 277403, 229403, 259903, 218442, 220812, 234633, 225712, 221262, 296203, 223333, 227352, 237752, 249022, 229083, 288664, 252793, 243103, 258763, 227253];[1783331, 1889831, 1982173, 2230856, 2411517, 2279936, 2406197, 2643359, 2781362, 3422839, 2756302, 3167536, 2972314, 3042635, 3594721, 3300147, 3502250, 3576460, 3578460, 4186978, 4628272, 4129267, 4038076, 4573392, 4244518, 4596142, 4440191, 5185158, 4640103, 5138438, 4744904, 4939336, 5444342, 5270070, 5776295, 5893697, 5674475, 6062619, 6186590, 5970848, 6306891, 6704336, 6767196, 6555264, 6727176, 6931758, 7178091, 7185531, 7130231, 7449164];[939190, 669708, 677787, 818359, 669238, 677388, 800169, 676958, 679637, 856569, 681288, 756389, 846989, 673857, 730998, 857520, 686368, 670068, 863320, 722408, 754289, 715538, 681307, 736129, 703988, 717188, 680687, 764009, 695087, 697008, 697038, 694898, 759109, 714408, 734059, 769029, 732978, 703198, 748889, 710748, 717789, 835860, 790249, 760319, 910350, 730258, 785759, 808680, 719158, 774119]
T1000V1000_1.0;1000;1000;2;1.0;experiment_data/medium/T1000V1000_1.0_T.csv;experiment_data/medium/T1000V1000_1.0_V.csv;2724;3576;Snake;[1, 1, 1, 1, 1, 1, 1, 1, 1, 1, 1, 1, 1, 1, 1, 1, 1, 1, 1, 1, 1, 1, 1, 1, 1, 1, 1, 1, 1, 1, 1, 1, 1, 1, 1, 1, 1, 1, 1, 1, 1, 1, 1, 1, 1, 1, 1, 1, 1, 1];[6052579, 2632780, 2676180, 2852041, 2902233, 3149946, 3144956, 3169315, 3254318, 3510020, 3359018, 3612581, 3735982, 3854144, 3704622, 3919305, 4177997, 3968325, 6306822, 4538342, 4278787, 4690773, 4364538, 4448001, 5006817, 4685773, 4855305, 5928297, 5267129, 5073828, 5587014, 5155969, 5934438, 5680464, 5802316, 5697324, 6281101, 5983228, 6287701, 6379553, 6103579, 6743877, 6578985, 6547895, 6390544, 7540735, 6559454, 7208911, 7073529, 7440755];[3543580, 211452, 176182, 180231, 174382, 178632, 175692, 216112, 181213, 178012, 181102, 177502, 178092, 175612, 176502, 215193, 178032, 179842, 180122, 186122, 178911, 182322, 187451, 221143, 175892, 181342, 180512, 183482, 183922, 178682, 188062, 229993, 180042, 192482, 185172, 182322, 187482, 200632, 195842, 226023, 196032, 180853, 189382, 189893, 190043, 183742, 197692, 185682, 200442, 202342];[1489257, 1593688, 1682979, 1762860, 1899622, 2136804, 2047273, 2119524, 2235085, 2383988, 2338977, 2581530, 2594959, 2830982, 2692130, 2730961, 3118445, 2956573, 3099875, 3518440, 3256877, 3450709, 3338337, 3404049, 3769413, 3661651, 3821983, 4567962, 4227087, 4060486, 4247799, 4097826, 4789205, 4342849, 4748944, 4629212, 4869145, 4917206, 5237559, 4863596, 5038597, 5640424, 5153909, 5417831, 5334561, 5970777, 5468672, 6075889, 5631753, 6354643];[1019742, 827640, 817019, 908950, 828229, 834510, 921991, 833679, 838020, 948020, 838939, 853549, 962931, 847550, 835990, 973151, 881520, 831910, 3026825, 833780, 842999, 1057742, 838750, 822809, 1061512, 842780, 852810, 1176853, 856120, 834660, 1151153, 828150, 965191, 1145133, 868200, 885790, 1224474, 865390, 854300, 1289934, 868950, 922600, 1235694, 940171, 865940, 1386216, 893090, 947340, 1241334, 883770]
T700V1000_0.8;700;1000;2;0.8;experiment_data/medium/T700V1000_0.8_T.csv;experiment_data/medium/T700V1000_0.8_V.csv;1885;3170;Snake;[1, 1, 1, 1, 1, 1, 1, 1, 1, 1, 1, 1, 1, 1, 1, 1, 1, 1, 1, 1, 1, 1, 1, 1, 1, 1, 1, 1, 1, 1, 1, 1, 1, 1, 1, 1, 1, 1, 1, 1, 1, 1, 1, 1, 1, 1, 1, 1, 1, 1];[4277819, 2130434, 1967782, 2036703, 2100114, 2223996, 2203765, 2273785, 2298967, 2460447, 2412587, 2465417, 2526908, 2709041, 2631340, 2704451, 2734481, 2924663, 2844082, 2903623, 2944903, 3158105, 3060404, 3125924, 3164926, 3875005, 3272367, 3318328, 3380068, 3987936, 3493409, 3660941, 3632751, 3832863, 3778053, 4051235, 3818993, 3972646, 4022085, 4069236, 4026416, 4102896, 4134347, 4221258, 4329540, 4337778, 4361229, 4530531, 4504130, 4534301];[2527499, 148392, 122231, 122161, 125002, 120572, 120091, 146241, 120802, 121591, 120571, 119361, 119921, 120451, 119831, 145602, 119242, 122641, 125621, 118811, 119971, 122241, 133511, 161631, 126882, 120762, 122801, 121742, 127981, 120252, 122831, 167231, 137992, 123741, 120592, 128991, 123601, 121632, 122791, 162182, 122272, 128122, 122641, 123861, 126992, 126621, 126371, 124802, 125801, 124451];[1036312, 1075842, 1130093, 1189384, 1256074, 1316015, 1360166, 1407226, 1474697, 1529057, 1573418, 1642948, 1696059, 1743810, 1798121, 1839511, 1896061, 1953913, 2005473, 2071794, 2109944, 2165634, 2210645, 2244645, 2320366, 2815552, 2433748, 2473968, 2541689, 2956223, 2653350, 2770682, 2754651, 2810552, 2936913, 3185956, 2981093, 3114386, 3184416, 3173736, 3179796, 3253096, 3292378, 3373128, 3467029, 3468169, 3502900, 3674071, 3642851, 3673701];[714008, 906200, 715458, 725158, 719038, 787409, 723508, 720318, 703468, 809799, 718598, 703108, 710928, 844780, 713388, 719338, 719178, 848109, 712988, 713018, 714988, 870230, 716248, 719648, 717678, 938691, 715818, 722618, 710398, 911461, 717228, 723028, 740108, 898570, 720548, 736288, 714299, 736628, 714878, 733318, 724348, 721678, 719328, 724269, 735519, 742988, 731958, 731658, 735478, 736149]
T1100V1000_0.0;1100;1000;2;0.0;experiment_data/medium/T1100V1000_0.0_T.csv;experiment_data/medium/T1100V1000_0.0_V.csv;2949;2675;Snake;[1, 1, 1, 1, 1, 1, 1, 1, 1, 1, 1, 1, 1, 1, 1, 1, 1, 1, 1, 1, 1, 1, 1, 1, 1, 1, 1, 1, 1, 1, 1, 1, 1, 1, 1, 1, 1, 1, 1, 1, 1, 1, 1, 1, 1, 1, 1, 1, 1, 1];[6363342, 2613730, 2654100, 2760391, 2858572, 2989173, 3051474, 3144546, 3172596, 3419009, 3382718, 3649663, 3783963, 3707152, 3746412, 4214508, 3988225, 3982556, 4060516, 4835315, 4297299, 4353009, 4447720, 4553402, 4638812, 4679782, 4815914, 4928915, 5269780, 5041907, 5164168, 5301960, 5347050, 5518832, 6430694, 5655814, 5984088, 6436172, 8640227, 6213880, 6101518, 6639036, 6408514, 6428613, 6877618, 6536555, 7022849, 7250943, 7026959, 7045600];[3880254, 244203, 191832, 202092, 198292, 205602, 191602, 232403, 194363, 195172, 198792, 199753, 195252, 192712, 200342, 238292, 253823, 201303, 195442, 200562, 232003, 196322, 197002, 252553, 199632, 198352, 196782, 195872, 197923, 199033, 205202, 247193, 205212, 202352, 201343, 257403, 198982, 214572, 204462, 279303, 216092, 210103, 206293, 208903, 208292, 204923, 206562, 213743, 209792, 218293];[1861041, 1756760, 1848812, 1954352, 2055343, 2160414, 2245265, 2301726, 2368316, 2601350, 2581169, 2823572, 2966773, 2893373, 2929873, 3293618, 3120105, 3155416, 3258347, 3928765, 3436899, 3540651, 3635151, 3697113, 3822543, 3854923, 4002605, 4118596, 4441790, 4215867, 4332870, 4432450, 4528661, 4699173, 5536733, 4783944, 5137908, 5539133, 5152218, 5289239, 5257749, 5477222, 5566543, 5594703, 5693404, 5715065, 6156000, 6001948, 6183920, 6183360];[622047, 612767, 613456, 603947, 604937, 623157, 614607, 610417, 609917, 622487, 602757, 626338, 621938, 621067, 616197, 682598, 614297, 625837, 606727, 705988, 628397, 616036, 615567, 603736, 616637, 626507, 616527, 614447, 630067, 627007, 626096, 622317, 613177, 617307, 692618, 614467, 647198, 682467, 3283547, 645338, 627677, 951711, 635678, 625007, 975922, 616567, 660287, 1035252, 633247, 643947]
T800V1000_0.4;800;1000;2;0.4;experiment_data/medium/T800V1000_0.4_T.csv;experiment_data/medium/T800V1000_0.4_V.csv;2135;2964;Snake;[1, 1, 1, 1, 1, 1, 1, 1, 1, 1, 1, 1, 1, 1, 1, 1, 1, 1, 1, 1, 1, 1, 1, 1, 1, 1, 1, 1, 1, 1, 1, 1, 1, 1, 1, 1, 1, 1, 1, 1, 1, 1, 1, 1, 1, 1, 1, 1, 1, 1];[4696464, 2071743, 2110844, 2358067, 2271755, 2313626, 2388587, 2456568, 2799451, 2562790, 2616129, 2676291, 2734351, 2802572, 4633673, 3020134, 3091604, 3052044, 3239927, 3187165, 3295608, 3289347, 3537511, 3557181, 3491749, 3624712, 3768313, 3676022, 3751183, 3818263, 4032935, 3960885, 4048966, 4023966, 4301519, 4158367, 4281539, 4390860, 4703294, 4491121, 4503791, 4541621, 4884395, 4684012, 4864595, 4796055, 5170329, 4957077, 5012857, 5166209];[2859483, 167672, 140032, 138882, 138881, 140462, 139472, 164552, 138311, 147192, 138481, 139602, 137842, 140202, 139682, 172772, 141081, 143841, 139042, 146611, 146992, 140731, 138822, 171022, 139541, 152212, 139132, 139442, 139512, 139151, 139161, 173442, 142772, 140691, 139712, 140592, 140552, 140132, 140332, 187712, 141252, 140001, 140341, 148241, 143872, 145812, 142501, 143432, 143452, 142412];[1189934, 1269684, 1319545, 1541978, 1481606, 1530277, 1602218, 1649858, 1887581, 1776381, 1836431, 1896812, 1954072, 2018873, 2087353, 2194624, 2271406, 2261865, 2323566, 2395657, 2504209, 2508549, 2599410, 2740351, 2702421, 2815292, 2808072, 2885123, 2955173, 3019125, 3057125, 3136886, 3253877, 3238367, 3309417, 3364278, 3478300, 3593310, 3677612, 3645891, 3710392, 3753243, 3859174, 3878734, 4044805, 3995145, 4101237, 4153567, 4206338, 4362260];[647047, 634387, 651267, 677207, 651268, 642887, 646897, 642158, 773559, 639217, 641217, 639877, 642437, 643497, 2406638, 652738, 679117, 646338, 777319, 644897, 644407, 640067, 799279, 645808, 649787, 657208, 821109, 651457, 656498, 659987, 836649, 650557, 652317, 644908, 852390, 653497, 662687, 657418, 885350, 657518, 652147, 648377, 884880, 657037, 675918, 655098, 926591, 660078, 663067, 661537]
T1100V1000_0.1;1100;1000;2;0.1;experiment_data/medium/T1100V1000_0.1_T.csv;experiment_data/medium/T1100V1000_0.1_V.csv;2964;2750;Snake;[1, 1, 1, 1, 1, 1, 1, 1, 1, 1, 1, 1, 1, 1, 1, 1, 1, 1, 1, 1, 1, 1, 1, 1, 1, 1, 1, 1, 1, 1, 1, 1, 1, 1, 1, 1, 1, 1, 1, 1, 1, 1, 1, 1, 1, 1, 1, 1, 1, 1];[6446984, 2645371, 2725041, 2975063, 2927354, 3047824, 3407409, 3236117, 3302108, 3610802, 3470959, 3509160, 3765083, 3678982, 3760023, 4117607, 3891884, 4018506, 4471501, 4240848, 4415540, 4654602, 4735123, 5092488, 4993186, 4847626, 5680914, 4913765, 5077717, 5134969, 5255190, 5390852, 5439912, 5522183, 5609813, 5752985, 5937267, 5981168, 6060259, 6181960, 6250100, 6252732, 6349572, 6531354, 6555844, 6635285, 6784507, 7777079, 7785319, 7217773];[3895264, 239223, 198463, 254423, 200633, 196742, 197782, 243173, 201063, 199703, 207392, 195532, 194342, 209312, 193452, 241163, 194982, 195953, 222053, 200382, 195003, 199802, 198112, 249413, 214312, 211283, 196662, 206502, 197802, 198102, 195772, 247973, 201233, 202532, 215682, 201602, 200792, 204902, 198712, 252693, 207022, 202393, 207842, 209232, 203382, 205522, 207312, 206123, 246763, 228343];[1650549, 1766701, 1896251, 1963422, 2076284, 2204445, 2421668, 2352397, 2454507, 2615250, 2627749, 2670750, 2755152, 2833953, 2915153, 3039774, 3063105, 3171386, 3395678, 3401399, 3554660, 3591081, 3860254, 4192158, 3884194, 3991856, 4791514, 4067016, 4226928, 4290189, 4406241, 4488591, 4578712, 4665653, 4742894, 4905376, 5074188, 5119178, 5208729, 5264059, 5384621, 5389692, 5471842, 5658184, 5689544, 5756136, 5913588, 6778007, 6861818, 6294492];[901171, 639447, 630327, 757218, 650437, 646637, 787959, 640547, 646538, 795849, 635818, 642878, 815589, 635717, 651418, 836670, 633797, 651167, 853770, 639067, 665877, 863719, 676757, 650917, 894680, 644487, 692738, 640247, 652987, 646678, 653177, 654288, 659967, 653998, 651237, 646007, 662287, 657088, 652818, 665208, 658457, 660647, 669888, 663938, 662918, 673627, 663607, 792949, 676738, 694938]
T600V1000_0.2;600;1000;2;0.2;experiment_data/medium/T600V1000_0.2_T.csv;experiment_data/medium/T600V1000_0.2_V.csv;1592;2792;Snake;[1, 1, 1, 1, 1, 1, 1, 1, 1, 1, 1, 1, 1, 1, 1, 1, 1, 1, 1, 1, 1, 1, 1, 1, 1, 1, 1, 1, 1, 1, 1, 1, 1, 1, 1, 1, 1, 1, 1, 1, 1, 1, 1, 1, 1, 1, 1, 1, 1, 1];[3783883, 1902372, 1760850, 1794310, 1835481, 1913402, 1943662, 2013614, 2026953, 2069864, 2107545, 2155195, 2208395, 2258145, 2278325, 2348277, 2383507, 2439047, 2489208, 2543449, 2592999, 2610780, 2655760, 3052885, 3069475, 2806441, 2843083, 2906543, 2933923, 2978124, 3034635, 3163146, 3125326, 3156806, 3197236, 3239866, 3313707, 3386699, 3418079, 3488720, 3480810, 3516580, 3583650, 3624521, 4243148, 4091217, 3861344, 3815363, 3908825, 3895574];[2262266, 127762, 104531, 105351, 104511, 106141, 119601, 141632, 105221, 103951, 104162, 104152, 104221, 105871, 103811, 126491, 118322, 105301, 103551, 104462, 105311, 105291, 104001, 128912, 108431, 106031, 107521, 104021, 103781, 111081, 104372, 131161, 105321, 105911, 103691, 105551, 105521, 105681, 105971, 140662, 105552, 105262, 105351, 105241, 105181, 115452, 109652, 107721, 107401, 108171];[891780, 950811, 1023451, 1044532, 1092353, 1175953, 1193914, 1231724, 1291925, 1332775, 1362845, 1412656, 1465157, 1504877, 1540447, 1592038, 1635578, 1692029, 1737120, 1799720, 1836101, 1868551, 1920232, 2271926, 2289906, 2061783, 2105534, 2149885, 2188155, 2229305, 2297355, 2369237, 2386458, 2416428, 2446058, 2500788, 2567659, 2625830, 2670331, 2691991, 2739371, 2776362, 2827632, 2874413, 3440130, 3312677, 3078745, 3066775, 3150976, 3154396];[629837, 823799, 632868, 644427, 638617, 631308, 630147, 640258, 629807, 633138, 640538, 638387, 639017, 647397, 634067, 629748, 629607, 641717, 648537, 639267, 651587, 636938, 631527, 652047, 671138, 638627, 630028, 652637, 641987, 637738, 632908, 662748, 633547, 634467, 647487, 633527, 640527, 655188, 641777, 656067, 635887, 634956, 650667, 644867, 697837, 663088, 672947, 640867, 650448, 633007]
T500V1000_0.5;500;1000;2;0.5;experiment_data/medium/T500V1000_0.5_T.csv;experiment_data/medium/T500V1000_0.5_V.csv;1350;2895;Snake;[1, 1, 1, 1, 1, 1, 1, 1, 1, 1, 1, 1, 1, 1, 1, 1, 1, 1, 1, 1, 1, 1, 1, 1, 1, 1, 1, 1, 1, 1, 1, 1, 1, 1, 1, 1, 1, 1, 1, 1, 1, 1, 1, 1, 1, 1, 1, 1, 1, 1];[3234687, 1534477, 1749550, 1602428, 1654969, 1667139, 1783140, 1800290, 1803341, 1842711, 1967192, 1924562, 1953032, 1997213, 2146916, 2083864, 2122684, 2136964, 2301376, 2227745, 2255486, 2293386, 2452958, 2371906, 2410078, 2433677, 2620910, 2934093, 2607770, 2655560, 2795652, 2768162, 2734741, 2763331, 2828862, 2871903, 2864353, 2936053, 2976524, 3073894, 3026204, 3088525, 3104615, 3722402, 3172825, 3215017, 3244827, 3328577, 3326956, 3373839];[1844491, 109241, 88191, 86901, 86961, 86651, 86581, 121442, 86392, 86021, 86901, 85881, 85211, 85061, 86592, 107131, 87161, 86891, 93991, 86541, 88071, 86221, 85911, 109961, 87611, 89601, 87441, 86371, 96171, 87871, 87461, 110572, 103351, 88591, 87131, 89381, 88511, 86981, 88421, 112201, 87241, 88201, 88531, 87271, 94601, 88641, 89171, 106831, 88610, 87721];[743379, 774408, 826579, 872020, 914361, 937940, 972071, 1026171, 1059682, 1095082, 1133492, 1192983, 1216594, 1267475, 1309445, 1315275, 1382056, 1401836, 1446806, 1494727, 1518827, 1553487, 1601168, 1609998, 1662579, 1689999, 1743830, 2092693, 1835741, 1894282, 1903472, 1998973, 1980952, 2030683, 2076874, 2114895, 2128474, 2184884, 2233936, 2290706, 2282716, 2346127, 2352756, 2921043, 2430117, 2481678, 2504808, 2573849, 2592959, 2642020];[646817, 650828, 834780, 643507, 653647, 642548, 724488, 652677, 657267, 661608, 746799, 645698, 651227, 644677, 750879, 661458, 653467, 648237, 760579, 646477, 648588, 653678, 765879, 651947, 659888, 654077, 789639, 755029, 675858, 673407, 804719, 658617, 650438, 644057, 664857, 667627, 647368, 664188, 654167, 670987, 656247, 654197, 663328, 714088, 648107, 644698, 650848, 647897, 645387, 644098]
T1200V1000_0.9;1200;1000;2;0.9;experiment_data/medium/T1200V1000_0.9_T.csv;experiment_data/medium/T1200V1000_0.9_V.csv;3217;3611;Snake;[1, 1, 1, 1, 1, 1, 1, 1, 1, 1, 1, 1, 1, 1, 1, 1, 1, 1, 1, 1, 1, 1, 1, 1, 1, 1, 1, 1, 1, 1, 1, 1, 1, 1, 1, 1, 1, 1, 1, 1, 1, 1, 1, 1, 1, 1, 1, 1, 1, 1];[7143421, 3015504, 3053975, 3265897, 3333778, 3906833, 3466249, 3616111, 3676843, 3767063, 3861354, 3968006, 4057957, 4643683, 4248437, 4370139, 4430210, 5004238, 4650432, 4744674, 4977646, 5120079, 5256130, 5286130, 5222710, 5435431, 5468832, 5508703, 5655323, 6546664, 5900957, 6978560, 6075219, 6161570, 6279571, 6429393, 6487714, 6754977, 6698527, 6890128, 6932598, 7128730, 7742718, 7178782, 7302433, 7592266, 7513166, 7806688, 7855429, 7878988];[4258208, 247653, 203053, 207162, 204622, 214302, 206792, 249893, 206083, 210893, 205713, 205113, 205593, 215762, 208342, 261283, 221063, 209053, 211002, 206013, 208762, 209463, 206363, 272433, 214303, 213322, 213092, 211913, 229102, 212162, 229903, 264583, 243053, 213633, 214292, 231562, 216203, 214642, 219263, 284233, 219992, 237552, 222312, 222093, 221382, 221582, 224953, 241263, 225792, 232502];[1787271, 1911752, 1998523, 2105274, 2279816, 2836772, 2411358, 2509288, 2619960, 2698030, 2802022, 2913173, 2999774, 3573561, 3178846, 3250957, 3354418, 3931565, 3590701, 3685442, 3917664, 4056606, 4164927, 4141177, 4150827, 4344789, 4386760, 4426581, 4554681, 5440072, 4790784, 5744076, 4946826, 5077127, 5183219, 5312970, 5368191, 5641074, 5573523, 5689455, 5783196, 5982928, 6570315, 6038639, 6175681, 6448903, 6375822, 6645705, 6708197, 6710506];[1097942, 856099, 852399, 953461, 849340, 855759, 848099, 856930, 850800, 858140, 853619, 849720, 852590, 854360, 861249, 857899, 854729, 863620, 848729, 853219, 851220, 854010, 884840, 872520, 857580, 877320, 868980, 870209, 871540, 894430, 880270, 969901, 885340, 870810, 882060, 884861, 903320, 899261, 905741, 916440, 929410, 908250, 950091, 918050, 905370, 921781, 912391, 919720, 921440, 935980]
T1400V1000_0.3;1400;1000;2;0.3;experiment_data/medium/T1400V1000_0.3_T.csv;experiment_data/medium/T1400V1000_0.3_V.csv;3731;3045;Snake;[1, 1, 1, 1, 1, 1, 1, 1, 1, 1, 1, 1, 1, 1, 1, 1, 1, 1, 1, 1, 1, 1, 1, 1, 1, 1, 1, 1, 1, 1, 1, 1, 1, 1, 1, 1, 1, 1, 1, 1, 1, 1, 1, 1, 1, 1, 1, 1, 1, 1];[8535238, 3247407, 3417660, 3569830, 3580321, 3676002, 3948696, 3962734, 4018916, 4311798, 4209337, 4355210, 4653803, 4580132, 4678934, 5054197, 4915706, 5063328, 5409081, 6340322, 5445961, 7156352, 6722086, 5951869, 6278401, 6280411, 6168251, 6333581, 6452503, 6537244, 6787397, 6878818, 6956939, 7094481, 7228032, 7370715, 7627286, 7669717, 7827278, 8120582, 8026291, 9587080, 8269033, 8975313, 9060784, 9533748, 9246814, 9814491, 9345316, 10584129];[5020587, 317744, 262954, 267583, 264203, 262793, 260754, 323153, 269473, 267543, 260022, 280783, 285043, 264173, 270363, 323803, 262603, 264693, 275463, 276583, 274273, 266523, 308683, 372475, 278483, 276963, 289714, 277653, 284523, 275293, 296463, 347034, 287483, 287624, 283483, 282884, 306253, 284133, 294103, 352424, 294983, 290954, 310383, 304454, 303394, 299933, 312333, 321254, 338844, 319473];[2497909, 2237126, 2454748, 2487388, 2615830, 2720561, 2852263, 2936323, 3044104, 3167645, 3246417, 3361628, 3479490, 3605821, 3694242, 3826084, 3951196, 4081247, 4189728, 5313971, 4453760, 5603344, 5485343, 4848836, 5001517, 5261459, 5132698, 5320860, 5440482, 5523403, 5732655, 5795066, 5930547, 6062458, 6195180, 6335682, 6547744, 6636496, 6783537, 6997680, 6956629, 8394016, 7183202, 7870520, 7968101, 8421066, 8115252, 8673918, 8208393, 9343946];[1016742, 692537, 699958, 814859, 700288, 692648, 835679, 703258, 705339, 876610, 702898, 712799, 889270, 710138, 714329, 904310, 701907, 717388, 943890, 749768, 717928, 1286485, 928060, 730558, 998401, 741989, 745839, 735068, 727498, 738548, 758279, 736718, 738909, 744399, 749369, 752149, 773289, 749088, 749638, 770478, 774679, 902110, 775448, 800339, 789289, 812749, 819229, 819319, 798079, 920710]
T600V1000_0.6;600;1000;2;0.6;experiment_data/medium/T600V1000_0.6_T.csv;experiment_data/medium/T600V1000_0.6_V.csv;1606;2998;Snake;[1, 1, 1, 1, 1, 1, 1, 1, 1, 1, 1, 1, 1, 1, 1, 1, 1, 1, 1, 1, 1, 1, 1, 1, 1, 1, 1, 1, 1, 1, 1, 1, 1, 1, 1, 1, 1, 1, 1, 1, 1, 1, 1, 1, 1, 1, 1, 1, 1, 1];[3690593, 1725299, 1763300, 1957583, 1866432, 1934032, 1978422, 2118814, 2049083, 2101663, 2143464, 2284756, 2237815, 2568299, 2325347, 2516809, 2437588, 2453438, 2520668, 2553910, 2590889, 2653540, 2695110, 2749561, 2777652, 3138166, 2892593, 2913723, 2994334, 3337098, 3085975, 3177695, 3244728, 3223726, 3268327, 3271558, 3358318, 3362639, 3436009, 3496540, 3514968, 3544202, 3655632, 3662481, 3689652, 3764243, 3852263, 3841734, 3872144, 4436780];[2142175, 127361, 103892, 105182, 104592, 105421, 104331, 128521, 103821, 103701, 104021, 108731, 104731, 103751, 108882, 127732, 104471, 107202, 104011, 104792, 111461, 106821, 105111, 134151, 105341, 106051, 122712, 110611, 105391, 107702, 107161, 133901, 106492, 106271, 106291, 106152, 105461, 106242, 105361, 135662, 105010, 105632, 106211, 106561, 106421, 106141, 106611, 107681, 106481, 106571];[878460, 938851, 994311, 1034152, 1097423, 1142812, 1197223, 1222094, 1265914, 1319325, 1358915, 1408076, 1467447, 1703589, 1548748, 1588048, 1652289, 1683979, 1736800, 1773770, 1821740, 1887831, 1917871, 1953963, 2009373, 2214385, 2098814, 2143225, 2196395, 2547188, 2310196, 2381407, 2456798, 2442758, 2495099, 2504978, 2580269, 2580130, 2656650, 2681980, 2740560, 2769282, 2884243, 2868823, 2907053, 2988954, 3070895, 3069955, 3091336, 3511720];[669958, 659087, 665097, 818249, 664417, 685799, 676868, 768199, 679348, 678637, 680528, 767949, 665637, 760959, 667717, 801029, 680828, 662257, 679857, 675348, 657688, 658888, 672128, 661447, 662938, 817730, 671067, 659887, 692548, 682208, 668618, 662387, 681438, 674697, 666937, 660428, 672588, 676267, 673998, 678898, 669398, 669288, 665178, 687097, 676178, 669148, 674757, 664098, 674327, 818489]
T700V1000_0.4;700;1000;2;0.4;experiment_data/medium/T700V1000_0.4_T.csv;experiment_data/medium/T700V1000_0.4_V.csv;1847;2903;Snake;[1, 1, 1, 1, 1, 1, 1, 1, 1, 1, 1, 1, 1, 1, 1, 1, 1, 1, 1, 1, 1, 1, 1, 1, 1, 1, 1, 1, 1, 1, 1, 1, 1, 1, 1, 1, 1, 1, 1, 1, 1, 1, 1, 1, 1, 1, 1, 1, 1, 1];[4159537, 1905031, 1926982, 1997653, 2066013, 2102715, 2166815, 2235216, 2270026, 2321376, 2372536, 2446949, 2467078, 2539999, 2697020, 2666370, 2694091, 2740222, 2810092, 2900174, 2917754, 2983434, 3041885, 3499949, 3173097, 3197287, 5188958, 3410909, 3418468, 3415349, 3638792, 3562381, 3569030, 3663921, 3866823, 3750313, 3807393, 3832084, 4108986, 4052315, 4059667, 4065647, 4342969, 4189167, 4377891, 4344350, 4649893, 4391730, 4469620, 4520691];[2470608, 146641, 120491, 121992, 125741, 120402, 119491, 149452, 121272, 120751, 119941, 125032, 119932, 121801, 120381, 151821, 125512, 120582, 126981, 120672, 119952, 120162, 121501, 153682, 124122, 123662, 127011, 126772, 126091, 124312, 122682, 157492, 124431, 123611, 122891, 124322, 121971, 123861, 122801, 177082, 125612, 128612, 130721, 125941, 123452, 154822, 125402, 130162, 125301, 125351];[1035852, 1105192, 1143333, 1222043, 1282534, 1324985, 1391956, 1426376, 1485467, 1543338, 1586938, 1665559, 1680689, 1754960, 1917992, 1862352, 1907082, 1964862, 2024263, 2112914, 2143544, 2209695, 2251806, 2668910, 2385957, 2407598, 2479638, 2618670, 2600099, 2630590, 2682430, 2739631, 2783822, 2857443, 2893602, 2951094, 3005805, 3038295, 3107265, 3169005, 3253817, 3256137, 3341968, 3381979, 3490950, 3501150, 3617921, 3591140, 3667921, 3715642];[653077, 653198, 663158, 653618, 657738, 657328, 655368, 659388, 663287, 657287, 665657, 656358, 666457, 663238, 658647, 652197, 661497, 654778, 658848, 666588, 654258, 653577, 668578, 677357, 663018, 666027, 2582309, 665467, 692278, 660447, 833680, 665258, 660777, 682867, 850330, 674897, 679617, 669928, 878920, 706228, 680238, 680898, 870280, 681247, 763489, 688378, 906570, 670428, 676398, 679698]
T900V1000_0.7;900;1000;2;0.7;experiment_data/medium/T900V1000_0.7_T.csv;experiment_data/medium/T900V1000_0.7_V.csv;2382;3202;Snake;[1, 1, 1, 1, 1, 1, 1, 1, 1, 1, 1, 1, 1, 1, 1, 1, 1, 1, 1, 1, 1, 1, 1, 1, 1, 1, 1, 1, 1, 1, 1, 1, 1, 1, 1, 1, 1, 1, 1, 1, 1, 1, 1, 1, 1, 1, 1, 1, 1, 1];[5297210, 2593009, 2406528, 2502149, 2674821, 2674059, 2733491, 2793952, 2843333, 2896253, 3037175, 3037255, 3116416, 3187926, 3247417, 3374158, 3406649, 3560931, 3562180, 3605891, 3652181, 3753643, 3821594, 3978566, 3973466, 4167107, 4160547, 4246058, 4419300, 4417109, 4434090, 5138960, 4586672, 4612611, 4712884, 4787444, 4851885, 4924586, 5189629, 5154839, 5201709, 5219899, 5292170, 5447542, 5445113, 6301362, 5702035, 5821076, 5853536, 5964888];[3201136, 186602, 158252, 174822, 157022, 158791, 157011, 188532, 160922, 159742, 156472, 156762, 156242, 155802, 159072, 194592, 154992, 156452, 175122, 158392, 157991, 158162, 156972, 191013, 158602, 160822, 164552, 158712, 158642, 164541, 162021, 196683, 164012, 164951, 159822, 163742, 174962, 157812, 159362, 206113, 167582, 167832, 161662, 169232, 168093, 163692, 182842, 161002, 165451, 166672];[1351985, 1417036, 1504777, 1582038, 1644029, 1769620, 1822351, 1861021, 1938802, 1984642, 2124894, 2130324, 2215245, 2292566, 2345686, 2430108, 2500869, 2650260, 2622440, 2701780, 2745091, 2847662, 2907553, 3021924, 3059585, 3243806, 3239586, 3335048, 3475580, 3474330, 3502580, 4130367, 3659152, 3683921, 3797573, 3855834, 3911274, 3989865, 4240968, 4172887, 4255348, 4290319, 4353329, 4501241, 4502602, 5317271, 4750464, 4850205, 4896576, 5006437];[744089, 989371, 743499, 745289, 873770, 745648, 754129, 744399, 743609, 751869, 755809, 750169, 744929, 739558, 742659, 749458, 750788, 754219, 764618, 745719, 749099, 747819, 757069, 765629, 755279, 762479, 756409, 752298, 785078, 778238, 769489, 811910, 763508, 763739, 755489, 767868, 765649, 776909, 789299, 775839, 778779, 761748, 777179, 777069, 774418, 820399, 768729, 809869, 791509, 791779]
T900V1000_0.3;900;1000;2;0.3;experiment_data/medium/T900V1000_0.3_T.csv;experiment_data/medium/T900V1000_0.3_V.csv;2363;2905;Snake;[1, 1, 1, 1, 1, 1, 1, 1, 1, 1, 1, 1, 1, 1, 1, 1, 1, 1, 1, 1, 1, 1, 1, 1, 1, 1, 1, 1, 1, 1, 1, 1, 1, 1, 1, 1, 1, 1, 1, 1, 1, 1, 1, 1, 1, 1, 1, 1, 1, 1];[5268020, 2330206, 2585009, 2457848, 2524577, 2727291, 2670850, 2774511, 2952663, 3163606, 2967924, 3055855, 3152936, 3183817, 3222797, 3335538, 3370098, 3454430, 3535170, 3610711, 3691983, 3806014, 3787133, 3903364, 4469351, 3980455, 4092117, 4138107, 4192877, 4271318, 4330170, 4456261, 4664933, 4629312, 4677223, 4720143, 4793534, 4882166, 4940994, 5090987, 5176058, 5246939, 5338801, 5290561, 5422652, 5454732, 5621073, 5631664, 5689354, 5794366];[3216057, 199532, 165501, 163072, 162001, 165152, 160882, 194262, 162552, 163302, 167062, 178882, 172842, 163892, 164582, 195463, 162672, 171362, 162032, 163362, 163032, 166942, 163192, 196662, 168062, 173002, 163142, 164562, 166712, 163782, 164122, 199872, 165102, 239973, 173182, 166832, 163932, 185072, 164611, 212092, 173521, 173792, 170372, 168352, 166122, 171072, 170031, 173092, 171192, 172742];[1372186, 1457807, 1540168, 1612888, 1684669, 1755480, 1819480, 1901951, 1970982, 2280706, 2124554, 2189615, 2301656, 2323046, 2383938, 2455567, 2523168, 2607110, 2680030, 2771652, 2854433, 2965664, 2950514, 3032594, 3599851, 3132045, 3235147, 3279928, 3346018, 3427648, 3489510, 3569281, 3691292, 3702702, 3818833, 3868934, 3939374, 4005916, 4070355, 4180697, 4290769, 4373960, 4451071, 4423281, 4553702, 4581772, 4756494, 4768634, 4814495, 4909366];[679777, 672867, 879340, 681888, 677907, 806659, 690488, 678298, 819129, 719598, 676308, 687358, 678438, 696879, 674277, 684508, 684258, 675958, 693108, 675697, 674518, 673408, 673427, 674108, 701438, 675408, 693828, 693617, 680147, 679888, 676538, 687108, 808539, 686637, 685208, 684377, 690228, 691178, 706028, 698198, 711768, 699187, 717358, 698928, 702828, 701888, 694548, 689938, 703667, 712258]
T700V1000_0.9;700;1000;2;0.9;experiment_data/medium/T700V1000_0.9_T.csv;experiment_data/medium/T700V1000_0.9_V.csv;1848;3233;Snake;[1, 1, 1, 1, 1, 1, 1, 1, 1, 1, 1, 1, 1, 1, 1, 1, 1, 1, 1, 1, 1, 1, 1, 1, 1, 1, 1, 1, 1, 1, 1, 1, 1, 1, 1, 1, 1, 1, 1, 1, 1, 1, 1, 1, 1, 1, 1, 1, 1, 1];[4215017, 1959101, 2000882, 2072804, 3836473, 2208496, 2263886, 2285406, 2413867, 2365577, 2429107, 2489348, 2628779, 2567338, 2625190, 2727382, 2871002, 2790501, 2843893, 2904833, 3126425, 2997474, 3088865, 3130726, 3300487, 3339859, 3259906, 3323458, 3572941, 3459980, 3554411, 3748173, 3799172, 3725762, 3762182, 3804972, 4065177, 3859584, 3942885, 4037946, 4264158, 4135176, 4354260, 4699063, 4589402, 4380091, 4379550, 5294590, 4754083, 4720394];[2464328, 152211, 121131, 123491, 122211, 143162, 125672, 150542, 135692, 122512, 136771, 127571, 122541, 122741, 120951, 156242, 123811, 121451, 121212, 123141, 121961, 122301, 123252, 152722, 123411, 122492, 122441, 122542, 122392, 140032, 139442, 153302, 130821, 123671, 124511, 124021, 124302, 122832, 124751, 158842, 124021, 125551, 124002, 129042, 145892, 126782, 131962, 126592, 132151, 128682];[1029381, 1086032, 1159243, 1222664, 1277185, 1329915, 1409726, 1413936, 1464636, 1525687, 1578407, 1632358, 1682779, 1724629, 1767871, 1835972, 1891292, 1938712, 2002443, 2061894, 2130224, 2152415, 2232905, 2243325, 2304496, 2490438, 2413507, 2484108, 2535548, 2587810, 2690111, 2864862, 2753061, 2866973, 2901743, 2952793, 3019074, 3011944, 3068925, 3139265, 3194676, 3278757, 3479259, 3782332, 3467269, 3504960, 3509990, 4323499, 3636031, 3839623];[721308, 720858, 720508, 726649, 2437077, 735419, 728488, 720928, 813539, 717378, 713929, 729419, 823459, 719968, 736368, 735168, 855899, 730338, 720238, 719798, 874240, 722758, 732708, 734679, 872580, 726929, 723958, 716808, 915001, 732138, 724858, 730009, 915290, 735118, 735928, 728158, 921801, 724808, 749209, 739839, 945461, 730868, 750999, 787689, 976241, 748349, 737598, 844499, 985901, 752089]
T1300V1000_0.5;1300;1000;2;0.5;experiment_data/medium/T1300V1000_0.5_T.csv;experiment_data/medium/T1300V1000_0.5_V.csv;3505;3247;Snake;[1, 1, 1, 1, 1, 1, 1, 1, 1, 1, 1, 1, 1, 1, 1, 1, 1, 1, 1, 1, 1, 1, 1, 1, 1, 1, 1, 1, 1, 1, 1, 1, 1, 1, 1, 1, 1, 1, 1, 1, 1, 1, 1, 1, 1, 1, 1, 1, 1, 1];[7485846, 3078446, 3142865, 3382328, 3393269, 3488529, 3739981, 3807984, 3785743, 3969996, 4033856, 4739394, 4260878, 4341339, 4442041, 4727764, 4715783, 4739784, 5004807, 5043756, 5096208, 5249210, 5325971, 5462502, 5552753, 5640864, 5777355, 5891106, 6075049, 6085799, 6215251, 6451122, 6507734, 6515394, 6670906, 7264533, 7202192, 7339724, 7332154, 7296202, 7499075, 7471685, 7625627, 7672996, 7954450, 7918980, 7945880, 8792940, 9083053, 8431886];[4550282, 289304, 240302, 238273, 237533, 238342, 245242, 288234, 240823, 240313, 249483, 239403, 249703, 242413, 247903, 290933, 282943, 245493, 256703, 247002, 253673, 244693, 245343, 294294, 245753, 250743, 251843, 248192, 249863, 247143, 247123, 318053, 258073, 249103, 249503, 254633, 248863, 249933, 256994, 315583, 255303, 261173, 256543, 255152, 263423, 264353, 260563, 263333, 258193, 335874];[1949812, 2055293, 2162655, 2282516, 2417857, 2505728, 2625270, 2772392, 2809832, 2974614, 3038905, 3735692, 3267197, 3347568, 3452010, 3566001, 3688652, 3744392, 3996346, 4040305, 4097256, 4257819, 4317779, 4404990, 4527671, 4623372, 4757814, 4891335, 5059517, 5069417, 5192389, 5361840, 5482642, 5499592, 5652194, 6251601, 6182500, 6292322, 6289541, 6198030, 6469684, 6428173, 6580575, 6598825, 6902118, 6858828, 6886468, 7740288, 7773018, 7304423];[985752, 733849, 739908, 861539, 737879, 744459, 869469, 747358, 735088, 755069, 745468, 764299, 743978, 751358, 742128, 870830, 744188, 749899, 751758, 756449, 745279, 746698, 762849, 763218, 779329, 766749, 767698, 751579, 765669, 769239, 775739, 771229, 767019, 766699, 769209, 758299, 770829, 797469, 785619, 782589, 774088, 782339, 788509, 819019, 788909, 795799, 798849, 789319, 1051842, 791589]
T500V1000_0.6;500;1000;2;0.6;experiment_data/medium/T500V1000_0.6_T.csv;experiment_data/medium/T500V1000_0.6_V.csv;1336;2935;Snake;[1, 1, 1, 1, 1, 1, 1, 1, 1, 1, 1, 1, 1, 1, 1, 1, 1, 1, 1, 1, 1, 1, 1, 1, 1, 1, 1, 1, 1, 1, 1, 1, 1, 1, 1, 1, 1, 1, 1, 1, 1, 1, 1, 1, 1, 1, 1, 1, 1, 1];[3226678, 1542088, 1565338, 1606559, 1670588, 1692570, 1730760, 1804561, 1814061, 1853081, 1890091, 1923353, 1954132, 1998823, 2045074, 2107195, 2338737, 2152114, 2202065, 2248536, 2304306, 2307956, 2355537, 2459388, 2435278, 2486128, 2497359, 2527209, 2611560, 2618700, 2669601, 2702650, 2731201, 2742892, 2791731, 2838083, 2888364, 2914284, 2979284, 3011995, 3040985, 3101955, 3158457, 3170446, 3207507, 3207866, 3285138, 3300528, 3360898, 3366089];[1818041, 105762, 87381, 86111, 101650, 85711, 86511, 110751, 88941, 85891, 86211, 85441, 85201, 86301, 85451, 105412, 85951, 87621, 85691, 86021, 92021, 93581, 86091, 105001, 92111, 85821, 86311, 86401, 87691, 87411, 88201, 108771, 87171, 88091, 87291, 86681, 86331, 87401, 86801, 110941, 93421, 87530, 114672, 103341, 87721, 88291, 88351, 87961, 94081, 87481];[749159, 783839, 817130, 859110, 900030, 946791, 989231, 1030612, 1064313, 1096262, 1148613, 1169454, 1206803, 1241195, 1291685, 1339305, 1534128, 1392446, 1450727, 1499097, 1554058, 1552628, 1604899, 1685490, 1679209, 1732880, 1746891, 1781801, 1865662, 1871272, 1910132, 1937022, 1983053, 1997963, 2040513, 2092754, 2143605, 2154505, 2230546, 2226986, 2291266, 2339757, 2377297, 2409518, 2446348, 2459618, 2531659, 2545280, 2592950, 2606070];[659478, 652487, 660827, 661338, 668908, 660068, 655018, 663198, 660807, 670928, 655267, 668458, 662128, 671327, 667938, 662478, 718658, 672047, 665647, 663418, 658227, 661747, 664547, 668897, 663958, 667427, 664157, 659007, 658207, 660017, 671268, 656857, 660977, 656838, 663927, 658648, 658428, 672378, 661937, 674068, 656298, 674668, 666488, 657587, 673438, 659957, 665128, 667287, 673867, 672538]
T1100V1000_0.2;1100;1000;2;0.2;experiment_data/medium/T1100V1000_0.2_T.csv;experiment_data/medium/T1100V1000_0.2_V.csv;2925;2862;Snake;[1, 1, 1, 1, 1, 1, 1, 1, 1, 1, 1, 1, 1, 1, 1, 1, 1, 1, 1, 1, 1, 1, 1, 1, 1, 1, 1, 1, 1, 1, 1, 1, 1, 1, 1, 1, 1, 1, 1, 1, 1, 1, 1, 1, 1, 1, 1, 1, 1, 1];[6208761, 2632739, 2755211, 2843812, 2911144, 2959814, 3070815, 3195827, 3242347, 3851143, 3435620, 3499071, 3564141, 3662601, 4423561, 3883715, 3945436, 4037816, 4101898, 4243160, 4311959, 4452481, 4680844, 4611892, 4643784, 4996667, 4945697, 4919927, 5750357, 5156809, 5176630, 5994889, 5417122, 5444423, 5575595, 5809466, 5972779, 6177390, 6139200, 6826368, 6292113, 6297283, 6427363, 7030071, 7141153, 6599646, 6774538, 6876280, 6878650, 7092071];[3911575, 236302, 196512, 197132, 195552, 191032, 196762, 234083, 195072, 194412, 194522, 192053, 191212, 206222, 194052, 238673, 192573, 193472, 195633, 193113, 196262, 194702, 202003, 241812, 204203, 196692, 273913, 197753, 200823, 200632, 198072, 247213, 203842, 200832, 198593, 198322, 202083, 224062, 202212, 263253, 209443, 210953, 207912, 211602, 207583, 209332, 209693, 208773, 217893, 209572];[1640889, 1735109, 1876381, 1973882, 2044714, 2117645, 2223355, 2303797, 2394378, 2985184, 2588630, 2646890, 2714572, 2807942, 3519060, 2991414, 3089125, 3183696, 3237357, 3388219, 3457830, 3579152, 3795583, 3703453, 3778823, 3996276, 4007616, 4047757, 4859646, 4280640, 4284840, 5059228, 4544323, 4567973, 4704844, 4932716, 5056378, 5272191, 5243110, 5850277, 5385762, 5408153, 5509263, 6137881, 6239612, 5695606, 5881057, 5970659, 5963569, 6179211];[656297, 661328, 682318, 672798, 670878, 651137, 650698, 657947, 652897, 671547, 652468, 660128, 658357, 648437, 710449, 653628, 663738, 660648, 668908, 661828, 657867, 678627, 683258, 666627, 660758, 803699, 664168, 674417, 689888, 675537, 693718, 688448, 668957, 675618, 672158, 678428, 714318, 681137, 693878, 712838, 696908, 678177, 710188, 680588, 693958, 694708, 683788, 696848, 697188, 703288]
T1100V1000_0.6;1100;1000;2;0.6;experiment_data/medium/T1100V1000_0.6_T.csv;experiment_data/medium/T1100V1000_0.6_V.csv;2960;3267;Snake;[1, 1, 1, 1, 1, 1, 1, 1, 1, 1, 1, 1, 1, 1, 1, 1, 1, 1, 1, 1, 1, 1, 1, 1, 1, 1, 1, 1, 1, 1, 1, 1, 1, 1, 1, 1, 1, 1, 1, 1, 1, 1, 1, 1, 1, 1, 1, 1, 1, 1];[6297143, 2708230, 2775901, 2901863, 2984744, 3053446, 3163496, 3263668, 3418950, 3408620, 3607211, 3662572, 3738072, 3891165, 3984226, 4229288, 4449231, 4199169, 4296419, 4471151, 4410550, 4521783, 4655934, 6961290, 4808855, 4887295, 5185499, 5102329, 5206280, 5610774, 5390202, 5598035, 6353112, 5686166, 6615856, 6171781, 5947338, 6017758, 6498085, 6299882, 6348693, 6740277, 6685057, 6619327, 7227804, 6817908, 7065121, 7563356, 7152573, 7305745];[3897055, 226422, 195212, 199122, 186982, 188003, 193142, 227533, 187592, 188423, 189482, 189762, 189082, 190612, 189902, 235602, 192252, 196573, 192622, 198432, 199022, 193203, 202773, 236503, 197852, 197462, 197432, 197002, 198182, 196692, 196602, 244583, 200472, 237693, 196842, 204852, 199972, 198422, 194333, 253632, 204842, 202232, 202222, 203383, 207143, 211602, 207692, 208282, 222363, 214373];[1650209, 1731169, 1827921, 1947212, 2036383, 2113004, 2201825, 2281396, 2477349, 2469748, 2654200, 2708311, 2785162, 2935254, 3027415, 3215547, 3476830, 3239317, 3329649, 3496010, 3434699, 3545011, 3676582, 3692542, 3837594, 3908484, 3993445, 4122168, 4219079, 4380181, 4409211, 4558983, 4779164, 4658423, 5586105, 4895237, 4957557, 5026037, 5179570, 5243371, 5333432, 5396722, 5665906, 5616674, 5850597, 5804877, 6026710, 6149040, 6124651, 6255422];[749879, 750639, 752768, 755529, 761379, 752439, 768529, 754739, 754009, 750449, 763529, 764499, 763828, 765299, 766909, 778139, 780149, 763279, 774148, 776709, 776829, 783569, 776579, 3032245, 773409, 781349, 994622, 783159, 789019, 1033901, 784389, 794469, 1373476, 790050, 832909, 1071692, 789809, 793299, 1124182, 802879, 810419, 1141323, 816929, 799270, 1170064, 801429, 830719, 1206034, 805559, 835950]
T800V1000_0.5;800;1000;2;0.5;experiment_data/medium/T800V1000_0.5_T.csv;experiment_data/medium/T800V1000_0.5_V.csv;2125;3030;Snake;[1, 1, 1, 1, 1, 1, 1, 1, 1, 1, 1, 1, 1, 1, 1, 1, 1, 1, 1, 1, 1, 1, 1, 1, 1, 1, 1, 1, 1, 1, 1, 1, 1, 1, 1, 1, 1, 1, 1, 1, 1, 1, 1, 1, 1, 1, 1, 1, 1, 1];[4716675, 2324206, 2161085, 2207896, 2283287, 2449967, 2422008, 2502029, 2509988, 2711412, 2644160, 2738570, 2780373, 2964875, 2906224, 2999365, 3025905, 3867383, 3176957, 3277918, 3258378, 3483670, 3386039, 3616782, 3539732, 4219378, 3711562, 3726954, 3763773, 3846285, 3918124, 4021056, 4047266, 4134347, 4193919, 4272670, 4286679, 4572382, 4430481, 4715595, 4731875, 4699054, 5356632, 4764545, 4765825, 4854566, 5066049, 5032039, 5093939, 5204120];[2860743, 176832, 160992, 139202, 138472, 147071, 141542, 176022, 139161, 151582, 144231, 141291, 142192, 147182, 141752, 175252, 146892, 139251, 149612, 153692, 144971, 140142, 140852, 172362, 156902, 142551, 143781, 143752, 142122, 143132, 145071, 183732, 144861, 141821, 142652, 142252, 142992, 147282, 142981, 182512, 146902, 150692, 143312, 163282, 143042, 143342, 143732, 146532, 145982, 145412];[1205214, 1279815, 1341395, 1396356, 1488547, 1544637, 1610748, 1667780, 1703550, 1782370, 1834231, 1932362, 1967363, 2046144, 2107805, 2160835, 2210665, 2909883, 2361517, 2454878, 2444889, 2538229, 2583300, 2746362, 2710942, 3214087, 2905054, 2907774, 2961534, 3022155, 3095995, 3167906, 3229487, 3325709, 3386529, 3460890, 3458149, 3754853, 3618642, 3853335, 3884655, 3882204, 4399240, 3926665, 3958965, 4032116, 4242159, 4210229, 4273739, 4381390];[650718, 867559, 658698, 672338, 656268, 758259, 669718, 658227, 667277, 777460, 665698, 664917, 670818, 771549, 656667, 663278, 668348, 818249, 665828, 669348, 668518, 805299, 661887, 698058, 671888, 862740, 662727, 675428, 660117, 680998, 677058, 669418, 672918, 666817, 664738, 669528, 685538, 670247, 668858, 679748, 700318, 666158, 814080, 674598, 663818, 679108, 680158, 675278, 674218, 677318]
T1000V1000_0.4;1000;1000;2;0.4;experiment_data/medium/T1000V1000_0.4_T.csv;experiment_data/medium/T1000V1000_0.4_V.csv;2694;3019;Snake;[1, 1, 1, 1, 1, 1, 1, 1, 1, 1, 1, 1, 1, 1, 1, 1, 1, 1, 1, 1, 1, 1, 1, 1, 1, 1, 1, 1, 1, 1, 1, 1, 1, 1, 1, 1, 1, 1, 1, 1, 1, 1, 1, 1, 1, 1, 1, 1, 1, 1];[5758556, 2534029, 2792972, 2672840, 2765272, 2956644, 2905904, 3032915, 3206507, 3205327, 3235998, 3755354, 3407199, 3485650, 3626432, 3657383, 3677213, 3757694, 3837364, 3929815, 4040227, 4068506, 4155248, 4272899, 4323990, 4390051, 4465291, 4582324, 4695954, 4747145, 4856346, 4974158, 5731706, 5075549, 5151629, 5287820, 5386872, 5426133, 5490863, 5669395, 5729576, 5774516, 6011580, 5918948, 6132971, 6136400, 6190411, 6391243, 6482815, 7033940];[3561341, 226532, 181712, 174782, 170352, 173612, 171412, 225413, 173392, 173522, 172742, 171292, 190202, 173272, 176232, 213273, 173142, 172722, 179192, 172582, 174532, 179552, 172622, 216352, 175312, 174382, 175332, 176753, 174892, 180942, 175472, 227723, 182012, 181882, 178452, 180312, 183182, 180052, 179922, 227002, 182762, 196632, 184322, 186472, 182702, 201622, 186442, 186242, 237443, 188572];[1493317, 1583749, 1685139, 1782680, 1869802, 1930992, 2018343, 2090964, 2172474, 2314066, 2346378, 2862143, 2484919, 2588030, 2725052, 2720551, 2792362, 2861023, 2937654, 3022205, 3137587, 3158276, 3263918, 3335669, 3427169, 3493940, 3564691, 3673303, 3783924, 3822804, 3938965, 4004596, 4799595, 4160039, 4234268, 4353010, 4468012, 4495202, 4574052, 4703454, 4803825, 4827805, 5034958, 4988527, 5199510, 5183439, 5246790, 5396652, 5485634, 6071839];[703898, 723748, 926121, 715378, 725118, 852040, 716149, 716538, 860641, 717739, 716878, 721919, 732078, 724348, 725148, 723559, 711709, 723949, 720518, 735028, 728108, 730678, 718708, 720878, 721509, 721729, 725268, 732268, 737138, 743399, 741909, 741839, 750099, 733628, 738909, 754498, 735678, 750879, 736889, 738939, 742989, 750079, 792300, 743949, 750759, 751339, 757179, 808349, 759738, 773529]
T600V1000_0.7;600;1000;2;0.7;experiment_data/medium/T600V1000_0.7_T.csv;experiment_data/medium/T600V1000_0.7_V.csv;1585;3047;Snake;[1, 1, 1, 1, 1, 1, 1, 1, 1, 1, 1, 1, 1, 1, 1, 1, 1, 1, 1, 1, 1, 1, 1, 1, 1, 1, 1, 1, 1, 1, 1, 1, 1, 1, 1, 1, 1, 1, 1, 1, 1, 1, 1, 1, 1, 1, 1, 1, 1, 1];[3692212, 1746429, 1768500, 1825860, 1867051, 1902622, 1980582, 2037273, 2052264, 2089743, 2133824, 2200504, 2241965, 2272377, 2314716, 2383147, 2409217, 2458558, 4168038, 2561070, 2660321, 2639270, 2816562, 2756761, 2787242, 2822132, 3041485, 2929323, 3029995, 3061355, 3207087, 3125345, 3141547, 3172818, 3475610, 3270288, 3311607, 3365340, 3616572, 3489199, 3529890, 3557991, 3776414, 4055167, 3678023, 3716793, 3984756, 3830414, 3880674, 3921494];[2136645, 125611, 104891, 106791, 104861, 104751, 119161, 127461, 104761, 108101, 104471, 118751, 104351, 104582, 105321, 127582, 105141, 110691, 105901, 108961, 106421, 106141, 107111, 131201, 106761, 106321, 119691, 105831, 106861, 112541, 106021, 134031, 107332, 105952, 119561, 107451, 106051, 110822, 121342, 134421, 113881, 105821, 106222, 110031, 110932, 107201, 107001, 107441, 108011, 106321];[875400, 940191, 974541, 1027422, 1079032, 1126983, 1189833, 1219034, 1259995, 1302295, 1351336, 1391316, 1450986, 1489957, 1538397, 1578587, 1623938, 1674279, 1716890, 1758630, 1852782, 1842181, 1884602, 1943632, 2000434, 2035823, 2098505, 2137354, 2235936, 2248526, 2252156, 2310307, 2359048, 2384348, 2491149, 2479939, 2516858, 2574480, 2627820, 2656400, 2722061, 2759472, 2802762, 3211727, 2884923, 2927024, 2996685, 3037994, 3093445, 3130936];[680167, 680627, 689068, 691647, 683158, 670888, 671588, 690778, 687508, 679347, 678017, 690437, 686628, 677838, 670998, 676978, 680138, 673588, 2345247, 693479, 701118, 690948, 824849, 681928, 680047, 679988, 823289, 686138, 687198, 700288, 848910, 681007, 675167, 682518, 864900, 682898, 688698, 680038, 867410, 698378, 693948, 692698, 867430, 733409, 682168, 682568, 881070, 684979, 679218, 684237]
T1400V1000_0.8;1400;1000;2;0.8;experiment_data/medium/T1400V1000_0.8_T.csv;experiment_data/medium/T1400V1000_0.8_V.csv;3713;3652;Snake;[1, 1, 1, 1, 1, 1, 1, 1, 1, 1, 1, 1, 1, 1, 1, 1, 1, 1, 1, 1, 1, 1, 1, 1, 1, 1, 1, 1, 1, 1, 1, 1, 1, 1, 1, 1, 1, 1, 1, 1, 1, 1, 1, 1, 1, 1, 1, 1, 1, 1];[7956472, 3397190, 3437369, 3633451, 3696952, 3956284, 3972976, 4157608, 4314240, 4273209, 4454791, 4506951, 4616193, 5264921, 7274513, 5044219, 5096289, 5424072, 5795397, 5564183, 5855718, 5656705, 5821077, 6247291, 6747818, 6301722, 6582456, 6443134, 7911310, 7000230, 7723370, 7006471, 7441215, 7564367, 7951381, 8607989, 8178794, 7798390, 8268205, 8177083, 8448998, 8933153, 8691380, 8810551, 9635251, 9377698, 9531259, 10199037, 9680112, 9901475];[5038248, 305024, 261993, 254503, 258233, 269552, 260133, 307884, 271114, 260843, 260263, 259912, 261023, 260633, 264773, 319904, 266363, 269763, 266763, 268073, 275634, 276093, 265743, 321293, 272283, 347544, 270263, 281553, 284653, 278413, 270704, 330054, 277973, 283373, 280853, 272313, 277733, 288184, 275133, 348864, 288684, 291233, 296563, 283973, 287493, 296443, 291403, 305443, 291964, 296594];[2083064, 2251796, 2347867, 2545869, 2608830, 2841662, 2874053, 3015715, 3197136, 3184947, 3354808, 3394680, 3514241, 4136218, 3731632, 3871535, 3977376, 4080947, 4674194, 4422440, 4484062, 4514902, 4698564, 4797945, 5262491, 5092778, 5141699, 5285061, 6581215, 5517474, 6543775, 5802827, 5903238, 6361563, 6765018, 6985330, 6960380, 6607016, 6646007, 6911799, 7223953, 7234533, 7440626, 7612728, 7800560, 8148494, 8193914, 8323426, 8457237, 8607470];[835160, 840370, 827509, 833079, 829889, 845070, 838790, 834009, 845990, 827419, 839720, 852359, 840929, 868070, 3278108, 852780, 852550, 1073362, 854440, 873670, 1096022, 865710, 856770, 1128053, 1213044, 861400, 1170494, 876520, 1045442, 1204343, 908891, 873590, 1260004, 919431, 905510, 1350346, 940681, 903190, 1347065, 916420, 936361, 1407387, 954191, 913850, 1547198, 932761, 1045942, 1570168, 930911, 997411]
T1200V1000_1.0;1200;1000;2;1.0;experiment_data/medium/T1200V1000_1.0_T.csv;experiment_data/medium/T1200V1000_1.0_V.csv;3144;3697;Snake;[1, 1, 1, 1, 1, 1, 1, 1, 1, 1, 1, 1, 1, 1, 1, 1, 1, 1, 1, 1, 1, 1, 1, 1, 1, 1, 1, 1, 1, 1, 1, 1, 1, 1, 1, 1, 1, 1, 1, 1, 1, 1, 1, 1, 1, 1, 1, 1, 1, 1];[6962910, 3049715, 3100316, 3443699, 3298428, 3439120, 3601300, 4140127, 3766704, 3818334, 3984406, 4099517, 4264530, 4240629, 4961467, 4743744, 4572014, 4878866, 4715354, 4849066, 4948766, 5024837, 5217899, 5264131, 5576623, 5557914, 5829247, 5683696, 5755817, 5989479, 6318684, 6753437, 6107541, 7169253, 6463145, 6510066, 7119942, 6764427, 6796879, 7047731, 7577038, 7060642, 7707689, 7766418, 7386955, 8401707, 8261925, 9477848, 8275685, 8641630];[4282679, 257843, 207733, 205462, 207673, 213302, 211172, 256073, 213413, 212402, 209922, 213992, 207073, 234763, 214092, 257512, 210013, 215943, 219832, 214763, 216792, 210502, 212072, 261793, 213302, 218012, 212052, 219733, 227503, 213882, 216843, 272443, 242293, 217583, 238573, 217553, 239413, 234272, 221723, 285313, 235793, 223753, 223163, 223112, 249823, 231973, 248883, 248512, 276113, 228923];[1814611, 1922582, 2017733, 2361077, 2226715, 2354438, 2501358, 3011104, 2681731, 2724382, 2905834, 3003185, 3161537, 3141016, 3851984, 3603542, 3471180, 3728552, 3612422, 3734933, 3849744, 3928345, 4120527, 4118418, 4463751, 4460892, 4689514, 4577573, 4650743, 4886576, 5207330, 5520683, 4971717, 5918358, 5339371, 5317362, 5965589, 5626925, 5668745, 5857258, 6422694, 5922868, 6555535, 6546835, 6209121, 7144742, 6982490, 7980561, 7074842, 7444366];[865620, 869290, 874850, 877160, 864040, 871380, 888770, 872950, 871560, 881550, 868650, 882340, 895920, 864850, 895391, 882690, 890821, 934371, 883100, 899370, 882230, 885990, 885300, 883920, 899570, 879010, 927681, 886390, 877571, 889021, 894511, 960311, 893531, 1033312, 885201, 975151, 914940, 903230, 906411, 905160, 918551, 914021, 928991, 996471, 928011, 1024992, 1030552, 1248775, 924730, 968341]
T700V1000_1.0;700;1000;2;1.0;experiment_data/medium/T700V1000_1.0_T.csv;experiment_data/medium/T700V1000_1.0_V.csv;1880;3286;Snake;[1, 1, 1, 1, 1, 1, 1, 1, 1, 1, 1, 1, 1, 1, 1, 1, 1, 1, 1, 1, 1, 1, 1, 1, 1, 1, 1, 1, 1, 1, 1, 1, 1, 1, 1, 1, 1, 1, 1, 1, 1, 1, 1, 1, 1, 1, 1, 1, 1, 1];[4228968, 1958642, 2019123, 2205955, 2124815, 2174745, 2243316, 2401777, 2321416, 2412208, 2432817, 2592800, 2554890, 2607801, 2633090, 2852493, 2810472, 2801453, 2873803, 3059765, 2986274, 3121025, 3079306, 3296648, 3230897, 3258198, 3480870, 3570041, 3506420, 3505929, 3567691, 3877015, 3645491, 3678333, 3754943, 3991966, 3849125, 3930935, 3963325, 4707763, 4183669, 4154227, 4234948, 4237650, 4308270, 4343630, 4444331, 5069318, 4597943, 4578933];[2476348, 145302, 131961, 122762, 123082, 122481, 122572, 148301, 123961, 138572, 122951, 126642, 123782, 123252, 122311, 154222, 122441, 123292, 128072, 122901, 129441, 122621, 122432, 152162, 123012, 126862, 123741, 125491, 122601, 125121, 123481, 176332, 126071, 125392, 125191, 124791, 123952, 138421, 123881, 161561, 126622, 144681, 126321, 127822, 127312, 127531, 128631, 129771, 151672, 130892];[1027192, 1086112, 1154513, 1199673, 1269305, 1308655, 1392156, 1428116, 1462237, 1536207, 1576198, 1632349, 1694360, 1747760, 1783251, 1846271, 1950502, 1942082, 1998863, 2063134, 2110894, 2241376, 2204066, 2264766, 2360727, 2389147, 2613630, 2506069, 2610910, 2617760, 2698121, 2782652, 2773481, 2808902, 2888604, 2926144, 2980604, 3041075, 3079085, 3552201, 3299728, 3260777, 3339128, 3351469, 3431290, 3468680, 3554721, 3984196, 3691822, 3691042];[725428, 727228, 732649, 883520, 732428, 743609, 728588, 825360, 735218, 737429, 733668, 833809, 736748, 736789, 727528, 852000, 737529, 736079, 746868, 873730, 745939, 757028, 752808, 879720, 747158, 742189, 743499, 938481, 772909, 763048, 746089, 918031, 745939, 744039, 741148, 941031, 744569, 751439, 760359, 994001, 757319, 748769, 769499, 758359, 749668, 747419, 760979, 955351, 754449, 756999]
T800V1000_0.0;800;1000;2;0.0;experiment_data/medium/T800V1000_0.0_T.csv;experiment_data/medium/T800V1000_0.0_V.csv;2134;2679;Snake;[1, 1, 1, 1, 1, 1, 1, 1, 1, 1, 1, 1, 1, 1, 1, 1, 1, 1, 1, 1, 1, 1, 1, 1, 1, 1, 1, 1, 1, 1, 1, 1, 1, 1, 1, 1, 1, 1, 1, 1, 1, 1, 1, 1, 1, 1, 1, 1, 1, 1];[4651984, 2052094, 2064873, 2126015, 2205675, 2278977, 2454887, 2413688, 2899464, 2533700, 2601260, 2623680, 2705881, 2767793, 2815783, 2917884, 2941614, 2999225, 3183397, 3130897, 3209556, 3291827, 3345908, 3534040, 3435180, 4053367, 3612361, 3635321, 3716493, 3785354, 3835265, 3908035, 4217638, 4063647, 4737235, 4162797, 4209708, 4266930, 4323869, 4526482, 4471102, 4513753, 4682344, 4660834, 4963836, 4850405, 4847986, 5312631, 5044298, 5047258];[2836413, 187652, 139611, 142152, 137441, 143502, 138201, 170452, 140752, 142822, 140052, 139412, 139081, 138932, 139292, 175942, 138532, 139502, 143572, 144612, 141951, 138541, 139411, 188402, 142362, 140462, 162932, 141671, 144072, 141592, 140622, 182962, 143212, 182412, 140811, 144571, 142031, 143052, 142772, 187942, 144202, 144972, 142972, 147332, 158161, 163061, 151672, 145842, 185542, 147192];[1235964, 1277965, 1338625, 1403276, 1494967, 1539248, 1735089, 1659119, 2076314, 1800131, 1864132, 1898112, 1982393, 2041804, 2091674, 2155505, 2218125, 2275597, 2400218, 2404078, 2476878, 2558859, 2620450, 2745301, 2703631, 3217937, 2847993, 2899353, 2976394, 3040905, 3095146, 3138156, 3365128, 3290948, 3951766, 3431360, 3473650, 3521181, 3595671, 3727462, 3736703, 3766334, 3940995, 3918375, 4139388, 4083947, 4084907, 4475501, 4252069, 4296750];[579607, 586477, 586637, 580587, 573267, 596227, 581597, 584117, 682398, 590747, 597076, 586156, 584407, 587057, 584817, 586437, 584957, 584126, 639607, 582207, 590727, 594427, 586047, 600337, 589187, 694968, 601436, 594297, 596027, 602857, 599497, 586917, 709298, 590287, 644658, 586866, 594027, 602697, 585426, 611078, 590197, 602447, 598377, 595127, 666287, 603397, 611407, 691288, 606687, 603316]
T1300V1000_0.0;1300;1000;2;0.0;experiment_data/medium/T1300V1000_0.0_T.csv;experiment_data/medium/T1300V1000_0.0_V.csv;3496;2646;Snake;[1, 1, 1, 1, 1, 1, 1, 1, 1, 1, 1, 1, 1, 1, 1, 1, 1, 1, 1, 1, 1, 1, 1, 1, 1, 1, 1, 1, 1, 1, 1, 1, 1, 1, 1, 1, 1, 1, 1, 1, 1, 1, 1, 1, 1, 1, 1, 1, 1, 1];[7270893, 3013575, 3094096, 3212557, 3321808, 4135937, 3506341, 3712432, 3760834, 3857803, 3941886, 4070747, 6237232, 4284739, 4380090, 4726415, 4730695, 4683274, 5649355, 5249161, 5464602, 5397662, 5386171, 5443903, 6304082, 5559964, 6073970, 6205762, 5977579, 6089200, 6468574, 6365124, 6460954, 7149941, 6761727, 6899549, 7346185, 7252944, 7225694, 7863741, 7423517, 7495217, 8100163, 7935691, 9043634, 9069344, 8345217, 8311226, 8413787, 8588298];[4677363, 294454, 251983, 257943, 246433, 244952, 246613, 293013, 247723, 247372, 249383, 250143, 247723, 261863, 252212, 307634, 248703, 257283, 249543, 258743, 257552, 257193, 257152, 322754, 261143, 262463, 259903, 263993, 262393, 267553, 257973, 317954, 261613, 263832, 272743, 266003, 267943, 268683, 278644, 338754, 280264, 275024, 271963, 282053, 278583, 294363, 293514, 291164, 293994, 302263];[1969772, 2103304, 2215045, 2334177, 2449588, 3241627, 2637750, 2799362, 2876244, 2983564, 3070146, 3193487, 3247688, 3386648, 3479630, 3586081, 3835614, 3798984, 4491141, 4335720, 4546942, 4254189, 4493022, 4477261, 5142468, 4657334, 5145369, 4996798, 5067688, 5167389, 5238000, 5400452, 5542794, 5834147, 5814446, 5956118, 6023860, 6321563, 6271372, 6422264, 6462625, 6570346, 6713397, 6971460, 8010082, 7610237, 7367145, 7332364, 7446446, 7611297];[623758, 615817, 627068, 620437, 625787, 649358, 621978, 620057, 636867, 626867, 622357, 627117, 2741821, 636228, 648248, 832700, 646378, 627007, 908671, 654698, 660108, 886280, 635997, 643888, 900471, 640167, 668698, 944971, 647498, 654258, 972601, 646718, 656547, 1051962, 674538, 677428, 1054382, 662698, 675678, 1102723, 680628, 649847, 1114803, 682178, 754969, 1164744, 684558, 687698, 673347, 674738]
T800V1000_0.1;800;1000;2;0.1;experiment_data/medium/T800V1000_0.1_T.csv;experiment_data/medium/T800V1000_0.1_V.csv;2152;2712;Snake;[1, 1, 1, 1, 1, 1, 1, 1, 1, 1, 1, 1, 1, 1, 1, 1, 1, 1, 1, 1, 1, 1, 1, 1, 1, 1, 1, 1, 1, 1, 1, 1, 1, 1, 1, 1, 1, 1, 1, 1, 1, 1, 1, 1, 1, 1, 1, 1, 1, 1];[4654963, 2040973, 2096295, 2329667, 2225265, 2289726, 2357106, 2546359, 2472259, 2550329, 2586970, 2779672, 2725422, 2787932, 2836092, 3129805, 2963324, 3039795, 3082165, 3295878, 3202507, 3274518, 3331357, 3597532, 3450199, 3539751, 3684433, 3800893, 3701582, 4232639, 3881415, 4144788, 4050476, 4203547, 4186618, 4180968, 4229869, 4354740, 4369460, 4560222, 4473882, 4529982, 4583452, 4775495, 4730725, 4907846, 4867845, 4939526, 5022388, 5130879];[2839362, 164751, 144512, 141002, 138551, 137542, 138691, 166062, 137832, 153422, 139062, 138531, 139142, 138382, 139371, 168961, 154752, 138642, 138751, 138972, 142712, 154172, 139571, 170382, 140671, 159302, 139502, 141111, 140311, 138151, 140352, 179163, 143642, 141311, 211712, 149022, 149782, 162502, 143632, 178512, 143602, 145881, 144881, 144622, 146032, 151721, 149321, 159191, 146002, 149002];[1208014, 1274075, 1338396, 1413346, 1468037, 1543257, 1608088, 1672159, 1725490, 1794000, 1838941, 1912182, 1975153, 2030013, 2086324, 2203345, 2194755, 2283666, 2330587, 2396158, 2454058, 2512639, 2582039, 2642061, 2702731, 2763172, 2929234, 2871373, 2953224, 3464031, 3129476, 3126176, 3278517, 3425629, 3349989, 3404499, 3465050, 3558670, 3608131, 3742883, 3709813, 3760003, 3816124, 3991366, 3945485, 4118268, 4089227, 4166358, 4236508, 4345570];[607587, 602147, 613387, 775319, 618677, 608927, 610327, 708138, 608937, 602907, 608967, 728959, 611127, 619537, 610397, 757499, 613817, 617487, 612827, 760748, 605737, 607707, 609747, 785089, 606797, 617277, 615697, 788409, 608047, 630457, 611587, 839449, 628317, 636607, 624917, 627447, 615037, 633568, 617697, 638827, 620467, 624098, 622447, 639507, 639208, 637857, 629297, 613977, 639878, 636307]
T700V1000_0.5;700;1000;2;0.5;experiment_data/medium/T700V1000_0.5_T.csv;experiment_data/medium/T700V1000_0.5_V.csv;1886;2975;Snake;[1, 1, 1, 1, 1, 1, 1, 1, 1, 1, 1, 1, 1, 1, 1, 1, 1, 1, 1, 1, 1, 1, 1, 1, 1, 1, 1, 1, 1, 1, 1, 1, 1, 1, 1, 1, 1, 1, 1, 1, 1, 1, 1, 1, 1, 1, 1, 1, 1, 1];[4450521, 1925332, 1969422, 2018613, 2167344, 2133284, 2181285, 2264636, 2395747, 2343876, 2397707, 2452548, 2603539, 2572770, 2592760, 2686272, 2710282, 2787683, 2858703, 2900493, 2928693, 2971134, 3039114, 3118186, 3182218, 3248697, 3243456, 3296678, 3339849, 3401509, 3451630, 3555221, 3607862, 3638163, 3676703, 3740154, 3793124, 3826003, 3902646, 3969596, 4001476, 4104597, 4164497, 4151878, 4216318, 4377550, 4311269, 4418761, 4453231, 4510151];[2507149, 153431, 126431, 124741, 125031, 124761, 123021, 150092, 128631, 125041, 127701, 128311, 124031, 136662, 122101, 149432, 121062, 126242, 128381, 120621, 120091, 122472, 123091, 150332, 121682, 122541, 122321, 122631, 121012, 122211, 121151, 152642, 121812, 122262, 122402, 121822, 122802, 122821, 124832, 157982, 121671, 121461, 130341, 123572, 122901, 123721, 124761, 123262, 123511, 130101];[1036742, 1097033, 1165444, 1212754, 1274274, 1321415, 1372876, 1440756, 1484897, 1536217, 1581588, 1643929, 1678139, 1754800, 1788261, 1850382, 1898492, 1966753, 2045924, 2095604, 2131214, 2169174, 2233655, 2280137, 2380228, 2437338, 2444497, 2498509, 2540999, 2591459, 2649401, 2722421, 2803612, 2822203, 2865844, 2927884, 2985094, 3013094, 3096176, 3123566, 3195077, 3286888, 3330568, 3347019, 3410189, 3566711, 3506141, 3606101, 3631112, 3677832];[906630, 674868, 677547, 681118, 768039, 687108, 685388, 673788, 782219, 682618, 688418, 680308, 801369, 681308, 682398, 686458, 690728, 694688, 684398, 684268, 677388, 679488, 682368, 687717, 680308, 688818, 676638, 675538, 677838, 687839, 681078, 680158, 682438, 693698, 688457, 690448, 685228, 690088, 681638, 688048, 684728, 696248, 703588, 681287, 683228, 687118, 680367, 689398, 698608, 702218]
T1300V1000_0.1;1300;1000;2;0.1;experiment_data/medium/T1300V1000_0.1_T.csv;experiment_data/medium/T1300V1000_0.1_V.csv;3480;2773;Snake;[1, 1, 1, 1, 1, 1, 1, 1, 1, 1, 1, 1, 1, 1, 1, 1, 1, 1, 1, 1, 1, 1, 1, 1, 1, 1, 1, 1, 1, 1, 1, 1, 1, 1, 1, 1, 1, 1, 1, 1, 1, 1, 1, 1, 1, 1, 1, 1, 1, 1];[7292683, 3775424, 3139305, 3320359, 3496110, 4455791, 3655642, 3765433, 3811353, 3938856, 3993146, 4140878, 4233088, 4337370, 4879747, 5040667, 4651095, 4866236, 5044008, 5320582, 5460233, 5653525, 5286961, 5666275, 5593754, 5674335, 6046949, 6087581, 6785698, 6159740, 6603876, 6368764, 6725428, 6660657, 6640016, 6883899, 7089961, 6988390, 7245513, 8022052, 10563251, 7752019, 8190855, 8431448, 7983742, 8337146, 8802391, 8435067, 9079213, 9193865];[4656793, 304784, 249592, 244273, 267363, 247633, 267043, 297403, 248032, 262183, 245193, 249103, 248673, 250523, 247583, 313633, 260954, 253793, 255453, 250723, 270463, 261833, 260793, 313343, 268363, 265543, 259603, 263734, 263823, 268333, 260083, 334374, 276254, 266963, 269553, 290143, 281823, 290303, 288173, 361464, 287663, 298934, 288614, 287294, 311693, 293643, 294943, 307293, 304263, 295253];[1989403, 2734791, 2222886, 2414818, 2557559, 3429569, 2696611, 2805182, 2903233, 3026655, 3090715, 3236948, 3315558, 3433750, 3958016, 4072347, 3736953, 3950776, 4140687, 4376571, 4493772, 4711084, 4337850, 4667284, 4630283, 4730995, 5092918, 5139839, 5756516, 5227210, 5624875, 5350092, 5760826, 5715006, 5682675, 5887348, 6109801, 5976049, 6258042, 6933669, 6334393, 6754607, 7200193, 6953440, 6959340, 7332075, 7267874, 7408336, 8047352, 7620478];[646487, 735849, 666827, 661268, 671188, 778589, 691988, 662848, 660088, 650018, 657238, 654827, 668857, 653097, 674148, 654687, 653188, 661667, 647868, 693288, 695998, 680608, 688318, 685648, 695108, 677797, 694428, 684008, 765359, 664197, 718918, 684298, 688348, 678688, 687788, 706408, 698337, 722038, 699298, 726919, 3941195, 698478, 702048, 1190714, 712709, 711428, 1239574, 719438, 727598, 1278134]
T1200V1000_0.4;1200;1000;2;0.4;experiment_data/medium/T1200V1000_0.4_T.csv;experiment_data/medium/T1200V1000_0.4_V.csv;3178;3088;Snake;[1, 1, 1, 1, 1, 1, 1, 1, 1, 1, 1, 1, 1, 1, 1, 1, 1, 1, 1, 1, 1, 1, 1, 1, 1, 1, 1, 1, 1, 1, 1, 1, 1, 1, 1, 1, 1, 1, 1, 1, 1, 1, 1, 1, 1, 1, 1, 1, 1, 1];[6805119, 2881484, 3143996, 3032615, 3154417, 3356309, 3351820, 3449359, 3628202, 3714693, 3836344, 4497032, 4019946, 4010776, 4092448, 5110319, 4294670, 4353840, 4497922, 4590364, 4690525, 4754965, 5008567, 5084348, 5628515, 5261461, 5304052, 5389212, 5848827, 5732555, 5893689, 6095369, 5991079, 6140601, 6114180, 7385405, 6495166, 6582426, 6730117, 6749798, 6840268, 6878839, 6976190, 7169073, 7896711, 8622459, 7547088, 8251124, 7585517, 7865320];[4309360, 252313, 216082, 212733, 214063, 215933, 212133, 260913, 214332, 220633, 217732, 215193, 225753, 217193, 219023, 261673, 224853, 221842, 220393, 214523, 217333, 230733, 217732, 269623, 223103, 222093, 224233, 227142, 223432, 223362, 230723, 279943, 238863, 226853, 226603, 228243, 242303, 229753, 237293, 300594, 238972, 232623, 234152, 231783, 242993, 256592, 259494, 243742, 241063, 250783];[1799311, 1922272, 2001134, 2117424, 2240646, 2318957, 2441529, 2489728, 2573210, 2794902, 2904614, 3316248, 3085355, 3091235, 3178137, 3996606, 3355229, 3423120, 3567151, 3662173, 3748594, 3819114, 4064316, 4089347, 4681264, 4295420, 4356891, 4434542, 4904166, 4779535, 4933567, 5074558, 5024208, 5178170, 5151989, 6313752, 5511524, 5601634, 5741386, 5708135, 5849397, 5905778, 5990249, 6185221, 6881739, 7485427, 6528246, 7232963, 6593176, 6831958];[696448, 706899, 926780, 702458, 699708, 821419, 698158, 698718, 840660, 699158, 713998, 965591, 708838, 702348, 695288, 852040, 714588, 708878, 710378, 713668, 724598, 705118, 726519, 725378, 724148, 743948, 722928, 727528, 721229, 729658, 729399, 740868, 728008, 735578, 735588, 843410, 741339, 751039, 751438, 741069, 751899, 740438, 751789, 752069, 771979, 880440, 759348, 774419, 751278, 782579]
T900V1000_0.8;900;1000;2;0.8;experiment_data/medium/T900V1000_0.8_T.csv;experiment_data/medium/T900V1000_0.8_V.csv;2405;3300;Snake;[1, 1, 1, 1, 1, 1, 1, 1, 1, 1, 1, 1, 1, 1, 1, 1, 1, 1, 1, 1, 1, 1, 1, 1, 1, 1, 1, 1, 1, 1, 1, 1, 1, 1, 1, 1, 1, 1, 1, 1, 1, 1, 1, 1, 1, 1, 1, 1, 1, 1];[5549863, 2413917, 2457119, 2628950, 2615041, 2648460, 2861703, 2905014, 2907514, 3494281, 3507760, 3137776, 3177147, 3231477, 3405039, 3419519, 3471320, 3535731, 3636712, 3721513, 3737974, 3877254, 4039007, 4066817, 4273420, 4064627, 4239929, 4354150, 4349679, 4371810, 4430401, 4559972, 5222551, 4642893, 4796706, 4840235, 5596755, 4927587, 5078899, 5168689, 5388962, 5278721, 5432192, 5385272, 5551823, 5639696, 5902588, 5772067, 5839658, 6387043];[3205716, 191652, 158202, 155212, 157172, 157582, 153322, 188332, 156242, 177892, 159952, 158242, 156522, 156951, 156121, 195562, 162032, 158722, 172382, 159062, 164012, 166462, 157862, 210323, 162402, 159152, 157622, 161592, 159771, 159322, 157902, 200472, 171052, 161241, 159332, 160162, 160592, 160932, 164993, 202642, 181382, 164382, 167262, 164212, 162652, 167022, 164342, 168042, 164242, 164502];[1340936, 1452186, 1521938, 1574178, 1686980, 1733400, 1812631, 1933562, 1977693, 2457599, 2549429, 2200535, 2246786, 2304177, 2459479, 2442808, 2527719, 2593650, 2674431, 2773592, 2793423, 2931143, 3095866, 3073775, 3323458, 3124036, 3305718, 3413589, 3407110, 3425079, 3503101, 3569121, 4252789, 3706953, 3837735, 3880944, 4639754, 3972896, 4131697, 4178348, 4397371, 4323100, 4463401, 4416911, 4598142, 4678824, 4923117, 4801326, 4860067, 5128269];[1003211, 770079, 776979, 899560, 770889, 757478, 895750, 783120, 773579, 858790, 798379, 778999, 773839, 770349, 789439, 781149, 781569, 783359, 789899, 788859, 780539, 779649, 785279, 782719, 787560, 781439, 776589, 778969, 782798, 787409, 769398, 790379, 798710, 774699, 799639, 799129, 796409, 793759, 782209, 787699, 810209, 791239, 801529, 804149, 791029, 793850, 815129, 802699, 815349, 1094272]
T900V1000_0.4;900;1000;2;0.4;experiment_data/medium/T900V1000_0.4_T.csv;experiment_data/medium/T900V1000_0.4_V.csv;2397;2963;Snake;[1, 1, 1, 1, 1, 1, 1, 1, 1, 1, 1, 1, 1, 1, 1, 1, 1, 1, 1, 1, 1, 1, 1, 1, 1, 1, 1, 1, 1, 1, 1, 1, 1, 1, 1, 1, 1, 1, 1, 1, 1, 1, 1, 1, 1, 1, 1, 1, 1, 1];[5308931, 2335087, 2648340, 2633040, 2525940, 2758102, 2657920, 2848063, 2989755, 2872943, 2950954, 3333739, 3181517, 3223098, 3351699, 3449369, 3454390, 3474760, 3536411, 3632112, 3712713, 3763113, 4031275, 3985676, 3996076, 4162198, 4381721, 4297809, 4383811, 4392230, 4483272, 4668144, 4628914, 4911365, 4828055, 4829356, 4889057, 4961907, 5011148, 5127069, 5140429, 5855508, 5298591, 6025899, 5521943, 5587946, 6479114, 5704466, 5745476, 5809977];[3246898, 187842, 156762, 156682, 157322, 161822, 156481, 194142, 158962, 158082, 161632, 155812, 174482, 166412, 159442, 190922, 158512, 161772, 158952, 163932, 159562, 160672, 158721, 199302, 163931, 160942, 162662, 160542, 163272, 163562, 162592, 200803, 166693, 162441, 168622, 164902, 163502, 168512, 166492, 208492, 166522, 165442, 166212, 166902, 165422, 169553, 172962, 173762, 168282, 168522];[1373876, 1457737, 1560348, 1761760, 1664050, 1748600, 1794741, 1950473, 1992283, 2024584, 2095714, 2303027, 2279646, 2349687, 2487959, 2552519, 2579929, 2607750, 2674170, 2765432, 2853893, 2904453, 3158577, 3061496, 3119927, 3283158, 3480850, 3410489, 3484580, 3504280, 3609932, 3749883, 3767523, 4003456, 3946565, 3953676, 4003137, 4060147, 4127658, 4182619, 4251479, 4937437, 4404581, 5127129, 4606013, 4673304, 5493883, 4806205, 4850166, 4923377];[688157, 689508, 931230, 714598, 704568, 847680, 706698, 703448, 838510, 690277, 693608, 874900, 727389, 706999, 704298, 705928, 715949, 705238, 703289, 702748, 699258, 697988, 713977, 724878, 712218, 718098, 738209, 726778, 735959, 724388, 710748, 717458, 694698, 745468, 712868, 710778, 722418, 733248, 716998, 735958, 722428, 752629, 727798, 731868, 750508, 745089, 812269, 724499, 727028, 718078]
T600V1000_0.8;600;1000;2;0.8;experiment_data/medium/T600V1000_0.8_T.csv;experiment_data/medium/T600V1000_0.8_V.csv;1597;3080;Snake;[1, 1, 1, 1, 1, 1, 1, 1, 1, 1, 1, 1, 1, 1, 1, 1, 1, 1, 1, 1, 1, 1, 1, 1, 1, 1, 1, 1, 1, 1, 1, 1, 1, 1, 1, 1, 1, 1, 1, 1, 1, 1, 1, 1, 1, 1, 1, 1, 1, 1];[3692432, 1757170, 1976022, 1837292, 1891492, 1917581, 2049854, 2045852, 2069903, 2097444, 2153975, 2182636, 2246745, 2285765, 2327776, 2399107, 2473358, 2450979, 2518078, 2545850, 2594630, 2666481, 2698310, 2784791, 2786153, 2898513, 2883983, 2925593, 2961193, 3006754, 3100225, 3124536, 3143975, 3224527, 3227046, 3299387, 3378808, 3376539, 3437200, 3514411, 3518960, 3572310, 3610141, 3630621, 3728512, 3771552, 3772913, 3811563, 3870745, 3903414];[2128984, 128102, 104911, 106012, 109621, 105041, 104521, 127531, 105891, 105011, 104871, 104262, 109871, 104671, 105571, 134591, 104961, 104622, 104591, 106862, 104172, 104941, 105141, 130911, 105222, 105081, 105591, 104921, 106491, 104791, 104661, 132682, 105591, 110342, 109981, 105121, 106601, 106222, 106712, 134552, 105561, 112651, 105171, 105661, 110241, 106091, 111071, 105421, 106292, 107391];[882070, 945120, 987381, 1030462, 1076243, 1121762, 1165914, 1228983, 1267455, 1307825, 1351336, 1394716, 1440596, 1487506, 1526297, 1579728, 1622189, 1658209, 1726050, 1757870, 1809311, 1866521, 1891582, 1957202, 1999413, 2109914, 2084624, 2125024, 2166335, 2216085, 2306106, 2305376, 2344216, 2426107, 2432008, 2495158, 2581929, 2581559, 2641660, 2680511, 2709471, 2772292, 2817572, 2835302, 2919343, 2975303, 2970104, 3022615, 3076815, 3106835];[681378, 683948, 883730, 700818, 705628, 690778, 779419, 689338, 696557, 684608, 697768, 683658, 696278, 693588, 695908, 684788, 746208, 688148, 687437, 681118, 681147, 695019, 701587, 696678, 681518, 683518, 693768, 695648, 688367, 685878, 689458, 686478, 694168, 688078, 685057, 699108, 690278, 688758, 688828, 699348, 703928, 687367, 687398, 689658, 698928, 690158, 691738, 683527, 687638, 689188]
T1400V1000_0.4;1400;1000;2;0.4;experiment_data/medium/T1400V1000_0.4_T.csv;experiment_data/medium/T1400V1000_0.4_V.csv;3733;3181;Snake;[1, 1, 1, 1, 1, 1, 1, 1, 1, 1, 1, 1, 1, 1, 1, 1, 1, 1, 1, 1, 1, 1, 1, 1, 1, 1, 1, 1, 1, 1, 1, 1, 1, 1, 1, 1, 1, 1, 1, 1, 1, 1, 1, 1, 1, 1, 1, 1, 1, 1];[7889139, 3301846, 3682443, 3601121, 3650871, 3812463, 3888425, 4060836, 4198087, 4308939, 4315138, 4538192, 5031288, 5341221, 5341771, 5044857, 5140158, 5151539, 5278740, 5338321, 5644224, 5841547, 5748135, 5987348, 6111199, 6274082, 6412083, 6608495, 6874488, 6853259, 7199662, 7574586, 7509405, 7276623, 7306513, 7575697, 8231354, 9027242, 8307214, 8852900, 8841259, 8764750, 8472756, 8565347, 8683810, 8864371, 10093576, 9241395, 9900523, 9591379];[5044987, 326023, 267654, 312093, 269503, 273413, 264693, 330233, 269243, 267743, 268772, 267063, 271513, 279673, 326374, 327103, 267743, 268083, 285893, 279883, 289893, 284464, 280263, 343324, 285883, 292554, 278383, 363694, 303383, 333124, 274243, 343304, 286633, 278993, 284463, 298274, 285893, 302193, 332424, 357534, 316253, 311304, 301483, 301293, 302254, 299443, 301744, 335544, 304133, 323564];[2126094, 2248265, 2527699, 2568429, 2651940, 2794622, 2890453, 2999354, 3200006, 3301757, 3309607, 3537671, 3992146, 4067297, 4232178, 3981695, 4111477, 4135937, 4253308, 4312659, 4595983, 4784574, 4707853, 4893235, 5063737, 5222760, 5219920, 5478383, 5608754, 5759836, 6155011, 6453353, 6448383, 6231931, 6231731, 6483053, 7151742, 7830529, 7178512, 7658237, 7670697, 7631917, 7350544, 7434655, 7562076, 7749788, 8881522, 8085322, 8763290, 8362465];[718058, 727558, 887090, 720599, 729428, 744428, 733279, 731249, 728838, 739439, 736759, 733458, 767629, 994251, 783219, 736059, 760938, 747519, 739539, 745779, 758348, 772509, 760019, 750789, 761579, 758768, 913780, 766418, 962351, 760299, 770408, 777929, 774389, 765699, 790319, 794370, 793719, 894520, 796278, 837129, 854309, 821529, 820729, 829399, 819480, 815140, 910310, 820529, 833100, 905350]
T1100V1000_0.3;1100;1000;2;0.3;experiment_data/medium/T1100V1000_0.3_T.csv;experiment_data/medium/T1100V1000_0.3_V.csv;2927;2960;Snake;[1, 1, 1, 1, 1, 1, 1, 1, 1, 1, 1, 1, 1, 1, 1, 1, 1, 1, 1, 1, 1, 1, 1, 1, 1, 1, 1, 1, 1, 1, 1, 1, 1, 1, 1, 1, 1, 1, 1, 1, 1, 1, 1, 1, 1, 1, 1, 1, 1, 1];[6282281, 2687000, 2732072, 2822612, 2928745, 3048844, 3118925, 3227038, 3289348, 3397969, 3471621, 3614242, 3650813, 3871903, 3902684, 4029126, 4011725, 4172367, 4186748, 4274010, 4346529, 4499110, 4540311, 4632212, 4755174, 4852025, 4903566, 5084488, 5119018, 5158909, 6229081, 6232941, 5480893, 5657495, 5667216, 5708715, 5883847, 5964648, 5985158, 6184021, 6246770, 6247171, 7036319, 6748086, 7425405, 6765787, 6866799, 9666460, 7296623, 7536006];[3945625, 237672, 191853, 191472, 190193, 215122, 194682, 233863, 196082, 203783, 201023, 194103, 195983, 197292, 194712, 237463, 203062, 213062, 199152, 209053, 200912, 202512, 196412, 242102, 198322, 198512, 198693, 198392, 203782, 199713, 202053, 254303, 207663, 204822, 203133, 202792, 205952, 201923, 201552, 256533, 204382, 207893, 203372, 210252, 210213, 214872, 225013, 209472, 205622, 208632];[1654169, 1761730, 1858402, 1955023, 2054404, 2139044, 2226055, 2307117, 2404848, 2490648, 2586310, 2716371, 2770052, 2970343, 3007055, 3094215, 3119256, 3262707, 3295718, 3374569, 3444859, 3609650, 3648951, 3694412, 3863534, 3964756, 4011116, 4174098, 4207368, 4262608, 5257950, 5229979, 4557212, 4752554, 4760275, 4800805, 4957137, 5061067, 5065018, 5211990, 5319950, 5329841, 6106099, 5826756, 6473384, 5841737, 5932148, 5922348, 6352742, 6576655];[682487, 687598, 681817, 676117, 684148, 694678, 698188, 686058, 688418, 703538, 684288, 703768, 684778, 704268, 700917, 697448, 689407, 696598, 691878, 690388, 700758, 686948, 694948, 695698, 693318, 688757, 693757, 711998, 707868, 696588, 769078, 748659, 716018, 700119, 703808, 705118, 720758, 701658, 718588, 715498, 722438, 709437, 726848, 711078, 741808, 709178, 709638, 3534640, 738259, 750719]
T800V1000_0.6;800;1000;2;0.6;experiment_data/medium/T800V1000_0.6_T.csv;experiment_data/medium/T800V1000_0.6_V.csv;2134;3068;Snake;[1, 1, 1, 1, 1, 1, 1, 1, 1, 1, 1, 1, 1, 1, 1, 1, 1, 1, 1, 1, 1, 1, 1, 1, 1, 1, 1, 1, 1, 1, 1, 1, 1, 1, 1, 1, 1, 1, 1, 1, 1, 1, 1, 1, 1, 1, 1, 1, 1, 1];[4742594, 2097894, 2163705, 2215435, 2292387, 4007035, 2427468, 2501879, 2538929, 2710791, 2632820, 2703212, 2764952, 2941304, 3198737, 3023703, 2996054, 3209507, 3140936, 3234297, 3279248, 3441418, 3353268, 3483330, 3511959, 3819424, 3709043, 3672422, 3733683, 3977865, 3875834, 3959466, 3988446, 4250999, 4106037, 4182608, 4294459, 4514422, 4397431, 4469771, 4486901, 4769265, 4609322, 4731645, 4748053, 5023397, 4847475, 4924177, 5013106, 5344151];[2874812, 168282, 142152, 140591, 139952, 146342, 144912, 172932, 141942, 140012, 148282, 140462, 141422, 141452, 141992, 191791, 140101, 140912, 140321, 140961, 141182, 140551, 140232, 172402, 139861, 141222, 142972, 141852, 140452, 139782, 141302, 178032, 141212, 142812, 141882, 143642, 140922, 142282, 141452, 184592, 146241, 147902, 143552, 142672, 142611, 143812, 144272, 143772, 143641, 153072];[1181544, 1245785, 1338825, 1399907, 1478837, 1535117, 1606538, 1653119, 1726739, 1776590, 1814321, 1886992, 1954402, 2006423, 2260526, 2157465, 2187355, 2258636, 2318577, 2418428, 2465498, 2470708, 2540438, 2633060, 2698840, 2822862, 2851803, 2859272, 2912023, 2974504, 3048214, 3089036, 3169066, 3218037, 3291348, 3351218, 3462479, 3478590, 3559500, 3603211, 3652632, 3699512, 3772563, 3907005, 3911124, 3964875, 4015695, 4096377, 4166977, 4245878];[686238, 683827, 682728, 674937, 673598, 2325576, 676018, 675828, 670248, 794189, 670217, 675758, 669128, 793429, 796219, 674447, 668598, 809959, 682038, 674908, 672568, 830159, 672598, 677868, 673258, 855340, 714268, 671298, 681208, 863579, 686318, 692398, 678168, 890150, 672807, 687748, 691058, 893550, 696479, 681968, 688028, 921851, 693207, 681968, 694318, 914710, 687508, 684028, 702488, 945201]
T1300V1000_0.2;1300;1000;2;0.2;experiment_data/medium/T1300V1000_0.2_T.csv;experiment_data/medium/T1300V1000_0.2_V.csv;3484;2900;Snake;[1, 1, 1, 1, 1, 1, 1, 1, 1, 1, 1, 1, 1, 1, 1, 1, 1, 1, 1, 1, 1, 1, 1, 1, 1, 1, 1, 1, 1, 1, 1, 1, 1, 1, 1, 1, 1, 1, 1, 1, 1, 1, 1, 1, 1, 1, 1, 1, 1, 1];[7275054, 3092945, 3138285, 3248176, 3389648, 3437289, 3586461, 3737862, 3763303, 3874364, 3948085, 4084166, 4286359, 4275749, 4423250, 5079288, 4615832, 4820245, 4850236, 4940297, 5339990, 5890817, 5216369, 5453822, 5574223, 5571734, 5780986, 5933829, 5869957, 7229242, 6200491, 6406583, 6471664, 6583184, 10913324, 6890048, 7034880, 7547896, 7252923, 7445205, 7950330, 8156883, 7771619, 8406976, 8541387, 8170142, 8756970, 8415155, 9073203, 9769271];[4632003, 291213, 249953, 248192, 249752, 247153, 247173, 297543, 249633, 246023, 246133, 252053, 248573, 253383, 260113, 300404, 252873, 266953, 262143, 250633, 254452, 260483, 264923, 317703, 272392, 263493, 267223, 267254, 277663, 269303, 276063, 326644, 278093, 276783, 292183, 282873, 286043, 278093, 277774, 350084, 286553, 289744, 294414, 290933, 288513, 308143, 291313, 313143, 298113, 297413];[1984253, 2121414, 2215455, 2323447, 2468008, 2532879, 2664031, 2769351, 2851503, 2947044, 3033604, 3166765, 3359219, 3349148, 3490930, 4094977, 3673922, 3859874, 3891905, 4005666, 4374510, 4924756, 4274068, 4442061, 4597663, 4603493, 4810625, 4949357, 4901106, 6177010, 5227470, 5386962, 5488913, 5597573, 6797367, 5879287, 6024229, 6132860, 6236940, 6354323, 6500643, 7138621, 6748357, 6864368, 7517615, 7118510, 7149982, 7347534, 8005431, 8216914];[658798, 680318, 672877, 676537, 671888, 657257, 675257, 670968, 662167, 681297, 668348, 665348, 678567, 673218, 672207, 683907, 689037, 693418, 696188, 683998, 711028, 705578, 677378, 694058, 704168, 704748, 703138, 717218, 691188, 782929, 696958, 692977, 704658, 708828, 3823774, 727888, 724608, 1136943, 738209, 740798, 1163134, 728518, 728848, 1251675, 735259, 743489, 1315675, 754478, 769659, 1254944]
T1000V1000_0.5;1000;1000;2;0.5;experiment_data/medium/T1000V1000_0.5_T.csv;experiment_data/medium/T1000V1000_0.5_V.csv;2621;3118;Snake;[1, 1, 1, 1, 1, 1, 1, 1, 1, 1, 1, 1, 1, 1, 1, 1, 1, 1, 1, 1, 1, 1, 1, 1, 1, 1, 1, 1, 1, 1, 1, 1, 1, 1, 1, 1, 1, 1, 1, 1, 1, 1, 1, 1, 1, 1, 1, 1, 1, 1];[5763176, 2505799, 2565779, 2664961, 2774882, 2923104, 2888503, 3016904, 3064444, 3154526, 3242777, 3390579, 3441999, 3484399, 3574951, 3644162, 3685932, 3770904, 3881795, 3956205, 4031787, 4124478, 4196858, 4327520, 4339090, 4966406, 4542932, 4753735, 4747914, 5101188, 4892865, 4939226, 5099037, 5138538, 6033919, 5368951, 5408501, 5445193, 5522703, 5858316, 5841217, 6523194, 5885117, 5929677, 6057659, 6182360, 6144320, 7022220, 6422934, 6426533];[3552130, 206772, 174312, 174592, 178232, 174412, 173822, 217953, 173371, 179112, 175092, 174722, 211712, 190712, 178232, 212043, 173792, 173773, 175022, 175712, 181613, 176302, 176542, 215243, 180152, 183392, 179002, 178012, 178222, 179092, 182952, 239933, 188412, 180042, 180442, 186492, 184202, 198303, 182582, 224062, 231753, 185662, 184002, 184772, 198892, 187492, 188142, 185802, 189703, 187892];[1501987, 1580269, 1673249, 1773221, 1875711, 2025243, 2002953, 2082663, 2156795, 2259996, 2330476, 2431238, 2500408, 2570669, 2680371, 2709121, 2777682, 2870303, 2967714, 3039024, 3135596, 3215897, 3273307, 3374189, 3418769, 3994386, 3631121, 3847144, 3838593, 4163487, 3976515, 3957815, 4176927, 4217188, 5048007, 4447031, 4475671, 4500671, 4604212, 4863555, 4848295, 5584473, 4945736, 4976027, 5111998, 5229760, 5212100, 6077729, 5474032, 5487393];[709059, 718758, 718218, 717148, 720939, 723449, 711728, 716288, 734278, 715418, 737209, 784619, 729879, 723018, 716348, 722998, 734458, 726828, 739059, 741469, 714578, 732279, 747009, 738088, 740169, 788628, 732809, 728579, 731099, 758609, 733398, 741478, 733698, 741308, 805470, 735428, 748628, 746219, 735909, 770699, 761169, 753059, 755379, 768878, 746769, 765108, 744078, 758689, 759199, 751248]
T1100V1000_0.7;1100;1000;2;0.7;experiment_data/medium/T1100V1000_0.7_T.csv;experiment_data/medium/T1100V1000_0.7_V.csv;2904;3330;Snake;[1, 1, 1, 1, 1, 1, 1, 1, 1, 1, 1, 1, 1, 1, 1, 1, 1, 1, 1, 1, 1, 1, 1, 1, 1, 1, 1, 1, 1, 1, 1, 1, 1, 1, 1, 1, 1, 1, 1, 1, 1, 1, 1, 1, 1, 1, 1, 1, 1, 1];[6364872, 2849303, 3086785, 2905503, 3012424, 3332348, 3331808, 3319888, 3472600, 3674642, 3612561, 3771153, 3808984, 4114378, 4076756, 4164447, 4369689, 6404672, 4517952, 4395330, 4810825, 5106708, 4724455, 5388872, 4955597, 5285370, 5366341, 5540753, 5671195, 6156081, 5724234, 6349372, 6049839, 5767876, 6146609, 6337772, 7100981, 6232292, 6772496, 6509185, 6538505, 6923059, 6903368, 7459714, 7102430, 6883398, 7016141, 8227844, 7124521, 7213583];[3917424, 240383, 193352, 193172, 190672, 193042, 189822, 232713, 205943, 189652, 203912, 192812, 189602, 192943, 194762, 231782, 194122, 190612, 193582, 220823, 191503, 224662, 211033, 240213, 231303, 195172, 202972, 195892, 211742, 211633, 212782, 244142, 227552, 210223, 206582, 207242, 216553, 236523, 208152, 270474, 208293, 211473, 205762, 201472, 208422, 221722, 223843, 227603, 221492, 210813];[1678919, 1842221, 1834850, 1946292, 2033963, 2255035, 2366237, 2312877, 2387167, 2696541, 2626160, 2673601, 2821572, 3135276, 2942873, 3123936, 3388658, 3232386, 3517900, 3385558, 3520930, 4090787, 3735433, 4072166, 3930485, 4266119, 4093727, 4527631, 4549252, 4767705, 4699653, 5179390, 4695494, 4749114, 5086868, 4962696, 5876376, 5175179, 5305450, 5403591, 5491103, 5511382, 5878777, 6400623, 5675604, 5822776, 5940078, 6735237, 6066490, 6172271];[768529, 766699, 1058583, 766039, 787789, 884271, 775749, 774298, 879490, 788449, 782489, 904740, 797810, 786159, 939121, 808729, 786909, 2981674, 806470, 788949, 1098392, 791259, 777989, 1076493, 793809, 824079, 1069642, 817230, 910201, 1176743, 811799, 925840, 1126793, 808539, 853159, 1167834, 1008052, 820590, 1258894, 835120, 839109, 1200204, 818829, 857619, 1218404, 838900, 852220, 1265004, 836539, 830499]
T600V1000_0.9;600;1000;2;0.9;experiment_data/medium/T600V1000_0.9_T.csv;experiment_data/medium/T600V1000_0.9_V.csv;1609;3161;Snake;[1, 1, 1, 1, 1, 1, 1, 1, 1, 1, 1, 1, 1, 1, 1, 1, 1, 1, 1, 1, 1, 1, 1, 1, 1, 1, 1, 1, 1, 1, 1, 1, 1, 1, 1, 1, 1, 1, 1, 1, 1, 1, 1, 1, 1, 1, 1, 1, 1, 1];[3707083, 1786941, 1805551, 1829490, 1922173, 1955442, 1995362, 2055783, 2097624, 2134035, 2169775, 2236697, 2263815, 2300466, 2358287, 2418628, 2426188, 2486408, 2519889, 2578710, 2636771, 2648030, 2718521, 2798141, 2808893, 2854682, 2923383, 2955523, 2990553, 3064366, 3072975, 3138375, 3203846, 3254166, 3285878, 3368768, 3386378, 3437799, 3472641, 3536911, 3574772, 3604411, 3669613, 3695043, 3722562, 3791733, 3833104, 3912944, 4076266, 3976135];[2131575, 141702, 105342, 105551, 118652, 107091, 105710, 126881, 105931, 106452, 104851, 105042, 105731, 104972, 104961, 127442, 105681, 105311, 105802, 105252, 107862, 105261, 104621, 129191, 105422, 105381, 104871, 105281, 105341, 104652, 105561, 133131, 105281, 106711, 108661, 105521, 105831, 107131, 106202, 135162, 106832, 105901, 110192, 106472, 105891, 105911, 107311, 120691, 107321, 105671];[879430, 948631, 982661, 1019091, 1088033, 1142063, 1184324, 1222114, 1272515, 1319645, 1358456, 1412087, 1453066, 1486336, 1554448, 1590508, 1616729, 1680949, 1713869, 1760410, 1825991, 1843771, 1912612, 1964812, 1991392, 2042353, 2116004, 2139524, 2177084, 2251816, 2253796, 2298256, 2378107, 2424997, 2466819, 2551469, 2569930, 2618260, 2652701, 2696321, 2755652, 2788882, 2837543, 2873302, 2912343, 2971944, 3015565, 3088085, 3255887, 3148795];[696078, 696608, 717548, 704848, 715488, 706288, 705328, 706788, 719178, 707938, 706468, 719568, 705018, 709158, 698878, 700678, 703778, 700148, 700218, 713048, 702918, 698998, 701288, 704138, 712079, 706948, 702508, 710718, 708128, 707898, 713618, 706988, 720458, 722458, 710398, 711778, 710617, 712408, 713738, 705428, 712288, 709628, 721878, 715269, 704328, 713878, 710228, 704168, 713058, 721669]
T1300V1000_0.6;1300;1000;2;0.6;experiment_data/medium/T1300V1000_0.6_T.csv;experiment_data/medium/T1300V1000_0.6_V.csv;3490;3344;Snake;[1, 1, 1, 1, 1, 1, 1, 1, 1, 1, 1, 1, 1, 1, 1, 1, 1, 1, 1, 1, 1, 1, 1, 1, 1, 1, 1, 1, 1, 1, 1, 1, 1, 1, 1, 1, 1, 1, 1, 1, 1, 1, 1, 1, 1, 1, 1, 1, 1, 1];[7369753, 3168837, 3215997, 3332438, 3467470, 3576720, 3743743, 4018845, 3953185, 3959256, 4092837, 4397161, 4347620, 4823635, 5305961, 4728574, 4724394, 4856905, 4958867, 5050697, 5299331, 5236369, 5379700, 5599414, 5706935, 5707715, 5863895, 5904426, 6135110, 6770357, 6360002, 6497114, 6557995, 6617715, 7029370, 6962449, 6992659, 7223312, 7254673, 7543406, 8124732, 7654967, 7657316, 7970160, 7974430, 7902470, 9550260, 8845350, 8421176, 8643738];[4626142, 305704, 243953, 249703, 247353, 245713, 255383, 290093, 250713, 243823, 262083, 248793, 245273, 255243, 257263, 308164, 249143, 249423, 247363, 249823, 252043, 256413, 250752, 303894, 257643, 251533, 259572, 254852, 273133, 259933, 340434, 313064, 275354, 259383, 255713, 265563, 263273, 266263, 262763, 330434, 266053, 272563, 270652, 275383, 273183, 275503, 284384, 288703, 272803, 284523];[1967263, 2091764, 2201555, 2310136, 2444688, 2546649, 2713121, 2950194, 2932743, 2931604, 3040695, 3377949, 3300268, 3764002, 4184908, 3625341, 3678512, 3818343, 3905584, 4020995, 4258519, 4176997, 4328539, 4488851, 4640053, 4652693, 4798045, 4849405, 5060537, 5340291, 5207469, 5366001, 5449302, 5543103, 5925477, 5863886, 5886847, 6137050, 6162600, 6342402, 7014230, 6554895, 6532555, 6844278, 6861368, 6786557, 8283554, 7716938, 7294223, 7498095];[776348, 771369, 770489, 772599, 775429, 784358, 775239, 778558, 769729, 783829, 790059, 770419, 802079, 804390, 863790, 795069, 796739, 789139, 805920, 779879, 788769, 802959, 800409, 806669, 809239, 803489, 806278, 800169, 801440, 1170133, 812099, 818049, 833339, 815229, 848180, 833000, 842539, 819999, 829310, 870570, 844449, 827509, 854109, 850499, 839879, 840410, 982322, 839709, 854150, 861120]
T900V1000_0.9;900;1000;2;0.9;experiment_data/medium/T900V1000_0.9_T.csv;experiment_data/medium/T900V1000_0.9_V.csv;2391;3395;Snake;[1, 1, 1, 1, 1, 1, 1, 1, 1, 1, 1, 1, 1, 1, 1, 1, 1, 1, 1, 1, 1, 1, 1, 1, 1, 1, 1, 1, 1, 1, 1, 1, 1, 1, 1, 1, 1, 1, 1, 1, 1, 1, 1, 1, 1, 1, 1, 1, 1, 1];[5564083, 2397298, 2437468, 2611430, 2595078, 2680170, 2821453, 2853173, 2855633, 3062536, 3108346, 3114246, 3312467, 3247337, 3296447, 5463432, 3438399, 3480630, 3732573, 3603571, 3700382, 3960795, 3822493, 4037866, 4188168, 4044066, 4136287, 4451601, 4275828, 4431390, 4826825, 4513871, 4517672, 4874795, 5444602, 4766185, 5065908, 4914326, 4967518, 5336181, 5140699, 5128188, 5525693, 5305030, 5372942, 5762096, 5499763, 5627254, 6896019, 5925008];[3227057, 184973, 159162, 161622, 156701, 156822, 156492, 207283, 156892, 158632, 156772, 169842, 159021, 159772, 158282, 195762, 182572, 163832, 159022, 159912, 157982, 159092, 158012, 193192, 160352, 164302, 163732, 160242, 169091, 159062, 159872, 197982, 163382, 175162, 160572, 167192, 159132, 159101, 165853, 201412, 159392, 163072, 160922, 159702, 161412, 164752, 169082, 165092, 164572, 172822];[1344235, 1437536, 1491537, 1583868, 1662528, 1724029, 1789291, 1871741, 1922842, 1995663, 2144305, 2165765, 2204135, 2292066, 2355276, 2426368, 2461948, 2531189, 2606550, 2665910, 2746531, 2812702, 2881563, 3046025, 3023745, 3093715, 3168326, 3219217, 3319248, 3470739, 3629122, 3526830, 3558941, 3666911, 4404331, 3808964, 3853764, 3955826, 4002956, 4065066, 4184558, 4178258, 4298039, 4355870, 4414611, 4503611, 4535742, 4662143, 5555923, 4944796];[992791, 774789, 786769, 865940, 775849, 799319, 875670, 774149, 775899, 908241, 807269, 778639, 949311, 795499, 782889, 2841302, 793879, 785609, 967001, 777749, 795869, 989001, 782918, 798649, 1004071, 786049, 804229, 1072142, 787489, 801589, 1037831, 789059, 795349, 1032722, 879699, 790029, 1053012, 799399, 798709, 1069703, 796749, 786858, 1066732, 789458, 796919, 1093733, 794939, 800019, 1175524, 807390]
T1400V1000_0.9;1400;1000;2;0.9;experiment_data/medium/T1400V1000_0.9_T.csv;experiment_data/medium/T1400V1000_0.9_V.csv;3603;3754;Snake;[1, 1, 1, 1, 1, 1, 1, 1, 1, 1, 1, 1, 1, 1, 1, 1, 1, 1, 1, 1, 1, 1, 1, 1, 1, 1, 1, 1, 1, 1, 1, 1, 1, 1, 1, 1, 1, 1, 1, 1, 1, 1, 1, 1, 1, 1, 1, 1, 1, 1];[8047892, 3429399, 3496880, 3637181, 3778232, 3847374, 3954154, 4141208, 4225988, 4325919, 4482201, 4570252, 4773144, 4785164, 4907435, 5064827, 5167479, 6157290, 5351981, 5535964, 5868136, 5702455, 5905237, 6090889, 6148599, 6294281, 6460312, 6523405, 6681716, 6780566, 6941559, 7142232, 7743649, 10611221, 8083632, 8137702, 8622728, 8615369, 8659158, 8975912, 8451507, 8577867, 9518058, 8774321, 10052125, 9858692, 9630540, 9863103, 10101456, 9879843];[5051258, 316143, 264983, 260053, 262603, 263353, 259752, 312484, 262973, 270073, 279033, 265883, 272873, 279433, 266273, 322213, 266163, 274563, 287804, 268384, 268823, 279343, 271703, 345064, 278833, 279153, 278152, 296234, 283273, 288203, 278203, 344234, 297014, 291103, 299733, 296513, 319883, 305354, 292993, 366784, 322154, 303033, 299393, 304924, 303124, 353294, 298974, 312074, 308234, 316284];[2143044, 2240376, 2376987, 2517598, 2643099, 2729961, 2830952, 2962634, 3092035, 3195896, 3334228, 3429989, 3625531, 3641601, 3763333, 3867354, 4020446, 4968127, 4193908, 4389350, 4703503, 4536712, 4742224, 4852685, 4976496, 5116898, 5271670, 5306000, 5483303, 5586133, 5759756, 5863117, 6525685, 6044919, 6815798, 6787357, 6982650, 7326073, 7409794, 7159502, 7129791, 7315773, 7721788, 7493506, 8503667, 8014221, 8340915, 8570567, 8182523, 8542087];[853590, 872880, 854910, 859530, 872530, 854060, 863450, 866090, 870980, 859950, 868940, 874380, 874740, 864130, 877829, 875260, 880870, 914600, 870269, 878230, 895810, 886400, 891310, 893140, 893270, 898230, 910490, 921171, 915140, 906230, 903600, 934881, 920950, 4275199, 968101, 1053832, 1320195, 983942, 956371, 1449626, 999562, 959061, 1496877, 975891, 1245334, 1491177, 990651, 980462, 1610699, 1021472]
T1200V1000_0.5;1200;1000;2;0.5;experiment_data/medium/T1200V1000_0.5_T.csv;experiment_data/medium/T1200V1000_0.5_V.csv;3208;3202;Snake;[1, 1, 1, 1, 1, 1, 1, 1, 1, 1, 1, 1, 1, 1, 1, 1, 1, 1, 1, 1, 1, 1, 1, 1, 1, 1, 1, 1, 1, 1, 1, 1, 1, 1, 1, 1, 1, 1, 1, 1, 1, 1, 1, 1, 1, 1, 1, 1, 1, 1];[6855192, 2900604, 2940816, 3076318, 3161827, 3257578, 3358030, 3487722, 3544993, 3668364, 4067459, 3852355, 3953258, 4084560, 4706537, 4435184, 4315132, 4409073, 4598415, 4696145, 4792258, 4882788, 5007270, 5089211, 5097081, 5258594, 5331584, 5394674, 5546297, 5659038, 6149143, 5898211, 6070923, 6050413, 6228174, 6332076, 6354366, 6499118, 6939653, 6765442, 6886692, 7569032, 7116706, 7157697, 7284696, 7309219, 7576211, 7715443, 7667722, 7929575];[4345662, 282933, 208473, 225453, 211492, 211232, 215072, 255343, 209652, 211442, 211602, 215112, 212833, 217043, 213783, 322304, 221713, 221133, 218303, 214682, 217573, 212023, 243793, 261213, 230282, 230753, 218563, 223812, 219763, 223613, 223162, 284954, 220353, 220373, 219832, 238823, 223703, 220812, 220932, 288574, 225812, 227753, 245473, 230443, 227962, 233483, 244033, 235243, 243953, 235703];[1787521, 1892032, 2003204, 2111556, 2219516, 2312927, 2417829, 2488840, 2588202, 2717293, 3118057, 2897044, 3009266, 3130048, 3563282, 3373981, 3351740, 3447871, 3635243, 3747395, 3842546, 3927647, 4009838, 4066839, 4110310, 4262531, 4345882, 4424123, 4569565, 4681206, 5162262, 4866918, 5075571, 5065300, 5232172, 5317283, 5350174, 5495186, 5894711, 5681158, 5868270, 6544839, 6081173, 6132184, 6261545, 6283566, 6535798, 6655100, 6615599, 6880222];[722009, 725639, 729139, 739309, 730819, 733419, 725129, 743539, 747139, 739629, 737800, 740199, 731159, 737469, 929472, 738899, 741679, 740069, 744869, 734068, 732139, 743118, 753639, 761159, 756489, 765310, 767139, 746739, 756969, 754219, 763719, 746339, 774999, 764740, 776170, 775970, 780489, 783120, 824010, 795710, 792610, 796440, 790060, 795070, 795189, 792170, 796380, 825100, 808170, 813650]
T800V1000_0.7;800;1000;2;0.7;experiment_data/medium/T800V1000_0.7_T.csv;experiment_data/medium/T800V1000_0.7_V.csv;2129;3156;Snake;[1, 1, 1, 1, 1, 1, 1, 1, 1, 1, 1, 1, 1, 1, 1, 1, 1, 1, 1, 1, 1, 1, 1, 1, 1, 1, 1, 1, 1, 1, 1, 1, 1, 1, 1, 1, 1, 1, 1, 1, 1, 1, 1, 1, 1, 1, 1, 1, 1, 1];[4740344, 2131814, 2152635, 2246715, 2293565, 2351457, 2426727, 2516428, 2527499, 2596790, 2650230, 2733452, 2789481, 4500272, 2919424, 2987714, 3020875, 3210887, 3127835, 3198347, 3731622, 3492850, 3393529, 3472179, 3497780, 3729581, 3611062, 3711262, 3738372, 3971046, 3862434, 3968105, 3970136, 4227998, 4149697, 4156458, 4250388, 4491671, 4382480, 4466661, 4506491, 5486832, 4610343, 4653693, 4710705, 5018087, 4837505, 4939567, 5003078, 5291909];[2854922, 174532, 141022, 142591, 139311, 142302, 142481, 178582, 143301, 143031, 139582, 139042, 140121, 140722, 143572, 170792, 140692, 142322, 140061, 140502, 141861, 142672, 147072, 172752, 140722, 148231, 141422, 152692, 140441, 141582, 140952, 183232, 140932, 140851, 141242, 140342, 146951, 141762, 141841, 187762, 142032, 142031, 155332, 143282, 141522, 151042, 142512, 141852, 141412, 143031];[1187174, 1260984, 1323545, 1410476, 1469966, 1522847, 1599179, 1640588, 1697320, 1767601, 1824811, 1905382, 1949232, 2000053, 2086014, 2125125, 2183595, 2236356, 2299736, 2372327, 2852232, 2509448, 2558839, 2597669, 2655521, 2719691, 2775952, 2866732, 2907133, 2960854, 3022894, 3096246, 3137866, 3205246, 3306917, 3317337, 3385059, 3449739, 3540440, 3591351, 3657251, 4241249, 3767763, 3811913, 3876155, 3918244, 3988565, 4101837, 4166128, 4168337];[698248, 696298, 688068, 693648, 684288, 686308, 685067, 697258, 686878, 686158, 685837, 689028, 700128, 2359497, 689838, 691797, 696588, 832209, 688038, 685518, 737529, 840730, 687618, 701758, 701537, 861659, 693688, 691838, 690798, 868610, 698588, 688627, 691338, 881901, 701538, 698779, 718378, 900170, 700199, 687548, 707208, 1103552, 687248, 698498, 693028, 948801, 706428, 695878, 695538, 980541]
T900V1000_1.0;900;1000;2;1.0;experiment_data/medium/T900V1000_1.0_T.csv;experiment_data/medium/T900V1000_1.0_V.csv;2415;3469;Snake;[1, 1, 1, 1, 1, 1, 1, 1, 1, 1, 1, 1, 1, 1, 1, 1, 1, 1, 1, 1, 1, 1, 1, 1, 1, 1, 1, 1, 1, 1, 1, 1, 1, 1, 1, 1, 1, 1, 1, 1, 1, 1, 1, 1, 1, 1, 1, 1, 1, 1];[5311830, 2420917, 2688050, 2539389, 2610260, 2772731, 2750032, 2852202, 2987935, 2952104, 3014755, 4986506, 3181967, 3231718, 3476420, 3408889, 3453870, 3692773, 3586161, 3700242, 3896204, 3762873, 3841324, 4154917, 3974465, 4045577, 4318949, 4197518, 4241118, 4547622, 4366189, 4541723, 4764475, 4573362, 4683713, 5002636, 4814724, 5441932, 5225520, 5054998, 5083528, 5430432, 5200270, 5253990, 5638334, 5478333, 5501924, 5568234, 5607074, 5735085];[3183006, 192022, 157752, 156342, 158092, 158061, 157012, 190712, 156562, 157922, 156912, 158581, 158332, 157582, 157772, 200962, 170002, 171362, 167222, 159622, 158822, 158032, 158272, 193072, 158131, 158872, 157462, 157392, 159472, 158032, 157021, 228353, 158982, 158252, 163002, 157641, 158751, 159332, 162742, 201382, 175602, 159662, 159532, 165072, 161862, 161202, 161292, 160832, 161701, 161602];[1333695, 1423876, 1492546, 1579498, 1648279, 1720990, 1790290, 1856501, 1920112, 1987203, 2059254, 2134274, 2212415, 2267217, 2331197, 2398537, 2469749, 2527309, 2603990, 2731011, 2735471, 2797532, 2880543, 2945883, 3011585, 3086046, 3134145, 3225896, 3261347, 3344438, 3399299, 3496690, 3559150, 3606991, 3703722, 3776383, 3845054, 4445681, 3959475, 4041846, 4093877, 4177898, 4223808, 4278849, 4371439, 4488521, 4519632, 4584473, 4628253, 4745374];[795129, 805019, 1037752, 803549, 803889, 893680, 802730, 804989, 911261, 806979, 798589, 2693651, 811220, 806919, 987451, 809390, 814119, 994102, 814949, 809609, 1001911, 807309, 802509, 1015962, 804749, 800659, 1027342, 814230, 820299, 1045152, 809869, 816680, 1046343, 808119, 816989, 1068612, 810919, 836919, 1103303, 811770, 814049, 1092872, 816930, 810069, 1105033, 828610, 821000, 822929, 817120, 828109]
T1000V1000_0.0;1000;1000;2;0.0;experiment_data/medium/T1000V1000_0.0_T.csv;experiment_data/medium/T1000V1000_0.0_V.csv;2670;2694;Snake;[1, 1, 1, 1, 1, 1, 1, 1, 1, 1, 1, 1, 1, 1, 1, 1, 1, 1, 1, 1, 1, 1, 1, 1, 1, 1, 1, 1, 1, 1, 1, 1, 1, 1, 1, 1, 1, 1, 1, 1, 1, 1, 1, 1, 1, 1, 1, 1, 1, 1];[5603974, 2397128, 2418559, 2551718, 2583579, 2663961, 2736681, 2848943, 2896212, 2981884, 3033884, 3101035, 3181747, 3263957, 3334178, 3428950, 3481389, 3588811, 3663422, 3731612, 3772943, 3870404, 3920044, 4118697, 4093066, 4196979, 4318419, 4351709, 4411780, 4475100, 4550353, 4694134, 4731725, 4822496, 4857865, 4945946, 5034127, 5147919, 5273910, 5334461, 5390951, 5426981, 6159810, 5540943, 5580563, 5711525, 5744156, 5875557, 5939588, 6089879];[3536580, 219963, 177993, 195682, 174702, 172882, 177732, 208093, 176032, 174082, 173752, 173372, 173773, 174192, 174132, 209893, 175332, 186412, 177912, 173532, 174022, 178132, 173491, 212783, 176612, 174973, 174872, 196432, 174502, 174991, 174693, 230003, 176073, 193643, 174262, 180612, 175002, 175732, 177122, 222272, 174302, 183111, 176322, 178572, 175122, 180282, 181222, 178552, 178972, 179392];[1477377, 1586618, 1655809, 1744089, 1821960, 1904082, 1975353, 2042113, 2132654, 2209165, 2275986, 2337366, 2417817, 2503968, 2574399, 2636030, 2716581, 2804642, 2901653, 2971003, 3018394, 3099805, 3164336, 3308427, 3334128, 3415919, 3550200, 3561931, 3649092, 3710993, 3783993, 3869574, 3956515, 4035766, 4085207, 4175747, 4266368, 4379430, 4501621, 4487702, 4603622, 4660003, 5373371, 4769824, 4819014, 4943507, 4974527, 5106808, 5169479, 5301030];[590017, 590547, 584757, 611947, 586917, 586997, 583596, 598737, 587526, 598637, 584146, 590297, 590157, 585797, 585647, 583027, 589476, 597757, 583857, 587077, 580527, 592467, 582217, 597487, 582326, 606087, 593347, 593346, 588186, 589116, 591667, 594557, 599137, 593087, 598396, 589587, 592757, 592757, 595167, 624487, 613027, 583867, 610117, 592547, 586427, 587736, 588407, 590197, 591137, 609457]
T1000V1000_0.6;1000;1000;2;0.6;experiment_data/medium/T1000V1000_0.6_T.csv;experiment_data/medium/T1000V1000_0.6_V.csv;2675;3169;Snake;[1, 1, 1, 1, 1, 1, 1, 1, 1, 1, 1, 1, 1, 1, 1, 1, 1, 1, 1, 1, 1, 1, 1, 1, 1, 1, 1, 1, 1, 1, 1, 1, 1, 1, 1, 1, 1, 1, 1, 1, 1, 1, 1, 1, 1, 1, 1, 1, 1, 1];[6001209, 2519709, 2579999, 2778272, 2772612, 2834443, 3016835, 3015874, 3064725, 3293288, 3214737, 3295839, 3525060, 3436330, 3519800, 3802422, 3668722, 3766942, 4018706, 3908804, 3964055, 4249309, 4134079, 4302469, 4552333, 4427261, 4439111, 4524242, 4570733, 4657314, 4753344, 4913407, 4904606, 5021458, 5083668, 5168219, 5248440, 5333071, 5523383, 5561304, 5551824, 5639454, 5718155, 5808476, 5875797, 6016499, 6065540, 6147850, 6237261, 6328012];[3553611, 214482, 174662, 173522, 174402, 179052, 174502, 208212, 173102, 182592, 173832, 173553, 173322, 174412, 174902, 212632, 172842, 174711, 173922, 175342, 174502, 175652, 175093, 221502, 177232, 178542, 179502, 181332, 175802, 176352, 178052, 221563, 182782, 177452, 183622, 178932, 176662, 182282, 176432, 223883, 179562, 176992, 178002, 182822, 183462, 180002, 181322, 179982, 181952, 183842];[1480967, 1571549, 1663099, 1743080, 1860791, 1909832, 1980133, 2073573, 2140514, 2221366, 2306487, 2378487, 2454437, 2527289, 2610310, 2675100, 2751611, 2848953, 2922214, 2988224, 3058575, 3118596, 3210697, 3325259, 3420160, 3504300, 3507640, 3587161, 3659302, 3743113, 3828654, 3935395, 3979655, 4086197, 4156358, 4241739, 4314999, 4393130, 4583012, 4583792, 4621913, 4701923, 4790385, 4866075, 4937037, 5068068, 5114779, 5208870, 5303521, 5379352];[966631, 733678, 742238, 861670, 737419, 745559, 862200, 734089, 751109, 889330, 734418, 743799, 897301, 734629, 734588, 914690, 744269, 743278, 922570, 745238, 730978, 955061, 748289, 755708, 954941, 744419, 751969, 755749, 735629, 737849, 746638, 756449, 742169, 757809, 743688, 747548, 756779, 757659, 763939, 753629, 750349, 760539, 749768, 759579, 755298, 768429, 769439, 758998, 751788, 764818]
T1100V1000_0.8;1100;1000;2;0.8;experiment_data/medium/T1100V1000_0.8_T.csv;experiment_data/medium/T1100V1000_0.8_V.csv;2933;3445;Snake;[1, 1, 1, 1, 1, 1, 1, 1, 1, 1, 1, 1, 1, 1, 1, 1, 1, 1, 1, 1, 1, 1, 1, 1, 1, 1, 1, 1, 1, 1, 1, 1, 1, 1, 1, 1, 1, 1, 1, 1, 1, 1, 1, 1, 1, 1, 1, 1, 1, 1];[6416743, 2743972, 3079575, 2902243, 3074796, 3363668, 3166416, 3283738, 3656962, 3701223, 3552771, 3736542, 3683253, 3760153, 4005666, 4009985, 4065697, 4294038, 4214498, 4305500, 4575583, 4469161, 5383451, 5181700, 4777204, 4941177, 7296263, 5210681, 5750035, 5459632, 5256731, 5367140, 5716195, 5511874, 5618465, 6031189, 5818816, 5921068, 6262922, 7163422, 6179150, 6734347, 6365594, 6441213, 6968951, 6635795, 6702136, 8141223, 6986430, 6973390];[3903794, 228372, 187502, 188662, 205183, 194842, 195722, 228983, 192243, 195243, 192143, 190602, 195113, 190102, 189793, 236722, 192002, 191302, 194712, 197613, 191202, 194152, 194152, 264593, 198012, 193383, 193072, 212753, 193702, 194442, 193053, 248482, 198422, 193833, 193973, 200722, 232242, 196093, 196262, 249403, 210662, 198332, 204503, 200662, 199863, 203642, 202582, 202332, 209893, 206823];[1722080, 1726910, 1838541, 1921872, 2068624, 2278726, 2181175, 2260726, 2541069, 2712651, 2564330, 2617960, 2699981, 2772232, 2873302, 2970744, 3078106, 3140365, 3206977, 3306277, 3387779, 3467770, 4213978, 3902205, 3766553, 3933155, 3929815, 4175039, 4710164, 4187648, 4240159, 4303139, 4428061, 4505691, 4607383, 4702054, 4772595, 4906216, 4935587, 5999229, 5148909, 5324471, 5327532, 5422082, 5580024, 5607114, 5666704, 6681497, 5918958, 5933928];[790869, 788690, 1053532, 791709, 800989, 890100, 789519, 794029, 923650, 793329, 796298, 927980, 788159, 797819, 942571, 802519, 795589, 962371, 812809, 801610, 996602, 807239, 975321, 1014902, 812639, 814639, 3173376, 822889, 846169, 1077542, 823519, 815519, 1089712, 812350, 817109, 1128413, 813979, 818759, 1131073, 914790, 819579, 1211544, 833559, 818469, 1189064, 825039, 832850, 1257394, 857579, 832639]
T1400V1000_1.0;1400;1000;2;1.0;experiment_data/medium/T1400V1000_1.0_T.csv;experiment_data/medium/T1400V1000_1.0_V.csv;3462;3825;Snake;[1, 1, 1, 1, 1, 1, 1, 1, 1, 1, 1, 1, 1, 1, 1, 1, 1, 1, 1, 1, 1, 1, 1, 1, 1, 1, 1, 1, 1, 1, 1, 1, 1, 1, 1, 1, 1, 1, 1, 1, 1, 1, 1, 1, 1, 1, 1, 1, 1, 1];[8260284, 3410369, 3491130, 3663572, 3862364, 3896175, 4011845, 4157408, 4316899, 4359750, 4534342, 4598343, 5323631, 4887005, 4951656, 5129129, 5134089, 5290561, 5391601, 5616476, 5682824, 5824877, 5832177, 6101929, 6153961, 6222401, 6430884, 7330144, 6585627, 7326615, 7266033, 7053441, 7670638, 7439695, 7473655, 7658358, 7841279, 7783319, 8526939, 8223484, 8120073, 8463787, 8529418, 12365321, 9007214, 10046855, 11049726, 9450708, 9530808, 10277438];[5283870, 307113, 263713, 276543, 265983, 268343, 262743, 316214, 264903, 264663, 263753, 263543, 267734, 354713, 270793, 334544, 278923, 274423, 270083, 285464, 279183, 271543, 290463, 326793, 285734, 279013, 280393, 285003, 284684, 300904, 288013, 337164, 290673, 297093, 289313, 310794, 294303, 293404, 298374, 361334, 299343, 298094, 300274, 315134, 292474, 328494, 361114, 369634, 318783, 311494];[2120695, 2232226, 2362798, 2513309, 2661910, 2748822, 2864492, 2969574, 3171346, 3222217, 3380188, 3451449, 3846334, 3652852, 3785223, 3909315, 3965285, 4139428, 4226058, 4413331, 4501871, 4635023, 4635303, 4867386, 4959407, 5034398, 5228630, 6112670, 5364312, 6092850, 5996548, 5793826, 6399713, 6185531, 6209561, 6387984, 6559565, 6518764, 7265844, 6902819, 6852959, 7162552, 7263243, 7258012, 7717858, 8353946, 8196754, 8074313, 8201743, 8276895];[855719, 871030, 864619, 873720, 934471, 879010, 884610, 871620, 880650, 872870, 890401, 883351, 1209563, 879440, 895640, 885270, 889881, 876710, 895460, 917681, 901770, 918311, 906411, 907750, 908820, 908990, 921861, 932471, 936631, 932861, 981472, 922451, 980252, 957071, 974781, 959580, 987411, 971151, 962721, 959331, 967771, 1003141, 965901, 4792175, 996882, 1364415, 2491858, 1006761, 1010282, 1689049]
T1500V1000_0.0;1500;1000;2;0.0;experiment_data/medium/T1500V1000_0.0_T.csv;experiment_data/medium/T1500V1000_0.0_V.csv;4037;2656;Snake;[1, 1, 1, 1, 1, 1, 1, 1, 1, 1, 1, 1, 1, 1, 1, 1, 1, 1, 1, 1, 1, 1, 1, 1, 1, 1, 1, 1, 1, 1, 1, 1, 1, 1, 1, 1, 1, 1, 1, 1, 1, 1, 1, 1, 1, 1, 1, 1, 1, 1];[8193663, 3628562, 3382838, 3558022, 3822974, 3847625, 3933425, 4123787, 4643823, 4241298, 4431391, 4537151, 5576253, 4798266, 4908676, 5032077, 5105118, 5252290, 5382212, 5471423, 5691755, 5741615, 5838556, 6110710, 6323494, 6217642, 7018101, 6507714, 6557746, 6817838, 6901430, 7077232, 7100461, 7334054, 8115793, 8131733, 8827761, 8348516, 8186364, 8564598, 8352756, 8291984, 8646910, 8638619, 10031746, 10422559, 9097374, 9158965, 10129267, 10071795];[5347291, 337624, 285493, 287034, 285583, 281314, 289803, 353334, 283513, 288963, 289664, 286863, 289763, 296554, 285383, 352984, 297023, 297613, 290483, 300993, 291923, 298463, 286473, 360324, 293564, 303034, 292014, 296223, 296254, 297863, 294054, 356644, 319054, 328074, 304183, 301783, 307174, 318574, 304044, 380444, 307174, 310653, 314864, 326684, 313084, 340214, 345284, 335314, 323784, 332114];[2240695, 2391117, 2512938, 2671461, 2838263, 2967294, 3067345, 3194336, 3772823, 3373079, 3529160, 3677282, 4674273, 3925385, 4050816, 4097997, 4213118, 4370890, 4509142, 4588413, 4799186, 4858315, 4971957, 5149539, 5383652, 5314531, 6131690, 5631985, 5669245, 5929668, 5978368, 6118970, 6191671, 6404064, 7202843, 7221163, 7907760, 7408345, 7259613, 7566076, 7430795, 7381134, 7702908, 7705628, 9047614, 9340837, 8107733, 8213354, 9169365, 9121004];[605677, 899821, 584407, 599527, 699128, 599017, 576277, 576117, 587487, 579256, 612567, 573006, 612217, 576327, 572477, 581096, 594977, 583787, 582587, 582017, 600646, 584837, 580126, 600847, 646278, 600077, 594397, 579506, 592247, 590307, 629008, 601618, 589736, 601916, 608767, 608787, 612827, 621597, 622707, 618078, 614787, 600197, 629138, 606307, 671048, 741508, 644357, 610297, 636118, 618677]
T1400V1000_0.5;1400;1000;2;0.5;experiment_data/medium/T1400V1000_0.5_T.csv;experiment_data/medium/T1400V1000_0.5_V.csv;3723;3293;Snake;[1, 1, 1, 1, 1, 1, 1, 1, 1, 1, 1, 1, 1, 1, 1, 1, 1, 1, 1, 1, 1, 1, 1, 1, 1, 1, 1, 1, 1, 1, 1, 1, 1, 1, 1, 1, 1, 1, 1, 1, 1, 1, 1, 1, 1, 1, 1, 1, 1, 1];[8015792, 3496339, 3411709, 3597111, 3626522, 3772154, 3955735, 4516752, 4172397, 4182648, 4357720, 4564342, 4592462, 4591103, 4722505, 5764615, 5078629, 5110079, 5705445, 5531124, 5403982, 6487204, 5883378, 5802107, 6317843, 6227701, 6348423, 6564995, 6481754, 6759797, 6743197, 7301463, 6874059, 7611126, 7264634, 7286993, 7551217, 7982901, 7581958, 8483867, 8226334, 7927850, 8972532, 8779420, 12144519, 8929393, 9007914, 11080366, 9480818, 9493197];[5027868, 360494, 271523, 263023, 261103, 276054, 264283, 319714, 280103, 278053, 262373, 263593, 268243, 269503, 266563, 319543, 271524, 266593, 265523, 281824, 272073, 266213, 293204, 322204, 269754, 269923, 269223, 292613, 281383, 274363, 280793, 333183, 278704, 296093, 275323, 275803, 274783, 272983, 275834, 354174, 289523, 296973, 285223, 371834, 277673, 306534, 341254, 300733, 313513, 309323];[2165315, 2381707, 2386578, 2580840, 2610100, 2742911, 2921064, 3387689, 3127675, 3138696, 3344258, 3510500, 3552060, 3572572, 3689373, 4645503, 4044376, 4091397, 4637473, 4487072, 4376280, 5300530, 4826185, 4717224, 5283940, 5190179, 5260330, 5507373, 5406752, 5686675, 5686245, 6184071, 5818997, 6521864, 6194751, 6229401, 6490035, 6918589, 6490104, 7310644, 7102952, 6840258, 7784639, 7581206, 7203412, 7801709, 7870511, 9227716, 8293755, 8357335];[822609, 754138, 753608, 753248, 755319, 753189, 770388, 809349, 764619, 765899, 751089, 790249, 772159, 749028, 766569, 799569, 762729, 752089, 802449, 762228, 755629, 920461, 763989, 762679, 764149, 767599, 818870, 765009, 793619, 798759, 776159, 784209, 776358, 793169, 794560, 781789, 786399, 791329, 816020, 819049, 833859, 790619, 902670, 826380, 4663434, 821150, 796149, 1551917, 873550, 826539]
T1500V1000_0.1;1500;1000;2;0.1;experiment_data/medium/T1500V1000_0.1_T.csv;experiment_data/medium/T1500V1000_0.1_V.csv;4022;2813;Snake;[1, 1, 1, 1, 1, 1, 1, 1, 1, 1, 1, 1, 1, 1, 1, 1, 1, 1, 1, 1, 1, 1, 1, 1, 1, 1, 1, 1, 1, 1, 1, 1, 1, 1, 1, 1, 1, 1, 1, 1, 1, 1, 1, 1, 1, 1, 1, 1, 1, 1];[8225435, 3554321, 3480179, 3645553, 3685852, 4374071, 4508311, 4405671, 4319400, 4320760, 5072798, 4641044, 5043208, 5292350, 5477423, 5314041, 5921928, 5889808, 5520554, 6048659, 5697545, 6373464, 6736816, 6182481, 6952209, 6446304, 6582425, 7105261, 6812137, 6899969, 7101441, 7644398, 7307064, 7929801, 8090213, 7581727, 8767790, 8222965, 8821331, 8402126, 8782900, 9195735, 8861811, 9287325, 9432087, 9297377, 9706930, 9978314, 9814212, 10091535];[5289091, 350984, 277723, 275524, 277283, 274324, 281323, 364404, 290664, 277553, 300794, 287804, 280613, 296543, 284674, 380135, 279293, 315784, 296324, 286333, 307623, 307334, 283873, 424475, 303173, 304074, 296893, 301414, 301123, 287183, 304993, 362554, 297754, 335134, 297824, 331844, 294443, 326634, 291203, 367414, 328344, 311843, 340894, 297133, 305343, 340464, 310603, 307223, 372524, 343454];[2308377, 2595190, 2595719, 2753512, 2804052, 3475599, 3497800, 3433569, 3422819, 3430650, 4115287, 3741173, 4113097, 4350620, 4576002, 4292449, 4920627, 4933636, 4559182, 5111079, 4777305, 5452952, 5707315, 5107929, 5964188, 5487422, 5624034, 6159240, 5884497, 5985179, 6114480, 6628306, 6316433, 6913439, 7092561, 6617675, 7752179, 7255403, 7872211, 7382534, 7809629, 8167644, 7879220, 8344355, 8418196, 8303146, 8699679, 8961363, 8789810, 9029803];[627967, 608147, 606737, 616517, 604517, 624148, 729188, 607698, 605917, 612557, 656717, 612067, 649498, 645187, 616747, 641457, 722008, 640388, 665048, 651247, 612617, 613178, 745628, 650077, 684848, 654808, 661498, 644607, 626517, 627607, 681968, 653538, 692877, 681228, 699828, 632208, 721168, 640928, 657917, 652178, 644927, 716248, 641697, 645837, 708548, 653767, 696648, 709728, 651878, 718278]
T1300V1000_0.7;1300;1000;2;0.7;experiment_data/medium/T1300V1000_0.7_T.csv;experiment_data/medium/T1300V1000_0.7_V.csv;3491;3484;Snake;[1, 1, 1, 1, 1, 1, 1, 1, 1, 1, 1, 1, 1, 1, 1, 1, 1, 1, 1, 1, 1, 1, 1, 1, 1, 1, 1, 1, 1, 1, 1, 1, 1, 1, 1, 1, 1, 1, 1, 1, 1, 1, 1, 1, 1, 1, 1, 1, 1, 1];[7456056, 3172996, 3212967, 3336269, 3438140, 5387630, 3646181, 3813833, 4029077, 3980495, 4183468, 4340709, 4287519, 4618153, 4686614, 4772644, 4947347, 5071707, 4914146, 4989216, 5374902, 5186910, 5412772, 5684084, 5595774, 5691235, 5959148, 5848797, 5944158, 7911051, 6211981, 6374493, 6641447, 6515785, 6608446, 7766899, 6931290, 7078001, 7419084, 7529937, 7349334, 7498976, 7771379, 7668808, 7863890, 8324225, 8658849, 8121283, 8133253, 8323135];[4634984, 291243, 249523, 240643, 242453, 245722, 250323, 291643, 244223, 244392, 272813, 244422, 245073, 245403, 250913, 299113, 245513, 255732, 266303, 255172, 253593, 268403, 246583, 298633, 249273, 262653, 262273, 256993, 261083, 248843, 288704, 312973, 266153, 252373, 253043, 250743, 261603, 276663, 261413, 315404, 261963, 256393, 257993, 286064, 260063, 281263, 263273, 265313, 267963, 271643];[1994333, 2085194, 2157685, 2293746, 2402448, 2501338, 2607020, 2704601, 2821583, 2938064, 3073455, 3133105, 3253667, 3552031, 3453560, 3665762, 3887345, 3792613, 3829893, 3926335, 4056307, 4118337, 4366520, 4318579, 4531572, 4619263, 4634033, 4779445, 4876005, 6210161, 5105368, 5244201, 5253701, 5444733, 5541584, 6353502, 5846067, 5944058, 5962178, 6360193, 6236341, 6399713, 6678626, 6514014, 6753247, 7202473, 7547206, 7015020, 7007210, 7216722];[826739, 796559, 805759, 801880, 793239, 2640570, 788838, 817589, 963271, 798039, 837200, 963182, 788779, 820719, 982141, 807769, 814489, 1023362, 817950, 807709, 1065002, 800170, 799669, 1066872, 814929, 809319, 1062842, 812359, 807070, 1452047, 817909, 817319, 1121593, 818679, 813819, 1162654, 823620, 857280, 1195493, 854340, 851030, 842870, 834760, 868730, 850580, 840489, 848370, 840950, 858080, 834770]
T800V1000_0.8;800;1000;2;0.8;experiment_data/medium/T800V1000_0.8_T.csv;experiment_data/medium/T800V1000_0.8_V.csv;2157;3274;Snake;[1, 1, 1, 1, 1, 1, 1, 1, 1, 1, 1, 1, 1, 1, 1, 1, 1, 1, 1, 1, 1, 1, 1, 1, 1, 1, 1, 1, 1, 1, 1, 1, 1, 1, 1, 1, 1, 1, 1, 1, 1, 1, 1, 1, 1, 1, 1, 1, 1, 1];[4828855, 2154514, 2176264, 2432427, 2360807, 2446898, 2483038, 2579990, 2569628, 2614771, 2761751, 2775282, 2827843, 2925743, 2953695, 3081755, 3025485, 3112695, 3228166, 3325889, 3295738, 3340319, 3430789, 3520840, 3545201, 3651912, 3666373, 3734612, 3836783, 3832233, 3883545, 4019216, 4004366, 4168798, 4188468, 4234258, 4295009, 4325628, 4384121, 4478832, 4526522, 4546032, 4712533, 4707604, 4760884, 4858456, 4936487, 4948286, 5002926, 5075609];[2895643, 170402, 139661, 140771, 168922, 140251, 139241, 168602, 142711, 140842, 153251, 141742, 143822, 141471, 141892, 169782, 139772, 140131, 139521, 140002, 144522, 139502, 139651, 172792, 139792, 154032, 139922, 159391, 139751, 139881, 139022, 191583, 141112, 141082, 140972, 140691, 139912, 151701, 140712, 180132, 141372, 143182, 163592, 148092, 140661, 142562, 142412, 142521, 146421, 144192];[1211494, 1275714, 1332895, 1418766, 1477777, 1594219, 1593968, 1698550, 1702239, 1763620, 1866751, 1918372, 1977253, 2044013, 2102064, 2189245, 2178605, 2259896, 2362397, 2409238, 2432858, 2494649, 2582049, 2626180, 2693880, 2787242, 2819763, 2857783, 2946534, 2983795, 3033235, 3118765, 3156016, 3316108, 3322498, 3383759, 3433929, 3453389, 3531281, 3583571, 3664271, 3690982, 3794363, 3837394, 3902565, 3975536, 4063617, 4082946, 4140377, 4202418];[721718, 708398, 703708, 872890, 714108, 712428, 749829, 712838, 724678, 710309, 741749, 715168, 706768, 740259, 709739, 722728, 707108, 712668, 726248, 776649, 718358, 706168, 709089, 721868, 711529, 710638, 706688, 717438, 750498, 708557, 711288, 708868, 707238, 711608, 724998, 709808, 721168, 720538, 712128, 715129, 720879, 711868, 754578, 722118, 717658, 740358, 730458, 722819, 716128, 728999]
T1200V1000_0.6;1200;1000;2;0.6;experiment_data/medium/T1200V1000_0.6_T.csv;experiment_data/medium/T1200V1000_0.6_V.csv;3213;3293;Snake;[1, 1, 1, 1, 1, 1, 1, 1, 1, 1, 1, 1, 1, 1, 1, 1, 1, 1, 1, 1, 1, 1, 1, 1, 1, 1, 1, 1, 1, 1, 1, 1, 1, 1, 1, 1, 1, 1, 1, 1, 1, 1, 1, 1, 1, 1, 1, 1, 1, 1];[6904428, 2886542, 2950224, 3055483, 3185515, 3243696, 3345347, 3488370, 3583021, 3746731, 3716262, 3972805, 3956314, 4096227, 4093017, 4320039, 5218478, 4510959, 4465741, 4579502, 4686862, 4787243, 4861845, 4975486, 5078686, 5143788, 5376290, 6382931, 5560021, 5472930, 5684214, 5755075, 5930566, 5882936, 6044937, 6122378, 6261459, 6349501, 6423882, 7548685, 6656185, 6670266, 6792026, 6936568, 7012788, 7185559, 7207971, 7385824, 7506464, 8417455];[4362279, 248633, 209913, 206112, 226322, 204162, 206402, 247233, 208653, 221252, 216802, 208093, 213182, 209643, 212963, 259383, 208632, 277712, 211843, 209723, 210052, 212792, 208703, 256303, 214172, 216293, 231392, 212982, 217822, 218612, 210642, 264233, 214562, 216712, 213142, 213212, 214282, 216092, 213462, 272403, 221823, 217083, 223132, 219763, 217952, 227602, 232303, 223403, 242713, 229053];[1804430, 1882571, 1990082, 2099903, 2208505, 2286166, 2372896, 2496038, 2576639, 2773731, 2752431, 2931632, 2986514, 3137345, 3118835, 3300157, 4033365, 3479289, 3498130, 3606260, 3721022, 3816962, 3895784, 3960645, 4115756, 4163346, 4385349, 5357130, 4583641, 4492080, 4663263, 4691373, 4944046, 4908585, 5064267, 5139027, 5257509, 5366070, 5442131, 6485913, 5662914, 5669584, 5796125, 5931526, 6019927, 6163298, 6204139, 6368542, 6460162, 7400683];[737719, 755338, 750229, 749468, 750688, 753368, 766049, 745099, 797729, 751748, 747029, 833080, 756618, 749239, 761219, 760499, 976481, 753958, 755768, 763519, 755788, 757489, 757358, 758538, 748758, 764149, 759549, 812819, 758558, 762238, 810309, 799469, 771958, 757639, 767528, 770139, 789668, 767339, 768289, 790369, 771448, 783599, 772769, 785279, 774909, 794659, 771529, 793879, 803589, 787719]
T1100V1000_0.9;1100;1000;2;0.9;experiment_data/medium/T1100V1000_0.9_T.csv;experiment_data/medium/T1100V1000_0.9_V.csv;2954;3558;Snake;[1, 1, 1, 1, 1, 1, 1, 1, 1, 1, 1, 1, 1, 1, 1, 1, 1, 1, 1, 1, 1, 1, 1, 1, 1, 1, 1, 1, 1, 1, 1, 1, 1, 1, 1, 1, 1, 1, 1, 1, 1, 1, 1, 1, 1, 1, 1, 1, 1, 1];[6799117, 2774081, 3058224, 2970755, 3077375, 3317507, 3197796, 3321517, 3499940, 3709942, 3523399, 3831243, 3729822, 3828533, 4157406, 4118806, 4404659, 4347308, 4308578, 4284749, 4421330, 4478230, 4638812, 4682193, 4801613, 5010027, 4893176, 5041237, 5567503, 5151688, 5251010, 5401040, 5450142, 5484102, 5602032, 5716724, 5869666, 5871586, 5949928, 7083909, 6194809, 6911458, 6384541, 6425871, 6525784, 6557074, 6648694, 6792716, 6889377, 6953708];[4012485, 234243, 194522, 202333, 191022, 197552, 192953, 230862, 190003, 190752, 192702, 190392, 191132, 194062, 193732, 238393, 192022, 198882, 191022, 191633, 194122, 192512, 189382, 239493, 222092, 192053, 197483, 191932, 199132, 197022, 194233, 246523, 198673, 193412, 199972, 197453, 197022, 193282, 195103, 249872, 212092, 221163, 200122, 195672, 199333, 200362, 201032, 204412, 204492, 210513];[1977012, 1719899, 1812960, 1917512, 2036643, 2158544, 2191784, 2270596, 2343216, 2701501, 2508268, 2619690, 2693470, 2814802, 2951553, 3034174, 3378198, 3105625, 3289227, 3262507, 3394359, 3417678, 3614030, 3623581, 3761362, 3987434, 3860993, 4014025, 4517751, 4114337, 4209308, 4325978, 4417410, 4457350, 4566831, 4678242, 4836674, 4841845, 4919626, 5891186, 5125108, 5830376, 5347490, 5397850, 5471781, 5513102, 5597073, 5738765, 5834165, 5885216];[809620, 819939, 1050742, 850910, 849710, 961411, 813059, 820059, 966721, 817689, 822429, 1021161, 845220, 819669, 1012121, 846239, 834439, 1042801, 828329, 830609, 832849, 868040, 835400, 819119, 818159, 830540, 834700, 835280, 850620, 840329, 847469, 828539, 834059, 833340, 835229, 841029, 835970, 836459, 835199, 942851, 857609, 859919, 836929, 832349, 854670, 843610, 850589, 849539, 850720, 857979]
T1000V1000_0.7;1000;1000;2;0.7;experiment_data/medium/T1000V1000_0.7_T.csv;experiment_data/medium/T1000V1000_0.7_V.csv;2688;3301;Snake;[1, 1, 1, 1, 1, 1, 1, 1, 1, 1, 1, 1, 1, 1, 1, 1, 1, 1, 1, 1, 1, 1, 1, 1, 1, 1, 1, 1, 1, 1, 1, 1, 1, 1, 1, 1, 1, 1, 1, 1, 1, 1, 1, 1, 1, 1, 1, 1, 1, 1];[5894405, 2616189, 2629910, 2719561, 2847272, 2900453, 2956573, 3079475, 3108945, 3207406, 3255366, 3362158, 3483299, 3553670, 3668672, 3699172, 3766133, 3904464, 3917413, 3990255, 4051765, 4119756, 4203827, 4399359, 4394940, 4465810, 4640972, 4618642, 4747463, 4777994, 4817555, 5002017, 5017446, 5126778, 5126458, 5364690, 5317190, 7600245, 5460121, 5569833, 5860886, 5785455, 5757734, 6152519, 5955447, 6036998, 6398611, 6322461, 6386171, 6717055];[3640370, 204072, 174012, 176342, 173202, 180082, 174672, 228783, 173332, 173682, 173452, 177762, 175042, 180332, 175302, 208313, 173582, 176322, 176702, 175922, 177102, 174002, 187582, 211852, 180462, 180782, 173612, 177602, 174472, 175613, 175713, 217153, 184872, 178122, 176082, 176241, 179982, 179882, 179252, 223723, 177432, 179762, 179322, 177752, 192792, 183833, 179422, 184632, 181562, 181792];[1490267, 1638629, 1683789, 1763010, 1891952, 1940372, 2006613, 2076093, 2161014, 2258446, 2307396, 2411787, 2521178, 2587519, 2667520, 2703780, 2811192, 2937003, 2950053, 3022854, 3094004, 3165395, 3237276, 3394018, 3433729, 3491660, 3674281, 3661171, 3786743, 3819013, 3853863, 3998845, 4038195, 4144616, 4164017, 4395849, 4349529, 4377259, 4495920, 4559221, 4615632, 4797474, 4781814, 4885635, 4972326, 5045406, 5132217, 5335200, 5374640, 5423841];[763768, 773488, 772109, 780209, 782118, 779999, 775288, 774599, 774599, 775278, 774518, 772609, 787079, 785819, 825850, 787079, 781359, 791139, 790658, 791479, 780659, 780359, 778969, 793489, 780749, 793368, 793079, 779869, 786248, 783368, 787979, 786019, 794379, 804040, 786359, 792600, 787679, 3043104, 784949, 786889, 1067822, 808219, 796598, 1089132, 790329, 807759, 1086972, 802629, 829969, 1111422]
T1500V1000_0.2;1500;1000;2;0.2;experiment_data/medium/T1500V1000_0.2_T.csv;experiment_data/medium/T1500V1000_0.2_V.csv;3981;2896;Snake;[1, 1, 1, 1, 1, 1, 1, 1, 1, 1, 1, 1, 1, 1, 1, 1, 1, 1, 1, 1, 1, 1, 1, 1, 1, 1, 1, 1, 1, 1, 1, 1, 1, 1, 1, 1, 1, 1, 1, 1, 1, 1, 1, 1, 1, 1, 1, 1, 1, 1];[8686097, 4020976, 3471779, 3613531, 3765432, 3860933, 3975624, 4185996, 4265337, 4334419, 4459690, 4561511, 4698342, 4929585, 4915836, 5102327, 5168237, 7614914, 5403911, 6071508, 7022130, 6521794, 6388982, 6689655, 6198599, 6274540, 6880966, 6542754, 6695815, 7164639, 7496414, 7426543, 8415124, 7611135, 7600634, 8289754, 7760007, 7867479, 8517355, 9397276, 8369964, 8929241, 8989081, 9430555, 9365165, 9017231, 9377516, 10552709, 9701409, 9639268];[5702494, 336064, 280483, 281543, 279983, 277613, 282733, 335973, 284223, 286524, 278603, 280503, 291933, 282713, 295634, 348034, 280383, 295843, 290553, 289603, 292274, 361584, 299884, 348154, 312133, 292193, 292033, 295474, 309783, 307953, 292163, 378044, 325774, 314583, 306683, 297054, 306603, 303234, 300853, 389355, 364104, 305824, 307383, 331193, 312964, 325134, 313454, 323134, 403275, 329964];[2341526, 3009754, 2539099, 2687611, 2839142, 2936763, 3048584, 3202726, 3293347, 3408008, 3533160, 3632131, 3762552, 3989095, 3970674, 4091006, 4233597, 4337798, 4461470, 5116587, 5499502, 5466242, 5390590, 5387470, 5227959, 5322760, 5617323, 5584093, 5723915, 5854585, 6517073, 6361262, 7016358, 6604144, 6612674, 6838747, 6771426, 6886017, 7047739, 8147541, 7318622, 7428263, 7974220, 8393524, 7813988, 7970469, 8334113, 8478965, 8587396, 8603887];[642077, 675158, 652197, 644377, 646307, 646557, 644307, 647297, 687767, 639887, 647927, 648877, 643857, 657777, 649528, 663287, 654257, 2981273, 651888, 665318, 1230354, 693968, 698508, 954031, 658507, 659587, 971610, 663187, 662117, 1002101, 687178, 687237, 1072992, 692408, 681277, 1153953, 681978, 678228, 1168763, 860380, 687238, 1195154, 707478, 705838, 1238213, 721628, 729949, 1750610, 710738, 705417]
T1100V1000_1.0;1100;1000;2;1.0;experiment_data/medium/T1100V1000_1.0_T.csv;experiment_data/medium/T1100V1000_1.0_V.csv;2940;3630;Snake;[1, 1, 1, 1, 1, 1, 1, 1, 1, 1, 1, 1, 1, 1, 1, 1, 1, 1, 1, 1, 1, 1, 1, 1, 1, 1, 1, 1, 1, 1, 1, 1, 1, 1, 1, 1, 1, 1, 1, 1, 1, 1, 1, 1, 1, 1, 1, 1, 1, 1];[6439703, 3104705, 2869833, 2971274, 3223596, 3228927, 3261597, 3516729, 3421279, 3472619, 3722622, 3664331, 3784523, 3994215, 3901594, 4601662, 4288819, 4199088, 4248448, 4499361, 4416580, 4493021, 4801365, 4732324, 4756743, 7306333, 5158719, 5157378, 5445643, 5216699, 5281160, 5723585, 5538683, 5597073, 5976838, 5802737, 5821377, 6286741, 5998318, 6290392, 6523314, 6292782, 6400804, 7695647, 7145222, 7211943, 7256442, 6905808, 7054381, 7556636];[3944065, 238253, 196322, 200292, 190712, 239703, 194202, 246372, 193732, 207642, 193922, 191082, 193422, 194282, 195092, 233172, 196812, 193052, 205742, 207762, 193302, 191572, 192523, 241293, 193711, 194822, 201342, 195892, 201733, 195962, 199682, 250433, 199332, 200292, 196492, 198433, 201023, 196102, 198822, 252813, 200622, 200392, 206663, 204612, 205383, 228623, 221052, 207822, 221283, 208682];[1650528, 1760330, 1833261, 1926162, 2035953, 2146935, 2228116, 2278956, 2379697, 2432808, 2562429, 2622909, 2741001, 2782681, 2856602, 3508370, 3072065, 3161576, 3200406, 3266457, 3370058, 3456359, 3551830, 3634201, 3716152, 3841914, 4058036, 4113207, 4132597, 4155628, 4229368, 4331329, 4479131, 4530662, 4598483, 4735054, 4765515, 4903006, 4933046, 5168469, 5108428, 5218100, 5321771, 6243101, 6017898, 6050799, 5764155, 5806486, 5949438, 6015389];[845110, 1106122, 840250, 844820, 996931, 842289, 839279, 991401, 847850, 832169, 966271, 850340, 850100, 1017252, 849900, 860120, 1019942, 844460, 842300, 1025142, 853220, 845090, 1057012, 856830, 846880, 3269597, 899341, 848279, 1111313, 865109, 852110, 1141823, 860220, 866119, 1181863, 869250, 854839, 1187633, 866450, 869110, 1214264, 874290, 872370, 1247934, 921941, 932521, 1271235, 891500, 883660, 1332565]
T1300V1000_0.8;1300;1000;2;0.8;experiment_data/medium/T1300V1000_0.8_T.csv;experiment_data/medium/T1300V1000_0.8_V.csv;3498;3596;Snake;[1, 1, 1, 1, 1, 1, 1, 1, 1, 1, 1, 1, 1, 1, 1, 1, 1, 1, 1, 1, 1, 1, 1, 1, 1, 1, 1, 1, 1, 1, 1, 1, 1, 1, 1, 1, 1, 1, 1, 1, 1, 1, 1, 1, 1, 1, 1, 1, 1, 1];[9814362, 3179026, 3230826, 3507430, 3472389, 3578991, 3801594, 3800203, 3863334, 4120177, 4055206, 4190728, 4449531, 4346300, 4464501, 5192988, 4693943, 4828145, 5332791, 5604064, 5286521, 5428892, 5366201, 5430672, 5862407, 5578504, 5817077, 6645776, 6026088, 6600535, 6548905, 6778077, 6408564, 6861898, 6854469, 6703275, 6772027, 6859868, 7115342, 7164312, 7193212, 7501336, 7485725, 7570828, 7923020, 7841940, 7950751, 10067605, 8420685, 8343875];[4824235, 305123, 262193, 245722, 252033, 257443, 244063, 294523, 246403, 247193, 246503, 248843, 245883, 248553, 257823, 310083, 256352, 248573, 253413, 247603, 251593, 251153, 250223, 302853, 251943, 256303, 256033, 252243, 269713, 248823, 253813, 312463, 259014, 253403, 255774, 256902, 262383, 255513, 254993, 330584, 255643, 256103, 264253, 267334, 259063, 269733, 300963, 264863, 342604, 266713];[1947582, 2061584, 2156684, 2310797, 2404827, 2502628, 2612670, 2693271, 2797912, 2901353, 2983924, 3122596, 3211307, 3280848, 3394058, 3875204, 3624121, 3748152, 4044766, 4524502, 4218749, 4122667, 4298849, 4298229, 4497201, 4501192, 4740334, 5072448, 4932556, 5498343, 5163659, 5620524, 5320931, 5443052, 5771576, 5593923, 5666684, 5775316, 6019419, 5983488, 6099659, 6377133, 6376883, 6440764, 6778347, 6707797, 6772158, 8511517, 7193182, 7204912];[3042545, 812319, 811949, 950911, 815529, 818920, 944861, 812409, 819019, 971631, 824779, 819289, 992341, 816899, 812620, 1007701, 813470, 831420, 1034612, 831959, 816179, 1055072, 817129, 829590, 1113263, 821009, 820710, 1321085, 823819, 853369, 1131433, 845090, 828619, 1165443, 827119, 852450, 842960, 829039, 840930, 850240, 837910, 868100, 844589, 862730, 885610, 864410, 877630, 1291225, 884899, 872250]
T1500V1000_0.3;1500;1000;2;0.3;experiment_data/medium/T1500V1000_0.3_T.csv;experiment_data/medium/T1500V1000_0.3_V.csv;4010;3048;Snake;[1, 1, 1, 1, 1, 1, 1, 1, 1, 1, 1, 1, 1, 1, 1, 1, 1, 1, 1, 1, 1, 1, 1, 1, 1, 1, 1, 1, 1, 1, 1, 1, 1, 1, 1, 1, 1, 1, 1, 1, 1, 1, 1, 1, 1, 1, 1, 1, 1, 1];[8562378, 3407490, 3514460, 3644902, 3788263, 3887623, 4006106, 4195598, 4236680, 4372640, 4461831, 4574912, 4767264, 4807374, 4936078, 5090348, 5129828, 5266231, 5373282, 5525723, 5659964, 5738965, 5887077, 6040429, 6081959, 6240921, 6452554, 6477864, 6599125, 6683036, 9447248, 7030750, 7070131, 7539097, 7309484, 7444785, 8110223, 7700258, 8051631, 8953972, 8511777, 8233855, 8747619, 8691019, 8583168, 9182916, 8868230, 9083435, 9628231, 9345456];[5625094, 324614, 298223, 278503, 281303, 277312, 286783, 330394, 278354, 284253, 277643, 277983, 278813, 280903, 285094, 333894, 278493, 281643, 287204, 293423, 282713, 282983, 282363, 338134, 285093, 296093, 286974, 292183, 285733, 284033, 292943, 358014, 289493, 286984, 287694, 291493, 301324, 290133, 288483, 367234, 289993, 311554, 300773, 295733, 301653, 300324, 310493, 305564, 310924, 323283];[2262526, 2397878, 2533609, 2678861, 2808122, 2921293, 3036635, 3181926, 3279568, 3401009, 3508620, 3616031, 3794403, 3846454, 3954456, 4059946, 4165097, 4303760, 4396661, 4540402, 4690383, 4773664, 4916016, 5012607, 5103179, 5257900, 5468773, 5498583, 5616024, 5712336, 5783496, 5980598, 6089400, 6204731, 6314282, 6450233, 6716907, 6711767, 7057780, 7487196, 7509566, 7219023, 7297793, 7663118, 7569747, 7713868, 7834619, 8062853, 8088713, 8288955];[674758, 684998, 682628, 687538, 698838, 689018, 682688, 683278, 678758, 687378, 675568, 680898, 694048, 680017, 696528, 696508, 686238, 680828, 689417, 691898, 686868, 682318, 688698, 689688, 693687, 686928, 696807, 687098, 697368, 686667, 3370809, 692138, 691238, 1047382, 707508, 703059, 1091992, 698358, 705368, 1099542, 712218, 703278, 1149053, 732168, 711768, 1168724, 723118, 715018, 1228594, 733218]
T1300V1000_0.9;1300;1000;2;0.9;experiment_data/medium/T1300V1000_0.9_T.csv;experiment_data/medium/T1300V1000_0.9_V.csv;3394;3670;Snake;[1, 1, 1, 1, 1, 1, 1, 1, 1, 1, 1, 1, 1, 1, 1, 1, 1, 1, 1, 1, 1, 1, 1, 1, 1, 1, 1, 1, 1, 1, 1, 1, 1, 1, 1, 1, 1, 1, 1, 1, 1, 1, 1, 1, 1, 1, 1, 1, 1, 1];[7720748, 3171146, 3232457, 3471489, 3474069, 3580031, 3805862, 3817342, 3878204, 4124447, 4108117, 4183287, 4275879, 4366519, 4456111, 4612743, 4663403, 4753125, 4868215, 4969786, 5077338, 5141688, 5403562, 5413861, 5482062, 5555474, 5650055, 5737875, 5840387, 5956378, 6072009, 6213010, 6252981, 6353402, 7619587, 6652807, 6666376, 6748257, 6851388, 7014670, 7048949, 7146661, 7371544, 7525466, 8341236, 7615956, 7671487, 7845399, 7937560, 8019420];[4647383, 281233, 241103, 241082, 254283, 241943, 238892, 289453, 253533, 255023, 246323, 242282, 241933, 244463, 242463, 293643, 254413, 244453, 243812, 248223, 244143, 245493, 244673, 301883, 257523, 245803, 245443, 246913, 244183, 255833, 244613, 319673, 250823, 259893, 246153, 330744, 248353, 246853, 247713, 308603, 249322, 247383, 247833, 256493, 250753, 257543, 256063, 252853, 261673, 255412];[1954393, 2067194, 2160325, 2282736, 2386187, 2496848, 2596839, 2686840, 2800562, 2892513, 3035155, 3110516, 3209976, 3288127, 3368408, 3474810, 3567210, 3679842, 3794813, 3888324, 4000615, 4050626, 4322749, 4276219, 4384570, 4465561, 4572842, 4666822, 4763534, 4865285, 4989197, 5047708, 5167369, 5247400, 6119570, 5488273, 5579243, 5665525, 5750646, 5866217, 5963788, 6054099, 6278812, 6419293, 7226933, 6509114, 6561214, 6732296, 6821457, 6911139];[1118972, 822719, 831029, 947671, 833599, 841240, 970131, 841049, 824109, 976911, 826639, 830489, 823970, 833929, 845240, 844290, 841780, 828830, 829590, 833239, 832580, 845569, 836140, 835759, 839969, 844110, 831770, 824140, 832670, 835260, 838199, 845629, 834789, 846109, 1253864, 833790, 838780, 835879, 853029, 839850, 835839, 845179, 844899, 849680, 863550, 849299, 854210, 860250, 854430, 852869]
T1500V1000_0.4;1500;1000;2;0.4;experiment_data/medium/T1500V1000_0.4_T.csv;experiment_data/medium/T1500V1000_0.4_V.csv;4016;3233;Snake;[1, 1, 1, 1, 1, 1, 1, 1, 1, 1, 1, 1, 1, 1, 1, 1, 1, 1, 1, 1, 1, 1, 1, 1, 1, 1, 1, 1, 1, 1, 1, 1, 1, 1, 1, 1, 1, 1, 1, 1, 1, 1, 1, 1, 1, 1, 1, 1, 1, 1];[8303682, 3464379, 3531090, 3673101, 3815802, 3973315, 4017186, 4205247, 4255787, 4369199, 4458460, 4598262, 4693243, 4805534, 4920845, 5269868, 5171799, 5257760, 5366250, 5494931, 5608052, 5745786, 5844386, 6029438, 6048599, 6224420, 6284890, 6405522, 6519643, 6666454, 6783017, 6913737, 6977737, 7104429, 7303201, 7342312, 7529014, 7531444, 7739776, 7887008, 7905819, 8027059, 8154620, 8252513, 8373364, 8514135, 8665397, 8822539, 8897719, 8983171];[5298789, 336424, 293354, 280803, 291493, 282344, 277024, 345984, 282623, 282443, 277593, 281954, 278104, 279183, 279573, 337784, 297254, 280944, 280894, 280643, 280923, 285174, 284794, 347984, 281794, 281413, 282663, 294344, 282393, 281103, 294754, 348854, 284513, 288113, 282633, 288093, 290573, 288903, 283673, 366224, 291544, 284543, 289623, 290354, 285433, 296513, 294564, 291163, 294093, 292884];[2292185, 2406987, 2515478, 2667349, 2798491, 2972803, 3017194, 3143985, 3241496, 3370878, 3456619, 3596320, 3696961, 3809543, 3914024, 4200376, 4165027, 4255278, 4366918, 4485900, 4601041, 4734333, 4839643, 4951466, 5053907, 5215229, 5280419, 5389681, 5518402, 5663003, 5773285, 5844455, 5963456, 6097618, 6304250, 6326741, 6505522, 6519103, 6732585, 6786095, 6894447, 7026718, 7129769, 7233460, 7364773, 7476454, 7621795, 7798627, 7854117, 7949078];[712708, 720968, 722258, 724949, 725818, 718168, 722968, 715278, 731668, 715878, 724248, 719988, 718178, 716808, 727248, 731708, 709518, 721538, 718438, 728388, 726088, 726279, 719949, 729988, 712898, 727778, 721808, 721497, 718848, 722348, 714978, 720428, 729768, 718698, 716318, 727478, 732919, 723438, 723518, 734689, 719828, 715798, 735228, 728699, 723158, 741168, 749038, 732749, 749509, 741209]
T1500V1000_0.5;1500;1000;2;0.5;experiment_data/medium/T1500V1000_0.5_T.csv;experiment_data/medium/T1500V1000_0.5_V.csv;3987;3341;Snake;[1, 1, 1, 1, 1, 1, 1, 1, 1, 1, 1, 1, 1, 1, 1, 1, 1, 1, 1, 1, 1, 1, 1, 1, 1, 1, 1, 1, 1, 1, 1, 1, 1, 1, 1, 1, 1, 1, 1, 1, 1, 1, 1, 1, 1, 1, 1, 1, 1, 1];[8685677, 3806053, 3543130, 3686401, 3936253, 3950444, 4091885, 4241396, 4289048, 4393638, 4513590, 4625341, 4726022, 4860244, 4955245, 5234947, 5183618, 5317389, 5441350, 5533611, 5852076, 5803354, 5853584, 6044737, 6071817, 6227168, 6327979, 6467611, 6549492, 6674344, 6826466, 6968417, 7005448, 7121098, 7257490, 7372541, 7507882, 7853907, 7868838, 7917318, 7931978, 8061330, 8220661, 8314512, 8490984, 8602756, 8676647, 8776467, 8923769, 9438405];[5653363, 335514, 284923, 280223, 281273, 282813, 281423, 351424, 282264, 281903, 281343, 282803, 281783, 294913, 287823, 342833, 287593, 285403, 289723, 285393, 285464, 286263, 285143, 347063, 287573, 299353, 291873, 291613, 285733, 290493, 285913, 357444, 289264, 290253, 294483, 288703, 301323, 289803, 295894, 356864, 290913, 290554, 291713, 296734, 296783, 309734, 307514, 297243, 296803, 310073];[2286565, 2401307, 2523568, 2663750, 2791751, 2928772, 3030973, 3135354, 3248766, 3355937, 3479949, 3587129, 3698661, 3814712, 3928473, 4041015, 4133806, 4266958, 4388509, 4499009, 4817023, 4766023, 4821833, 4951005, 5038226, 5170626, 5278398, 5414040, 5514211, 5636753, 5778164, 5863944, 5968146, 6082357, 6217099, 6330350, 6457421, 6798545, 6799445, 6806326, 6879346, 7007628, 7163260, 7253940, 7438842, 7537163, 7604505, 7715446, 7874687, 8298992];[745749, 1069232, 734639, 742428, 863229, 738859, 779489, 754618, 758018, 755798, 752298, 755409, 745578, 750619, 738949, 851099, 762219, 765028, 763118, 749209, 749589, 751068, 746608, 746669, 746018, 757189, 757708, 761958, 749548, 747098, 762389, 747029, 748038, 748488, 745908, 753488, 749138, 765559, 773499, 754128, 761719, 763148, 765688, 763838, 755359, 755859, 764628, 763778, 752279, 829340]
T1500V1000_0.6;1500;1000;2;0.6;experiment_data/medium/T1500V1000_0.6_T.csv;experiment_data/medium/T1500V1000_0.6_V.csv;3979;3466;Snake;[1, 1, 1, 1, 1, 1, 1, 1, 1, 1, 1, 1, 1, 1, 1, 1, 1, 1, 1, 1, 1, 1, 1, 1, 1, 1, 1, 1, 1, 1, 1, 1, 1, 1, 1, 1, 1, 1, 1, 1, 1, 1, 1, 1, 1, 1, 1, 1, 1, 1];[8931589, 3498418, 3608020, 3851244, 3855483, 3978514, 4209507, 4283218, 4320757, 4571840, 4534841, 4656072, 4951915, 4915515, 5024556, 5423391, 5259538, 5351180, 5568391, 5567102, 5679603, 5812475, 5890385, 6092298, 6136738, 6264751, 6343920, 6461163, 6690004, 6711574, 6815796, 6989408, 7043098, 7166710, 7415463, 7486503, 7539864, 7619445, 7756076, 7923098, 7998539, 8104230, 8235613, 8341803, 8436404, 8573265, 8700778, 8992300, 8966550, 9500335];[5613892, 334743, 292543, 279264, 284123, 277983, 278693, 338374, 289703, 279513, 278783, 282443, 283713, 280913, 291323, 339754, 277793, 283324, 280613, 287333, 281113, 281433, 282573, 343374, 283463, 298214, 283403, 282784, 296263, 293703, 283493, 348594, 287943, 285453, 285223, 285483, 297894, 284623, 284913, 352934, 297533, 286433, 286664, 287163, 299703, 292553, 292674, 308163, 296373, 481555];[2250495, 2394267, 2535168, 2665430, 2795851, 2920012, 3025194, 3170525, 3252456, 3362067, 3476429, 3589020, 3710442, 3849313, 3946284, 4106576, 4190876, 4289407, 4506350, 4501130, 4617191, 4740653, 4815803, 4954256, 5073686, 5189838, 5278438, 5400280, 5586372, 5637403, 5749094, 5854655, 5963946, 6093188, 6346401, 6417071, 6458952, 6549383, 6682494, 6777285, 6914027, 7024628, 7148990, 7261971, 7343932, 7490993, 7615285, 7878728, 7869118, 8211381];[1067202, 769408, 780309, 906550, 775509, 780519, 905620, 774319, 778598, 930260, 779629, 784609, 957760, 785289, 786949, 977061, 790869, 778449, 781428, 778639, 781299, 790389, 792009, 794668, 779589, 776699, 782079, 778099, 807369, 780468, 783209, 786159, 791209, 788069, 783839, 783949, 783018, 785439, 788669, 792879, 786979, 793169, 799959, 792669, 792769, 789719, 792819, 805409, 801059, 807399]
T1500V1000_0.7;1500;1000;2;0.7;experiment_data/medium/T1500V1000_0.7_T.csv;experiment_data/medium/T1500V1000_0.7_V.csv;4047;3613;Snake;[1, 1, 1, 1, 1, 1, 1, 1, 1, 1, 1, 1, 1, 1, 1, 1, 1, 1, 1, 1, 1, 1, 1, 1, 1, 1, 1, 1, 1, 1, 1, 1, 1, 1, 1, 1, 1, 1, 1, 1, 1, 1, 1, 1, 1, 1, 1, 1, 1, 1];[8622466, 3544820, 3631860, 3777032, 5683523, 4002545, 4130356, 4433679, 4349579, 4482320, 4753483, 4711762, 4828493, 5122467, 5026546, 5223318, 5481611, 5395510, 5546052, 5848616, 5758863, 5839735, 6199289, 6186519, 6203029, 6634764, 6407342, 6595973, 6933357, 6741575, 6859206, 7343302, 7181530, 7214591, 7669365, 7460563, 7607405, 8036750, 7928278, 7983839, 8049320, 8131511, 8283942, 8404174, 8493394, 8626926, 8752128, 8887589, 9005091, 9125831];[5572452, 329204, 275663, 275843, 302914, 279974, 281283, 329004, 277484, 280023, 277613, 276273, 276663, 291263, 278783, 340524, 283513, 285123, 284703, 280224, 284633, 280323, 279653, 343984, 294273, 282203, 281284, 295353, 281373, 292733, 281553, 348144, 296153, 283533, 282763, 291933, 283853, 297274, 284123, 362934, 297534, 285703, 284323, 285333, 287203, 296023, 291074, 292643, 293624, 294433];[2257715, 2413747, 2535128, 2682820, 2804161, 2908812, 3029644, 3151745, 3254486, 3382177, 3491009, 3614450, 3739411, 3827082, 3935094, 4060085, 4175547, 4286758, 4443370, 4526410, 4663061, 4745553, 4863304, 5021856, 5091237, 5256228, 5307489, 5485421, 5547521, 5633472, 5753024, 5868486, 6069178, 6104368, 6225389, 6352041, 6499133, 6562983, 6807876, 6795816, 6928117, 7023608, 7170639, 7284281, 7374702, 7490313, 7629255, 7761457, 7872738, 8008959];[792299, 801869, 821069, 818369, 2576448, 813759, 819429, 952930, 817609, 820120, 984861, 821039, 812419, 1004122, 812669, 822709, 1022551, 823629, 817979, 1041982, 811169, 813859, 1056332, 820679, 817519, 1096333, 818569, 815199, 1104463, 815370, 824629, 1126672, 816199, 826690, 1161213, 816589, 824419, 1176493, 836279, 825089, 823669, 822200, 828980, 834560, 831489, 840590, 831799, 833489, 838729, 822439]
T1500V1000_0.8;1500;1000;2;0.8;experiment_data/medium/T1500V1000_0.8_T.csv;experiment_data/medium/T1500V1000_0.8_V.csv;3942;3723;Snake;[1, 1, 1, 1, 1, 1, 1, 1, 1, 1, 1, 1, 1, 1, 1, 1, 1, 1, 1, 1, 1, 1, 1, 1, 1, 1, 1, 1, 1, 1, 1, 1, 1, 1, 1, 1, 1, 1, 1, 1, 1, 1, 1, 1, 1, 1, 1, 1, 1, 1];[8419813, 3875133, 3625730, 3780332, 4010854, 4010245, 4153116, 4486290, 4361599, 4485730, 4775963, 4718342, 4862154, 5118377, 5057507, 5221648, 5492311, 5377910, 5516551, 5840876, 5730624, 5846654, 6185949, 6243619, 6186969, 6295220, 6634673, 6523223, 6696134, 6763895, 6871236, 7116670, 7121370, 7281961, 7379982, 7447562, 7616525, 7732896, 7856617, 7962559, 8051259, 8568816, 8249621, 8363913, 8465215, 8618275, 8709866, 8902149, 8968640, 9127812];[5359419, 339204, 280173, 285263, 277933, 281763, 277083, 340214, 279114, 278743, 279163, 281073, 282463, 286203, 286153, 340814, 278913, 282943, 281983, 282554, 281753, 283043, 281063, 337954, 289203, 283953, 297663, 284613, 290303, 301743, 289863, 349354, 296283, 283263, 287823, 298753, 283633, 284543, 290573, 351434, 293023, 285533, 297763, 285473, 286633, 292803, 292183, 292533, 299504, 294303];[2218885, 2368766, 2490698, 2637460, 2761151, 2879223, 3012453, 3151855, 3224116, 3357068, 3486249, 3582740, 3719211, 3785742, 3916264, 4037385, 4150917, 4243548, 4369908, 4473850, 4592301, 4712292, 4806883, 5048786, 5042836, 5154668, 5455581, 5383940, 5548712, 5610553, 5723243, 5904696, 5970027, 6129899, 6234749, 6286399, 6469292, 6582303, 6696404, 6742125, 6891767, 7408493, 7086289, 7200310, 7308242, 7448313, 7541344, 7748427, 7791236, 7964009];[841509, 1167163, 854859, 857609, 971770, 849259, 863580, 994221, 858369, 849919, 1010551, 854529, 860480, 1046432, 855090, 843449, 1062481, 851419, 864660, 1084472, 856570, 851319, 1098003, 856879, 854930, 856599, 881429, 854670, 857119, 851599, 858130, 862620, 855060, 868799, 857410, 862410, 863600, 866050, 869640, 869000, 866469, 874790, 865569, 878130, 870340, 877159, 876339, 861189, 877900, 869500]
T1500V1000_0.9;1500;1000;2;0.9;experiment_data/medium/T1500V1000_0.9_T.csv;experiment_data/medium/T1500V1000_0.9_V.csv;3801;3790;Snake;[1, 1, 1, 1, 1, 1, 1, 1, 1, 1, 1, 1, 1, 1, 1, 1, 1, 1, 1, 1, 1, 1, 1, 1, 1, 1, 1, 1, 1, 1, 1, 1, 1, 1, 1, 1, 1, 1, 1, 1, 1, 1, 1, 1, 1, 1, 1, 1, 1, 1];[8787027, 3582310, 3668031, 3795892, 3928664, 4034165, 4146637, 4317059, 4439251, 4485159, 4595441, 4730123, 4829035, 4952095, 5061467, 5244178, 5289199, 5414330, 5578792, 5707473, 5792545, 6004417, 6002057, 6242670, 6243051, 6342061, 6464921, 6560944, 6683814, 6854216, 6892868, 7166160, 7223110, 7313781, 7376442, 7504384, 7644515, 7760427, 7845527, 8014589, 8053819, 8176902, 8311802, 8413453, 8540815, 8651296, 8868520, 8920158, 9166403, 9191963];[5679513, 330074, 296123, 281013, 281223, 276593, 275894, 333904, 279234, 280303, 281773, 289693, 276364, 282933, 281143, 349894, 281823, 279713, 279413, 299233, 280553, 279133, 279793, 353175, 285994, 293143, 280293, 285384, 284903, 292673, 280614, 342824, 296113, 287793, 288083, 288044, 282863, 287384, 285473, 368274, 283733, 282694, 283253, 285253, 283763, 290913, 290774, 296233, 292314, 296634];[2249065, 2390107, 2507088, 2654160, 2772231, 2887802, 2994643, 3118315, 3277056, 3338897, 3443549, 3572200, 3677981, 3798982, 3911724, 4034405, 4144106, 4261697, 4416979, 4531950, 4635202, 4837883, 4845885, 5010095, 5083717, 5164938, 5300739, 5392010, 5523902, 5693463, 5730874, 5943207, 6044487, 6139918, 6200438, 6339601, 6479752, 6537873, 6681514, 6760275, 6888006, 7007048, 7138439, 7241411, 7373642, 7473483, 7694796, 7730646, 7979439, 8002989];[858449, 862129, 864820, 860719, 875210, 869770, 876100, 864840, 882961, 865959, 870119, 868230, 874690, 870180, 868600, 859879, 863270, 872920, 882400, 876290, 876790, 887401, 876379, 879400, 873340, 883980, 883889, 883550, 875009, 868080, 881380, 880129, 882510, 886070, 887921, 876739, 881900, 935170, 878540, 886040, 882080, 887160, 890110, 886789, 883410, 886900, 882950, 893279, 894650, 892340]
T1500V1000_1.0;1500;1000;2;1.0;experiment_data/medium/T1500V1000_1.0_T.csv;experiment_data/medium/T1500V1000_1.0_V.csv;3603;3861;Snake;[1, 1, 1, 1, 1, 1, 1, 1, 1, 1, 1, 1, 1, 1, 1, 1, 1, 1, 1, 1, 1, 1, 1, 1, 1, 1, 1, 1, 1, 1, 1, 1, 1, 1, 1, 1, 1, 1, 1, 1, 1, 1, 1, 1, 1, 1, 1, 1, 1, 1];[8495324, 3605539, 3673391, 3810993, 3926744, 4050724, 4252119, 4342247, 4383620, 4520460, 4623162, 4747464, 4864534, 4959416, 5090317, 5259118, 5384770, 5487731, 5563711, 5679023, 6260080, 5901056, 6038696, 6234570, 6222239, 6373990, 6471002, 6632403, 6691584, 6915257, 6911778, 7115799, 7179919, 7299982, 7415122, 7529724, 7631384, 8538824, 7944018, 8086300, 8108860, 8262262, 8409893, 8556995, 8554145, 8777147, 8936469, 8933680, 9107251, 9940681];[5390300, 332143, 285693, 276454, 278033, 280193, 293174, 354233, 278264, 292933, 281033, 277754, 283783, 286233, 283314, 339243, 284583, 280483, 283823, 280873, 280353, 288303, 285013, 338854, 283553, 281853, 285663, 289453, 282883, 282463, 283974, 354344, 285263, 290534, 289923, 284514, 286353, 286553, 302223, 358644, 285933, 285704, 285733, 293743, 286634, 294153, 299373, 294294, 295933, 309944];[2231734, 2392086, 2506918, 2650439, 2772631, 2891322, 3024564, 3112575, 3226136, 3339878, 3461729, 3582980, 3695631, 3791823, 3914273, 4032085, 4196097, 4332468, 4386218, 4506700, 5056927, 4723013, 4863694, 4999436, 5054516, 5205858, 5291949, 5448681, 5516911, 5725914, 5739534, 5864935, 5996026, 6108678, 6233579, 6351680, 6459832, 7356172, 6745435, 6831886, 6925577, 7064208, 7212220, 7359272, 7350181, 7568694, 7710396, 7730796, 7909628, 8727407];[873290, 881310, 880780, 884100, 876080, 879209, 934381, 875439, 879220, 887649, 880400, 886730, 885120, 881360, 892730, 887790, 904090, 874780, 893670, 891450, 922800, 889740, 889989, 896280, 884170, 886279, 893390, 894269, 891790, 906880, 888270, 896520, 898630, 900770, 891620, 893530, 885199, 896099, 896360, 895770, 897350, 912350, 911940, 903980, 917330, 914300, 926700, 908590, 901690, 903330]
